Bundling app (bin: term4u)...
warning: patch `tink-core v0.3.0 (https://github.com/warpdotdev/tink-rust?rev=54b9ac9af93b0c08b446a7bc0582836c9403a71b#54b9ac9a)` was not used in the crate graph
warning: patch `tink-hybrid v0.3.0 (https://github.com/warpdotdev/tink-rust?rev=54b9ac9af93b0c08b446a7bc0582836c9403a71b#54b9ac9a)` was not used in the crate graph
warning: patch `tink-proto v0.3.0 (https://github.com/warpdotdev/tink-rust?rev=54b9ac9af93b0c08b446a7bc0582836c9403a71b#54b9ac9a)` was not used in the crate graph
help: Check that the patched package version and available features are compatible
      with the dependency requirements. If the patch has a different version from
      what is locked in the Cargo.lock file, run `cargo update` to use the new
      version. This may also occur with an optional dependency that is not enabled.
warning: unused import: `SkillTelemetryEvent`
 --> app/src/ai/skills/mod.rs:7:38
  |
7 | pub use telemetry::{SkillOpenOrigin, SkillTelemetryEvent};
  |                                      ^^^^^^^^^^^^^^^^^^^
  |
  = note: `#[warn(unused_imports)]` (part of `#[warn(unused)]`) on by default

warning: unused import: `skill_utils::skill_path_from_location`
  --> app/src/ai/skills/mod.rs:53:9
   |
53 | pub use skill_utils::skill_path_from_location;
   |         ^^^^^^^^^^^^^^^^^^^^^^^^^^^^^^^^^^^^^

warning: unused imports: `SkillWatcher` and `read_skills_from_directories`
  --> app/src/ai/skills/mod.rs:80:13
   |
80 |             read_skills_from_directories, SkillManager, SkillWatcher,
   |             ^^^^^^^^^^^^^^^^^^^^^^^^^^^^                ^^^^^^^^^^^^

warning: unused import: `ai::paths`
 --> app/src/ai/mod.rs:6:16
  |
6 | pub(crate) use ai::paths;
  |                ^^^^^^^^^

warning: unused imports: `AuthState` and `LocalAuthStateProvider`
 --> app/src/auth/mod.rs:4:22
  |
4 | pub use auth_state::{AuthState, AuthStateProvider, LocalAuthStateProvider};
  |                      ^^^^^^^^^                     ^^^^^^^^^^^^^^^^^^^^^^

warning: unused import: `super::lsp_telemetry::LspTelemetryEvent`
  --> app/src/code/language_server_extension.rs:20:5
   |
20 | use super::lsp_telemetry::LspTelemetryEvent;
   |     ^^^^^^^^^^^^^^^^^^^^^^^^^^^^^^^^^^^^^^^

warning: unused import: `warp_core::features::FeatureFlag`
  --> app/src/code/local_code_editor.rs:32:5
   |
32 | use warp_core::features::FeatureFlag;
   |     ^^^^^^^^^^^^^^^^^^^^^^^^^^^^^^^^

warning: unused import: `super::lsp_telemetry::LspTelemetryEvent`
  --> app/src/code/local_code_editor.rs:95:5
   |
95 | use super::lsp_telemetry::LspTelemetryEvent;
   |     ^^^^^^^^^^^^^^^^^^^^^^^^^^^^^^^^^^^^^^^

warning: unused imports: `FindOption` and `TelemetryEvent`
  --> app/src/code/editor/find/view.rs:32:32
   |
32 | use crate::server::telemetry::{FindOption, TelemetryEvent};
   |                                ^^^^^^^^^^  ^^^^^^^^^^^^^^

warning: unused import: `compute_unified_diff`
  --> app/src/code/editor/mod.rs:19:34
   |
19 | pub(crate) use diff::{add_color, compute_unified_diff, remove_color};
   |                                  ^^^^^^^^^^^^^^^^^^^^

warning: unused import: `ModelContext`
 --> app/src/code/editor_management.rs:8:44
  |
8 | use warpui::{AppContext, Entity, EntityId, ModelContext, SingletonEntity, ViewHandle, WindowId};
  |                                            ^^^^^^^^^^^^

warning: unused import: `crate::server::telemetry::CodePanelsFileOpenEntrypoint`
  --> app/src/code/file_tree/view.rs:47:5
   |
47 | use crate::server::telemetry::CodePanelsFileOpenEntrypoint;
   |     ^^^^^^^^^^^^^^^^^^^^^^^^^^^^^^^^^^^^^^^^^^^^^^^^^^^^^^

warning: unused import: `crate::server::telemetry::TelemetryEvent`
  --> app/src/code/file_tree/view.rs:48:5
   |
48 | use crate::server::telemetry::TelemetryEvent;
   |     ^^^^^^^^^^^^^^^^^^^^^^^^^^^^^^^^^^^^^^^^

warning: unused import: `crate::server::telemetry::TelemetryEvent`
  --> app/src/code/file_tree/view/editing.rs:20:5
   |
20 | use crate::server::telemetry::TelemetryEvent;
   |     ^^^^^^^^^^^^^^^^^^^^^^^^^^^^^^^^^^^^^^^^

warning: unused imports: `LspControlActionType`, `LspEnablementSource`, and `LspTelemetryEvent`
  --> app/src/code/footer.rs:38:34
   |
38 | use crate::code::lsp_telemetry::{LspControlActionType, LspEnablementSource, LspTelemetryEvent};
   |                                  ^^^^^^^^^^^^^^^^^^^^  ^^^^^^^^^^^^^^^^^^^  ^^^^^^^^^^^^^^^^^

warning: unused import: `warp_core::features::FeatureFlag`
 --> app/src/code/view.rs:9:5
  |
9 | use warp_core::features::FeatureFlag;
  |     ^^^^^^^^^^^^^^^^^^^^^^^^^^^^^^^^

warning: unused import: `CodeManager`
  --> app/src/code/view.rs:36:32
   |
36 | use super::editor_management::{CodeManager, CodeSource};
   |                                ^^^^^^^^^^^

warning: unused import: `WorkspaceAction`
  --> app/src/code/view.rs:66:73
   |
66 | use crate::workspace::{ActiveSession, TabBarDropTargetData, ToastStack, WorkspaceAction};
   |                                                                         ^^^^^^^^^^^^^^^

warning: unused import: `TelemetryEvent`
  --> app/src/code/view.rs:67:13
   |
67 | use crate::{TelemetryEvent, send_telemetry_from_ctx};
   |             ^^^^^^^^^^^^^^

warning: unused import: `crate::TelemetryEvent`
  --> app/src/code_review/code_review_view.rs:63:5
   |
63 | use crate::TelemetryEvent;
   |     ^^^^^^^^^^^^^^^^^^^^^

warning: unused import: `convert_file_diffs_to_diffset_hunks`
  --> app/src/code_review/code_review_view.rs:86:58
   |
86 | use crate::code_review::context::{CurrentHead, DiffBase, convert_file_diffs_to_diffset_hunks};
   |                                                          ^^^^^^^^^^^^^^^^^^^^^^^^^^^^^^^^^^^

warning: unused import: `crate::code_review::telemetry_event::DiffSetContextScope`
  --> app/src/code_review/code_review_view.rs:98:5
   |
98 | use crate::code_review::telemetry_event::DiffSetContextScope;
   |     ^^^^^^^^^^^^^^^^^^^^^^^^^^^^^^^^^^^^^^^^^^^^^^^^^^^^^^^^

warning: unused imports: `AddToContextOrigin`, `CodeReviewContextDestination`, `CodeReviewTelemetryEvent`, and `GitButtonKind`
   --> app/src/code_review/code_review_view.rs:100:5
    |
100 |     AddToContextOrigin, CodeReviewContextDestination, CodeReviewTelemetryEvent, GitButtonKind,
    |     ^^^^^^^^^^^^^^^^^^  ^^^^^^^^^^^^^^^^^^^^^^^^^^^^  ^^^^^^^^^^^^^^^^^^^^^^^^  ^^^^^^^^^^^^^

warning: unused import: `crate::server::telemetry::CodePanelsFileOpenEntrypoint`
   --> app/src/code_review/code_review_view.rs:112:5
    |
112 | use crate::server::telemetry::CodePanelsFileOpenEntrypoint;
    |     ^^^^^^^^^^^^^^^^^^^^^^^^^^^^^^^^^^^^^^^^^^^^^^^^^^^^^^

warning: unused import: `crate::view_components::DismissibleToast`
   --> app/src/code_review/code_review_view.rs:133:5
    |
133 | use crate::view_components::DismissibleToast;
    |     ^^^^^^^^^^^^^^^^^^^^^^^^^^^^^^^^^^^^^^^^

warning: unused import: `string_offset::CharOffset`
 --> app/src/code_review/comment_list_view.rs:6:5
  |
6 | use string_offset::CharOffset;
  |     ^^^^^^^^^^^^^^^^^^^^^^^^^

warning: unused import: `vec1::vec1`
 --> app/src/code_review/comment_list_view.rs:7:5
  |
7 | use vec1::vec1;
  |     ^^^^^^^^^^

warning: unused import: `warpui::keymap::Keystroke`
  --> app/src/code_review/comment_list_view.rs:28:5
   |
28 | use warpui::keymap::Keystroke;
   |     ^^^^^^^^^^^^^^^^^^^^^^^^^

warning: unused import: `warpui::units::Pixels`
  --> app/src/code_review/comment_list_view.rs:32:5
   |
32 | use warpui::units::Pixels;
   |     ^^^^^^^^^^^^^^^^^^^^^

warning: unused import: `crate::code::editor::comment_editor::DEFAULT_COMMENT_MAX_WIDTH`
  --> app/src/code_review/comment_list_view.rs:40:5
   |
40 | use crate::code::editor::comment_editor::DEFAULT_COMMENT_MAX_WIDTH;
   |     ^^^^^^^^^^^^^^^^^^^^^^^^^^^^^^^^^^^^^^^^^^^^^^^^^^^^^^^^^^^^^^

warning: unused import: `crate::code_review::telemetry_event::CodeReviewTelemetryEvent`
  --> app/src/code_review/comment_list_view.rs:48:5
   |
48 | use crate::code_review::telemetry_event::CodeReviewTelemetryEvent;
   |     ^^^^^^^^^^^^^^^^^^^^^^^^^^^^^^^^^^^^^^^^^^^^^^^^^^^^^^^^^^^^^

warning: unused imports: `KeystrokeSource` and `PrimaryTheme`
  --> app/src/code_review/comment_list_view.rs:54:50
   |
54 |     ActionButton, ActionButtonTheme, ButtonSize, KeystrokeSource, NakedTheme, PrimaryTheme,
   |                                                  ^^^^^^^^^^^^^^^              ^^^^^^^^^^^^

warning: unused import: `CodeReviewTelemetryEvent`
  --> app/src/code_review/diff_state/local.rs:36:26
   |
36 | use crate::code_review::{CodeReviewTelemetryEvent, git_actions, is_file_autogenerated};
   |                          ^^^^^^^^^^^^^^^^^^^^^^^^

warning: unused import: `super::DiffOperation`
  --> app/src/code_review/diff_state/local.rs:66:5
   |
66 | use super::DiffOperation;
   |     ^^^^^^^^^^^^^^^^^^^^

warning: unused import: `crate::code_review::telemetry_event::CodeReviewTelemetryEvent`
  --> app/src/code_review/find_model.rs:20:5
   |
20 | use crate::code_review::telemetry_event::CodeReviewTelemetryEvent;
   |     ^^^^^^^^^^^^^^^^^^^^^^^^^^^^^^^^^^^^^^^^^^^^^^^^^^^^^^^^^^^^^

warning: unused import: `warp_core::features::FeatureFlag`
  --> app/src/code_review/git_dialog/mod.rs:13:5
   |
13 | use warp_core::features::FeatureFlag;
   |     ^^^^^^^^^^^^^^^^^^^^^^^^^^^^^^^^

warning: unused imports: `CodeReviewTelemetryEvent` and `GitDialogStatus`
  --> app/src/code_review/git_dialog/mod.rs:36:5
   |
36 |     CodeReviewTelemetryEvent, GitDialogStatus, GitOperationKind,
   |     ^^^^^^^^^^^^^^^^^^^^^^^^  ^^^^^^^^^^^^^^^

warning: unused import: `CodeReviewTelemetryEvent`
  --> app/src/code_review/git_dialog/commit.rs:25:5
   |
25 |     CodeReviewTelemetryEvent, GitDialogStatus, GitOperationKind,
   |     ^^^^^^^^^^^^^^^^^^^^^^^^

warning: unused imports: `CodeReviewTelemetryEvent` and `GitOperationKind`
  --> app/src/code_review/git_dialog/pr.rs:20:5
   |
20 |     CodeReviewTelemetryEvent, GitDialogStatus, GitOperationKind,
   |     ^^^^^^^^^^^^^^^^^^^^^^^^                   ^^^^^^^^^^^^^^^^

warning: unused imports: `CodeReviewTelemetryEvent` and `GitOperationKind`
  --> app/src/code_review/git_dialog/push.rs:28:5
   |
28 |     CodeReviewTelemetryEvent, GitDialogStatus, GitOperationKind,
   |     ^^^^^^^^^^^^^^^^^^^^^^^^                   ^^^^^^^^^^^^^^^^

warning: unused import: `warpui::units::Pixels`
  --> app/src/code_review/comment_rendering.rs:22:5
   |
22 | use warpui::units::Pixels;
   |     ^^^^^^^^^^^^^^^^^^^^^

warning: unused import: `PendingImportedReviewCommentTarget`
  --> app/src/code_review/comments/mod.rs:14:35
   |
14 |     PendingImportedReviewComment, PendingImportedReviewCommentTarget,
   |                                   ^^^^^^^^^^^^^^^^^^^^^^^^^^^^^^^^^^

warning: unused import: `SingletonEntity`
  --> app/src/completer/mod.rs:22:26
   |
22 | use warpui::{AppContext, SingletonEntity};
   |                          ^^^^^^^^^^^^^^^

warning: unused import: `EnvVarCommand`
 --> app/src/env_vars/mod.rs:6:43
  |
6 | pub use model::{EnvVar, EnvVarCollection, EnvVarCommand, EnvVarValue};
  |                                           ^^^^^^^^^^^^^

warning: unused import: `Notebook`
 --> app/src/notebooks/mod.rs:5:17
  |
5 | pub use model::{Notebook, NotebookId, NotebookLocation};
  |                 ^^^^^^^^

warning: unused import: `crate::util::openable_file_type::renders_in_warp_notebook_viewer`
 --> app/src/notebooks/mod.rs:7:9
  |
7 | pub use crate::util::openable_file_type::renders_in_warp_notebook_viewer;
  |         ^^^^^^^^^^^^^^^^^^^^^^^^^^^^^^^^^^^^^^^^^^^^^^^^^^^^^^^^^^^^^^^^

warning: unused import: `sqlite::database_file_path_for_current_scope`
  --> app/src/persistence/mod.rs:31:9
   |
31 | pub use sqlite::database_file_path_for_current_scope;
   |         ^^^^^^^^^^^^^^^^^^^^^^^^^^^^^^^^^^^^^^^^^^^^

warning: unused import: `sqlite::establish_ro_connection`
  --> app/src/persistence/mod.rs:38:9
   |
38 | pub use sqlite::establish_ro_connection;
   |         ^^^^^^^^^^^^^^^^^^^^^^^^^^^^^^^

warning: unused import: `crate::workspace::Workspace`
  --> app/src/quit_warning/mod.rs:19:5
   |
19 | use crate::workspace::Workspace;
   |     ^^^^^^^^^^^^^^^^^^^^^^^^^^^

warning: unused import: `TelemetryEvent`
  --> app/src/quit_warning/mod.rs:20:13
   |
20 | use crate::{TelemetryEvent, send_telemetry_from_app_ctx};
   |             ^^^^^^^^^^^^^^

warning: unused import: `TelemetryEvent`
  --> app/src/system/info.rs:16:13
   |
16 | use crate::{TelemetryEvent, send_telemetry_from_app_ctx, send_telemetry_sync_from_ctx};
   |             ^^^^^^^^^^^^^^

warning: unused imports: `TipsEvent` and `TipsView`
 --> app/src/tips/mod.rs:6:20
  |
6 | pub use tip_view::{TipsEvent, TipsView};
  |                    ^^^^^^^^^  ^^^^^^^^

warning: unused import: `ParentElement`
 --> app/src/ui_components/icon_with_status.rs:4:60
  |
4 | use warpui::elements::{ConstrainedBox, Container, Element, ParentElement};
  |                                                            ^^^^^^^^^^^^^

warning: unused import: `ModelHandle`
 --> app/src/undo_close/stack.rs:5:67
  |
5 |     AppContext, ClosedWindowData, Entity, EntityId, ModelContext, ModelHandle, SingletonEntity,
  |                                                                   ^^^^^^^^^^^

warning: unused imports: `TelemetryEvent` and `UndoCloseItemType`
  --> app/src/undo_close/stack.rs:13:32
   |
13 | use crate::server::telemetry::{TelemetryEvent, UndoCloseItemType};
   |                                ^^^^^^^^^^^^^^  ^^^^^^^^^^^^^^^^^

warning: unused import: `Workspace`
  --> app/src/uri/mod.rs:16:41
   |
16 | use crate::workspace::{PaneViewLocator, Workspace, WorkspaceAction, WorkspaceRegistry};
   |                                         ^^^^^^^^^

warning: unused import: `imp::load_tab_configs`
  --> app/src/user_config/mod.rs:11:16
   |
11 | pub(crate) use imp::load_tab_configs;
   |                ^^^^^^^^^^^^^^^^^^^^^

warning: unused import: `warpui::text::char_slice`
  --> app/src/util/link_detection.rs:13:5
   |
13 | use warpui::text::char_slice;
   |     ^^^^^^^^^^^^^^^^^^^^^^^^

warning: unused import: `crate::settings::PrivacySettings`
  --> app/src/util/tooltips.rs:13:5
   |
13 | use crate::settings::PrivacySettings;
   |     ^^^^^^^^^^^^^^^^^^^^^^^^^^^^^^^^

warning: unused import: `crate::ui_components::blended_colors`
  --> app/src/util/tooltips.rs:15:5
   |
15 | use crate::ui_components::blended_colors;
   |     ^^^^^^^^^^^^^^^^^^^^^^^^^^^^^^^^^^^^

warning: unused imports: `FindOption` and `TelemetryEvent`
  --> app/src/view_components/find.rs:26:32
   |
26 | use crate::server::telemetry::{FindOption, TelemetryEvent};
   |                                ^^^^^^^^^^  ^^^^^^^^^^^^^^

warning: unused import: `agent_toast::*`
  --> app/src/view_components/mod.rs:21:9
   |
21 | pub use agent_toast::*;
   |         ^^^^^^^^^^^^^^

warning: unused import: `alert::Alert`
  --> app/src/view_components/mod.rs:22:9
   |
22 | pub use alert::Alert;
   |         ^^^^^^^^^^^^

warning: unused import: `clickable_text_input::*`
  --> app/src/view_components/mod.rs:23:9
   |
23 | pub use clickable_text_input::*;
   |         ^^^^^^^^^^^^^^^^^^^^^^^

warning: unused imports: `CompactDropdownEvent`, `CompactDropdownItem`, and `CompactDropdown`
  --> app/src/view_components/mod.rs:24:28
   |
24 | pub use compact_dropdown::{CompactDropdown, CompactDropdownEvent, CompactDropdownItem};
   |                            ^^^^^^^^^^^^^^^  ^^^^^^^^^^^^^^^^^^^^  ^^^^^^^^^^^^^^^^^^^

warning: unused import: `copyable_text_field::*`
  --> app/src/view_components/mod.rs:25:9
   |
25 | pub use copyable_text_field::*;
   |         ^^^^^^^^^^^^^^^^^^^^^^

warning: unused imports: `DropdownAction` and `DropdownEvent`
  --> app/src/view_components/mod.rs:27:30
   |
27 | pub use dropdown::{Dropdown, DropdownAction, DropdownEvent, DropdownItem, DropdownItemAction};
   |                              ^^^^^^^^^^^^^^  ^^^^^^^^^^^^^

warning: unused import: `feature_popup::*`
  --> app/src/view_components/mod.rs:28:9
   |
28 | pub use feature_popup::*;
   |         ^^^^^^^^^^^^^^^^

warning: unused imports: `FilterableDropdownEvent` and `FilterableDropdownOrientation`
  --> app/src/view_components/mod.rs:30:25
   |
30 |     FilterableDropdown, FilterableDropdownEvent, FilterableDropdownOrientation,
   |                         ^^^^^^^^^^^^^^^^^^^^^^^  ^^^^^^^^^^^^^^^^^^^^^^^^^^^^^

warning: unused import: `MarkdownToggleEvent`
  --> app/src/view_components/mod.rs:32:32
   |
32 | pub use markdown_toggle_view::{MarkdownToggleEvent, MarkdownToggleView};
   |                                ^^^^^^^^^^^^^^^^^^^

warning: unused import: `warning_box::*`
  --> app/src/view_components/mod.rs:34:9
   |
34 | pub use warning_box::*;
   |         ^^^^^^^^^^^^^^

warning: unused import: `std::path::Path`
  --> app/src/editor/view/mod.rs:15:5
   |
15 | use std::path::Path;
   |     ^^^^^^^^^^^^^^^

warning: unused import: `async_fs`
  --> app/src/editor/view/mod.rs:21:5
   |
21 | use async_fs;
   |     ^^^^^^^^

warning: unused import: `base64::engine::general_purpose`
  --> app/src/editor/view/mod.rs:23:5
   |
23 | use base64::engine::general_purpose;
   |     ^^^^^^^^^^^^^^^^^^^^^^^^^^^^^^^

warning: unused import: `figma_utils::is_figma_png`
  --> app/src/editor/view/mod.rs:25:5
   |
25 | use figma_utils::is_figma_png;
   |     ^^^^^^^^^^^^^^^^^^^^^^^^^

warning: unused import: `mime_guess::from_path`
  --> app/src/editor/view/mod.rs:27:5
   |
27 | use mime_guess::from_path;
   |     ^^^^^^^^^^^^^^^^^^^^^

warning: unused imports: `safe_error` and `send_telemetry_from_ctx`
  --> app/src/editor/view/mod.rs:53:17
   |
53 | use warp_core::{safe_error, send_telemetry_from_ctx};
   |                 ^^^^^^^^^^  ^^^^^^^^^^^^^^^^^^^^^^^

warning: unused import: `SpawnedFutureHandle`
  --> app/src/editor/view/mod.rs:59:23
   |
59 | use warpui::r#async::{SpawnedFutureHandle, Timer};
   |                       ^^^^^^^^^^^^^^^^^^^

warning: unused imports: `ChildView` and `Container`
  --> app/src/editor/view/mod.rs:62:5
   |
62 |     ChildView, Container, CornerRadius, CrossAxisAlignment, DEFAULT_UI_LINE_HEIGHT_RATIO, Flex,
   |     ^^^^^^^^^  ^^^^^^^^^

warning: unused import: `warpui::platform::keyboard::KeyCode`
  --> app/src/editor/view/mod.rs:67:5
   |
67 | use warpui::platform::keyboard::KeyCode;
   |     ^^^^^^^^^^^^^^^^^^^^^^^^^^^^^^^^^^^

warning: unused import: `FilePickerConfiguration`
  --> app/src/editor/view/mod.rs:68:32
   |
68 | use warpui::platform::{Cursor, FilePickerConfiguration, OperatingSystem};
   |                                ^^^^^^^^^^^^^^^^^^^^^^^

warning: unused import: `warpui::ui_components::button::ButtonTooltipPosition`
  --> app/src/editor/view/mod.rs:72:5
   |
72 | use warpui::ui_components::button::ButtonTooltipPosition;
   |     ^^^^^^^^^^^^^^^^^^^^^^^^^^^^^^^^^^^^^^^^^^^^^^^^^^^^

warning: unused import: `Coords`
  --> app/src/editor/view/mod.rs:73:41
   |
73 | use warpui::ui_components::components::{Coords, UiComponent, UiComponentStyles};
   |                                         ^^^^^^

warning: unused import: `crate::server::telemetry::TelemetryEvent`
   --> app/src/editor/view/mod.rs:101:5
    |
101 | use crate::server::telemetry::TelemetryEvent;
    |     ^^^^^^^^^^^^^^^^^^^^^^^^^^^^^^^^^^^^^^^^

warning: unused import: `InputSettings`
   --> app/src/editor/view/mod.rs:104:5
    |
104 |     InputSettings, SelectionSettings,
    |     ^^^^^^^^^^^^^

warning: unused imports: `IgnoredSuggestionsModel` and `SuggestionType`
   --> app/src/editor/view/mod.rs:107:53
    |
107 | use crate::suggestions::ignored_suggestions_model::{IgnoredSuggestionsModel, SuggestionType};
    |                                                     ^^^^^^^^^^^^^^^^^^^^^^^  ^^^^^^^^^^^^^^

warning: unused import: `crate::ui_components::buttons::icon_button`
   --> app/src/editor/view/mod.rs:111:5
    |
111 | use crate::ui_components::buttons::icon_button;
    |     ^^^^^^^^^^^^^^^^^^^^^^^^^^^^^^^^^^^^^^^^^^

warning: unused import: `crate::ui_components::icons`
   --> app/src/editor/view/mod.rs:112:5
    |
112 | use crate::ui_components::icons;
    |     ^^^^^^^^^^^^^^^^^^^^^^^^^^^

warning: unused import: `crate::view_components::DismissibleToast`
   --> app/src/editor/view/mod.rs:117:5
    |
117 | use crate::view_components::DismissibleToast;
    |     ^^^^^^^^^^^^^^^^^^^^^^^^^^^^^^^^^^^^^^^^

warning: unused import: `crate::workspace::ToastStack`
   --> app/src/editor/view/mod.rs:121:5
    |
121 | use crate::workspace::ToastStack;
    |     ^^^^^^^^^^^^^^^^^^^^^^^^^^^^

warning: unexpected `cfg` condition value: `warp_managed_secrets`
   --> app/src/features.rs:324:15
    |
324 |         #[cfg(feature = "warp_managed_secrets")]
    |               ^^^^^^^^^^^^^^^^^^^^^^^^^^^^^^^^
    |
    = note: expected values for `feature` are: `account_first_onboarding`, `active_conversation_requires_interaction`, `agent_cli_launch_modal`, `agent_decides_command_execution`, `agent_harness`, `agent_management_details_view`, `agent_management_popup`, `agent_management_view`, `agent_mode`, `agent_mode_computer_use`, `agent_mode_debug`, `agent_mode_evals`, `agent_mode_pre_plan_xml`, `agent_mode_primary_xml`, `agent_onboarding`, `agent_shared_sessions`, `agent_tips`, `agent_toolbar_editor`, `agent_view`, `agent_view_block_context`, `agent_view_conversation_list_view`, `agent_view_prompt_chip`, `ai_context_menu`, `ai_context_menu_code`, `ai_context_menu_commands`, `ai_resume_button`, `ai_rules`, `alacritty_settings_import`, `allow_ignoring_input_suggestions`, `allow_opening_file_links_using_editor_env`, `am_workflows`, `ambient_agents_command_line`, `ambient_agents_image_upload`, `ambient_agents_rtc`, and `api_key_management` and 262 more
    = help: consider adding `warp_managed_secrets` as a feature in `Cargo.toml`
    = note: see <https://doc.rust-lang.org/nightly/rustc/check-cfg/cargo-specifics.html> for more information about checking conditional configuration
    = note: `#[warn(unexpected_cfgs)]` on by default

warning: unused import: `crate::server::telemetry::TelemetryEvent`
  --> app/src/launch_configs/save_modal.rs:29:5
   |
29 | use crate::server::telemetry::TelemetryEvent;
   |     ^^^^^^^^^^^^^^^^^^^^^^^^^^^^^^^^^^^^^^^^

warning: unused import: `std::cell::RefCell`
 --> app/src/pane_group/mod.rs:2:5
  |
2 | use std::cell::RefCell;
  |     ^^^^^^^^^^^^^^^^^^

warning: unused import: `HashSet`
 --> app/src/pane_group/mod.rs:3:33
  |
3 | use std::collections::{HashMap, HashSet};
  |                                 ^^^^^^^

warning: unused import: `std::rc::Rc`
 --> app/src/pane_group/mod.rs:6:5
  |
6 | use std::rc::Rc;
  |     ^^^^^^^^^^^

warning: unused import: `instant::Instant`
  --> app/src/pane_group/mod.rs:10:5
   |
10 | use instant::Instant;
   |     ^^^^^^^^^^^^^^^^

warning: unused import: `tree::DEFAULT_FLEX_VALUE`
  --> app/src/pane_group/mod.rs:19:5
   |
19 | use tree::DEFAULT_FLEX_VALUE;
   |     ^^^^^^^^^^^^^^^^^^^^^^^^

warning: unused import: `warp_core::command::ExitCode`
  --> app/src/pane_group/mod.rs:23:5
   |
23 | use warp_core::command::ExitCode;
   |     ^^^^^^^^^^^^^^^^^^^^^^^^^^^^

warning: unused imports: `ShellName` and `ShellType`
  --> app/src/pane_group/mod.rs:27:28
   |
27 | use warp_terminal::shell::{ShellName, ShellType};
   |                            ^^^^^^^^^  ^^^^^^^^^

warning: unused import: `warpui::r#async::SpawnedFutureHandle`
  --> app/src/pane_group/mod.rs:31:5
   |
31 | use warpui::r#async::SpawnedFutureHandle;
   |     ^^^^^^^^^^^^^^^^^^^^^^^^^^^^^^^^^^^^

warning: unused imports: `Clipped` and `Stack`
  --> app/src/pane_group/mod.rs:33:16
   |
33 |     ChildView, Clipped, CrossAxisAlignment, DispatchEventResult, Element, EventHandler, Flex,
   |                ^^^^^^^
34 |     MainAxisSize, ParentElement, Shrinkable, Stack,
   |                                              ^^^^^

warning: unused import: `WeakViewHandle`
  --> app/src/pane_group/mod.rs:41:17
   |
41 |     ViewHandle, WeakViewHandle, WindowId,
   |                 ^^^^^^^^^^^^^^

warning: unused import: `PaneMode`
  --> app/src/pane_group/mod.rs:61:50
   |
61 | use crate::launch_configs::launch_config::{self, PaneMode, PaneTemplateType};
   |                                                  ^^^^^^^^

warning: unused import: `TelemetryEvent`
  --> app/src/pane_group/mod.rs:71:47
   |
71 | use crate::server::telemetry::{PaletteSource, TelemetryEvent};
   |                                               ^^^^^^^^^^^^^^

warning: unused import: `GeneralSettingsChangedEvent`
  --> app/src/pane_group/mod.rs:77:58
   |
77 | use crate::terminal::general_settings::{GeneralSettings, GeneralSettingsChangedEvent};
   |                                                          ^^^^^^^^^^^^^^^^^^^^^^^^^^^

warning: unused imports: `MockTerminalManager` and `ShellLaunchState`
  --> app/src/pane_group/mod.rs:89:5
   |
89 |     MockTerminalManager, ShellLaunchData, ShellLaunchState, TerminalManager, TerminalModel,
   |     ^^^^^^^^^^^^^^^^^^^                   ^^^^^^^^^^^^^^^^

warning: unused import: `WorkspaceAction`
   --> app/src/pane_group/mod.rs:101:66
    |
101 |     self, CommandSearchOptions, PaneViewLocator, TabBarLocation, WorkspaceAction,
    |                                                                  ^^^^^^^^^^^^^^^

warning: unused import: `crate::server::telemetry::TelemetryEvent`
  --> app/src/pane_group/pane/view/header/mod.rs:33:5
   |
33 | use crate::server::telemetry::TelemetryEvent;
   |     ^^^^^^^^^^^^^^^^^^^^^^^^^^^^^^^^^^^^^^^^

warning: unused import: `std::collections::HashMap`
 --> app/src/pane_group/pane/workflow_pane.rs:1:5
  |
1 | use std::collections::HashMap;
  |     ^^^^^^^^^^^^^^^^^^^^^^^^^

warning: unused import: `std::sync::Arc`
 --> app/src/pane_group/pane/workflow_pane.rs:2:5
  |
2 | use std::sync::Arc;
  |     ^^^^^^^^^^^^^^

warning: unused imports: `WorkflowSource` and `WorkflowType`
  --> app/src/pane_group/pane/workflow_pane.rs:14:52
   |
14 |     Workflow, WorkflowId, WorkflowSelectionSource, WorkflowSource, WorkflowType, WorkflowViewMode,
   |                                                    ^^^^^^^^^^^^^^  ^^^^^^^^^^^^

warning: unused import: `crate::server::telemetry::TelemetryEvent`
  --> app/src/resource_center/main_page.rs:33:5
   |
33 | use crate::server::telemetry::TelemetryEvent;
   |     ^^^^^^^^^^^^^^^^^^^^^^^^^^^^^^^^^^^^^^^^

warning: unused import: `crate::server::telemetry::TelemetryEvent`
  --> app/src/resource_center/section_views/feature_section.rs:24:5
   |
24 | use crate::server::telemetry::TelemetryEvent;
   |     ^^^^^^^^^^^^^^^^^^^^^^^^^^^^^^^^^^^^^^^^

warning: unused import: `crate::server::telemetry::TelemetryEvent`
  --> app/src/resource_center/section_views/changelog_section.rs:23:5
   |
23 | use crate::server::telemetry::TelemetryEvent;
   |     ^^^^^^^^^^^^^^^^^^^^^^^^^^^^^^^^^^^^^^^^

warning: unused import: `ThemeSettings`
  --> app/src/root_view.rs:21:42
   |
21 | use crate::settings::{QuakeModeSettings, ThemeSettings};
   |                                          ^^^^^^^^^^^^^

warning: unused import: `crate::window_settings::WindowSettings`
  --> app/src/root_view.rs:28:5
   |
28 | use crate::window_settings::WindowSettings;
   |     ^^^^^^^^^^^^^^^^^^^^^^^^^^^^^^^^^^^^^^

warning: unused import: `WorkspaceRegistry`
  --> app/src/root_view.rs:29:69
   |
29 | use crate::workspace::{PaneViewLocator, Workspace, WorkspaceAction, WorkspaceRegistry};
   |                                                                     ^^^^^^^^^^^^^^^^^

warning: unused import: `UpdateQuakeModeEventArg`
  --> app/src/root_view.rs:30:67
   |
30 | use crate::{GlobalResourceHandles, GlobalResourceHandlesProvider, UpdateQuakeModeEventArg};
   |                                                                   ^^^^^^^^^^^^^^^^^^^^^^^

warning: unused import: `warp_core::send_telemetry_from_app_ctx`
 --> app/src/search/command_palette/view.rs:7:5
  |
7 | use warp_core::send_telemetry_from_app_ctx;
  |     ^^^^^^^^^^^^^^^^^^^^^^^^^^^^^^^^^^^^^^

warning: unused import: `crate::features::FeatureFlag`
  --> app/src/search/command_palette/view.rs:26:5
   |
26 | use crate::features::FeatureFlag;
   |     ^^^^^^^^^^^^^^^^^^^^^^^^^^^^

warning: unused import: `TelemetryEvent`
  --> app/src/search/command_palette/view.rs:42:56
   |
42 | use crate::server::telemetry::{LaunchConfigUiLocation, TelemetryEvent};
   |                                                        ^^^^^^^^^^^^^^

warning: unused import: `SingletonEntity`
 --> app/src/search/command_search/history/history_data_source.rs:4:26
  |
4 | use warpui::{AppContext, SingletonEntity};
  |                          ^^^^^^^^^^^^^^^

warning: unused import: `warp_core::features::FeatureFlag`
  --> app/src/search/command_search/view.rs:10:5
   |
10 | use warp_core::features::FeatureFlag;
   |     ^^^^^^^^^^^^^^^^^^^^^^^^^^^^^^^^

warning: unused import: `MouseStateHandle`
  --> app/src/search/command_search/view.rs:15:26
   |
15 |     Dismiss, Fill, Flex, MouseStateHandle, OffsetPositioning, OffsetType, ParentElement,
   |                          ^^^^^^^^^^^^^^^^

warning: unused import: `crate::server::telemetry::TelemetryEvent`
  --> app/src/search/command_search/view.rs:39:5
   |
39 | use crate::server::telemetry::TelemetryEvent;
   |     ^^^^^^^^^^^^^^^^^^^^^^^^^^^^^^^^^^^^^^^^

warning: unused import: `HistoryEvent`
  --> app/src/search/command_search/view.rs:43:32
   |
43 | use crate::terminal::{History, HistoryEvent};
   |                                ^^^^^^^^^^^^

warning: unused import: `TelemetryEvent`
  --> app/src/settings/import/model.rs:15:13
   |
15 | use crate::{TelemetryEvent, send_telemetry_from_ctx};
   |             ^^^^^^^^^^^^^^

warning: unused import: `TelemetryEvent`
  --> app/src/settings/import/view.rs:32:44
   |
32 | use crate::{GlobalResourceHandlesProvider, TelemetryEvent, send_telemetry_from_ctx};
   |                                            ^^^^^^^^^^^^^^

warning: unused import: `UpdateModel`
  --> app/src/settings/privacy.rs:11:65
   |
11 | use warpui::{AppContext, Entity, ModelContext, SingletonEntity, UpdateModel};
   |                                                                 ^^^^^^^^^^^

warning: unused import: `warp_core::send_telemetry_from_ctx`
  --> app/src/settings_view/mod.rs:22:5
   |
22 | use warp_core::send_telemetry_from_ctx;
   |     ^^^^^^^^^^^^^^^^^^^^^^^^^^^^^^^^^^

warning: unused import: `self::telemetry::SettingsTelemetryEvent`
  --> app/src/settings_view/mod.rs:40:5
   |
40 | use self::telemetry::SettingsTelemetryEvent;
   |     ^^^^^^^^^^^^^^^^^^^^^^^^^^^^^^^^^^^^^^^

warning: unused import: `crate::view_components::ToastFlavor`
  --> app/src/settings_view/mod.rs:55:5
   |
55 | use crate::view_components::ToastFlavor;
   |     ^^^^^^^^^^^^^^^^^^^^^^^^^^^^^^^^^^^

warning: unused import: `Clipped`
  --> app/src/settings_view/appearance_page.rs:13:31
   |
13 |     Align, Border, ChildView, Clipped, ConstrainedBox, Container, CornerRadius, CrossAxisAlignment,
   |                               ^^^^^^^

warning: unused imports: `InputUXChangeOrigin` and `TelemetryEvent`
  --> app/src/settings_view/appearance_page.rs:51:32
   |
51 | use crate::server::telemetry::{InputUXChangeOrigin, TelemetryEvent};
   |                                ^^^^^^^^^^^^^^^^^^^  ^^^^^^^^^^^^^^

warning: unused import: `ShowDockIconState`
  --> app/src/settings_view/appearance_page.rs:52:59
   |
52 | use crate::settings::app_icon::{AppIcon, AppIconSettings, ShowDockIconState};
   |                                                           ^^^^^^^^^^^^^^^^^

warning: unused imports: `CursorBlinkEnabled`, `FocusPaneOnHover`, `InputModeState`, `ShouldDimInactivePanes`, `UseSystemTheme`, and `UseThinStrokes`
  --> app/src/settings_view/appearance_page.rs:54:63
   |
54 |     AIFontName, AppEditorSettings, CodeSettings, CursorBlink, CursorBlinkEnabled,
   |                                                               ^^^^^^^^^^^^^^^^^^
55 |     CursorDisplayType, DEFAULT_MONOSPACE_FONT_NAME, EnforceMinimumContrast, FocusPaneOnHover,
   |                                                                             ^^^^^^^^^^^^^^^^
56 |     FontSettings, FontSettingsChangedEvent, GPUSettings, InputBoxType, InputMode,
57 |     InputModeSettings, InputModeState, InputSettings, InputSettingsChangedEvent, MonospaceFontName,
   |                        ^^^^^^^^^^^^^^
58 |     PaneSettings, ShouldDimInactivePanes, ThemeSettings, UseSystemTheme, UseThinStrokes,
   |                   ^^^^^^^^^^^^^^^^^^^^^^                 ^^^^^^^^^^^^^^  ^^^^^^^^^^^^^^

warning: unused import: `LigatureRenderingEnabled`
  --> app/src/settings_view/appearance_page.rs:61:42
   |
61 | use crate::terminal::ligature_settings::{LigatureRenderingEnabled, LigatureSettings};
   |                                          ^^^^^^^^^^^^^^^^^^^^^^^^

warning: unused imports: `AltScreenPadding` and `Spacing`
  --> app/src/settings_view/appearance_page.rs:65:5
   |
65 |     AltScreenPadding, AltScreenPaddingMode, Spacing, SpacingMode, TerminalSettings,
   |     ^^^^^^^^^^^^^^^^                        ^^^^^^^

warning: unused imports: `ShowBlockDividers` and `ShowJumpToBottomOfBlockButton`
  --> app/src/settings_view/appearance_page.rs:68:24
   |
68 |     BlockListSettings, ShowBlockDividers, ShowJumpToBottomOfBlockButton, SizeInfo,
   |                        ^^^^^^^^^^^^^^^^^  ^^^^^^^^^^^^^^^^^^^^^^^^^^^^^

warning: unused imports: `BackgroundBlurTexture`, `LeftPanelVisibilityAcrossTabs`, and `OpenWindowsAtCustomSize`
  --> app/src/settings_view/appearance_page.rs:79:27
   |
79 |     BackgroundBlurRadius, BackgroundBlurTexture, BackgroundOpacity, LeftPanelVisibilityAcrossTabs,
   |                           ^^^^^^^^^^^^^^^^^^^^^                     ^^^^^^^^^^^^^^^^^^^^^^^^^^^^^
80 |     OpenWindowsAtCustomSize, WindowSettings, WindowSettingsChangedEvent, ZoomLevel,
   |     ^^^^^^^^^^^^^^^^^^^^^^^

warning: unused imports: `HideTitleBarSearchBarInVerticalTabs`, `PreserveActiveTabColor`, `ShowIndicatorsButton`, `ShowVerticalTabPanelInRestoredWindows`, `UseLatestUserPromptAsConversationTitleInTabNames`, and `UseVerticalTabs`
  --> app/src/settings_view/appearance_page.rs:84:24
   |
84 |     DirectoryTabColor, HideTitleBarSearchBarInVerticalTabs, PreserveActiveTabColor,
   |                        ^^^^^^^^^^^^^^^^^^^^^^^^^^^^^^^^^^^  ^^^^^^^^^^^^^^^^^^^^^^
85 |     ShowIndicatorsButton, ShowVerticalTabPanelInRestoredWindows, TabCloseButtonPosition,
   |     ^^^^^^^^^^^^^^^^^^^^  ^^^^^^^^^^^^^^^^^^^^^^^^^^^^^^^^^^^^^
86 |     TabSettings, TabSettingsChangedEvent, UseLatestUserPromptAsConversationTitleInTabNames,
   |                                           ^^^^^^^^^^^^^^^^^^^^^^^^^^^^^^^^^^^^^^^^^^^^^^^^
87 |     UseVerticalTabs, WorkspaceDecorationVisibility, canonical_directory_key,
   |     ^^^^^^^^^^^^^^^

warning: unused import: `crate::server::telemetry::TelemetryEvent`
  --> app/src/settings_view/features/external_editor.rs:14:5
   |
14 | use crate::server::telemetry::TelemetryEvent;
   |     ^^^^^^^^^^^^^^^^^^^^^^^^^^^^^^^^^^^^^^^^

warning: unused imports: `OpenCodePanelsFileEditor`, `OpenFileEditor`, and `OpenFileLayout`
  --> app/src/settings_view/features/external_editor.rs:19:33
   |
19 |     EditorChoice, EditorLayout, OpenCodePanelsFileEditor, OpenFileEditor, OpenFileLayout,
   |                                 ^^^^^^^^^^^^^^^^^^^^^^^^  ^^^^^^^^^^^^^^  ^^^^^^^^^^^^^^

warning: unused import: `TelemetryEvent`
  --> app/src/settings_view/code_editor_review_page.rs:34:13
   |
34 | use crate::{TelemetryEvent, send_telemetry_from_ctx};
   |             ^^^^^^^^^^^^^^

warning: unused import: `ParentElement`
 --> app/src/settings_view/code_indexing_page.rs:3:44
  |
3 | use warpui::elements::{Container, Element, ParentElement, Text};
  |                                            ^^^^^^^^^^^^^

warning: unused import: `SettingsPageEvent`
 --> app/src/settings_view/code_indexing_page.rs:8:26
  |
8 |     MatchData, PageType, SettingsPageEvent, SettingsPageMeta, SettingsPageViewHandle,
  |                          ^^^^^^^^^^^^^^^^^

warning: unused import: `LocalOnlyIconState`
  --> app/src/settings_view/keybindings.rs:23:5
   |
23 |     LocalOnlyIconState, MatchData, PageType, SettingsPageMeta, SettingsPageViewHandle,
   |     ^^^^^^^^^^^^^^^^^^

warning: unused import: `TelemetryEvent`
  --> app/src/settings_view/keybindings.rs:37:13
   |
37 | use crate::{TelemetryEvent, send_telemetry_from_ctx, themes};
   |             ^^^^^^^^^^^^^^

warning: unused imports: `AddRegexModalEvent`, `AddRegexModalViewState`, and `AddRegexModal`
 --> app/src/settings_view/privacy/mod.rs:3:27
  |
3 | pub use add_regex_modal::{AddRegexModal, AddRegexModalEvent, AddRegexModalViewState};
  |                           ^^^^^^^^^^^^^  ^^^^^^^^^^^^^^^^^^  ^^^^^^^^^^^^^^^^^^^^^^

warning: unused import: `LocalControlModeSetting`
  --> app/src/settings_view/scripting_page.rs:17:41
   |
17 | use crate::settings::{LocalControlMode, LocalControlModeSetting, LocalControlSettings};
   |                                         ^^^^^^^^^^^^^^^^^^^^^^^

warning: unused import: `std::collections::HashMap`
 --> app/src/settings_view/settings_page.rs:3:5
  |
3 | use std::collections::HashMap;
  |     ^^^^^^^^^^^^^^^^^^^^^^^^^

warning: unused import: `tab_config::build_worktree_config_toml`
  --> app/src/tab_configs/mod.rs:15:16
   |
15 | pub(crate) use tab_config::build_worktree_config_toml;
   |                ^^^^^^^^^^^^^^^^^^^^^^^^^^^^^^^^^^^^^^

warning: unused import: `crate::server::telemetry::TelemetryEvent`
  --> app/src/terminal/block_filter.rs:27:5
   |
27 | use crate::server::telemetry::TelemetryEvent;
   |     ^^^^^^^^^^^^^^^^^^^^^^^^^^^^^^^^^^^^^^^^

warning: unused import: `generate_session_id`
 --> app/src/terminal/bootstrap.rs:8:5
  |
8 |     generate_session_id, init_shell_script_for_shell, load_and_escape_script, script_for_shell,
  |     ^^^^^^^^^^^^^^^^^^^

warning: unused import: `ParentElement`
 --> app/src/terminal/input.rs:3:46
  |
3 | use warpui::elements::{ChildView, Container, ParentElement, SavePosition};
  |                                              ^^^^^^^^^^^^^

warning: unused import: `TelemetryEvent`
  --> app/src/terminal/local_tty/terminal_manager.rs:35:71
   |
35 | use crate::server::telemetry::{PtySpawnMode as TelemetryPtySpawnMode, TelemetryEvent};
   |                                                                       ^^^^^^^^^^^^^^

warning: unused import: `SingletonEntity`
 --> app/src/terminal/mock_terminal_manager.rs:6:39
  |
6 | use warpui::{AppContext, ModelHandle, SingletonEntity, ViewHandle, WindowId};
  |                                       ^^^^^^^^^^^^^^^

warning: unused import: `warp_core::features::FeatureFlag`
  --> app/src/terminal/model/block.rs:23:5
   |
23 | use warp_core::features::FeatureFlag;
   |     ^^^^^^^^^^^^^^^^^^^^^^^^^^^^^^^^

warning: unused import: `AppContext`
  --> app/src/terminal/model/blocks.rs:21:14
   |
21 | use warpui::{AppContext, EntityId, record_trace_event};
   |              ^^^^^^^^^^

warning: unused imports: `BootstrappingInfo` and `TelemetryEvent`
  --> app/src/terminal/model/session.rs:37:32
   |
37 | use crate::server::telemetry::{BootstrappingInfo, TelemetryEvent};
   |                                ^^^^^^^^^^^^^^^^^  ^^^^^^^^^^^^^^

warning: unused import: `SerializedBlock`
  --> app/src/terminal/model/terminal_model.rs:28:84
   |
28 |     Block, BlockId, BlockMetadata, BlockSize, BlockState, BlocklistEnvVarMetadata, SerializedBlock,
   |                                                                                    ^^^^^^^^^^^^^^^

warning: unused import: `BlockFilter`
  --> app/src/terminal/model/terminal_model.rs:31:44
   |
31 | use super::blocks::{ActiveBlockCompletion, BlockFilter};
   |                                            ^^^^^^^^^^^

warning: unused import: `ShellName`
  --> app/src/terminal/model/terminal_model.rs:72:30
   |
72 | use crate::terminal::shell::{ShellName, ShellType};
   |                              ^^^^^^^^^

warning: unused import: `super::model::lifecycle::LifecycleTelemetryEvent`
  --> app/src/terminal/model_events.rs:11:5
   |
11 | use super::model::lifecycle::LifecycleTelemetryEvent;
   |     ^^^^^^^^^^^^^^^^^^^^^^^^^^^^^^^^^^^^^^^^^^^^^^^^

warning: unused import: `Vec1`
  --> app/src/terminal/view.rs:13:12
   |
13 | use vec1::{Vec1, vec1};
   |            ^^^^

warning: unused import: `self`
  --> app/src/terminal/view.rs:35:20
   |
35 | use super::input::{self, CommandExecutionSource, Input};
   |                    ^^^^

warning: unused import: `WithinModel`
  --> app/src/terminal/view.rs:41:56
   |
41 | use super::model::terminal_model::{TerminalInputState, WithinModel};
   |                                                        ^^^^^^^^^^^

warning: unused import: `crate::terminal::model::mouse::MouseState`
  --> app/src/terminal/view.rs:64:5
   |
64 | use crate::terminal::model::mouse::MouseState;
   |     ^^^^^^^^^^^^^^^^^^^^^^^^^^^^^^^^^^^^^^^^^

warning: unused import: `crate::server::telemetry::TelemetryEvent`
  --> app/src/themes/theme_chooser.rs:34:5
   |
34 | use crate::server::telemetry::TelemetryEvent;
   |     ^^^^^^^^^^^^^^^^^^^^^^^^^^^^^^^^^^^^^^^^

warning: unused import: `server::telemetry::TelemetryEvent`
  --> app/src/themes/theme_creator_body.rs:31:30
   |
31 |     send_telemetry_from_ctx, server::telemetry::TelemetryEvent, themes::theme::CustomTheme,
   |                              ^^^^^^^^^^^^^^^^^^^^^^^^^^^^^^^^^

warning: unused import: `crate::server::telemetry::TelemetryEvent`
  --> app/src/themes/theme_deletion_body.rs:17:5
   |
17 | use crate::server::telemetry::TelemetryEvent;
   |     ^^^^^^^^^^^^^^^^^^^^^^^^^^^^^^^^^^^^^^^^

warning: unused import: `CliCommand`
   --> app/src/lib.rs:128:16
    |
128 | use warp_cli::{CliCommand, GlobalOptions};
    |                ^^^^^^^^^^

warning: unused import: `crate::server::telemetry::TelemetryEvent`
  --> app/src/workflows/categories.rs:34:5
   |
34 | use crate::server::telemetry::TelemetryEvent;
   |     ^^^^^^^^^^^^^^^^^^^^^^^^^^^^^^^^^^^^^^^^

warning: unused import: `ActiveSession`
  --> app/src/workspace/view.rs:20:13
   |
20 | use super::{ActiveSession, PaneViewLocator, WorkspaceAction, WorkspaceRegistry};
   |             ^^^^^^^^^^^^^

warning: unused import: `AppState`
  --> app/src/workspace/view.rs:22:5
   |
22 |     AppState, LeftPanelSnapshot, PaneUuid, TabGroupSnapshot, TabSnapshot, WindowSnapshot,
   |     ^^^^^^^^

warning: unused import: `crate::code::buffer_location::LocalOrRemotePath`
  --> app/src/workspace/view.rs:25:5
   |
25 | use crate::code::buffer_location::LocalOrRemotePath;
   |     ^^^^^^^^^^^^^^^^^^^^^^^^^^^^^^^^^^^^^^^^^^^^^^^

warning: unused import: `crate::terminal::available_shells::AvailableShell`
  --> app/src/workspace/view.rs:35:5
   |
35 | use crate::terminal::available_shells::AvailableShell;
   |     ^^^^^^^^^^^^^^^^^^^^^^^^^^^^^^^^^^^^^^^^^^^^^^^^^

warning: unused import: `crate::terminal::session_settings::NewSessionSource`
  --> app/src/workspace/view.rs:37:5
   |
37 | use crate::terminal::session_settings::NewSessionSource;
   |     ^^^^^^^^^^^^^^^^^^^^^^^^^^^^^^^^^^^^^^^^^^^^^^^^^^^

warning: unused import: `crate::themes::theme::AnsiColorIdentifier`
  --> app/src/workspace/view.rs:38:5
   |
38 | use crate::themes::theme::AnsiColorIdentifier;
   |     ^^^^^^^^^^^^^^^^^^^^^^^^^^^^^^^^^^^^^^^^^

warning: unused imports: `WorkflowSelectionSource`, `WorkflowSource`, and `WorkflowType`
  --> app/src/workspace/view.rs:41:24
   |
41 | use crate::workflows::{WorkflowSelectionSource, WorkflowSource, WorkflowType, WorkflowViewMode};
   |                        ^^^^^^^^^^^^^^^^^^^^^^^  ^^^^^^^^^^^^^^  ^^^^^^^^^^^^

warning: unused import: `send_telemetry_from_ctx`
  --> app/src/workspace/view.rs:42:36
   |
42 | use crate::{GlobalResourceHandles, send_telemetry_from_ctx};
   |                                    ^^^^^^^^^^^^^^^^^^^^^^^

warning: unused import: `SingletonEntity as _`
  --> app/src/workspace/mod.rs:27:26
   |
27 | use warpui::{AppContext, SingletonEntity as _};
   |                          ^^^^^^^^^^^^^^^^^^^^

warning: unused import: `Appearance`
   --> app/src/lib.rs:143:18
    |
143 | use appearance::{Appearance, AppearanceManager};
    |                  ^^^^^^^^^^

warning: unused import: `report_error`
   --> app/src/lib.rs:162:19
    |
162 | use warp_errors::{report_error, report_if_error};
    |                   ^^^^^^^^^^^^

warning: unused imports: `OpenPath`, `quake_mode_window_id`, and `quake_mode_window_is_open`
   --> app/src/lib.rs:194:26
    |
194 |     OpenFromRestoredArg, OpenPath, quake_mode_window_id, quake_mode_window_is_open,
    |                          ^^^^^^^^  ^^^^^^^^^^^^^^^^^^^^  ^^^^^^^^^^^^^^^^^^^^^^^^^

warning: unused import: `super::diff_viewer::DiffViewer`
  --> app/src/code/view.rs:34:5
   |
34 | use super::diff_viewer::DiffViewer;
   |     ^^^^^^^^^^^^^^^^^^^^^^^^^^^^^^

warning: unused import: `warp_editor::model::CoreEditorModel`
  --> app/src/code_review/comment_list_view.rs:14:5
   |
14 | use warp_editor::model::CoreEditorModel;
   |     ^^^^^^^^^^^^^^^^^^^^^^^^^^^^^^^^^^^

warning: unused import: `std::str::FromStr`
 --> app/src/persistence/sqlite.rs:3:5
  |
3 | use std::str::FromStr;
  |     ^^^^^^^^^^^^^^^^^

warning: unused import: `SingletonEntity`
 --> app/src/session_management.rs:4:44
  |
4 | use warpui::{AppContext, Entity, EntityId, SingletonEntity, WindowId};
  |                                            ^^^^^^^^^^^^^^^

warning: unused import: `SingletonEntity`
  --> app/src/util/tooltips.rs:10:49
   |
10 | use warpui::{AppContext, Element, EventContext, SingletonEntity};
   |                                                 ^^^^^^^^^^^^^^^

warning: unused import: `base64::Engine`
  --> app/src/editor/view/mod.rs:22:5
   |
22 | use base64::Engine as _;
   |     ^^^^^^^^^^^^^^

warning: unused import: `warp_editor::model::CoreEditorModel`
  --> app/src/terminal/view.rs:16:5
   |
16 | use warp_editor::model::CoreEditorModel as _;
   |     ^^^^^^^^^^^^^^^^^^^^^^^^^^^^^^^^^^^

warning: unused import: `Setting`
 --> app/src/settings_view/features_page.rs:1:16
  |
1 | use settings::{Setting as _, ToggleableSetting as _};
  |                ^^^^^^^

warning: unused import: `ViewAsRef`
  --> app/src/terminal/model/blocks/selection.rs:12:36
   |
12 | use warpui::{AppContext, EntityId, ViewAsRef as _};
   |                                    ^^^^^^^^^

warning: unused variable: `had_content`
   --> app/src/code/language_server_extension.rs:359:25
    |
359 |                     let had_content = !segments.is_empty();
    |                         ^^^^^^^^^^^ help: if this is intentional, prefix it with an underscore: `_had_content`
    |
    = note: `#[warn(unused_variables)]` (part of `#[warn(unused)]`) on by default

warning: unused variable: `had_diagnostics`
   --> app/src/code/language_server_extension.rs:360:25
    |
360 |                     let had_diagnostics = !diagnostics.is_empty();
    |                         ^^^^^^^^^^^^^^^ help: if this is intentional, prefix it with an underscore: `_had_diagnostics`

warning: unused variable: `server`
   --> app/src/code/language_server_extension.rs:361:33
    |
361 |                     if let Some(server) = me.lsp_server.as_ref() {
    |                                 ^^^^^^ help: if this is intentional, prefix it with an underscore: `_server`

warning: unused variable: `server`
   --> app/src/code/local_code_editor.rs:781:21
    |
781 |         if let Some(server) = &self.lsp_server {
    |                     ^^^^^^ help: if this is intentional, prefix it with an underscore: `_server`

warning: unused variable: `had_result`
    --> app/src/code/local_code_editor.rs:2123:21
     |
2123 |                 let had_result = matches!(&result, Ok(locations) if !locations.is_empty());
     |                     ^^^^^^^^^^ help: if this is intentional, prefix it with an underscore: `_had_result`

warning: unused variable: `server_type`
    --> app/src/code/local_code_editor.rs:2125:29
     |
2125 |                 if let Some(server_type) = server_type_name {
     |                             ^^^^^^^^^^^ help: if this is intentional, prefix it with an underscore: `_server_type`

warning: unused variable: `is_directory`
    --> app/src/code/file_tree/view.rs:2416:13
     |
2416 |         let is_directory = matches!(item, FileTreeItem::DirectoryHeader { .. });
     |             ^^^^^^^^^^^^ help: if this is intentional, prefix it with an underscore: `_is_directory`

warning: unused variable: `st`
    --> app/src/code/footer.rs:1803:33
     |
1803 |                     if let Some(st) = server_type {
     |                                 ^^ help: if this is intentional, prefix it with an underscore: `_st`

warning: unused variable: `server_name`
    --> app/src/code/footer.rs:1829:21
     |
1829 |                 let server_name = self
     |                     ^^^^^^^^^^^ help: if this is intentional, prefix it with an underscore: `_server_name`

warning: unused variable: `app`
    --> app/src/code/view.rs:2042:22
     |
2042 |     fn render(&self, app: &AppContext) -> Box<dyn Element> {
     |                      ^^^ help: if this is intentional, prefix it with an underscore: `_app`

warning: unused variable: `load_duration`
    --> app/src/code_review/code_review_view.rs:2388:9
     |
2388 |         load_duration: Option<Duration>,
     |         ^^^^^^^^^^^^^ help: if this is intentional, prefix it with an underscore: `_load_duration`

warning: unused variable: `is_local`
    --> app/src/code_review/code_review_view.rs:2458:13
     |
2458 |         let is_local = self.repo_is_local();
     |             ^^^^^^^^ help: if this is intentional, prefix it with an underscore: `_is_local`

warning: unused variable: `diff_mode`
    --> app/src/code_review/code_review_view.rs:2459:13
     |
2459 |         let diff_mode = self.diff_state_model.as_ref(ctx).diff_mode(ctx);
     |             ^^^^^^^^^ help: if this is intentional, prefix it with an underscore: `_diff_mode`

warning: unused variable: `is_imported`
    --> app/src/code_review/code_review_view.rs:2708:17
     |
2708 |             let is_imported = model
     |                 ^^^^^^^^^^^ help: if this is intentional, prefix it with an underscore: `_is_imported`

warning: unused variable: `active_count`
    --> app/src/code_review/code_review_view.rs:3530:18
     |
3530 |             let (active_count, outdated_count) = relocated_comments
     |                  ^^^^^^^^^^^^ help: if this is intentional, prefix it with an underscore: `_active_count`

warning: unused variable: `outdated_count`
    --> app/src/code_review/code_review_view.rs:3530:32
     |
3530 |             let (active_count, outdated_count) = relocated_comments
     |                                ^^^^^^^^^^^^^^ help: if this is intentional, prefix it with an underscore: `_outdated_count`

warning: variable does not need to be mutable
    --> app/src/code_review/code_review_view.rs:3961:13
     |
3961 |         let mut zero_state_column = Flex::column()
     |             ----^^^^^^^^^^^^^^^^^
     |             |
     |             help: remove this `mut`
     |
     = note: `#[warn(unused_mut)]` (part of `#[warn(unused)]`) on by default

warning: unused variable: `app`
    --> app/src/code_review/code_review_view.rs:3952:9
     |
3952 |         app: &AppContext,
     |         ^^^ help: if this is intentional, prefix it with an underscore: `_app`

warning: variable `has_changes` is assigned to, but never used
    --> app/src/code_review/code_review_view.rs:6100:13
     |
6100 |         let mut has_changes = false;
     |             ^^^^^^^^^^^^^^^
     |
     = note: consider using `_has_changes` instead

warning: value assigned to `has_changes` is never read
    --> app/src/code_review/code_review_view.rs:6102:13
     |
6102 |             has_changes = !loaded.to_diff_stats().has_no_changes();
     |             ^^^^^^^^^^^^^^^^^^^^^^^^^^^^^^^^^^^^^^^^^^^^^^^^^^^^^^
     |
     = help: maybe it is overwritten before being read?
     = note: `#[warn(unused_assignments)]` (part of `#[warn(unused)]`) on by default

warning: unused variable: `state_change`
    --> app/src/code_review/code_review_view.rs:6587:21
     |
6587 |                 let state_change = if is_currently_maximized {
     |                     ^^^^^^^^^^^^ help: if this is intentional, prefix it with an underscore: `_state_change`

warning: unused variable: `branch`
    --> app/src/code_review/diff_state/local.rs:1352:29
     |
1352 |     pub fn create_pr(&self, branch: String, ctx: &mut ModelContext<Self>) {
     |                             ^^^^^^ help: if this is intentional, prefix it with an underscore: `_branch`

warning: unused variable: `load_duration`
    --> app/src/code_review/diff_state/local.rs:1637:21
     |
1637 |                 let load_duration = self
     |                     ^^^^^^^^^^^^^ help: if this is intentional, prefix it with an underscore: `_load_duration`

warning: unused variable: `me`
   --> app/src/code_review/git_dialog/commit.rs:372:5
    |
372 |     me: &GitDialog,
    |     ^^ help: if this is intentional, prefix it with an underscore: `_me`

warning: unused variable: `operation`
   --> app/src/code_review/git_dialog/commit.rs:377:9
    |
377 |     let operation = match intent {
    |         ^^^^^^^^^ help: if this is intentional, prefix it with an underscore: `_operation`

warning: unused variable: `status`
   --> app/src/code_review/git_dialog/commit.rs:382:10
    |
382 |     let (status, error) = match &result {
    |          ^^^^^^ help: if this is intentional, prefix it with an underscore: `_status`

warning: unused variable: `error`
   --> app/src/code_review/git_dialog/commit.rs:382:18
    |
382 |     let (status, error) = match &result {
    |                  ^^^^^ help: if this is intentional, prefix it with an underscore: `_error`

warning: unused variable: `me`
   --> app/src/code_review/git_dialog/pr.rs:133:5
    |
133 |     me: &GitDialog,
    |     ^^ help: if this is intentional, prefix it with an underscore: `_me`

warning: unused variable: `status`
   --> app/src/code_review/git_dialog/pr.rs:137:10
    |
137 |     let (status, error) = match &result {
    |          ^^^^^^ help: if this is intentional, prefix it with an underscore: `_status`

warning: unused variable: `error`
   --> app/src/code_review/git_dialog/pr.rs:137:18
    |
137 |     let (status, error) = match &result {
    |                  ^^^^^ help: if this is intentional, prefix it with an underscore: `_error`

warning: unused variable: `me`
   --> app/src/code_review/git_dialog/push.rs:115:5
    |
115 |     me: &GitDialog,
    |     ^^ help: if this is intentional, prefix it with an underscore: `_me`

warning: unused variable: `status`
   --> app/src/code_review/git_dialog/push.rs:120:10
    |
120 |     let (status, error) = match &result {
    |          ^^^^^^ help: if this is intentional, prefix it with an underscore: `_status`

warning: unused variable: `error`
   --> app/src/code_review/git_dialog/push.rs:120:18
    |
120 |     let (status, error) = match &result {
    |                  ^^^^^ help: if this is intentional, prefix it with an underscore: `_error`

warning: unused variable: `operation`
   --> app/src/code_review/git_dialog/mod.rs:866:25
    |
866 |                     let operation = match &self.mode {
    |                         ^^^^^^^^^ help: if this is intentional, prefix it with an underscore: `_operation`

warning: unused variable: `is_local`
   --> app/src/code_review/git_dialog/mod.rs:886:25
    |
886 |                     let is_local = !self.repo_location.is_remote();
    |                         ^^^^^^^^ help: if this is intentional, prefix it with an underscore: `_is_local`

warning: unused variable: `has_no_changes`
   --> app/src/code_review/code_review_header/mod.rs:118:13
    |
118 |         let has_no_changes = state.to_diff_stats().has_no_changes();
    |             ^^^^^^^^^^^^^^ help: if this is intentional, prefix it with an underscore: `_has_no_changes`

warning: unused variable: `has_no_changes`
   --> app/src/code_review/code_review_header/mod.rs:196:13
    |
196 |         let has_no_changes = state.to_diff_stats().has_no_changes();
    |             ^^^^^^^^^^^^^^ help: if this is intentional, prefix it with an underscore: `_has_no_changes`

warning: unused variable: `memory_breakdown`
   --> app/src/system/info.rs:219:13
    |
219 |         let memory_breakdown = memory_footprint::memory_breakdown();
    |             ^^^^^^^^^^^^^^^^ help: if this is intentional, prefix it with an underscore: `_memory_breakdown`

warning: unused variable: `total_application_usage_bytes`
   --> app/src/system/info.rs:234:13
    |
234 |         let total_application_usage_bytes = rss.as_u64();
    |             ^^^^^^^^^^^^^^^^^^^^^^^^^^^^^ help: if this is intentional, prefix it with an underscore: `_total_application_usage_bytes`

warning: unused variable: `cpu_usage_stats`
   --> app/src/system/info.rs:379:13
    |
379 |         let cpu_usage_stats = Self::compute_cpu_usage_stats(samples);
    |             ^^^^^^^^^^^^^^^ help: if this is intentional, prefix it with an underscore: `_cpu_usage_stats`

warning: unused variable: `memory_usage_stats`
   --> app/src/system/info.rs:380:13
    |
380 |         let memory_usage_stats = Self::compute_memory_usage_stats(total_application_usage, ctx);
    |             ^^^^^^^^^^^^^^^^^^ help: if this is intentional, prefix it with an underscore: `_memory_usage_stats`

warning: unused variable: `app`
  --> app/src/util/tooltips.rs:65:5
   |
65 |     app: &AppContext,
   |     ^^^ help: if this is intentional, prefix it with an underscore: `_app`

warning: unused variable: `app`
   --> app/src/view_components/compactible_action_button.rs:229:5
    |
229 |     app: &AppContext,
    |     ^^^ help: if this is intentional, prefix it with an underscore: `_app`

warning: unused variable: `ctx`
    --> app/src/editor/view/mod.rs:7322:31
     |
7322 |     fn render_controls(&self, ctx: &AppContext) -> Option<Box<dyn Element>> {
     |                               ^^^ help: if this is intentional, prefix it with an underscore: `_ctx`

warning: unused variable: `ctx`
  --> app/src/pane_group/pane/terminal_pane.rs:69:9
   |
69 |         ctx: &AppContext,
   |         ^^^ help: if this is intentional, prefix it with an underscore: `_ctx`

warning: unused variable: `app`
   --> app/src/pane_group/pane/view/header/mod.rs:377:39
    |
377 |     fn render_toolbelt_buttons(&self, app: &AppContext) -> Box<dyn Element> {
    |                                       ^^^ help: if this is intentional, prefix it with an underscore: `_app`

warning: variable does not need to be mutable
   --> app/src/pane_group/pane/view/header/mod.rs:434:13
    |
434 |         let mut optional_controls = Flex::row()
    |             ----^^^^^^^^^^^^^^^^^
    |             |
    |             help: remove this `mut`

warning: unused variable: `app`
   --> app/src/search/command_search/view.rs:208:71
    |
208 |                 let source = History::handle(ctx).read(ctx, |history, app| {
    |                                                                       ^^^ help: if this is intentional, prefix it with an underscore: `_app`

warning: unused variable: `buffer_length`
   --> app/src/search/command_search/view.rs:286:13
    |
286 |         let buffer_length = self.search_bar.as_ref(ctx).query(ctx).len();
    |             ^^^^^^^^^^^^^ help: if this is intentional, prefix it with an underscore: `_buffer_length`

warning: unused variable: `buffer_length`
   --> app/src/search/command_search/view.rs:305:21
    |
305 |                 let buffer_length = self.search_bar.as_ref(ctx).query(ctx).len();
    |                     ^^^^^^^^^^^^^ help: if this is intentional, prefix it with an underscore: `_buffer_length`

warning: unused variable: `buffer_len`
   --> app/src/search/command_search/view.rs:316:45
    |
316 |             SearchBarEvent::BufferCleared { buffer_len } => {
    |                                             ^^^^^^^^^^ help: try ignoring the field: `buffer_len: _`

warning: unused variable: `result_index`
   --> app/src/search/command_search/view.rs:393:17
    |
393 |             let result_index = match self.search_bar_state.as_ref(ctx).query_result_renderers() {
    |                 ^^^^^^^^^^^^ help: if this is intentional, prefix it with an underscore: `_result_index`

warning: unused variable: `imported_settings`
   --> app/src/settings/import/view.rs:890:13
    |
890 |         let imported_settings = model.read(ctx, |model, _ctx| {
    |             ^^^^^^^^^^^^^^^^^ help: if this is intentional, prefix it with an underscore: `_imported_settings`

warning: unused variable: `new_val`
   --> app/src/settings_view/appearance_page.rs:668:28
    |
668 |                         Ok(new_val) => {
    |                            ^^^^^^^ help: if this is intentional, prefix it with an underscore: `_new_val`

warning: unused variable: `new_value`
    --> app/src/settings_view/appearance_page.rs:2225:20
     |
2225 |                 Ok(new_value) => {
     |                    ^^^^^^^^^ help: if this is intentional, prefix it with an underscore: `_new_value`

warning: unused variable: `old_mode`
    --> app/src/settings_view/appearance_page.rs:2271:13
     |
2271 |         let old_mode = *InputModeSettings::as_ref(ctx).input_mode.value();
     |             ^^^^^^^^ help: if this is intentional, prefix it with an underscore: `_old_mode`

warning: unused variable: `is_udi_enabled`
    --> app/src/settings_view/appearance_page.rs:2300:17
     |
2300 |             let is_udi_enabled = new_type == InputBoxType::Universal;
     |                 ^^^^^^^^^^^^^^ help: if this is intentional, prefix it with an underscore: `_is_udi_enabled`

warning: unused variable: `previous_value`
    --> app/src/settings_view/appearance_page.rs:2455:13
     |
2455 |         let previous_value = TabSettings::handle(ctx).update(ctx, |tab_settings, ctx| {
     |             ^^^^^^^^^^^^^^ help: if this is intentional, prefix it with an underscore: `_previous_value`

warning: unused variable: `new_value`
    --> app/src/settings_view/appearance_page.rs:2475:14
     |
2475 |         let (new_value, previous_value) =
     |              ^^^^^^^^^ help: if this is intentional, prefix it with an underscore: `_new_value`

warning: unused variable: `previous_value`
    --> app/src/settings_view/appearance_page.rs:2475:25
     |
2475 |         let (new_value, previous_value) =
     |                         ^^^^^^^^^^^^^^ help: if this is intentional, prefix it with an underscore: `_previous_value`

warning: unused variable: `view`
    --> app/src/settings_view/appearance_page.rs:2838:9
     |
2838 |         view: &Self::View,
     |         ^^^^ help: if this is intentional, prefix it with an underscore: `_view`

warning: unused variable: `view`
    --> app/src/settings_view/appearance_page.rs:3281:9
     |
3281 |         view: &Self::View,
     |         ^^^^ help: if this is intentional, prefix it with an underscore: `_view`

warning: unused variable: `view`
    --> app/src/settings_view/appearance_page.rs:3402:9
     |
3402 |         view: &Self::View,
     |         ^^^^ help: if this is intentional, prefix it with an underscore: `_view`

warning: unused variable: `app`
    --> app/src/settings_view/appearance_page.rs:3589:9
     |
3589 |         app: &AppContext,
     |         ^^^ help: if this is intentional, prefix it with an underscore: `_app`

warning: unused variable: `view`
    --> app/src/settings_view/appearance_page.rs:3617:9
     |
3617 |         view: &Self::View,
     |         ^^^^ help: if this is intentional, prefix it with an underscore: `_view`

warning: unused variable: `view`
    --> app/src/settings_view/appearance_page.rs:3655:9
     |
3655 |         view: &Self::View,
     |         ^^^^ help: if this is intentional, prefix it with an underscore: `_view`

warning: unused variable: `view`
    --> app/src/settings_view/appearance_page.rs:3693:9
     |
3693 |         view: &Self::View,
     |         ^^^^ help: if this is intentional, prefix it with an underscore: `_view`

warning: unused variable: `view`
    --> app/src/settings_view/appearance_page.rs:3736:9
     |
3736 |         view: &Self::View,
     |         ^^^^ help: if this is intentional, prefix it with an underscore: `_view`

warning: unused variable: `view`
    --> app/src/settings_view/appearance_page.rs:3780:9
     |
3780 |         view: &Self::View,
     |         ^^^^ help: if this is intentional, prefix it with an underscore: `_view`

warning: unused variable: `app`
    --> app/src/settings_view/appearance_page.rs:3914:9
     |
3914 |         app: &AppContext,
     |         ^^^ help: if this is intentional, prefix it with an underscore: `_app`

warning: unused variable: `app`
    --> app/src/settings_view/appearance_page.rs:4167:9
     |
4167 |         app: &AppContext,
     |         ^^^ help: if this is intentional, prefix it with an underscore: `_app`

warning: unused variable: `app`
    --> app/src/settings_view/appearance_page.rs:4195:9
     |
4195 |         app: &AppContext,
     |         ^^^ help: if this is intentional, prefix it with an underscore: `_app`

warning: unused variable: `view`
    --> app/src/settings_view/appearance_page.rs:4224:9
     |
4224 |         view: &Self::View,
     |         ^^^^ help: if this is intentional, prefix it with an underscore: `_view`

warning: unused variable: `view`
    --> app/src/settings_view/appearance_page.rs:4281:9
     |
4281 |         view: &Self::View,
     |         ^^^^ help: if this is intentional, prefix it with an underscore: `_view`

warning: unused variable: `view`
    --> app/src/settings_view/appearance_page.rs:4349:9
     |
4349 |         view: &Self::View,
     |         ^^^^ help: if this is intentional, prefix it with an underscore: `_view`

warning: unused variable: `app`
    --> app/src/settings_view/appearance_page.rs:4389:9
     |
4389 |         app: &AppContext,
     |         ^^^ help: if this is intentional, prefix it with an underscore: `_app`

warning: unused variable: `view`
    --> app/src/settings_view/appearance_page.rs:4417:9
     |
4417 |         view: &Self::View,
     |         ^^^^ help: if this is intentional, prefix it with an underscore: `_view`

warning: unused variable: `view`
    --> app/src/settings_view/appearance_page.rs:4457:9
     |
4457 |         view: &Self::View,
     |         ^^^^ help: if this is intentional, prefix it with an underscore: `_view`

warning: unused variable: `view`
    --> app/src/settings_view/appearance_page.rs:4497:9
     |
4497 |         view: &Self::View,
     |         ^^^^ help: if this is intentional, prefix it with an underscore: `_view`

warning: unused variable: `view`
    --> app/src/settings_view/appearance_page.rs:4537:9
     |
4537 |         view: &Self::View,
     |         ^^^^ help: if this is intentional, prefix it with an underscore: `_view`

warning: unused variable: `view`
    --> app/src/settings_view/appearance_page.rs:4582:9
     |
4582 |         view: &Self::View,
     |         ^^^^ help: if this is intentional, prefix it with an underscore: `_view`

warning: unused variable: `view`
    --> app/src/settings_view/appearance_page.rs:4627:9
     |
4627 |         view: &Self::View,
     |         ^^^^ help: if this is intentional, prefix it with an underscore: `_view`

warning: unused variable: `app`
    --> app/src/settings_view/appearance_page.rs:4895:9
     |
4895 |         app: &AppContext,
     |         ^^^ help: if this is intentional, prefix it with an underscore: `_app`

warning: unused variable: `new_value`
   --> app/src/settings_view/features/external_editor.rs:233:13
    |
233 |         let new_value = EditorSettings::handle(ctx).update(ctx, |settings, ctx| {
    |             ^^^^^^^^^ help: if this is intentional, prefix it with an underscore: `_new_value`

warning: unused variable: `new_value`
   --> app/src/settings_view/features/external_editor.rs:250:13
    |
250 |         let new_value = EditorSettings::handle(ctx).update(ctx, |settings, ctx| {
    |             ^^^^^^^^^ help: if this is intentional, prefix it with an underscore: `_new_value`

warning: unused variable: `app`
    --> app/src/settings_view/keybindings.rs:1102:9
     |
1102 |         app: &AppContext,
     |         ^^^ help: if this is intentional, prefix it with an underscore: `_app`

warning: unused variable: `app`
   --> app/src/settings_view/scripting_page.rs:156:9
    |
156 |         app: &AppContext,
    |         ^^^ help: if this is intentional, prefix it with an underscore: `_app`

warning: variable does not need to be mutable
   --> app/src/settings_view/settings_file_footer.rs:238:9
    |
238 |     let mut buttons_row = Wrap::row()
    |         ----^^^^^^^^^^^
    |         |
    |         help: remove this `mut`

warning: unused variable: `selected_range`
   --> app/src/terminal/alt_screen/alt_screen_element.rs:191:9
    |
191 |         selected_range: &Range<usize>,
    |         ^^^^^^^^^^^^^^ help: if this is intentional, prefix it with an underscore: `_selected_range`

warning: unused variable: `app`
   --> app/src/terminal/alt_screen/alt_screen_element.rs:303:9
    |
303 |         app: &AppContext,
    |         ^^^ help: if this is intentional, prefix it with an underscore: `_app`

warning: unused variable: `ctx`
   --> app/src/terminal/alt_screen/alt_screen_element.rs:906:41
    |
906 |     fn scroll(&mut self, delta: Pixels, ctx: &mut EventContext) {
    |                                         ^^^ help: if this is intentional, prefix it with an underscore: `_ctx`

warning: unused variable: `mode`
  --> app/src/terminal/local_tty/terminal_manager.rs:77:13
   |
77 |         let mode = match mode {
   |             ^^^^ help: if this is intentional, prefix it with an underscore: `_mode`

warning: unused variable: `max_bytes_per_second`
   --> app/src/terminal/local_tty/terminal_manager.rs:362:23
    |
362 |                 move |max_bytes_per_second| {
    |                       ^^^^^^^^^^^^^^^^^^^^ help: if this is intentional, prefix it with an underscore: `_max_bytes_per_second`

warning: unused variable: `auth_state`
   --> app/src/terminal/local_tty/terminal_manager.rs:353:17
    |
353 |             let auth_state = AuthStateProvider::as_ref(ctx).get().clone();
    |                 ^^^^^^^^^^ help: if this is intentional, prefix it with an underscore: `_auth_state`

warning: unused variable: `auth_state`
   --> app/src/terminal/local_tty/terminal_manager.rs:931:5
    |
931 |     auth_state: &AuthState,
    |     ^^^^^^^^^^ help: if this is intentional, prefix it with an underscore: `_auth_state`

warning: unused variable: `unsupported_shell`
   --> app/src/terminal/local_tty/terminal_manager.rs:942:25
    |
942 |             if let Some(unsupported_shell) = unsupported_shell {
    |                         ^^^^^^^^^^^^^^^^^ help: if this is intentional, prefix it with an underscore: `_unsupported_shell`

warning: unused variable: `transcript_scope`
    --> app/src/terminal/model/block.rs:1144:37
     |
1144 |     pub fn should_hide_block(&self, transcript_scope: &TranscriptScope) -> bool {
     |                                     ^^^^^^^^^^^^^^^^ help: if this is intentional, prefix it with an underscore: `_transcript_scope`

warning: unused variable: `app`
   --> app/src/terminal/model/blocks/selection.rs:924:9
    |
924 |         app: &AppContext,
    |         ^^^ help: if this is intentional, prefix it with an underscore: `_app`

warning: unused variable: `warp_attributed_bootstrap_duration_seconds`
   --> app/src/terminal/model/session.rs:297:13
    |
297 |         let warp_attributed_bootstrap_duration_seconds =
    |             ^^^^^^^^^^^^^^^^^^^^^^^^^^^^^^^^^^^^^^^^^^ help: if this is intentional, prefix it with an underscore: `_warp_attributed_bootstrap_duration_seconds`

warning: unused variable: `was_triggered_by_rc_file`
   --> app/src/terminal/model/session.rs:302:13
    |
302 |         let was_triggered_by_rc_file = session
    |             ^^^^^^^^^^^^^^^^^^^^^^^^ help: if this is intentional, prefix it with an underscore: `_was_triggered_by_rc_file`

warning: unused variable: `block_id`
    --> app/src/terminal/model/terminal_model.rs:1834:13
     |
1834 |         let block_id = data.next_block_id.to_string();
     |             ^^^^^^^^ help: if this is intentional, prefix it with an underscore: `_block_id`

warning: unused variable: `record`
   --> app/src/terminal/model_events.rs:231:38
    |
231 |             Event::LifecycleRecovery(record) => {
    |                                      ^^^^^^ help: if this is intentional, prefix it with an underscore: `_record`

warning: variant `CommandLine` is never constructed
   --> app/src/lib.rs:226:5
    |
221 | pub(crate) enum LaunchMode {
    |                 ---------- variant in this enum
...
226 |     CommandLine {
    |     ^^^^^^^^^^^
    |
    = note: `#[warn(dead_code)]` (part of `#[warn(unused)]`) on by default

warning: method `supports_indexing` is never used
   --> app/src/lib.rs:360:8
    |
257 | impl LaunchMode {
    | --------------- method in this implementation
...
360 |     fn supports_indexing(&self) -> bool {
    |        ^^^^^^^^^^^^^^^^^

warning: field `active_window_id` is never read
   --> app/src/lib.rs:986:5
    |
985 | pub struct UpdateQuakeModeEventArg {
    |            ----------------------- field in this struct
986 |     active_window_id: Option<WindowId>,
    |     ^^^^^^^^^^^^^^^^

warning: function `focus_running_window_and_show_native_modal` is never used
    --> app/src/lib.rs:1543:4
     |
1543 | fn focus_running_window_and_show_native_modal(
     |    ^^^^^^^^^^^^^^^^^^^^^^^^^^^^^^^^^^^^^^^^^^

warning: variant `WorkspaceAdded` is never constructed
  --> app/src/ai/persisted_workspace.rs:95:5
   |
85 | pub enum PersistedWorkspaceEvent {
   |          ----------------------- variant in this enum
...
95 |     WorkspaceAdded {
   |     ^^^^^^^^^^^^^^
   |
   = note: `PersistedWorkspaceEvent` has derived impls for the traits `Clone` and `Debug`, but these are intentionally ignored during dead code analysis

warning: methods `all_lsp_servers`, `total_lsp_server_count`, `user_added_workspace`, `navigated_to_path`, and `workspace_for_path` are never used
   --> app/src/ai/persisted_workspace.rs:202:12
    |
106 | impl PersistedWorkspace {
    | ----------------------- methods in this implementation
...
202 |     pub fn all_lsp_servers(
    |            ^^^^^^^^^^^^^^^
...
219 |     pub fn total_lsp_server_count(&self, include_suggested: bool) -> usize {
    |            ^^^^^^^^^^^^^^^^^^^^^^
...
227 |     pub fn user_added_workspace(&mut self, path: PathBuf, ctx: &mut ModelContext<Self>) {
    |            ^^^^^^^^^^^^^^^^^^^^
...
253 |     pub fn navigated_to_path(&mut self, directory: &PathBuf) {
    |            ^^^^^^^^^^^^^^^^^
...
261 |     pub fn workspace_for_path(&self, root_path: &Path) -> Option<WorkspaceMetadata> {
    |            ^^^^^^^^^^^^^^^^^^

warning: enum `ActiveSkillLookupError` is never used
  --> app/src/ai/skills/mod.rs:29:10
   |
29 | pub enum ActiveSkillLookupError {
   |          ^^^^^^^^^^^^^^^^^^^^^^

warning: associated function `for_reference` is never used
  --> app/src/ai/skills/mod.rs:37:19
   |
36 | impl ActiveSkillLookupError {
   | --------------------------- associated function in this implementation
37 |     pub(crate) fn for_reference(reference: &SkillReference, path_origin: &SkillPathOrigin) -> Self {
   |                   ^^^^^^^^^^^^^

warning: trait `SkillPathQuery` is never used
  --> app/src/ai/skills/mod.rs:54:11
   |
54 | pub trait SkillPathQuery {
   |           ^^^^^^^^^^^^^^

warning: variants `Read` and `Opened` are never constructed
  --> app/src/ai/skills/telemetry.rs:27:5
   |
25 | pub enum SkillTelemetryEvent {
   |          ------------------- variants in this enum
26 |     /// Emitted when a skill is invoked via the ReadSkill tool call.
27 |     Read {
   |     ^^^^
...
40 |     Opened {
   |     ^^^^^^
   |
   = note: `SkillTelemetryEvent` has a derived impl for the trait `Debug`, but this is intentionally ignored during dead code analysis

warning: field `0` is never read
  --> app/src/ai/skills/bundled.rs:25:21
   |
25 |     RequiresFeature(FeatureFlag),
   |     --------------- ^^^^^^^^^^^
   |     |
   |     field in this variant
   |
   = note: `BundledSkillActivation` has derived impls for the traits `Clone` and `Debug`, but these are intentionally ignored during dead code analysis
help: consider changing the field to be of unit type to suppress this warning while preserving the field numbering, or remove the field
   |
25 -     RequiresFeature(FeatureFlag),
25 +     RequiresFeature(()),
   |

warning: field `0` is never read
  --> app/src/ai/skills/bundled.rs:27:18
   |
27 |     RequiresFile(PathBuf),
   |     ------------ ^^^^^^^
   |     |
   |     field in this variant
   |
   = note: `BundledSkillActivation` has derived impls for the traits `Clone` and `Debug`, but these are intentionally ignored during dead code analysis
help: consider changing the field to be of unit type to suppress this warning while preserving the field numbering, or remove the field
   |
27 -     RequiresFile(PathBuf),
27 +     RequiresFile(()),
   |

warning: method `is_enabled` is never used
  --> app/src/ai/skills/bundled.rs:31:12
   |
30 | impl BundledSkillActivation {
   | --------------------------- method in this implementation
31 |     pub fn is_enabled(&self) -> bool {
   |            ^^^^^^^^^^

warning: field `remote_by_host` is never read
  --> app/src/ai/skills/bundled.rs:44:5
   |
42 | pub struct BundledSkills {
   |            ------------- field in this struct
43 |     local: BundledSkill,
44 |     remote_by_host: HashMap<HostId, BundledSkill>,
   |     ^^^^^^^^^^^^^^
   |
   = note: `BundledSkills` has a derived impl for the trait `Debug`, but this is intentionally ignored during dead code analysis

warning: multiple methods are never used
   --> app/src/ai/skills/bundled.rs:52:12
    |
 47 | impl BundledSkills {
    | ------------------ methods in this implementation
...
 52 |     pub fn active_descriptors(&self, path_origin: &SkillPathOrigin) -> Vec<SkillDescriptor> {
    |            ^^^^^^^^^^^^^^^^^^
...
 65 |     pub fn reference_for_path(&self, path: &LocalOrRemotePath) -> Option<SkillReference> {
    |            ^^^^^^^^^^^^^^^^^^
...
 69 |     pub fn local_skill(&self, id: &str) -> Option<&ParsedSkill> {
    |            ^^^^^^^^^^^
...
 73 |     pub fn active_skill(&self, id: &str, path_origin: &SkillPathOrigin) -> Option<&ParsedSkill> {
    |            ^^^^^^^^^^^^
...
 77 |     pub fn remote(&self, host_id: &HostId) -> Option<&BundledSkill> {
    |            ^^^^^^
...
 86 |     pub fn remote_skill_by_path(&self, path: &RemotePath) -> Option<&ParsedSkill> {
    |            ^^^^^^^^^^^^^^^^^^^^
...
 94 |     pub fn remote_active_skill_by_path(&self, path: &RemotePath) -> Option<&ParsedSkill> {
    |            ^^^^^^^^^^^^^^^^^^^^^^^^^^^
...
101 |     fn for_path_origin(&self, path_origin: &SkillPathOrigin) -> Option<&BundledSkill> {
    |        ^^^^^^^^^^^^^^^

warning: fields `skill`, `activation`, and `icon` are never read
   --> app/src/ai/skills/bundled.rs:137:5
    |
136 | struct BundledSkillDefinition {
    |        ---------------------- fields in this struct
137 |     skill: ParsedSkill,
    |     ^^^^^
138 |     activation: BundledSkillActivation,
    |     ^^^^^^^^^^
139 |     icon: Icon,
    |     ^^^^
    |
    = note: `BundledSkillDefinition` has derived impls for the traits `Clone` and `Debug`, but these are intentionally ignored during dead code analysis

warning: field `definitions` is never read
   --> app/src/ai/skills/bundled.rs:145:5
    |
144 | pub struct BundledSkill {
    |            ------------ field in this struct
145 |     definitions: HashMap<String, BundledSkillDefinition>,
    |     ^^^^^^^^^^^
    |
    = note: `BundledSkill` has a derived impl for the trait `Debug`, but this is intentionally ignored during dead code analysis

warning: multiple methods are never used
   --> app/src/ai/skills/bundled.rs:170:12
    |
148 | impl BundledSkill {
    | ----------------- methods in this implementation
...
170 |     pub fn active_descriptors(&self) -> Vec<SkillDescriptor> {
    |            ^^^^^^^^^^^^^^^^^^
...
189 |     pub fn active_path_referenced_descriptors(&self) -> Vec<SkillDescriptor> {
    |            ^^^^^^^^^^^^^^^^^^^^^^^^^^^^^^^^^^
...
202 |     pub fn reference_for_path(&self, path: &LocalOrRemotePath) -> Option<SkillReference> {
    |            ^^^^^^^^^^^^^^^^^^
...
210 |     pub fn skill(&self, id: &str) -> Option<&ParsedSkill> {
    |            ^^^^^
...
215 |     pub fn active_skill(&self, id: &str) -> Option<&ParsedSkill> {
    |            ^^^^^^^^^^^^
...
224 |     pub fn skill_by_path(&self, path: &LocalOrRemotePath) -> Option<&ParsedSkill> {
    |            ^^^^^^^^^^^^^
...
233 |     pub fn active_skill_by_path(&self, path: &LocalOrRemotePath) -> Option<&ParsedSkill> {
    |            ^^^^^^^^^^^^^^^^^^^^

warning: function `try_insert_skill` is never used
  --> app/src/ai/skills/skill_utils.rs:22:4
   |
22 | fn try_insert_skill(
   |    ^^^^^^^^^^^^^^^^

warning: struct `SkillDeduplicator` is never constructed
  --> app/src/ai/skills/skill_utils.rs:50:19
   |
50 | pub(crate) struct SkillDeduplicator {
   |                   ^^^^^^^^^^^^^^^^^

warning: methods `insert`, `extend_paths`, and `into_descriptors` are never used
  --> app/src/ai/skills/skill_utils.rs:56:19
   |
55 | impl SkillDeduplicator {
   | ---------------------- methods in this implementation
56 |     pub(crate) fn insert(&mut self, dir_path: &LocalOrRemotePath, skill: &ParsedSkill) {
   |                   ^^^^^^
...
65 |     pub(crate) fn extend_paths(
   |                   ^^^^^^^^^^^^
...
77 |     pub(crate) fn into_descriptors(self) -> Vec<SkillDescriptor> {
   |                   ^^^^^^^^^^^^^^^^

warning: function `skill_path_from_location` is never used
   --> app/src/ai/skills/skill_utils.rs:102:8
    |
102 | pub fn skill_path_from_location(location: &LocalOrRemotePath) -> Option<LocalOrRemotePath> {
    |        ^^^^^^^^^^^^^^^^^^^^^^^^

warning: fields `remote_home_directories` and `is_cloud_environment` are never read
  --> app/src/ai/skills/skill_manager.rs:49:5
   |
26 | pub struct SkillManager {
   |            ------------ fields in this struct
...
49 |     remote_home_directories: HashMap<HostId, LocalOrRemotePath>,
   |     ^^^^^^^^^^^^^^^^^^^^^^^
...
54 |     is_cloud_environment: bool,
   |     ^^^^^^^^^^^^^^^^^^^^

warning: multiple methods are never used
   --> app/src/ai/skills/skill_manager.rs:93:12
    |
 59 | impl SkillManager {
    | ----------------- methods in this implementation
...
 93 |     pub fn set_cloud_environment(&mut self, value: bool) {
    |            ^^^^^^^^^^^^^^^^^^^^^
...
 98 |     pub fn get_skills_for_working_directory(
    |            ^^^^^^^^^^^^^^^^^^^^^^^^^^^^^^^^
...
113 |     pub fn get_skills_for_working_directory_with_origin(
    |            ^^^^^^^^^^^^^^^^^^^^^^^^^^^^^^^^^^^^^^^^^^^^
...
198 |     pub fn home_skill_paths(&self) -> Vec<LocalOrRemotePath> {
    |            ^^^^^^^^^^^^^^^^
...
209 |     pub fn directories_with_skills(&self) -> Vec<PathBuf> {
    |            ^^^^^^^^^^^^^^^^^^^^^^^
...
228 |     pub fn skill_paths_in_scope(&self, scope_dir: &Path) -> Vec<PathBuf> {
    |            ^^^^^^^^^^^^^^^^^^^^
...
253 |     pub fn skill_exists_for_any_provider(
    |            ^^^^^^^^^^^^^^^^^^^^^^^^^^^^^
...
278 |     pub fn best_supported_provider(
    |            ^^^^^^^^^^^^^^^^^^^^^^^
...
294 |     fn providers_for_descriptor<'a>(
    |        ^^^^^^^^^^^^^^^^^^^^^^^^
...
308 |     pub fn skill_paths_by_name(&self, name: &str) -> Vec<LocalOrRemotePath> {
    |            ^^^^^^^^^^^^^^^^^^^
...
321 |     pub fn skill_by_path<P: SkillPathQuery + ?Sized>(
    |            ^^^^^^^^^^^^^
...
331 |     pub fn reference_for_skill_path<P: SkillPathQuery + ?Sized>(
    |            ^^^^^^^^^^^^^^^^^^^^^^^^
...
345 |     pub fn skill_by_reference(&self, reference: &SkillReference) -> Option<&ParsedSkill> {
    |            ^^^^^^^^^^^^^^^^^^
...
358 |     pub fn active_skill_by_reference(&self, reference: &SkillReference) -> Option<&ParsedSkill> {
    |            ^^^^^^^^^^^^^^^^^^^^^^^^^
...
364 |     pub fn active_skill_by_reference_with_origin(
    |            ^^^^^^^^^^^^^^^^^^^^^^^^^^^^^^^^^^^^^
...
386 |     pub fn active_local_bundled_skill(&self, id: &str) -> Option<&ParsedSkill> {
    |            ^^^^^^^^^^^^^^^^^^^^^^^^^^
...
390 |     fn home_directory_for_origin(
    |        ^^^^^^^^^^^^^^^^^^^^^^^^^
...
403 |     fn is_home_directory(&self, path: &LocalOrRemotePath) -> bool {
    |        ^^^^^^^^^^^^^^^^^
...
413 |     fn skill_by_location(&self, location: &LocalOrRemotePath) -> Option<&ParsedSkill> {
    |        ^^^^^^^^^^^^^^^^^
...
499 |     pub fn add_skills_dirs_skills(&mut self, skills: Vec<ParsedSkill>) {
    |            ^^^^^^^^^^^^^^^^^^^^^^

warning: function `path_matches_reference_location` is never used
   --> app/src/ai/skills/skill_manager.rs:587:4
    |
587 | fn path_matches_reference_location(path: &LocalOrRemotePath, reference: &SkillReference) -> bool {
    |    ^^^^^^^^^^^^^^^^^^^^^^^^^^^^^^^

warning: associated function `read_local_skills_for_repos` is never used
  --> app/src/ai/skills/file_watchers/skill_watcher.rs:81:12
   |
76 | impl SkillWatcher {
   | ----------------- associated function in this implementation
...
81 |     pub fn read_local_skills_for_repos(
   |            ^^^^^^^^^^^^^^^^^^^^^^^^^^^

warning: function `read_skills_from_files` is never used
   --> app/src/ai/skills/file_watchers/utils.rs:119:8
    |
119 | pub fn read_skills_from_files(skill_files: impl IntoIterator<Item = PathBuf>) -> Vec<ParsedSkill> {
    |        ^^^^^^^^^^^^^^^^^^^^^^

warning: field `0` is never read
  --> app/src/antivirus/mod.rs:12:26
   |
12 | pub struct AntivirusInfo(Option<String>);
   |            ------------- ^^^^^^^^^^^^^^
   |            |
   |            field in this struct
   |
   = help: consider removing this field
   = note: `AntivirusInfo` has derived impls for the traits `Clone` and `Debug`, but these are intentionally ignored during dead code analysis

warning: method `get` is never used
  --> app/src/antivirus/mod.rs:28:12
   |
14 | impl AntivirusInfo {
   | ------------------ method in this implementation
...
28 |     pub fn get(&self) -> Option<&str> {
   |            ^^^

warning: method `is_persisted` is never used
   --> app/src/app_state.rs:123:19
    |
122 | impl LeafContents {
    | ----------------- method in this implementation
123 |     pub(crate) fn is_persisted(&self) -> bool {
    |                   ^^^^^^^^^^^^

warning: field `auth_state` is never read
   --> app/src/auth/auth_state.rs:147:5
    |
146 | pub struct LocalAuthStateProvider {
    |            ---------------------- field in this struct
147 |     auth_state: Arc<AuthState>,
    |     ^^^^^^^^^^

warning: method `get` is never used
   --> app/src/auth/auth_state.rs:155:12
    |
150 | impl LocalAuthStateProvider {
    | --------------------------- method in this implementation
...
155 |     pub fn get(&self) -> &Arc<AuthState> {
    |            ^^^

warning: methods `ready_for_update` and `available_new_version` are never used
  --> app/src/autoupdate_disabled.rs:10:12
   |
 9 | impl AutoupdateStage {
   | -------------------- methods in this implementation
10 |     pub fn ready_for_update(&self) -> bool {
   |            ^^^^^^^^^^^^^^^^
...
14 |     pub fn available_new_version(&self) -> Option<&channel_versions::VersionInfo> {
   |            ^^^^^^^^^^^^^^^^^^^^^

warning: field `stage` is never read
  --> app/src/autoupdate_disabled.rs:20:5
   |
19 | pub struct AutoupdateState {
   |            --------------- field in this struct
20 |     stage: AutoupdateStage,
   |     ^^^^^

warning: methods `maybe_daily_check_for_update` and `manually_check_for_update` are never used
  --> app/src/autoupdate_disabled.rs:35:12
   |
23 | impl AutoupdateState {
   | -------------------- methods in this implementation
...
35 |     pub fn maybe_daily_check_for_update(&mut self, ctx: &mut ModelContext<Self>) {
   |            ^^^^^^^^^^^^^^^^^^^^^^^^^^^^
...
39 |     pub fn manually_check_for_update(&mut self, ctx: &mut ModelContext<Self>) {
   |            ^^^^^^^^^^^^^^^^^^^^^^^^^

warning: function `get_update_state` is never used
  --> app/src/autoupdate_disabled.rs:50:8
   |
50 | pub fn get_update_state(app: &AppContext) -> AutoupdateStage {
   |        ^^^^^^^^^^^^^^^^

warning: function `initiate_relaunch_for_update` is never used
  --> app/src/autoupdate_disabled.rs:54:8
   |
54 | pub fn initiate_relaunch_for_update(app: &mut AppContext) {
   |        ^^^^^^^^^^^^^^^^^^^^^^^^^^^^

warning: function `manually_download_new_version` is never used
  --> app/src/autoupdate_disabled.rs:74:8
   |
74 | pub fn manually_download_new_version(ctx: &mut AppContext) {
   |        ^^^^^^^^^^^^^^^^^^^^^^^^^^^^^

warning: function `is_incoming_version_past_current` is never used
  --> app/src/autoupdate_disabled.rs:93:8
   |
93 | pub fn is_incoming_version_past_current(version: Option<&str>) -> bool {
   |        ^^^^^^^^^^^^^^^^^^^^^^^^^^^^^^^^

warning: variant `Action` is never constructed
   --> app/src/banner/view.rs:142:5
    |
139 | pub enum BannerAction<T: Action + Clone> {
    |          ------------ variant in this enum
...
142 |     Action(T),
    |     ^^^^^^
    |
    = note: `BannerAction` has derived impls for the traits `Debug` and `Clone`, but these are intentionally ignored during dead code analysis

warning: associated items `new`, `set_content`, `set_action_button_label`, and `with_icon` are never used
   --> app/src/banner/view.rs:147:12
    |
145 | impl<T: Action + Clone> Banner<T> {
    | --------------------------------- associated items in this implementation
146 |     /// Creates a plain banner with a close button.
147 |     pub fn new(content: BannerTextContent<T>) -> Self {
    |            ^^^
...
198 |     pub fn set_content(&mut self, content: BannerTextContent<T>, ctx: &mut ViewContext<Self>) {
    |            ^^^^^^^^^^^
...
204 |     pub fn set_action_button_label(
    |            ^^^^^^^^^^^^^^^^^^^^^^^
...
216 |     pub fn with_icon(mut self, icon: Icon) -> Self {
    |            ^^^^^^^^^

warning: function `init` is never used
   --> app/src/code/mod.rs:131:8
    |
131 | pub fn init(app: &mut AppContext) {
    |        ^^^^

warning: function `init` is never used
  --> app/src/code/find_references_view.rs:42:8
   |
42 | pub fn init(app: &mut AppContext) {
   |        ^^^^

warning: variants `ArrowUp`, `ArrowDown`, and `SelectReference` are never constructed
  --> app/src/code/find_references_view.rs:82:5
   |
76 | pub enum FindReferencesViewAction {
   |          ------------------------ variants in this enum
...
82 |     ArrowUp,
   |     ^^^^^^^
83 |     /// Move selection down (arrow down).
84 |     ArrowDown,
   |     ^^^^^^^^^
85 |     /// Select the currently highlighted reference (enter).
86 |     SelectReference,
   |     ^^^^^^^^^^^^^^^
   |
   = note: `FindReferencesViewAction` has derived impls for the traits `Debug` and `Clone`, but these are intentionally ignored during dead code analysis

warning: constant `DROP_SHADOW_COLOR` is never used
  --> app/src/code/local_code_editor.rs:74:7
   |
74 | const DROP_SHADOW_COLOR: ColorU = ColorU {
   |       ^^^^^^^^^^^^^^^^^

warning: function `init` is never used
   --> app/src/code/local_code_editor.rs:100:8
    |
100 | pub fn init(app: &mut AppContext) {
    |        ^^^^

warning: fields `relative_file_path`, `line_range`, and `selected_text` are never read
   --> app/src/code/local_code_editor.rs:130:9
    |
129 |     SelectionAddedAsContext {
    |     ----------------------- fields in this variant
130 |         relative_file_path: String,
    |         ^^^^^^^^^^^^^^^^^^
131 |         /// 1-indexed line range of the selection: `[start, end]` both inclusive.
132 |         line_range: Range<LineCount>,
    |         ^^^^^^^^^^
133 |         /// Literal text content of the selection.
134 |         selected_text: String,
    |         ^^^^^^^^^^^^^

warning: variant `DiffRejected` is never constructed
   --> app/src/code/local_code_editor.rs:122:5
    |
108 | pub enum LocalCodeEditorEvent {
    |          -------------------- variant in this enum
...
122 |     DiffRejected,
    |     ^^^^^^^^^^^^

warning: field `mouse_state` is never read
   --> app/src/code/local_code_editor.rs:185:5
    |
184 | struct SelectionAsContextTooltip {
    |        ------------------------- field in this struct
185 |     mouse_state: MouseStateHandle,
    |     ^^^^^^^^^^^

warning: variant `InsertSelectedTextToInput` is never constructed
   --> app/src/code/local_code_editor.rs:191:5
    |
190 | pub enum LocalCodeEditorAction {
    |          --------------------- variant in this enum
191 |     InsertSelectedTextToInput,
    |     ^^^^^^^^^^^^^^^^^^^^^^^^^
    |
    = note: `LocalCodeEditorAction` has derived impls for the traits `Clone` and `Debug`, but these are intentionally ignored during dead code analysis

warning: methods `language_server_enabled`, `scroll_fraction`, `accept_diff`, and `render_selection_tooltip` are never used
    --> app/src/code/local_code_editor.rs:846:12
     |
 321 | impl LocalCodeEditorView {
     | ------------------------ methods in this implementation
...
 846 |     pub fn language_server_enabled(&self) -> bool {
     |            ^^^^^^^^^^^^^^^^^^^^^^^
...
1881 |     pub fn scroll_fraction(&self, ctx: &AppContext) -> f32 {
     |            ^^^^^^^^^^^^^^^
...
1889 |     pub fn accept_diff(&mut self, ctx: &mut ViewContext<Self>) {
     |            ^^^^^^^^^^^
...
1936 |     fn render_selection_tooltip(&self, app: &AppContext) -> Option<Box<dyn Element>> {
     |        ^^^^^^^^^^^^^^^^^^^^^^^^

warning: variants `FullPane`, `Embedded`, and `InlineBanner` are never constructed
  --> app/src/code/diff_viewer.rs:18:5
   |
16 | pub enum DisplayMode {
   |          ----------- variants in this enum
17 |     /// The code diff view takes up its own pane.
18 |     FullPane,
   |     ^^^^^^^^
19 |     /// The code diff view is embedded inside an AI block.
20 |     Embedded { max_height: f32 },
   |     ^^^^^^^^
...
23 |     InlineBanner {
   |     ^^^^^^^^^^^^
   |
   = note: `DisplayMode` has derived impls for the traits `Debug` and `Clone`, but these are intentionally ignored during dead code analysis

warning: multiple associated items are never used
   --> app/src/code/diff_viewer.rs:31:12
    |
 30 | impl DisplayMode {
    | ---------------- associated items in this implementation
 31 |     pub fn with_embedded(max_height: f32) -> Self {
    |            ^^^^^^^^^^^^^
...
 35 |     pub fn with_inline_banner(max_height: f32) -> Self {
    |            ^^^^^^^^^^^^^^^^^^
...
 43 |     pub fn max_height(&self) -> Option<f32> {
    |            ^^^^^^^^^^
...
 92 |     pub fn title(&self) -> Option<&str> {
    |            ^^^^^
...
 99 |     pub fn is_full_pane(&self) -> bool {
    |            ^^^^^^^^^^^^
...
103 |     pub fn is_embedded(&self) -> bool {
    |            ^^^^^^^^^^^
...
107 |     pub fn is_inline_banner(&self) -> bool {
    |            ^^^^^^^^^^^^^^^^

warning: methods `was_edited`, `changed_lines`, `navigate_next_diff_hunk`, `navigate_previous_diff_hunk`, `reject_diff`, and `restore_diff_base` are never used
   --> app/src/code/diff_viewer.rs:123:8
    |
115 | pub trait DiffViewer
    |           ---------- methods in this trait
...
123 |     fn was_edited(&self) -> bool {
    |        ^^^^^^^^^^
...
128 |     fn changed_lines(&self, ctx: &AppContext) -> Vec<Range<usize>> {
    |        ^^^^^^^^^^^^^
...
145 |     fn navigate_next_diff_hunk(&self, ctx: &mut ViewContext<Self>) {
    |        ^^^^^^^^^^^^^^^^^^^^^^^
...
150 |     fn navigate_previous_diff_hunk(&self, ctx: &mut ViewContext<Self>) {
    |        ^^^^^^^^^^^^^^^^^^^^^^^^^^^
...
155 |     fn reject_diff(&mut self, _ctx: &mut ViewContext<Self>) {}
    |        ^^^^^^^^^^^
156 |
157 |     fn restore_diff_base(&mut self, _ctx: &mut ViewContext<Self>) -> Result<(), String> {
    |        ^^^^^^^^^^^^^^^^^

warning: associated items `new_embedded` and `set_laid_out_size` are never used
   --> app/src/code/editor/comment_editor.rs:61:12
    |
 53 | impl CommentEditor {
    | ------------------ associated items in this implementation
...
 61 |     pub fn new_embedded(
    |            ^^^^^^^^^^^^
...
146 |     pub fn set_laid_out_size(&self, value: Vector2F) {
    |            ^^^^^^^^^^^^^^^^^

warning: variants `FocusedDiffHunk` and `Fraction` are never constructed
  --> app/src/code/editor/scroll.rs:29:5
   |
27 | pub enum ScrollPosition {
   |          -------------- variants in this enum
28 |     LineAndColumn(LineAndColumnArg),
29 |     FocusedDiffHunk,
   |     ^^^^^^^^^^^^^^^
...
33 |     Fraction(f32),
   |     ^^^^^^^^
   |
   = note: `ScrollPosition` has a derived impl for the trait `Clone`, but this is intentionally ignored during dead code analysis

warning: multiple methods are never used
    --> app/src/code/editor/view.rs:461:12
     |
 288 | impl CodeEditorView {
     | ------------------- methods in this implementation
...
 461 |     pub fn with_add_context_button(mut self) -> Self {
     |            ^^^^^^^^^^^^^^^^^^^^^^^
...
 543 |     pub fn changed_lines(&self, app: &AppContext) -> Vec<Range<usize>> {
     |            ^^^^^^^^^^^^^
...
 953 |     pub(crate) fn starting_line_number(&self) -> Option<usize> {
     |                   ^^^^^^^^^^^^^^^^^^^^
...
 957 |     pub(crate) fn set_starting_line_number(&mut self, starting_line_number: Option<usize>) {
     |                   ^^^^^^^^^^^^^^^^^^^^^^^^
...
1461 |     pub fn is_selecting(&self) -> bool {
     |            ^^^^^^^^^^^^
...
1553 |     pub fn append_at_end(&self, text: &str, ctx: &mut ViewContext<Self>) {
     |            ^^^^^^^^^^^^^
...
1562 |     pub fn system_append_autoscroll_vertical_only(&self, text: &str, ctx: &mut ViewContext<Self>) {
     |            ^^^^^^^^^^^^^^^^^^^^^^^^^^^^^^^^^^^^^^
...
1568 |     pub fn truncate(&self, len: usize, ctx: &mut ViewContext<Self>) {
     |            ^^^^^^^^
...
1574 |     pub fn retrieve_unified_diff(&self, file_name: String, ctx: &mut ViewContext<Self>) {
     |            ^^^^^^^^^^^^^^^^^^^^^
...
1604 |     pub fn scroll_fraction(&self, ctx: &AppContext) -> f32 {
     |            ^^^^^^^^^^^^^^^
...
1637 |     pub fn navigate_next_diff_hunk(&self, ctx: &mut ViewContext<Self>) {
     |            ^^^^^^^^^^^^^^^^^^^^^^^
...
1643 |     pub fn navigate_previous_diff_hunk(&self, ctx: &mut ViewContext<Self>) {
     |            ^^^^^^^^^^^^^^^^^^^^^^^^^^^
...
1958 |     pub fn diff_hunks_changed_lines(&self, app: &AppContext) -> (usize, usize) {
     |            ^^^^^^^^^^^^^^^^^^^^^^^^

warning: constant `NON_EDITABLE_KEYMAP_CONTEXT` is never used
  --> app/src/code/editor/view/actions.rs:35:7
   |
35 | const NON_EDITABLE_KEYMAP_CONTEXT: &str = "NonEditableKeymapContext";
   |       ^^^^^^^^^^^^^^^^^^^^^^^^^^^

warning: function `init` is never used
  --> app/src/code/editor/view/actions.rs:43:8
   |
43 | pub fn init(app: &mut AppContext) {
   |        ^^^^

warning: multiple variants are never constructed
   --> app/src/code/editor/view/actions.rs:621:5
    |
618 | pub enum CodeEditorViewAction {
    |          -------------------- variants in this enum
...
621 |     Enter,
    |     ^^^^^
622 |     Delete,
    |     ^^^^^^
623 |     Backspace,
    |     ^^^^^^^^^
624 |     VimBackspace,
    |     ^^^^^^^^^^^^
625 |     ToggleComment,
    |     ^^^^^^^^^^^^^
...
628 |     ScrollHalfPageDown,
    |     ^^^^^^^^^^^^^^^^^^
629 |     ScrollHalfPageUp,
    |     ^^^^^^^^^^^^^^^^
630 |     SelectUp,
    |     ^^^^^^^^
631 |     SelectDown,
    |     ^^^^^^^^^^
632 |     SelectLeft,
    |     ^^^^^^^^^^
633 |     SelectRight,
    |     ^^^^^^^^^^^
634 |     SelectBackwardsByWord,
    |     ^^^^^^^^^^^^^^^^^^^^^
635 |     SelectForwardsByWord,
    |     ^^^^^^^^^^^^^^^^^^^^
636 |     SelectToLineStart,
    |     ^^^^^^^^^^^^^^^^^
637 |     SelectToLineEnd,
    |     ^^^^^^^^^^^^^^^
638 |     SelectAll,
    |     ^^^^^^^^^
...
659 |     DeleteLineLeft,
    |     ^^^^^^^^^^^^^^
660 |     DeleteLineRight,
    |     ^^^^^^^^^^^^^^^
661 |     DeleteWordLeft,
    |     ^^^^^^^^^^^^^^
662 |     DeleteWordRight,
    |     ^^^^^^^^^^^^^^^
663 |     CutLineLeft,
    |     ^^^^^^^^^^^
664 |     CutLineRight,
    |     ^^^^^^^^^^^^
665 |     CutWordLeft,
    |     ^^^^^^^^^^^
666 |     CutWordRight,
    |     ^^^^^^^^^^^^
667 |     MoveUp,
    |     ^^^^^^
668 |     MoveDown,
    |     ^^^^^^^^
669 |     MoveLeft,
    |     ^^^^^^^^
670 |     MoveRight,
    |     ^^^^^^^^^
671 |     MoveBackwardsByWord,
    |     ^^^^^^^^^^^^^^^^^^^
672 |     MoveForwardsByWord,
    |     ^^^^^^^^^^^^^^^^^^
673 |     MoveToLineStart,
    |     ^^^^^^^^^^^^^^^
674 |     MoveToLineEnd,
    |     ^^^^^^^^^^^^^
675 |     CursorAtBufferStart,
    |     ^^^^^^^^^^^^^^^^^^^
676 |     CursorAtBufferEnd,
    |     ^^^^^^^^^^^^^^^^^
...
702 |     Paste,
    |     ^^^^^
703 |     Cut,
    |     ^^^
704 |     Copy,
    |     ^^^^
...
707 |     Undo,
    |     ^^^^
708 |     Redo,
    |     ^^^^
709 |     Tab,
    |     ^^^
710 |     ShiftTab,
    |     ^^^^^^^^
711 |     ShowFindBar,
    |     ^^^^^^^^^^^
712 |     ShowGoToLine,
    |     ^^^^^^^^^^^^
713 |     Escape,
714 |     VimEnter,
    |     ^^^^^^^^
715 |     VimTab,
    |     ^^^^^^
716 |     VimDelete,
    |     ^^^^^^^^^
717 |     VimShiftTab,
    |     ^^^^^^^^^^^
718 |     VimShiftEnter,
    |     ^^^^^^^^^^^^^
719 |     VimEscape,
    |     ^^^^^^^^^
    |
    = note: `CodeEditorViewAction` has derived impls for the traits `Clone` and `Debug`, but these are intentionally ignored during dead code analysis

warning: method `remove` is never used
   --> app/src/code/global_buffer_model.rs:648:12
    |
189 | impl GlobalBufferModel {
    | ---------------------- method in this implementation
...
648 |     pub fn remove(&mut self, file_id: FileId, ctx: &mut ModelContext<Self>) {
    |            ^^^^^^

warning: type alias `SaveFuture` is never used
  --> app/src/code/inline_diff.rs:23:6
   |
23 | type SaveFuture = BoxFuture<'static, Result<(), Arc<FileSaveError>>>;
   |      ^^^^^^^^^^

warning: enum `InlineDiffViewEvent` is never used
  --> app/src/code/inline_diff.rs:26:10
   |
26 | pub enum InlineDiffViewEvent {
   |          ^^^^^^^^^^^^^^^^^^^

warning: struct `InlineDiffView` is never constructed
  --> app/src/code/inline_diff.rs:44:12
   |
44 | pub struct InlineDiffView {
   |            ^^^^^^^^^^^^^^

warning: associated items `new`, `register_file`, `finish_file_registration`, `apply_diffs_if_any`, `save_content`, and `accept_and_save_diff` are never used
   --> app/src/code/inline_diff.rs:66:12
    |
 65 | impl InlineDiffView {
    | ------------------- associated items in this implementation
 66 |     pub fn new(
    |            ^^^
...
110 |     pub fn register_file(&mut self, ctx: &mut ViewContext<Self>) {
    |            ^^^^^^^^^^^^^
...
130 |     fn finish_file_registration(&mut self, file_id: FileId, ctx: &mut ViewContext<Self>) {
    |        ^^^^^^^^^^^^^^^^^^^^^^^^
...
160 |     fn apply_diffs_if_any(&self, ctx: &mut ViewContext<Self>) {
    |        ^^^^^^^^^^^^^^^^^^
...
192 |     fn save_content(&self, ctx: &mut ViewContext<Self>) -> Option<SaveFuture> {
    |        ^^^^^^^^^^^^
...
215 |     pub fn accept_and_save_diff(&self, ctx: &mut ViewContext<Self>) -> Option<SaveFuture> {
    |            ^^^^^^^^^^^^^^^^^^^^

warning: methods `file_path`, `base_content`, and `file_name` are never used
   --> app/src/code/inline_diff.rs:229:12
    |
228 | impl InlineDiffView {
    | ------------------- methods in this implementation
229 |     pub fn file_path(&self) -> Option<&StandardizedPath> {
    |            ^^^^^^^^^
...
234 |     pub fn base_content(&self, app: &AppContext) -> Option<String> {
    |            ^^^^^^^^^^^^
...
245 |     pub fn file_name(&self) -> Option<String> {
    |            ^^^^^^^^^

warning: constant `SCAN_INTERVAL` is never used
  --> app/src/code/language_server_shutdown_manager.rs:21:7
   |
21 | const SCAN_INTERVAL: Duration = Duration::from_secs(10);
   |       ^^^^^^^^^^^^^

warning: field `in_progress_scan` is never read
  --> app/src/code/language_server_shutdown_manager.rs:24:5
   |
23 | pub struct LanguageServerShutdownManager {
   |            ----------------------------- field in this struct
24 |     in_progress_scan: Option<AbortHandle>,
   |     ^^^^^^^^^^^^^^^^

warning: methods `has_in_progress_scan`, `schedule_next_scan`, and `scan_and_shutdown_unused_servers` are never used
  --> app/src/code/language_server_shutdown_manager.rs:34:12
   |
27 | impl LanguageServerShutdownManager {
   | ---------------------------------- methods in this implementation
...
34 |     pub fn has_in_progress_scan(&self) -> bool {
   |            ^^^^^^^^^^^^^^^^^^^^
...
38 |     pub fn schedule_next_scan(&mut self, ctx: &mut ModelContext<Self>) {
   |            ^^^^^^^^^^^^^^^^^^
...
64 |     fn scan_and_shutdown_unused_servers(&self, ctx: &mut ModelContext<Self>) -> bool {
   |        ^^^^^^^^^^^^^^^^^^^^^^^^^^^^^^^^

warning: function `workspace_root_in_use` is never used
   --> app/src/code/language_server_shutdown_manager.rs:102:4
    |
102 | fn workspace_root_in_use(root: &Path, app: &AppContext) -> bool {
    |    ^^^^^^^^^^^^^^^^^^^^^

warning: function `has_terminal_for_workspace` is never used
   --> app/src/code/language_server_shutdown_manager.rs:106:4
    |
106 | fn has_terminal_for_workspace(root: &Path, app: &AppContext) -> bool {
    |    ^^^^^^^^^^^^^^^^^^^^^^^^^^

warning: function `has_open_file_for_workspace` is never used
   --> app/src/code/language_server_shutdown_manager.rs:124:4
    |
124 | fn has_open_file_for_workspace(root: &Path, app: &AppContext) -> bool {
    |    ^^^^^^^^^^^^^^^^^^^^^^^^^^^

warning: multiple variants are never constructed
  --> app/src/code/lsp_telemetry.rs:39:5
   |
37 | pub enum LspTelemetryEvent {
   |          ----------------- variants in this enum
38 |     /// User enabled an LSP server for a workspace.
39 |     ServerEnabled {
   |     ^^^^^^^^^^^^^
...
45 |     ServerEnablementSkipped,
   |     ^^^^^^^^^^^^^^^^^^^^^^^
46 |     /// User removed an LSP server.
47 |     ServerRemoved {
   |     ^^^^^^^^^^^^^
...
52 |     HoverShown {
   |     ^^^^^^^^^^
...
58 |     GotoDefinition {
   |     ^^^^^^^^^^^^^^
...
63 |     FindReferencesShown {
   |     ^^^^^^^^^^^^^^^^^^^
...
68 |     ControlAction {
   |     ^^^^^^^^^^^^^
...
73 |     ServerStarted { server_type: String },
   |     ^^^^^^^^^^^^^
74 |     /// Server failed to start.
75 |     ServerFailed { server_type: String },
   |     ^^^^^^^^^^^^
   |
   = note: `LspTelemetryEvent` has a derived impl for the trait `Debug`, but this is intentionally ignored during dead code analysis

warning: function `init` is never used
   --> app/src/code/file_tree/view.rs:133:8
    |
133 | pub fn init(app: &mut AppContext) {
    |        ^^^^

warning: method `set_enablement_state` is never used
   --> app/src/code/file_tree/view.rs:886:19
    |
300 | impl FileTreeView {
    | ----------------- method in this implementation
...
886 |     pub(crate) fn set_enablement_state(
    |                   ^^^^^^^^^^^^^^^^^^^^

warning: method `iter` is never used
  --> app/src/code/opened_files.rs:21:12
   |
15 | impl OpenedFilesInRepo {
   | ---------------------- method in this implementation
...
21 |     pub fn iter(&self) -> impl Iterator<Item = (&String, &Instant)> {
   |            ^^^^

warning: constant `SAVE_FILE_BINDING_NAME` is never used
  --> app/src/code/view.rs:79:11
   |
79 | pub const SAVE_FILE_BINDING_NAME: &str = "code_view:save";
   |           ^^^^^^^^^^^^^^^^^^^^^^

warning: constant `SAVE_FILE_BINDING_DESCRIPTION` is never used
  --> app/src/code/view.rs:80:11
   |
80 | pub const SAVE_FILE_BINDING_DESCRIPTION: &str = "Save file";
   |           ^^^^^^^^^^^^^^^^^^^^^^^^^^^^^

warning: function `init` is never used
  --> app/src/code/view.rs:82:8
   |
82 | pub fn init(app: &mut AppContext) {
   |        ^^^^

warning: methods `set_pending_scroll_fraction` and `scroll_fraction` are never used
   --> app/src/code/view.rs:709:19
    |
234 | impl CodeView {
    | ------------- methods in this implementation
...
709 |     pub(crate) fn set_pending_scroll_fraction(&self, fraction: f32, ctx: &mut ViewContext<Self>) {
    |                   ^^^^^^^^^^^^^^^^^^^^^^^^^^^
...
719 |     fn scroll_fraction(&self, ctx: &AppContext) -> Option<f32> {
    |        ^^^^^^^^^^^^^^^

warning: enum `DiffSetScope` is never used
  --> app/src/code_review/mod.rs:51:10
   |
51 | pub enum DiffSetScope {
   |          ^^^^^^^^^^^^

warning: method `undo_revert_in_code_review_pane` is never used
   --> app/src/code_review/mod.rs:165:12
    |
164 | impl GlobalCodeReviewModel {
    | -------------------------- method in this implementation
165 |     pub fn undo_revert_in_code_review_pane(
    |            ^^^^^^^^^^^^^^^^^^^^^^^^^^^^^^^

warning: variant `DiffReverted` is never constructed
   --> app/src/code_review/mod.rs:176:5
    |
175 | pub enum GlobalCodeReviewEvent {
    |          --------------------- variant in this enum
176 |     DiffReverted {
    |     ^^^^^^^^^^^^

warning: function `render_file_navigation_button` is never used
   --> app/src/code_review/code_review_view.rs:166:8
    |
166 | pub fn render_file_navigation_button<F>(
    |        ^^^^^^^^^^^^^^^^^^^^^^^^^^^^^

warning: constant `CODE_REVIEW_TOOLTIP_TEXT` is never used
   --> app/src/code_review/code_review_view.rs:253:11
    |
253 | pub const CODE_REVIEW_TOOLTIP_TEXT: &str = "View changes";
    |           ^^^^^^^^^^^^^^^^^^^^^^^^

warning: multiple methods are never used
    --> app/src/code_review/code_review_view.rs:3558:19
     |
 651 | impl CodeReviewView {
     | ------------------- methods in this implementation
...
3558 |     pub(crate) fn expand_comment_list(&mut self, ctx: &mut ViewContext<Self>) {
     |                   ^^^^^^^^^^^^^^^^^^^
...
3564 |     pub(crate) fn expand_comment_list_and_scroll_to_comment(
     |                   ^^^^^^^^^^^^^^^^^^^^^^^^^^^^^^^^^^^^^^^^^
...
5001 |     fn attach_diff_not_allowed_toast_id(&self, ctx: &mut ViewContext<Self>) -> String {
     |        ^^^^^^^^^^^^^^^^^^^^^^^^^^^^^^^^
...
5005 |     fn attach_context_not_allowed_toast_id(&self, ctx: &mut ViewContext<Self>) -> String {
     |        ^^^^^^^^^^^^^^^^^^^^^^^^^^^^^^^^^^^
...
5465 |     pub(crate) fn navigate_to_imported_comment(
     |                   ^^^^^^^^^^^^^^^^^^^^^^^^^^^^
...
5476 |     pub(crate) fn set_diff_base(&mut self, diff_mode: DiffMode, ctx: &mut ViewContext<Self>) {
     |                   ^^^^^^^^^^^^^
...
5488 |     fn extract_diff_hunk_data(
     |        ^^^^^^^^^^^^^^^^^^^^^^
...
5565 |     fn format_diff_hunk_content(&self, hunk: &DiffHunk) -> String {
     |        ^^^^^^^^^^^^^^^^^^^^^^^^

warning: methods `repo_is_local` and `has_non_outdated_comments` are never used
   --> app/src/code_review/comment_list_view.rs:241:8
    |
175 | impl CommentListView {
    | -------------------- methods in this implementation
...
241 |     fn repo_is_local(&self) -> Option<bool> {
    |        ^^^^^^^^^^^^^
...
829 |     fn has_non_outdated_comments(&self) -> bool {
    |        ^^^^^^^^^^^^^^^^^^^^^^^^^

warning: struct `DiffSetHunk` is never constructed
  --> app/src/code_review/context.rs:34:12
   |
34 | pub struct DiffSetHunk {
   |            ^^^^^^^^^^^

warning: function `convert_file_diffs_to_diffset_hunks` is never used
  --> app/src/code_review/context.rs:41:8
   |
41 | pub fn convert_file_diffs_to_diffset_hunks<'a>(
   |        ^^^^^^^^^^^^^^^^^^^^^^^^^^^^^^^^^^^

warning: variants `FileInvalidation` and `DiffLoad` are never constructed
  --> app/src/code_review/diff_state/mod.rs:61:5
   |
58 | pub enum DiffOperation {
   |          ------------- variants in this enum
...
61 |     FileInvalidation,
   |     ^^^^^^^^^^^^^^^^
...
64 |     DiffLoad,
   |     ^^^^^^^^
   |
   = note: `DiffOperation` has derived impls for the traits `Debug` and `Clone`, but these are intentionally ignored during dead code analysis

warning: enum `GitDeltaPreference` is never used
   --> app/src/code_review/diff_state/mod.rs:276:10
    |
276 | pub enum GitDeltaPreference {
    |          ^^^^^^^^^^^^^^^^^^

warning: method `set_diff_mode_and_fetch_base` is never used
   --> app/src/code_review/diff_state/mod.rs:565:19
    |
420 | impl DiffStateModel {
    | ------------------- method in this implementation
...
565 |     pub(crate) fn set_diff_mode_and_fetch_base(
    |                   ^^^^^^^^^^^^^^^^^^^^^^^^^^^^

warning: field `backend_origin` is never read
   --> app/src/code_review/diff_state/local.rs:202:5
    |
196 | pub struct LocalDiffStateModel {
    |            ------------------- field in this struct
...
202 |     backend_origin: BackendOrigin,
    |     ^^^^^^^^^^^^^^

warning: method `repo_is_local` is never used
   --> app/src/code_review/find_model.rs:102:8
    |
 73 | impl CodeReviewFindModel {
    | ------------------------ method in this implementation
...
102 |     fn repo_is_local(&self, ctx: &AppContext) -> Option<bool> {
    |        ^^^^^^^^^^^^^

warning: fields `main_branch_name`, `stats_against_head`, and `branch_tracking_status` are never read
  --> app/src/code_review/git_repo_model/mod.rs:63:9
   |
61 | pub struct GitStatusMetadata {
   |            ----------------- fields in this struct
62 |     pub current_branch_name: String,
63 |     pub main_branch_name: String,
   |         ^^^^^^^^^^^^^^^^
64 |     pub stats_against_head: DiffStats,
   |         ^^^^^^^^^^^^^^^^^^
65 |     pub branch_tracking_status: GitBranchTrackingStatus,
   |         ^^^^^^^^^^^^^^^^^^^^^^
   |
   = note: `GitStatusMetadata` has derived impls for the traits `Clone` and `Debug`, but these are intentionally ignored during dead code analysis

warning: method `refresh_metadata` is never used
   --> app/src/code_review/git_repo_model/mod.rs:113:12
    |
 95 | impl GitRepoStatusModel {
    | ----------------------- method in this implementation
...
113 |     pub fn refresh_metadata(&self, ctx: &mut ModelContext<Self>) {
    |            ^^^^^^^^^^^^^^^^

warning: method `repo_path` is never used
   --> app/src/code_review/git_repo_model/local.rs:111:12
    |
 33 | impl LocalGitRepoStatusModel {
    | ---------------------------- method in this implementation
...
111 |     pub fn repo_path(&self) -> &Path {
    |            ^^^^^^^^^

warning: methods `repository_info` and `refresh_repository_info` are never used
  --> app/src/code_review/github_repo_model/mod.rs:58:12
   |
37 | impl GitHubRepoModel {
   | -------------------- methods in this implementation
...
58 |     pub fn repository_info<'a>(&self, ctx: &'a AppContext) -> Option<&'a RepositoryInfo> {
   |            ^^^^^^^^^^^^^^^
...
82 |     pub fn refresh_repository_info(&self, ctx: &mut ModelContext<Self>) {
   |            ^^^^^^^^^^^^^^^^^^^^^^^

warning: method `repository_info` is never used
   --> app/src/code_review/github_repo_model/local.rs:165:12
    |
 78 | impl LocalGitHubRepoModel {
    | ------------------------- method in this implementation
...
165 |     pub fn repository_info(&self) -> Option<&RepositoryInfo> {
    |            ^^^^^^^^^^^^^^^

warning: variants `Commit`, `Push`, `Publish`, `CreatePr`, and `ViewPr` are never constructed
  --> app/src/code_review/telemetry_event.rs:20:5
   |
18 | pub enum GitButtonKind {
   |          ------------- variants in this enum
19 |     #[serde(rename = "commit")]
20 |     Commit,
   |     ^^^^^^
21 |     #[serde(rename = "push")]
22 |     Push,
   |     ^^^^
23 |     #[serde(rename = "publish")]
24 |     Publish,
   |     ^^^^^^^
25 |     #[serde(rename = "create_pr")]
26 |     CreatePr,
   |     ^^^^^^^^
27 |     #[serde(rename = "view_pr")]
28 |     ViewPr,
   |     ^^^^^^
   |
   = note: `GitButtonKind` has derived impls for the traits `Debug` and `Clone`, but these are intentionally ignored during dead code analysis

warning: variant `Cancelled` is never constructed
  --> app/src/code_review/telemetry_event.rs:70:5
   |
60 | pub enum GitDialogStatus {
   |          --------------- variant in this enum
...
70 |     Cancelled,
   |     ^^^^^^^^^
   |
   = note: `GitDialogStatus` has derived impls for the traits `Debug` and `Clone`, but these are intentionally ignored during dead code analysis

warning: variants `SelectedText` and `Gutter` are never constructed
   --> app/src/code_review/telemetry_event.rs:124:5
    |
121 | pub enum AddToContextOrigin {
    |          ------------------ variants in this enum
...
124 |     SelectedText,
    |     ^^^^^^^^^^^^
...
127 |     Gutter,
    |     ^^^^^^
    |
    = note: `AddToContextOrigin` has derived impls for the traits `Debug` and `Clone`, but these are intentionally ignored during dead code analysis

warning: variants `Pty`, `AgentInput`, `AgentAttachment`, `ActiveCommandBuffer`, `AgentReview`, and `RichInput` are never constructed
   --> app/src/code_review/telemetry_event.rs:139:5
    |
136 | pub enum CodeReviewContextDestination {
    |          ---------------------------- variants in this enum
...
139 |     Pty,
    |     ^^^
...
142 |     AgentInput,
    |     ^^^^^^^^^^
...
145 |     AgentAttachment,
    |     ^^^^^^^^^^^^^^^
...
148 |     ActiveCommandBuffer,
    |     ^^^^^^^^^^^^^^^^^^^
...
151 |     AgentReview,
    |     ^^^^^^^^^^^
...
154 |     RichInput,
    |     ^^^^^^^^^
    |
    = note: `CodeReviewContextDestination` has derived impls for the traits `Debug` and `Clone`, but these are intentionally ignored during dead code analysis

warning: variants `All` and `File` are never constructed
   --> app/src/code_review/telemetry_event.rs:163:5
    |
160 | pub enum DiffSetContextScope {
    |          ------------------- variants in this enum
...
163 |     All,
    |     ^^^
...
166 |     File,
    |     ^^^^
    |
    = note: `DiffSetContextScope` has derived impls for the traits `Debug` and `Clone`, but these are intentionally ignored during dead code analysis

warning: multiple variants are never constructed
   --> app/src/code_review/telemetry_event.rs:186:5
    |
184 | pub enum CodeReviewTelemetryEvent {
    |          ------------------------ variants in this enum
185 |     /// Emitted when the code review pane is opened.
186 |     PaneOpened {
    |     ^^^^^^^^^^
...
194 |     AddToContext {
    |     ^^^^^^^^^^^^
...
201 |     RevertHunkClicked { is_local: Option<bool> },
    |     ^^^^^^^^^^^^^^^^^
202 |     /// Emitted when a file is saved in the code review pane.
203 |     FileSaved { is_local: Option<bool> },
    |     ^^^^^^^^^
204 |     /// Emitted when the code review pane is minimized or maximized.
205 |     PaneStateChanged {
    |     ^^^^^^^^^^^^^^^^
...
210 |     BaseChanged {
    |     ^^^^^^^^^^^
...
216 |     LoadMetadataFailed {
    |     ^^^^^^^^^^^^^^^^^^
...
224 |     LoadDiffFailed {
    |     ^^^^^^^^^^^^^^
...
235 |     DiffLoadCompleted {
    |     ^^^^^^^^^^^^^^^^^
...
248 |     FindBarToggled {
    |     ^^^^^^^^^^^^^^
...
254 |     FindBarModeChanged {
    |     ^^^^^^^^^^^^^^^^^^
...
262 |     FindNavigated {
    |     ^^^^^^^^^^^^^
...
268 |     CommentEditorOpened { is_local: Option<bool> },
    |     ^^^^^^^^^^^^^^^^^^^
269 |     /// Emitted when a new comment is added to the inline review.
270 |     CommentAdded { is_local: Option<bool> },
    |     ^^^^^^^^^^^^
271 |     /// Emitted when an existing comment is edited.
272 |     CommentEdited { is_local: Option<bool> },
    |     ^^^^^^^^^^^^^
273 |     /// Emitted when a comment is deleted from the inline review.
274 |     CommentDeleted {
    |     ^^^^^^^^^^^^^^
...
279 |     CommentListExpanded {
    |     ^^^^^^^^^^^^^^^^^^^
...
285 |     ReviewSubmitted {
    |     ^^^^^^^^^^^^^^^
...
295 |     CommentListItemClicked { is_local: Option<bool> },
    |     ^^^^^^^^^^^^^^^^^^^^^^
296 |     /// Emitted when one or more comments fail to be precisely relocated after code changes.
297 |     CommentRelocationFailed {
    |     ^^^^^^^^^^^^^^^^^^^^^^^
...
303 |     CommentResolved {
    |     ^^^^^^^^^^^^^^^
...
308 |     CommentsReceived {
    |     ^^^^^^^^^^^^^^^^
...
318 |     CommentsAttached {
    |     ^^^^^^^^^^^^^^^^
...
327 |     GitButtonTriggered {
    |     ^^^^^^^^^^^^^^^^^^
...
333 |     GitDialogCompleted {
    |     ^^^^^^^^^^^^^^^^^^
    |
    = note: `CodeReviewTelemetryEvent` has a derived impl for the trait `Debug`, but this is intentionally ignored during dead code analysis

warning: method `render_header_dropdown_button` is never used
   --> app/src/code_review/code_review_header/mod.rs:387:8
    |
 47 | impl CodeReviewHeader {
    | --------------------- method in this implementation
...
387 |     fn render_header_dropdown_button(
    |        ^^^^^^^^^^^^^^^^^^^^^^^^^^^^^

warning: methods `toggle_collapsed` and `is_collapsed` are never used
   --> app/src/code_review/comment_rendering.rs:344:19
    |
298 | impl CommentViewCard {
    | -------------------- methods in this implementation
...
344 |     pub(crate) fn toggle_collapsed(&mut self) {
    |                   ^^^^^^^^^^^^^^^^
...
348 |     pub(crate) fn is_collapsed(&self) -> bool {
    |                   ^^^^^^^^^^^^

warning: methods `upsert_imported_comments` and `add_pending_imported_comments` are never used
   --> app/src/code_review/comments/batch.rs:118:19
    |
 31 | impl ReviewCommentBatch {
    | ----------------------- methods in this implementation
...
118 |     pub(crate) fn upsert_imported_comments(
    |                   ^^^^^^^^^^^^^^^^^^^^^^^^
...
185 |     pub(crate) fn add_pending_imported_comments(
    |                   ^^^^^^^^^^^^^^^^^^^^^^^^^^^^^

warning: variants `Line`, `File`, and `General` are never constructed
  --> app/src/code_review/comments/pending_imported.rs:83:5
   |
81 | pub(crate) enum PendingImportedReviewCommentTarget {
   |                 ---------------------------------- variants in this enum
82 |     /// A comment attached to a specific diff line in a file.
83 |     Line {
   |     ^^^^
...
92 |     File {
   |     ^^^^
...
97 |     General,
   |     ^^^^^^^
   |
   = note: `PendingImportedReviewCommentTarget` has derived impls for the traits `Debug` and `Clone`, but these are intentionally ignored during dead code analysis

warning: method `file_path` is never used
   --> app/src/code_review/comments/pending_imported.rs:101:19
    |
100 | impl PendingImportedReviewCommentTarget {
    | --------------------------------------- method in this implementation
101 |     pub(crate) fn file_path(&self) -> Option<&PathBuf> {
    |                   ^^^^^^^^^

warning: variants `PendingRemoteSession` and `Disabled` are never constructed
  --> app/src/coding_panel_enablement_state.rs:8:5
   |
 2 | pub(crate) enum CodingPanelEnablementState {
   |                 -------------------------- variants in this enum
...
 8 |     PendingRemoteSession,
   |     ^^^^^^^^^^^^^^^^^^^^
...
20 |     Disabled,
   |     ^^^^^^^^
   |
   = note: `CodingPanelEnablementState` has derived impls for the traits `Debug` and `Clone`, but these are intentionally ignored during dead code analysis

warning: associated function `from_session_env` is never used
  --> app/src/coding_panel_enablement_state.rs:24:19
   |
23 | impl CodingPanelEnablementState {
   | ------------------------------- associated function in this implementation
24 |     pub(crate) fn from_session_env(
   |                   ^^^^^^^^^^^^^^^^

warning: method `refresh_directory_entries` is never used
  --> app/src/completer/mod.rs:59:25
   |
57 | impl SessionContext {
   | ------------------- method in this implementation
58 |     /// Lists `directory` fresh from disk and caches the results.
59 |     pub(crate) async fn refresh_directory_entries(
   |                         ^^^^^^^^^^^^^^^^^^^^^^^^^

warning: struct `SessionAgnosticContext` is never constructed
   --> app/src/completer/mod.rs:374:12
    |
374 | pub struct SessionAgnosticContext {
    |            ^^^^^^^^^^^^^^^^^^^^^^

warning: associated function `new` is never used
   --> app/src/completer/mod.rs:379:12
    |
378 | impl SessionAgnosticContext {
    | --------------------------- associated function in this implementation
379 |     pub fn new(command_registry: Arc<CommandRegistry>) -> Self {
    |            ^^^

warning: struct `EmptyCompletionContext` is never constructed
   --> app/src/completer/mod.rs:413:12
    |
413 | pub struct EmptyCompletionContext;
    |            ^^^^^^^^^^^^^^^^^^^^^^

warning: associated function `new` is never used
   --> app/src/completer/mod.rs:415:12
    |
414 | impl EmptyCompletionContext {
    | --------------------------- associated function in this implementation
415 |     pub fn new() -> Self {
    |            ^^^

warning: trait `EnvVarExt` is never used
  --> app/src/env_vars/mod.rs:10:11
   |
10 | pub trait EnvVarExt {
   |           ^^^^^^^^^

warning: trait `EnvVarCollectionExt` is never used
  --> app/src/env_vars/mod.rs:27:11
   |
27 | pub trait EnvVarCollectionExt {
   |           ^^^^^^^^^^^^^^^^^^^

warning: struct `EnvVar` is never constructed
 --> app/src/env_vars/model.rs:4:12
  |
4 | pub struct EnvVar {
  |            ^^^^^^

warning: struct `EnvVarCollection` is never constructed
  --> app/src/env_vars/model.rs:30:12
   |
30 | pub struct EnvVarCollection {
   |            ^^^^^^^^^^^^^^^^

warning: field `classifier` is never read
  --> app/src/input_classifier.rs:13:9
   |
12 | pub struct InputClassifierModel {
   |            -------------------- field in this struct
13 |     pub classifier: Arc<dyn InputClassifier>,
   |         ^^^^^^^^^^

warning: method `classifier` is never used
  --> app/src/input_classifier.rs:62:12
   |
16 | impl InputClassifierModel {
   | ------------------------- method in this implementation
...
62 |     pub fn classifier(&self) -> Arc<dyn InputClassifier> {
   |            ^^^^^^^^^^

warning: method `all` is never used
  --> app/src/local_objects/notebook_store.rs:54:12
   |
16 | impl NotebookStore {
   | ------------------ method in this implementation
...
54 |     pub fn all(&self) -> impl Iterator<Item = &Notebook> {
   |            ^^^

warning: variant `Above` is never constructed
   --> app/src/menu.rs:162:5
    |
159 | pub(crate) enum MenuTooltipPosition {
    |                 ------------------- variant in this enum
...
162 |     Above,
    |     ^^^^^
    |
    = note: `MenuTooltipPosition` has derived impls for the traits `Debug` and `Clone`, but these are intentionally ignored during dead code analysis

warning: method `with_tooltip_position` is never used
   --> app/src/menu.rs:878:19
    |
489 | impl<A: Action + Clone> MenuItemFields<A> {
    | ----------------------------------------- method in this implementation
...
878 |     pub(crate) fn with_tooltip_position(mut self, position: MenuTooltipPosition) -> Self {
    |                   ^^^^^^^^^^^^^^^^^^^^^

warning: enum `ModalState` is never used
  --> app/src/modal.rs:47:10
   |
47 | pub enum ModalState {
   |          ^^^^^^^^^^

warning: struct `ModalViewState` is never constructed
  --> app/src/modal.rs:57:12
   |
57 | pub struct ModalViewState<T> {
   |            ^^^^^^^^^^^^^^

warning: associated items `new`, `is_open`, `open`, `close`, and `render` are never used
  --> app/src/modal.rs:63:12
   |
62 | impl<T: View> ModalViewState<T> {
   | ------------------------------- associated items in this implementation
63 |     pub fn new(view: ViewHandle<T>) -> Self {
   |            ^^^
...
70 |     pub fn is_open(&self) -> bool {
   |            ^^^^^^^
...
74 |     pub fn open(&mut self) {
   |            ^^^^
...
78 |     pub fn close(&mut self) {
   |            ^^^^^
...
82 |     pub fn render(&self) -> Box<dyn Element> {
   |            ^^^^^^

warning: function `init` is never used
   --> app/src/modal.rs:101:8
    |
101 | pub fn init(app: &mut AppContext) {
    |        ^^^^

warning: methods `with_max_height_percentage`, `with_dismiss_keystroke`, `set_title`, `set_header_icon`, `set_header_icon_color`, and `set_offset_positioning` are never used
   --> app/src/modal.rs:208:12
    |
118 | impl<T: View> Modal<T> {
    | ---------------------- methods in this implementation
...
208 |     pub fn with_max_height_percentage(mut self, percentage: f32) -> Self {
    |            ^^^^^^^^^^^^^^^^^^^^^^^^^^
...
214 |     pub fn with_dismiss_keystroke(mut self, keystroke: Keystroke) -> Self {
    |            ^^^^^^^^^^^^^^^^^^^^^^
...
219 |     pub fn set_title(&mut self, title: Option<String>) {
    |            ^^^^^^^^^
...
223 |     pub fn set_header_icon(&mut self, icon: Option<icons::Icon>) {
    |            ^^^^^^^^^^^^^^^
...
227 |     pub fn set_header_icon_color(&mut self, color: Option<Fill>) {
    |            ^^^^^^^^^^^^^^^^^^^^^
...
231 |     pub fn set_offset_positioning(&mut self, offset_positioning: OffsetPositioning) {
    |            ^^^^^^^^^^^^^^^^^^^^^^

warning: methods `status`, `is_online`, and `wait_until_online` are never used
  --> app/src/network.rs:40:12
   |
31 | impl NetworkStatus {
   | ------------------ methods in this implementation
...
40 |     pub fn status(&self) -> NetworkStatusKind {
   |            ^^^^^^
...
45 |     pub fn is_online(&self) -> bool {
   |            ^^^^^^^^^
...
79 |     pub fn wait_until_online(&self) -> impl Future<Output = ()> + use<> {
   |            ^^^^^^^^^^^^^^^^^

warning: field `new_status` is never read
  --> app/src/network.rs:97:28
   |
97 |     NetworkStatusChanged { new_status: NetworkStatusKind },
   |     --------------------   ^^^^^^^^^^
   |     |
   |     field in this variant

warning: variants `Rendered` and `Raw` are never constructed
  --> app/src/notebooks/mod.rs:11:5
   |
10 | pub enum MarkdownDisplayMode {
   |          ------------------- variants in this enum
11 |     Rendered,
   |     ^^^^^^^^
12 |     Raw,
   |     ^^^
   |
   = note: `MarkdownDisplayMode` has derived impls for the traits `Clone` and `Debug`, but these are intentionally ignored during dead code analysis

warning: method `find_pane` is never used
  --> app/src/notebooks/manager.rs:27:12
   |
20 | impl NotebookManager {
   | -------------------- method in this implementation
...
27 |     pub fn find_pane(&self, source: &NotebookSource) -> Option<(WindowId, PaneViewLocator)> {
   |            ^^^^^^^^^

warning: fields `window_id` and `locator` are never read
   --> app/src/notebooks/manager.rs:98:5
    |
 97 | struct NotebookPaneData {
    |        ---------------- fields in this struct
 98 |     window_id: WindowId,
    |     ^^^^^^^^^
 99 |     handle: WeakViewHandle<NotebookView>,
100 |     locator: PaneViewLocator,
    |     ^^^^^^^

warning: function `init` is never used
  --> app/src/notebooks/notebook.rs:15:8
   |
15 | pub fn init(_app: &mut AppContext) {}
   |        ^^^^

warning: function `current_scope` is never used
  --> app/src/persistence/mod.rs:73:8
   |
73 | pub fn current_scope() -> PersistenceScope {
   |        ^^^^^^^^^^^^^

warning: variant `CodebaseIndicesOnly` is never constructed
  --> app/src/persistence/mod.rs:95:5
   |
86 | pub enum PersistedDataScope {
   |          ------------------ variant in this enum
...
95 |     CodebaseIndicesOnly,
   |     ^^^^^^^^^^^^^^^^^^^
   |
   = note: `PersistedDataScope` has derived impls for the traits `Clone` and `Debug`, but these are intentionally ignored during dead code analysis

warning: methods `session_restoration`, `user_profiles`, and `gui_only_data` are never used
   --> app/src/persistence/mod.rs:100:8
    |
 98 | impl PersistedDataScope {
    | ----------------------- methods in this implementation
 99 |     /// Window/tab/pane snapshots and restored blocks.
100 |     fn session_restoration(self) -> bool {
    |        ^^^^^^^^^^^^^^^^^^^
...
113 |     fn user_profiles(self) -> bool {
    |        ^^^^^^^^^^^^^
...
118 |     fn gui_only_data(self) -> bool {
    |        ^^^^^^^^^^^^^

warning: type alias `PersistedBlocks` is never used
  --> app/src/persistence/block_list.rs:16:6
   |
16 | type PersistedBlocks = HashMap<PaneUuid, Vec<SerializedBlockListItem>>;
   |      ^^^^^^^^^^^^^^^

warning: function `get_all_restored_blocks` is never used
  --> app/src/persistence/block_list.rs:19:15
   |
19 | pub(super) fn get_all_restored_blocks(
   |               ^^^^^^^^^^^^^^^^^^^^^^^

warning: function `establish_ro_connection` is never used
  --> app/src/persistence/sqlite.rs:74:8
   |
74 | pub fn establish_ro_connection(database_url: &str) -> Result<SqliteConnection> {
   |        ^^^^^^^^^^^^^^^^^^^^^^^

warning: function `database_file_path_for_current_scope` is never used
   --> app/src/persistence/sqlite.rs:156:8
    |
156 | pub fn database_file_path_for_current_scope() -> PathBuf {
    |        ^^^^^^^^^^^^^^^^^^^^^^^^^^^^^^^^^^^^

warning: function `get_next_command` is never used
  --> app/src/persistence/commands.rs:10:8
   |
10 | pub fn get_next_command(
   |        ^^^^^^^^^^^^^^^^

warning: function `get_previous_commands` is never used
  --> app/src/persistence/commands.rs:27:8
   |
27 | pub fn get_previous_commands(
   |        ^^^^^^^^^^^^^^^^^^^^^

warning: function `get_same_commands_from_history` is never used
  --> app/src/persistence/commands.rs:45:8
   |
45 | pub fn get_same_commands_from_history(
   |        ^^^^^^^^^^^^^^^^^^^^^^^^^^^^^^

warning: function `longest_common_prefix` is never used
 --> app/src/prefix.rs:5:8
  |
5 | pub fn longest_common_prefix<'a>(strings: impl IntoIterator<Item = &'a str>) -> Option<&'a str> {
  |        ^^^^^^^^^^^^^^^^^^^^^

warning: function `dump_heap_profile_to_disk` is never used
  --> app/src/profiling.rs:65:14
   |
65 | pub async fn dump_heap_profile_to_disk() -> anyhow::Result<std::path::PathBuf> {
   |              ^^^^^^^^^^^^^^^^^^^^^^^^^

warning: variant `Added` is never constructed
  --> app/src/projects.rs:14:5
   |
13 | pub enum ProjectEvent {
   |          ------------ variant in this enum
14 |     Added {
   |     ^^^^^
   |
   = note: `ProjectEvent` has a derived impl for the trait `Debug`, but this is intentionally ignored during dead code analysis

warning: fields `projects` and `model_event_sender` are never read
  --> app/src/projects.rs:25:5
   |
24 | pub struct ProjectManagementModel {
   |            ---------------------- fields in this struct
25 |     projects: HashMap<PathBuf, Project>,
   |     ^^^^^^^^
26 |     model_event_sender: Option<SyncSender<ModelEvent>>,
   |     ^^^^^^^^^^^^^^^^^^

warning: methods `upsert_project`, `all_projects`, and `save_project` are never used
  --> app/src/projects.rs:56:12
   |
35 | impl ProjectManagementModel {
   | --------------------------- methods in this implementation
...
56 |     pub fn upsert_project(&mut self, path: PathBuf, ctx: &mut ModelContext<Self>) {
   |            ^^^^^^^^^^^^^^
...
77 |     pub fn all_projects(&self) -> impl Iterator<Item = &Project> {
   |            ^^^^^^^^^^^^
...
82 |     fn save_project(&self, project: Project) {
   |        ^^^^^^^^^^^^

warning: variant `Tabs` is never constructed
  --> app/src/quit_warning/mod.rs:31:5
   |
24 | enum QuitScope<'a> {
   |      --------- variant in this enum
...
31 |     Tabs(Vec<WeakViewHandle<PaneGroup>>),
   |     ^^^^
   |
   = note: `QuitScope` has a derived impl for the trait `Clone`, but this is intentionally ignored during dead code analysis

warning: field `terminal_sessions` is never read
  --> app/src/quit_warning/mod.rs:53:5
   |
42 | pub struct UnsavedStateSummary<'a> {
   |            ------------------- field in this struct
...
53 |     terminal_sessions: Vec<SessionNavigationData>,
   |     ^^^^^^^^^^^^^^^^^

warning: method `close_target` is never used
   --> app/src/quit_warning/mod.rs:245:8
    |
 72 | impl QuitScope<'_> {
    | ------------------ method in this implementation
...
245 |     fn close_target(&self) -> CloseTarget {
    |        ^^^^^^^^^^^^

warning: associated function `for_tabs` is never used
   --> app/src/quit_warning/mod.rs:265:12
    |
256 | impl UnsavedStateSummary<'static> {
    | --------------------------------- associated function in this implementation
...
265 |     pub fn for_tabs(tabs: Vec<WeakViewHandle<PaneGroup>>, ctx: &mut AppContext) -> Self {
    |            ^^^^^^^^

warning: method `running_sessions` is never used
   --> app/src/quit_warning/mod.rs:361:12
    |
285 | impl<'a> UnsavedStateSummary<'a> {
    | -------------------------------- method in this implementation
...
361 |     pub fn running_sessions(&self) -> RunningSessionSummary<'_> {
    |            ^^^^^^^^^^^^^^^^

warning: struct `BootstrappingInfo` is never constructed
 --> app/src/server/telemetry/events.rs:7:12
  |
7 | pub struct BootstrappingInfo {
  |            ^^^^^^^^^^^^^^^^^

warning: enum `CloseTarget` is never used
  --> app/src/server/telemetry/events.rs:22:10
   |
22 | pub enum CloseTarget {
   |          ^^^^^^^^^^^

warning: enum `FindOption` is never used
  --> app/src/server/telemetry/events.rs:46:10
   |
46 | pub enum FindOption {
   |          ^^^^^^^^^^

warning: enum `FileTreeSource` is never used
  --> app/src/server/telemetry/events.rs:66:10
   |
66 | pub enum FileTreeSource {
   |          ^^^^^^^^^^^^^^

warning: enum `CodePanelsFileOpenEntrypoint` is never used
  --> app/src/server/telemetry/events.rs:74:10
   |
74 | pub enum CodePanelsFileOpenEntrypoint {
   |          ^^^^^^^^^^^^^^^^^^^^^^^^^^^^

warning: enum `UndoCloseItemType` is never used
  --> app/src/server/telemetry/events.rs:86:10
   |
86 | pub enum UndoCloseItemType {
   |          ^^^^^^^^^^^^^^^^^

warning: enum `PromptChoice` is never used
  --> app/src/server/telemetry/events.rs:93:10
   |
93 | pub enum PromptChoice {
   |          ^^^^^^^^^^^^

warning: enum `ToggleBlockFilterSource` is never used
   --> app/src/server/telemetry/events.rs:100:10
    |
100 | pub enum ToggleBlockFilterSource {
    |          ^^^^^^^^^^^^^^^^^^^^^^^

warning: enum `InteractionSource` is never used
   --> app/src/server/telemetry/events.rs:106:10
    |
106 | pub enum InteractionSource {
    |          ^^^^^^^^^^^^^^^^^

warning: enum `CodeContextDestination` is never used
   --> app/src/server/telemetry/events.rs:118:10
    |
118 | pub enum CodeContextDestination {
    |          ^^^^^^^^^^^^^^^^^^^^^^

warning: enum `InputUXChangeOrigin` is never used
   --> app/src/server/telemetry/events.rs:123:10
    |
123 | pub enum InputUXChangeOrigin {
    |          ^^^^^^^^^^^^^^^^^^^

warning: enum `AutoReloadModalAction` is never used
   --> app/src/server/telemetry/events.rs:129:10
    |
129 | pub enum AutoReloadModalAction {
    |          ^^^^^^^^^^^^^^^^^^^^^

warning: enum `SharingDialogSource` is never used
   --> app/src/server/telemetry/events.rs:135:10
    |
135 | pub enum SharingDialogSource {
    |          ^^^^^^^^^^^^^^^^^^^

warning: enum `WarpDriveSource` is never used
   --> app/src/server/telemetry/events.rs:140:10
    |
140 | pub enum WarpDriveSource {
    |          ^^^^^^^^^^^^^^^

warning: enum `AgentModeRewindEntrypoint` is never used
   --> app/src/server/telemetry/events.rs:145:10
    |
145 | pub enum AgentModeRewindEntrypoint {
    |          ^^^^^^^^^^^^^^^^^^^^^^^^^

warning: enum `TelemetrySpace` is never used
   --> app/src/server/telemetry/events.rs:150:10
    |
150 | pub enum TelemetrySpace {
    |          ^^^^^^^^^^^^^^

warning: struct `NotebookTelemetryMetadata` is never constructed
   --> app/src/server/telemetry/events.rs:155:12
    |
155 | pub struct NotebookTelemetryMetadata;
    |            ^^^^^^^^^^^^^^^^^^^^^^^^^

warning: struct `NotebookActionEvent` is never constructed
   --> app/src/server/telemetry/events.rs:158:12
    |
158 | pub struct NotebookActionEvent;
    |            ^^^^^^^^^^^^^^^^^^^

warning: function `num_shared_sessions` is never used
   --> app/src/session_management.rs:178:8
    |
178 | pub fn num_shared_sessions(_app: &AppContext) -> usize {
    |        ^^^^^^^^^^^^^^^^^^^

warning: field `ignored_suggestions` is never read
  --> app/src/suggestions/ignored_suggestions_model.rs:40:5
   |
39 | pub struct IgnoredSuggestionsModel {
   |            ----------------------- field in this struct
40 |     ignored_suggestions: HashSet<IgnoredSuggestionKey>,
   |     ^^^^^^^^^^^^^^^^^^^

warning: methods `add_ignored_suggestion`, `remove_ignored_suggestion`, `is_ignored`, and `get_ignored_suggestions_for_type` are never used
   --> app/src/suggestions/ignored_suggestions_model.rs:58:12
    |
 43 | impl IgnoredSuggestionsModel {
    | ---------------------------- methods in this implementation
...
 58 |     pub fn add_ignored_suggestion(
    |            ^^^^^^^^^^^^^^^^^^^^^^
...
 93 |     pub fn remove_ignored_suggestion(
    |            ^^^^^^^^^^^^^^^^^^^^^^^^^
...
126 |     pub fn is_ignored(&self, suggestion: &str, suggestion_type: SuggestionType) -> bool {
    |            ^^^^^^^^^^
...
135 |     pub fn get_ignored_suggestions_for_type(
    |            ^^^^^^^^^^^^^^^^^^^^^^^^^^^^^^^^

warning: variant `SuggestionIgnored` is never constructed
   --> app/src/suggestions/ignored_suggestions_model.rs:149:5
    |
148 | pub enum IgnoredSuggestionsModelEvent {
    |          ---------------------------- variant in this enum
149 |     SuggestionIgnored,
    |     ^^^^^^^^^^^^^^^^^
    |
    = note: `IgnoredSuggestionsModelEvent` has derived impls for the traits `Clone` and `Debug`, but these are intentionally ignored during dead code analysis

warning: function `long_os_version` is never used
  --> app/src/system.rs:40:8
   |
40 | pub fn long_os_version(ctx: &warpui::AppContext) -> Option<String> {
   |        ^^^^^^^^^^^^^^^

warning: field `long_os_version` is never read
  --> app/src/system/info.rs:57:5
   |
43 | pub struct SystemInfo {
   |            ---------- field in this struct
...
57 |     long_os_version: Option<String>,
   |     ^^^^^^^^^^^^^^^

warning: methods `handle_block_created` and `long_os_version` are never used
   --> app/src/system/info.rs:92:12
    |
 60 | impl SystemInfo {
    | --------------- methods in this implementation
...
 92 |     pub fn handle_block_created(&mut self) {
    |            ^^^^^^^^^^^^^^^^^^^^
...
128 |     pub fn long_os_version(&self) -> Option<&str> {
    |            ^^^^^^^^^^^^^^^

warning: method `handle_block_created` is never used
   --> app/src/system/info.rs:318:8
    |
307 | impl ResourceUsageReporter {
    | -------------------------- method in this implementation
...
318 |     fn handle_block_created(&mut self) {
    |        ^^^^^^^^^^^^^^^^^^^^

warning: fields `num_cpus`, `max_usage`, and `avg_usage` are never read
   --> app/src/system/info.rs:472:5
    |
469 | struct CpuUsageStats {
    |        ------------- fields in this struct
...
472 |     num_cpus: usize,
    |     ^^^^^^^^
...
475 |     max_usage: f32,
    |     ^^^^^^^^^
...
478 |     avg_usage: f32,
    |     ^^^^^^^^^

warning: field `total_application_usage_bytes` is never read
   --> app/src/system/info.rs:483:5
    |
482 | struct MemoryUsageStats {
    |        ---------------- field in this struct
483 |     total_application_usage_bytes: usize,
    |     ^^^^^^^^^^^^^^^^^^^^^^^^^^^^^
    |
    = note: `MemoryUsageStats` has a derived impl for the trait `Clone`, but this is intentionally ignored during dead code analysis

warning: enum `NewSessionMenuItem` is never used
  --> app/src/tab.rs:34:10
   |
34 | pub enum NewSessionMenuItem {
   |          ^^^^^^^^^^^^^^^^^^

warning: enum `WelcomeTipFeature` is never used
  --> app/src/tips/mod.rs:13:10
   |
13 | pub enum WelcomeTipFeature {
   |          ^^^^^^^^^^^^^^^^^

warning: constant `WELCOME_TIP_FEATURE_LENGTH` is never used
  --> app/src/tips/mod.rs:22:11
   |
22 | pub const WELCOME_TIP_FEATURE_LENGTH: usize = 6;
   |           ^^^^^^^^^^^^^^^^^^^^^^^^^^

warning: methods `editable_binding_name` and `keyboard_shortcut` are never used
  --> app/src/tips/mod.rs:25:12
   |
24 | impl WelcomeTipFeature {
   | ---------------------- methods in this implementation
25 |     pub fn editable_binding_name(&self) -> &'static str {
   |            ^^^^^^^^^^^^^^^^^^^^^
...
36 |     pub fn keyboard_shortcut(&self, ctx: &mut AppContext) -> Option<Keystroke> {
   |            ^^^^^^^^^^^^^^^^^

warning: constant `CHECK_MARK_WIDTH` is never used
  --> app/src/tips/tip_view.rs:24:7
   |
24 | const CHECK_MARK_WIDTH: f32 = 20.;
   |       ^^^^^^^^^^^^^^^^

warning: constant `TIP_VIEW_WIDTH` is never used
  --> app/src/tips/tip_view.rs:25:7
   |
25 | const TIP_VIEW_WIDTH: f32 = 250.;
   |       ^^^^^^^^^^^^^^

warning: constant `CHECK_SVG_PATH` is never used
  --> app/src/tips/tip_view.rs:26:7
   |
26 | const CHECK_SVG_PATH: &str = "bundled/svg/check-skinny.svg";
   |       ^^^^^^^^^^^^^^

warning: constant `SKIP_BUTTON_OVERLAY_OPACITY` is never used
  --> app/src/tips/tip_view.rs:28:7
   |
28 | const SKIP_BUTTON_OVERLAY_OPACITY: u8 = 20;
   |       ^^^^^^^^^^^^^^^^^^^^^^^^^^^

warning: constant `SCROLLABLE_AREA_HEIGHT` is never used
  --> app/src/tips/tip_view.rs:30:7
   |
30 | const SCROLLABLE_AREA_HEIGHT: f32 = 390.;
   |       ^^^^^^^^^^^^^^^^^^^^^^

warning: constant `SKIP_BUTTON_HEIGHT` is never used
  --> app/src/tips/tip_view.rs:31:7
   |
31 | const SKIP_BUTTON_HEIGHT: f32 = 40.;
   |       ^^^^^^^^^^^^^^^^^^

warning: constant `MODAL_WIDTH` is never used
  --> app/src/tips/tip_view.rs:32:7
   |
32 | const MODAL_WIDTH: f32 = 250.;
   |       ^^^^^^^^^^^

warning: struct `TipItem` is never constructed
  --> app/src/tips/tip_view.rs:35:8
   |
35 | struct TipItem {
   |        ^^^^^^^

warning: associated function `new` is never used
  --> app/src/tips/tip_view.rs:44:12
   |
43 | impl TipItem {
   | ------------ associated function in this implementation
44 |     pub fn new(
   |            ^^^

warning: struct `TipsView` is never constructed
  --> app/src/tips/tip_view.rs:64:12
   |
64 | pub struct TipsView {
   |            ^^^^^^^^

warning: struct `MouseStateHandles` is never constructed
  --> app/src/tips/tip_view.rs:74:8
   |
74 | struct MouseStateHandles {
   |        ^^^^^^^^^^^^^^^^^

warning: variants `DismissTips`, `Click`, and `KeyDown` are never constructed
  --> app/src/tips/tip_view.rs:85:5
   |
81 | pub enum TipsAction {
   |          ---------- variants in this enum
...
85 |     DismissTips,
   |     ^^^^^^^^^^^
86 |     /// Action taken to perform the action associated with a tip
87 |     Click { index: usize },
   |     ^^^^^
88 |     /// Keydown on tips view.
89 |     KeyDown { keystroke: Keystroke },
   |     ^^^^^^^
   |
   = note: `TipsAction` has a derived impl for the trait `Debug`, but this is intentionally ignored during dead code analysis

warning: enum `TipsEvent` is never used
   --> app/src/tips/tip_view.rs:103:10
    |
103 | pub enum TipsEvent {
    |          ^^^^^^^^^

warning: multiple associated items are never used
   --> app/src/tips/tip_view.rs:111:8
    |
110 | impl TipsView {
    | ------------- associated items in this implementation
111 |     fn on_tips_model_changed(
    |        ^^^^^^^^^^^^^^^^^^^^^
...
119 |     pub fn new(
    |            ^^^
...
177 |     pub fn set_action_target(
    |            ^^^^^^^^^^^^^^^^^
...
192 |     fn dispatch_tip_action(&self, action: &dyn Action, ctx: &mut ViewContext<Self>) {
    |        ^^^^^^^^^^^^^^^^^^^
...
205 |     fn render_check_svg(&self) -> Box<dyn Element> {
    |        ^^^^^^^^^^^^^^^^
...
214 |     fn render_tip_item(
    |        ^^^^^^^^^^^^^^^
...
356 |     fn render_body(
    |        ^^^^^^^^^^^
...
438 |     fn render_completed_overlay(&self, appearance: &Appearance) -> Box<dyn Element> {
    |        ^^^^^^^^^^^^^^^^^^^^^^^^

warning: enum `ActionTarget` is never used
   --> app/src/tips/tip_view.rs:528:6
    |
528 | enum ActionTarget {
    |      ^^^^^^^^^^^^

warning: trait `Breadcrumb` is never used
  --> app/src/ui_components/breadcrumb.rs:13:11
   |
13 | pub trait Breadcrumb: Debug + 'static {
   |           ^^^^^^^^^^

warning: struct `BreadcrumbState` is never constructed
  --> app/src/ui_components/breadcrumb.rs:45:12
   |
45 | pub struct BreadcrumbState<T: Breadcrumb> {
   |            ^^^^^^^^^^^^^^^

warning: associated function `new` is never used
  --> app/src/ui_components/breadcrumb.rs:51:12
   |
50 | impl<T: Breadcrumb> BreadcrumbState<T> {
   | -------------------------------------- associated function in this implementation
51 |     pub fn new(breadcrumb: T) -> Self {
   |            ^^^

warning: function `render_breadcrumb` is never used
  --> app/src/ui_components/breadcrumb.rs:60:4
   |
60 | fn render_breadcrumb<T: Breadcrumb>(
   |    ^^^^^^^^^^^^^^^^^

warning: function `render_breadcrumbs` is never used
  --> app/src/ui_components/breadcrumb.rs:95:8
   |
95 | pub fn render_breadcrumbs<T, I>(
   |        ^^^^^^^^^^^^^^^^^^

warning: function `combo_inner_button_styles` is never used
  --> app/src/ui_components/buttons.rs:88:4
   |
88 | fn combo_inner_button_styles(warp_theme: &WarpTheme, state: ButtonState) -> UiComponentStyles {
   |    ^^^^^^^^^^^^^^^^^^^^^^^^^

warning: function `combo_inner_button` is never used
   --> app/src/ui_components/buttons.rs:117:8
    |
117 | pub fn combo_inner_button(
    |        ^^^^^^^^^^^^^^^^^^

warning: function `accent_icon_button` is never used
   --> app/src/ui_components/buttons.rs:211:8
    |
211 | pub fn accent_icon_button(
    |        ^^^^^^^^^^^^^^^^^^

warning: function `highlight` is never used
   --> app/src/ui_components/buttons.rs:231:8
    |
231 | pub fn highlight(button: Button, appearance: &Appearance) -> Button {
    |        ^^^^^^^^^

warning: method `with_width` is never used
  --> app/src/ui_components/dialog.rs:90:12
   |
48 | impl Dialog {
   | ----------- method in this implementation
...
90 |     pub fn with_width(mut self, width: f32) -> Self {
   |            ^^^^^^^^^^

warning: constant `CIRCLE_RATIO` is never used
 --> app/src/ui_components/icon_with_status.rs:6:18
  |
6 | pub(crate) const CIRCLE_RATIO: f32 = 0.76;
  |                  ^^^^^^^^^^^^

warning: constant `NEUTRAL_GLYPH_RATIO` is never used
 --> app/src/ui_components/icon_with_status.rs:7:7
  |
7 | const NEUTRAL_GLYPH_RATIO: f32 = 16.0 / 24.0;
  |       ^^^^^^^^^^^^^^^^^^^

warning: enum `IconWithStatusVariant` is never used
 --> app/src/ui_components/icon_with_status.rs:9:17
  |
9 | pub(crate) enum IconWithStatusVariant {
  |                 ^^^^^^^^^^^^^^^^^^^^^

warning: function `render_icon_with_status` is never used
  --> app/src/ui_components/icon_with_status.rs:19:15
   |
19 | pub(crate) fn render_icon_with_status(
   |               ^^^^^^^^^^^^^^^^^^^^^^^

warning: enum `MenuDirection` is never used
  --> app/src/ui_components/menu_button.rs:15:10
   |
15 | pub enum MenuDirection {
   |          ^^^^^^^^^^^^^

warning: function `icon_button_with_context_menu` is never used
  --> app/src/ui_components/menu_button.rs:21:8
   |
21 | pub fn icon_button_with_context_menu<F, V: View>(
   |        ^^^^^^^^^^^^^^^^^^^^^^^^^^^^^

warning: function `highlight_icon_button_with_context_menu` is never used
  --> app/src/ui_components/menu_button.rs:58:8
   |
58 | pub fn highlight_icon_button_with_context_menu<F, V: View>(
   |        ^^^^^^^^^^^^^^^^^^^^^^^^^^^^^^^^^^^^^^^

warning: function `icon_button_with_context_menu_drive` is never used
  --> app/src/ui_components/menu_button.rs:92:8
   |
92 | pub fn icon_button_with_context_menu_drive<F, V: View>(
   |        ^^^^^^^^^^^^^^^^^^^^^^^^^^^^^^^^^^^

warning: function `highlight_icon_button_with_context_menu_drive` is never used
   --> app/src/ui_components/menu_button.rs:127:8
    |
127 | pub fn highlight_icon_button_with_context_menu_drive<F, V: View>(
    |        ^^^^^^^^^^^^^^^^^^^^^^^^^^^^^^^^^^^^^^^^^^^^^

warning: function `offset_positioning` is never used
   --> app/src/ui_components/menu_button.rs:162:4
    |
162 | fn offset_positioning(menu_direction: MenuDirection) -> OffsetPositioning {
    |    ^^^^^^^^^^^^^^^^^^

warning: associated function `default_styles` is never used
  --> app/src/ui_components/red_notification_dot.rs:36:12
   |
14 | impl RedNotificationDot {
   | ----------------------- associated function in this implementation
...
36 |     pub fn default_styles(appearance: &Appearance) -> UiComponentStyles {
   |            ^^^^^^^^^^^^^^

warning: struct `SettingsTab` is never constructed
  --> app/src/ui_components/tab_selector.rs:11:12
   |
11 | pub struct SettingsTab {
   |            ^^^^^^^^^^^

warning: associated function `new` is never used
  --> app/src/ui_components/tab_selector.rs:17:12
   |
16 | impl SettingsTab {
   | ---------------- associated function in this implementation
17 |     pub fn new(label: impl Into<String>, mouse_state: MouseStateHandle) -> Self {
   |            ^^^

warning: function `render_tab_selector` is never used
  --> app/src/ui_components/tab_selector.rs:26:8
   |
26 | pub fn render_tab_selector<F>(
   |        ^^^^^^^^^^^^^^^^^^^

warning: variant `Tab` is never constructed
  --> app/src/undo_close/stack.rs:58:5
   |
56 | pub enum ClosedItem {
   |          ---------- variant in this enum
57 |     Window(Box<ClosedWindowData>),
58 |     Tab {
   |     ^^^

warning: methods `is_pane_group_tab_in_stack`, `discard_pane_group_parent`, and `handle_tab_closed` are never used
   --> app/src/undo_close/stack.rs:126:12
    |
107 | impl UndoCloseStack {
    | ------------------- methods in this implementation
...
126 |     pub fn is_pane_group_tab_in_stack(&self, pane_group_id: EntityId) -> bool {
    |            ^^^^^^^^^^^^^^^^^^^^^^^^^^
...
133 |     pub fn discard_pane_group_parent(
    |            ^^^^^^^^^^^^^^^^^^^^^^^^^
...
161 |     pub fn handle_tab_closed(
    |            ^^^^^^^^^^^^^^^^^

warning: field `0` is never read
  --> app/src/user_config/mod.rs:63:21
   |
63 |     TabConfigErrors(Vec<TabConfigError>),
   |     --------------- ^^^^^^^^^^^^^^^^^^^
   |     |
   |     field in this variant
   |
   = note: `WarpConfigUpdateEvent` has a derived impl for the trait `Clone`, but this is intentionally ignored during dead code analysis
help: consider changing the field to be of unit type to suppress this warning while preserving the field numbering, or remove the field
   |
63 -     TabConfigErrors(Vec<TabConfigError>),
63 +     TabConfigErrors(()),
   |

warning: field `0` is never read
  --> app/src/user_config/mod.rs:69:20
   |
69 |     SettingsErrors(crate::settings::SettingsFileError),
   |     -------------- ^^^^^^^^^^^^^^^^^^^^^^^^^^^^^^^^^^
   |     |
   |     field in this variant
   |
   = note: `WarpConfigUpdateEvent` has a derived impl for the trait `Clone`, but this is intentionally ignored during dead code analysis
help: consider changing the field to be of unit type to suppress this warning while preserving the field numbering, or remove the field
   |
69 -     SettingsErrors(crate::settings::SettingsFileError),
69 +     SettingsErrors(()),
   |

warning: methods `tab_configs`, `append_launch_config`, and `remove_tab_config_by_path` are never used
   --> app/src/user_config/mod.rs:109:12
    |
 96 | impl WarpConfig {
    | --------------- methods in this implementation
...
109 |     pub fn tab_configs(&self) -> &Vec<TabConfig> {
    |            ^^^^^^^^^^^
...
129 |     pub fn append_launch_config(
    |            ^^^^^^^^^^^^^^^^^^^^
...
163 |     pub fn remove_tab_config_by_path(&mut self, path: &Path, ctx: &mut ModelContext<Self>) {
    |            ^^^^^^^^^^^^^^^^^^^^^^^^^

warning: function `ensure_default_worktree_config` is never used
   --> app/src/user_config/mod.rs:227:15
    |
227 | pub(crate) fn ensure_default_worktree_config() -> PathBuf {
    |               ^^^^^^^^^^^^^^^^^^^^^^^^^^^^^^

warning: function `materialize_default_worktree_config` is never used
   --> app/src/user_config/mod.rs:249:15
    |
249 | pub(crate) fn materialize_default_worktree_config(
    |               ^^^^^^^^^^^^^^^^^^^^^^^^^^^^^^^^^^^

warning: function `replace_default_worktree_placeholders` is never used
   --> app/src/user_config/mod.rs:290:4
    |
290 | fn replace_default_worktree_placeholders(
    |    ^^^^^^^^^^^^^^^^^^^^^^^^^^^^^^^^^^^^^

warning: function `find_unused_tab_config_path` is never used
   --> app/src/user_config/mod.rs:327:15
    |
327 | pub(crate) fn find_unused_tab_config_path(dir: &Path) -> PathBuf {
    |               ^^^^^^^^^^^^^^^^^^^^^^^^^^^

warning: function `sanitize_toml_base_name` is never used
   --> app/src/user_config/mod.rs:356:15
    |
356 | pub(crate) fn sanitize_toml_base_name(base_name: &str) -> String {
    |               ^^^^^^^^^^^^^^^^^^^^^^^

warning: function `find_unused_worktree_config_path` is never used
   --> app/src/user_config/mod.rs:384:15
    |
384 | pub(crate) fn find_unused_worktree_config_path(dir: &Path, branch_name: &str) -> PathBuf {
    |               ^^^^^^^^^^^^^^^^^^^^^^^^^^^^^^^^

warning: enum `DetectedLinkType` is never used
  --> app/src/util/link_detection.rs:20:17
   |
20 | pub(crate) enum DetectedLinkType {
   |                 ^^^^^^^^^^^^^^^^

warning: type alias `SeparatorByteRange` is never used
  --> app/src/util/link_detection.rs:29:6
   |
29 | type SeparatorByteRange = Range<ByteOffset>;
   |      ^^^^^^^^^^^^^^^^^^

warning: constant `MAX_WORD_LEN_FOR_FILE_PATH` is never used
  --> app/src/util/link_detection.rs:31:7
   |
31 | const MAX_WORD_LEN_FOR_FILE_PATH: usize = 96 * 1024;
   |       ^^^^^^^^^^^^^^^^^^^^^^^^^^

warning: constant `MAX_SEPARATORS_PER_WORD` is never used
  --> app/src/util/link_detection.rs:32:7
   |
32 | const MAX_SEPARATORS_PER_WORD: usize = 256;
   |       ^^^^^^^^^^^^^^^^^^^^^^^

warning: function `detect_urls` is never used
  --> app/src/util/link_detection.rs:35:4
   |
35 | fn detect_urls(text: &str) -> Vec<Range<usize>> {
   |    ^^^^^^^^^^^

warning: function `addr_of` is never used
  --> app/src/util/link_detection.rs:89:4
   |
89 | fn addr_of(s: &str) -> usize {
   |    ^^^^^^^

warning: function `separator_byte_ranges_for_file_path_search` is never used
  --> app/src/util/link_detection.rs:96:4
   |
96 | fn separator_byte_ranges_for_file_path_search(word: &str) -> Vec<SeparatorByteRange> {
   |    ^^^^^^^^^^^^^^^^^^^^^^^^^^^^^^^^^^^^^^^^^^

warning: function `possible_file_paths_in_word` is never used
   --> app/src/util/link_detection.rs:137:4
    |
137 | fn possible_file_paths_in_word(word: &str) -> impl Iterator<Item = &str> {
    |    ^^^^^^^^^^^^^^^^^^^^^^^^^^^

warning: function `compute_valid_file_path` is never used
   --> app/src/util/link_detection.rs:158:4
    |
158 | fn compute_valid_file_path(
    |    ^^^^^^^^^^^^^^^^^^^^^^^

warning: function `get_files_and_folders_in_directory` is never used
   --> app/src/util/link_detection.rs:197:4
    |
197 | fn get_files_and_folders_in_directory(directory: &Path) -> HashSet<PathBuf> {
    |    ^^^^^^^^^^^^^^^^^^^^^^^^^^^^^^^^^^

warning: function `detect_file_paths` is never used
   --> app/src/util/link_detection.rs:213:15
    |
213 | pub(crate) fn detect_file_paths(
    |               ^^^^^^^^^^^^^^^^^

warning: function `parse_line_range` is never used
   --> app/src/util/link_detection.rs:330:4
    |
330 | fn parse_line_range(
    |    ^^^^^^^^^^^^^^^^

warning: function `detect_line_ranges_after_file_path` is never used
   --> app/src/util/link_detection.rs:361:4
    |
361 | fn detect_line_ranges_after_file_path(
    |    ^^^^^^^^^^^^^^^^^^^^^^^^^^^^^^^^^^

warning: method `are_traffic_lights_hovered` is never used
   --> app/src/util/traffic_lights.rs:115:12
    |
113 | impl TrafficLightMouseStates {
    | ---------------------------- method in this implementation
114 |     /// True if any of the traffic light buttons are hovered.
115 |     pub fn are_traffic_lights_hovered(&self) -> bool {
    |            ^^^^^^^^^^^^^^^^^^^^^^^^^^

warning: method `render` is never used
   --> app/src/util/traffic_lights.rs:453:12
    |
138 | impl TrafficLightData {
    | --------------------- method in this implementation
...
453 |     pub fn render(
    |            ^^^^^^

warning: function `truncate_from_end` is never used
 --> app/src/util/truncation.rs:3:8
  |
3 | pub fn truncate_from_end(text: &str, max_length: usize) -> String {
  |        ^^^^^^^^^^^^^^^^^

warning: function `truncate_from_beginning` is never used
  --> app/src/util/truncation.rs:16:8
   |
16 | pub fn truncate_from_beginning(text: &str, max_length: usize) -> String {
   |        ^^^^^^^^^^^^^^^^^^^^^^^

warning: struct `DangerSecondaryTheme` is never constructed
    --> app/src/view_components/action_button.rs:1022:12
     |
1022 | pub struct DangerSecondaryTheme;
     |            ^^^^^^^^^^^^^^^^^^^^

warning: constant `AGENT_TOAST_WIDTH` is never used
  --> app/src/view_components/agent_toast.rs:26:7
   |
26 | const AGENT_TOAST_WIDTH: f32 = 260.;
   |       ^^^^^^^^^^^^^^^^^

warning: constant `AGENT_TOAST_PADDING` is never used
  --> app/src/view_components/agent_toast.rs:27:7
   |
27 | const AGENT_TOAST_PADDING: f32 = 12.;
   |       ^^^^^^^^^^^^^^^^^^^

warning: constant `AGENT_TOAST_CORNER_RADIUS` is never used
  --> app/src/view_components/agent_toast.rs:28:7
   |
28 | const AGENT_TOAST_CORNER_RADIUS: f32 = 4.;
   |       ^^^^^^^^^^^^^^^^^^^^^^^^^

warning: constant `CLOSE_BUTTON_SIZE` is never used
  --> app/src/view_components/agent_toast.rs:29:7
   |
29 | const CLOSE_BUTTON_SIZE: f32 = 20.;
   |       ^^^^^^^^^^^^^^^^^

warning: struct `AgentToastData` is never constructed
  --> app/src/view_components/agent_toast.rs:32:8
   |
32 | struct AgentToastData {
   |        ^^^^^^^^^^^^^^

warning: struct `AgentToastStack` is never constructed
  --> app/src/view_components/agent_toast.rs:42:12
   |
42 | pub struct AgentToastStack {
   |            ^^^^^^^^^^^^^^^

warning: multiple associated items are never used
   --> app/src/view_components/agent_toast.rs:52:12
    |
 51 | impl AgentToastStack {
    | -------------------- associated items in this implementation
 52 |     pub fn new(timeout: Duration, ctx: &mut ViewContext<Self>) -> Self {
    |            ^^^
...
 81 |     pub fn add_toast(&mut self, toast: AgentToast, ctx: &mut ViewContext<Self>) {
    |            ^^^^^^^^^
...
102 |     pub fn dismiss_toast_by_uuid(&mut self, uuid: &Uuid, ctx: &mut ViewContext<Self>) {
    |            ^^^^^^^^^^^^^^^^^^^^^
...
113 |     pub fn cancel_dismissal_timeout(&mut self, uuid: &Uuid) {
    |            ^^^^^^^^^^^^^^^^^^^^^^^^
...
122 |     pub fn start_dismissal_timeout(&mut self, uuid: Uuid, ctx: &mut ViewContext<Self>) {
    |            ^^^^^^^^^^^^^^^^^^^^^^^
...
141 |     pub fn latest_toast_uuid(&self) -> Option<Uuid> {
    |            ^^^^^^^^^^^^^^^^^
...
145 |     pub fn get_latest_toast_navigation_data(&self) -> Option<(WindowId, usize, EntityId)> {
    |            ^^^^^^^^^^^^^^^^^^^^^^^^^^^^^^^^

warning: enum `AgentToastAction` is never used
   --> app/src/view_components/agent_toast.rs:190:10
    |
190 | pub enum AgentToastAction {
    |          ^^^^^^^^^^^^^^^^

warning: struct `AgentToast` is never constructed
   --> app/src/view_components/agent_toast.rs:249:12
    |
249 | pub struct AgentToast {
    |            ^^^^^^^^^^

warning: multiple associated items are never used
   --> app/src/view_components/agent_toast.rs:261:12
    |
260 | impl AgentToast {
    | --------------- associated items in this implementation
261 |     pub fn new(
    |            ^^^
...
280 |     fn text_color(&self, appearance: &Appearance) -> ColorU {
    |        ^^^^^^^^^^
...
287 |     fn position_id(&self, uuid: Uuid) -> String {
    |        ^^^^^^^^^^^
...
291 |     pub fn render(
    |            ^^^^^^
...
366 |     fn render_container(
    |        ^^^^^^^^^^^^^^^^
...
428 |     fn render_keyboard_shortcut(
    |        ^^^^^^^^^^^^^^^^^^^^^^^^
...
464 |     fn render_close_button(&self, appearance: &Appearance, uuid: Uuid) -> Box<dyn Element> {
    |        ^^^^^^^^^^^^^^^^^^^

warning: constant `ALERT_CORNER_RADIUS` is never used
  --> app/src/view_components/alert.rs:13:7
   |
13 | const ALERT_CORNER_RADIUS: f32 = 4.;
   |       ^^^^^^^^^^^^^^^^^^^

warning: constant `ALERT_VERTICAL_PADDING` is never used
  --> app/src/view_components/alert.rs:14:7
   |
14 | const ALERT_VERTICAL_PADDING: f32 = 8.;
   |       ^^^^^^^^^^^^^^^^^^^^^^

warning: constant `ALERT_HORIZONTAL_PADDING` is never used
  --> app/src/view_components/alert.rs:15:7
   |
15 | const ALERT_HORIZONTAL_PADDING: f32 = 12.;
   |       ^^^^^^^^^^^^^^^^^^^^^^^^

warning: constant `ALERT_ICON_RIGHT_MARGIN` is never used
  --> app/src/view_components/alert.rs:16:7
   |
16 | const ALERT_ICON_RIGHT_MARGIN: f32 = 8.;
   |       ^^^^^^^^^^^^^^^^^^^^^^^

warning: constant `ALERT_ICON_SIZE` is never used
  --> app/src/view_components/alert.rs:17:7
   |
17 | const ALERT_ICON_SIZE: f32 = 16.;
   |       ^^^^^^^^^^^^^^^

warning: constant `DEFAULT_MAIN_AXIS_SIZE` is never used
  --> app/src/view_components/alert.rs:19:7
   |
19 | const DEFAULT_MAIN_AXIS_SIZE: MainAxisSize = MainAxisSize::Min;
   |       ^^^^^^^^^^^^^^^^^^^^^^

warning: constant `SUCCESS_ICON_PATH` is never used
  --> app/src/view_components/alert.rs:21:7
   |
21 | const SUCCESS_ICON_PATH: &str = "bundled/svg/check-skinny.svg";
   |       ^^^^^^^^^^^^^^^^^

warning: constant `ERROR_ICON_PATH` is never used
  --> app/src/view_components/alert.rs:22:7
   |
22 | const ERROR_ICON_PATH: &str = "bundled/svg/alert-circle.svg";
   |       ^^^^^^^^^^^^^^^

warning: variants `Error` and `Warning` are never constructed
  --> app/src/view_components/alert.rs:30:5
   |
26 | pub enum AlertFlavor {
   |          ----------- variants in this enum
...
30 |     Error,
   |     ^^^^^
31 |     Warning,
   |     ^^^^^^^
   |
   = note: `AlertFlavor` has derived impls for the traits `Debug` and `Clone`, but these are intentionally ignored during dead code analysis

warning: methods `icon_path`, `text_color`, `bg_color`, and `border_color` are never used
  --> app/src/view_components/alert.rs:35:12
   |
34 | impl AlertFlavor {
   | ---------------- methods in this implementation
35 |     pub fn icon_path(&self) -> Option<&'static str> {
   |            ^^^^^^^^^
...
43 |     pub fn text_color(&self, appearance: &Appearance) -> ColorU {
   |            ^^^^^^^^^^
...
52 |     pub fn bg_color(&self, appearance: &Appearance) -> Fill {
   |            ^^^^^^^^
...
62 |     pub fn border_color(&self, appearance: &Appearance) -> Fill {
   |            ^^^^^^^^^^^^

warning: fields `flavor`, `message`, and `main_axis_size` are never read
  --> app/src/view_components/alert.rs:76:9
   |
75 | pub struct AlertConfig {
   |            ----------- fields in this struct
76 |     pub flavor: AlertFlavor,
   |         ^^^^^^
77 |     pub message: String,
   |         ^^^^^^^
78 |     pub main_axis_size: Option<MainAxisSize>,
   |         ^^^^^^^^^^^^^^

warning: struct `Alert` is never constructed
  --> app/src/view_components/alert.rs:83:12
   |
83 | pub struct Alert;
   |            ^^^^^

warning: associated items `new`, `basic`, `render`, and `render_simple` are never used
   --> app/src/view_components/alert.rs:86:12
    |
 85 | impl Alert {
    | ---------- associated items in this implementation
 86 |     pub fn new() -> Self {
    |            ^^^
...
 92 |     pub fn basic() -> Self {
    |            ^^^^^
...
 96 |     pub fn render(&self, config: AlertConfig, appearance: &Appearance) -> Box<dyn Element> {
    |            ^^^^^^
...
108 |     fn render_simple(&self, config: &AlertConfig, appearance: &Appearance) -> Box<dyn Element> {
    |        ^^^^^^^^^^^^^

warning: associated items `error`, `warning`, and `with_main_axis_size` are never used
   --> app/src/view_components/alert.rs:159:12
    |
150 | impl AlertConfig {
    | ---------------- associated items in this implementation
...
159 |     pub fn error(message: String) -> Self {
    |            ^^^^^
...
168 |     pub fn warning(message: String) -> Self {
    |            ^^^^^^^
...
172 |     pub fn with_main_axis_size(mut self, main_axis_size: MainAxisSize) -> Self {
    |            ^^^^^^^^^^^^^^^^^^^

warning: enum `CalloutArrowDirection` is never used
  --> app/src/view_components/callout_bubble.rs:17:10
   |
17 | pub enum CalloutArrowDirection {
   |          ^^^^^^^^^^^^^^^^^^^^^

warning: enum `CalloutArrowPosition` is never used
  --> app/src/view_components/callout_bubble.rs:24:10
   |
24 | pub enum CalloutArrowPosition {
   |          ^^^^^^^^^^^^^^^^^^^^

warning: struct `CalloutBubbleConfig` is never constructed
  --> app/src/view_components/callout_bubble.rs:37:12
   |
37 | pub struct CalloutBubbleConfig {
   |            ^^^^^^^^^^^^^^^^^^^

warning: function `callout_background_fill` is never used
  --> app/src/view_components/callout_bubble.rs:72:8
   |
72 | pub fn callout_background_fill(appearance: &Appearance) -> Fill {
   |        ^^^^^^^^^^^^^^^^^^^^^^^

warning: function `callout_border_color` is never used
  --> app/src/view_components/callout_bubble.rs:78:8
   |
78 | pub fn callout_border_color(appearance: &Appearance) -> ColorU {
   |        ^^^^^^^^^^^^^^^^^^^^

warning: function `render_callout_bubble` is never used
  --> app/src/view_components/callout_bubble.rs:88:8
   |
88 | pub fn render_callout_bubble(
   |        ^^^^^^^^^^^^^^^^^^^^^

warning: function `callout_title_color` is never used
   --> app/src/view_components/callout_bubble.rs:180:8
    |
180 | pub fn callout_title_color(appearance: &Appearance) -> ColorU {
    |        ^^^^^^^^^^^^^^^^^^^

warning: function `callout_body_color` is never used
   --> app/src/view_components/callout_bubble.rs:186:8
    |
186 | pub fn callout_body_color(appearance: &Appearance) -> ColorU {
    |        ^^^^^^^^^^^^^^^^^^

warning: struct `ClickableTextInput` is never constructed
  --> app/src/view_components/clickable_text_input.rs:17:12
   |
17 | pub struct ClickableTextInput {
   |            ^^^^^^^^^^^^^^^^^^

warning: associated items `new`, `set_placeholder_text`, `submit_input`, and `handle_editor_event` are never used
  --> app/src/view_components/clickable_text_input.rs:25:12
   |
24 | impl ClickableTextInput {
   | ----------------------- associated items in this implementation
25 |     pub fn new(text: String, ctx: &mut ViewContext<Self>) -> Self {
   |            ^^^
...
46 |     pub fn set_placeholder_text(&mut self, text: impl Into<String>, ctx: &mut ViewContext<Self>) {
   |            ^^^^^^^^^^^^^^^^^^^^
...
52 |     fn submit_input(&mut self, ctx: &mut ViewContext<Self>) {
   |        ^^^^^^^^^^^^
...
63 |     fn handle_editor_event(
   |        ^^^^^^^^^^^^^^^^^^^

warning: enum `ClickableTextInputEvent` is never used
   --> app/src/view_components/clickable_text_input.rs:143:10
    |
143 | pub enum ClickableTextInputEvent {
    |          ^^^^^^^^^^^^^^^^^^^^^^^

warning: enum `ClickableTextInputAction` is never used
   --> app/src/view_components/clickable_text_input.rs:152:10
    |
152 | pub enum ClickableTextInputAction {
    |          ^^^^^^^^^^^^^^^^^^^^^^^^

warning: struct `CompactDropdown` is never constructed
  --> app/src/view_components/compact_dropdown.rs:32:12
   |
32 | pub struct CompactDropdown<A: DropdownItemAction = ()> {
   |            ^^^^^^^^^^^^^^^

warning: struct `CompactDropdownItem` is never constructed
  --> app/src/view_components/compact_dropdown.rs:44:12
   |
44 | pub struct CompactDropdownItem<A: DropdownItemAction = ()> {
   |            ^^^^^^^^^^^^^^^^^^^

warning: multiple associated items are never used
   --> app/src/view_components/compact_dropdown.rs:58:12
    |
 55 | impl<A: DropdownItemAction> CompactDropdown<A> {
    | ---------------------------------------------- associated items in this implementation
...
 58 |     pub fn new(menu_variant: MenuVariant, ctx: &mut ViewContext<Self>) -> Self {
    |            ^^^
...
 82 |     pub fn set_icon_size(&mut self, icon_size: f32) {
    |            ^^^^^^^^^^^^^
...
 87 |     pub fn set_items(
    |            ^^^^^^^^^
...
 99 |     pub fn set_selected_by_name(
    |            ^^^^^^^^^^^^^^^^^^^^
...
112 |     fn render_sized_icon(&self, appearance: &Appearance, icon: WarpUiIcon) -> Box<dyn Element> {
    |        ^^^^^^^^^^^^^^^^^
...
121 |     fn render_top_bar(&self, app: &AppContext) -> Box<dyn Element> {
    |        ^^^^^^^^^^^^^^
...
174 |     fn top_bar_label(&self) -> String {
    |        ^^^^^^^^^^^^^
...
178 |     fn handle_menu_event(&mut self, event: &MenuEvent, ctx: &mut ViewContext<Self>) {
    |        ^^^^^^^^^^^^^^^^^
...
191 |     fn toggle_expanded(&mut self, ctx: &mut ViewContext<Self>) {
    |        ^^^^^^^^^^^^^^^
...
199 |     fn focus(&mut self, ctx: &mut ViewContext<Self>) {
    |        ^^^^^
...
207 |     fn select_action_and_close(
    |        ^^^^^^^^^^^^^^^^^^^^^^^
...
217 |     fn close(&mut self, ctx: &mut ViewContext<Self>) {
    |        ^^^^^

warning: associated items `new`, `with_icon_color`, and `menu_item` are never used
   --> app/src/view_components/compact_dropdown.rs:275:12
    |
274 | impl<A: DropdownItemAction> CompactDropdownItem<A> {
    | -------------------------------------------------- associated items in this implementation
275 |     pub fn new(icon: Icon, display_text: impl Into<String>, action: A) -> Self {
    |            ^^^
...
286 |     pub fn with_icon_color(mut self, color: Fill) -> Self {
    |            ^^^^^^^^^^^^^^^
...
291 |     fn menu_item(self) -> MenuItem<DropdownAction> {
    |        ^^^^^^^^^

warning: enum `CompactDropdownEvent` is never used
   --> app/src/view_components/compact_dropdown.rs:303:10
    |
303 | pub enum CompactDropdownEvent {
    |          ^^^^^^^^^^^^^^^^^^^^

warning: constant `BUTTON_MARGIN` is never used
  --> app/src/view_components/compactible_action_button.rs:14:7
   |
14 | const BUTTON_MARGIN: f32 = 8.;
   |       ^^^^^^^^^^^^^

warning: constant `SMALL_SIZE_SWITCH_THRESHOLD` is never used
  --> app/src/view_components/compactible_action_button.rs:17:11
   |
17 | pub const SMALL_SIZE_SWITCH_THRESHOLD: f32 = 400.0;
   |           ^^^^^^^^^^^^^^^^^^^^^^^^^^^

warning: constant `MEDIUM_SIZE_SWITCH_THRESHOLD` is never used
  --> app/src/view_components/compactible_action_button.rs:18:11
   |
18 | pub const MEDIUM_SIZE_SWITCH_THRESHOLD: f32 = 500.0;
   |           ^^^^^^^^^^^^^^^^^^^^^^^^^^^^

warning: constant `LARGE_SIZE_SWITCH_THRESHOLD` is never used
  --> app/src/view_components/compactible_action_button.rs:19:11
   |
19 | pub const LARGE_SIZE_SWITCH_THRESHOLD: f32 = 600.0;
   |           ^^^^^^^^^^^^^^^^^^^^^^^^^^^

warning: constant `XLARGE_SIZE_SWITCH_THRESHOLD` is never used
  --> app/src/view_components/compactible_action_button.rs:20:11
   |
20 | pub const XLARGE_SIZE_SWITCH_THRESHOLD: f32 = 650.0;
   |           ^^^^^^^^^^^^^^^^^^^^^^^^^^^^

warning: trait `RenderCompactibleActionButton` is never used
  --> app/src/view_components/compactible_action_button.rs:30:11
   |
30 | pub trait RenderCompactibleActionButton {
   |           ^^^^^^^^^^^^^^^^^^^^^^^^^^^^^

warning: methods `set_label`, `set_keybinding`, `set_disabled`, `set_tooltip`, `compact_button`, and `expanded_button` are never used
   --> app/src/view_components/compactible_action_button.rs:86:12
    |
 35 | impl CompactibleActionButton {
    | ---------------------------- methods in this implementation
...
 86 |     pub fn set_label<T: View>(&mut self, label: String, ctx: &mut ViewContext<T>) {
    |            ^^^^^^^^^
...
 95 |     pub fn set_keybinding<T: View>(
    |            ^^^^^^^^^^^^^^
...
127 |     pub fn set_disabled<T: View>(&mut self, disabled: bool, ctx: &mut ViewContext<T>) {
    |            ^^^^^^^^^^^^
...
139 |     pub fn set_tooltip<T: View>(&mut self, tooltip: Option<String>, ctx: &mut ViewContext<T>) {
    |            ^^^^^^^^^^^
...
150 |     pub fn compact_button(&self) -> &ViewHandle<ActionButton> {
    |            ^^^^^^^^^^^^^^
...
154 |     pub fn expanded_button(&self) -> &ViewHandle<ActionButton> {
    |            ^^^^^^^^^^^^^^^

warning: function `render_compact_and_regular_button_rows` is never used
   --> app/src/view_components/compactible_action_button.rs:170:8
    |
170 | pub fn render_compact_and_regular_button_rows(
    |        ^^^^^^^^^^^^^^^^^^^^^^^^^^^^^^^^^^^^^^

warning: function `render_button_row` is never used
   --> app/src/view_components/compactible_action_button.rs:208:4
    |
208 | fn render_button_row(buttons: Vec<Box<dyn Element>>) -> Flex {
    |    ^^^^^^^^^^^^^^^^^

warning: function `render_expansion_icon` is never used
   --> app/src/view_components/compactible_action_button.rs:225:8
    |
225 | pub fn render_expansion_icon(
    |        ^^^^^^^^^^^^^^^^^^^^^

warning: methods `render_button`, `set_keybinding`, `set_disabled`, and `set_tooltip` are never used
   --> app/src/view_components/compactible_split_action_button.rs:85:8
    |
 26 | impl CompactibleSplitActionButton {
    | --------------------------------- methods in this implementation
...
 85 |     fn render_button(&self, is_expanded: bool) -> Box<dyn Element> {
    |        ^^^^^^^^^^^^^
...
101 |     pub fn set_keybinding<T: View>(
    |            ^^^^^^^^^^^^^^
...
110 |     pub fn set_disabled<T: View>(&mut self, disabled: bool, ctx: &mut ViewContext<T>) {
    |            ^^^^^^^^^^^^
...
118 |     pub fn set_tooltip<T: View>(&mut self, tooltip: Option<String>, ctx: &mut ViewContext<T>) {
    |            ^^^^^^^^^^^

warning: constant `COPY_FEEDBACK_DURATION` is never used
  --> app/src/view_components/copyable_text_field.rs:20:11
   |
20 | pub const COPY_FEEDBACK_DURATION: Duration = Duration::from_secs(2);
   |           ^^^^^^^^^^^^^^^^^^^^^^

warning: struct `CopyableTextFieldConfig` is never constructed
  --> app/src/view_components/copyable_text_field.rs:23:12
   |
23 | pub struct CopyableTextFieldConfig<'a> {
   |            ^^^^^^^^^^^^^^^^^^^^^^^

warning: enum `CopyButtonPlacement` is never used
  --> app/src/view_components/copyable_text_field.rs:47:10
   |
47 | pub enum CopyButtonPlacement {
   |          ^^^^^^^^^^^^^^^^^^^

warning: multiple associated items are never used
   --> app/src/view_components/copyable_text_field.rs:53:12
    |
 51 | impl<'a> CopyableTextFieldConfig<'a> {
    | ------------------------------------ associated items in this implementation
 52 |     /// Creates a new config with the given text.
 53 |     pub fn new(text: impl Into<String>) -> Self {
    |            ^^^
...
 69 |     pub fn with_font_size(mut self, font_size: f32) -> Self {
    |            ^^^^^^^^^^^^^^
...
 75 |     pub fn with_text_color(mut self, color: ColorU) -> Self {
    |            ^^^^^^^^^^^^^^^
...
 81 |     pub fn with_icon_size(mut self, icon_size: f32) -> Self {
    |            ^^^^^^^^^^^^^^
...
 87 |     pub fn with_wrap_text(mut self, wrap_text: bool) -> Self {
    |            ^^^^^^^^^^^^^^
...
 93 |     pub fn with_mouse_state(mut self, mouse_state: MouseStateHandle) -> Self {
    |            ^^^^^^^^^^^^^^^^
...
 99 |     pub fn with_last_copied_at(mut self, last_copied_at: Option<&'a Instant>) -> Self {
    |            ^^^^^^^^^^^^^^^^^^^
...
104 |     pub fn with_copy_button_placement(mut self, placement: CopyButtonPlacement) -> Self {
    |            ^^^^^^^^^^^^^^^^^^^^^^^^^^
...
110 |     pub fn with_cross_axis_alignment(mut self, alignment: CrossAxisAlignment) -> Self {
    |            ^^^^^^^^^^^^^^^^^^^^^^^^^
...
116 |     pub fn should_show_checkmark(&self) -> bool {
    |            ^^^^^^^^^^^^^^^^^^^^^

warning: function `render_copyable_text_field` is never used
   --> app/src/view_components/copyable_text_field.rs:143:8
    |
143 | pub fn render_copyable_text_field<F>(
    |        ^^^^^^^^^^^^^^^^^^^^^^^^^^

warning: variant `ActionButtonSecondary` is never constructed
  --> app/src/view_components/dropdown.rs:72:5
   |
63 | pub enum DropdownStyle {
   |          ------------- variant in this enum
...
72 |     ActionButtonSecondary,
   |     ^^^^^^^^^^^^^^^^^^^^^
   |
   = note: `DropdownStyle` has a derived impl for the trait `Clone`, but this is intentionally ignored during dead code analysis

warning: field `self_handle` is never read
   --> app/src/view_components/dropdown.rs:114:5
    |
101 | pub struct Dropdown<A: DropdownItemAction = ()> {
    |            -------- field in this struct
...
114 |     self_handle: WeakViewHandle<Self>,
    |     ^^^^^^^^^^^

warning: multiple methods are never used
   --> app/src/view_components/dropdown.rs:318:12
    |
267 | / impl<A> Dropdown<A>
268 | | where
269 | |     A: DropdownItemAction,
    | |__________________________- methods in this implementation
...
318 |       pub fn set_render_popup_externally(&mut self, value: bool, ctx: &mut ViewContext<Self>) {
    |              ^^^^^^^^^^^^^^^^^^^^^^^^^^^
...
326 |       pub fn render_menu_as_overlay(&self) -> Option<(Box<dyn Element>, OffsetPositioning)> {
    |              ^^^^^^^^^^^^^^^^^^^^^^
...
350 |       pub fn set_use_overlay_layer(&mut self, use_overlay_layer: bool, ctx: &mut ViewContext<Self>) {
    |              ^^^^^^^^^^^^^^^^^^^^^
...
355 |       pub fn set_background(&mut self, background: Fill, ctx: &mut ViewContext<Self>) {
    |              ^^^^^^^^^^^^^^
...
360 |       pub fn set_border_width(&mut self, border_width: f32, ctx: &mut ViewContext<Self>) {
    |              ^^^^^^^^^^^^^^^^
...
365 |       pub fn set_border_radius(&mut self, border_radius: CornerRadius, ctx: &mut ViewContext<Self>) {
    |              ^^^^^^^^^^^^^^^^^
...
370 |       pub fn with_drop_shadow(mut self) -> Self {
    |              ^^^^^^^^^^^^^^^^
...
375 |       pub fn set_font_color(&mut self, color: ColorU, ctx: &mut ViewContext<Self>) {
    |              ^^^^^^^^^^^^^^
...
380 |       pub fn set_font_size(&mut self, size: f32, ctx: &mut ViewContext<Self>) {
    |              ^^^^^^^^^^^^^
...
385 |       pub fn set_vertical_margin(&mut self, margin: f32, ctx: &mut ViewContext<Self>) {
    |              ^^^^^^^^^^^^^^^^^^^
...
390 |       pub fn set_top_bar_height(&mut self, height: f32, ctx: &mut ViewContext<Self>) {
    |              ^^^^^^^^^^^^^^^^^^
...
395 |       pub fn set_padding(&mut self, padding: Coords, ctx: &mut ViewContext<Self>) {
    |              ^^^^^^^^^^^
...
410 |       pub fn set_main_axis_size(
    |              ^^^^^^^^^^^^^^^^^^
...
419 |       pub fn set_menu_header_text_override<F>(&mut self, formatter: F)
    |              ^^^^^^^^^^^^^^^^^^^^^^^^^^^^^
...
426 |       pub fn set_menu_position(
    |              ^^^^^^^^^^^^^^^^^
...
440 |       pub fn set_match_menu_width_to_top_bar(
    |              ^^^^^^^^^^^^^^^^^^^^^^^^^^^^^^^
...
461 |       pub fn is_focused(&self, ctx: &AppContext) -> bool {
    |              ^^^^^^^^^^
...
489 |       pub fn set_rich_items(
    |              ^^^^^^^^^^^^^^
...
500 |       pub fn set_disabled(&mut self, ctx: &mut ViewContext<Self>) {
    |              ^^^^^^^^^^^^
...
505 |       pub fn set_enabled(&mut self, ctx: &mut ViewContext<Self>) {
    |              ^^^^^^^^^^^
...
548 |       pub fn set_selected_to_none(&mut self, ctx: &mut ViewContext<Self>) {
    |              ^^^^^^^^^^^^^^^^^^^^
...
561 |       pub fn selected_action(&self) -> Option<A>
    |              ^^^^^^^^^^^^^^^
...
587 |       pub fn set_menu_max_height(&mut self, height: f32, ctx: &mut ViewContext<Self>) {
    |              ^^^^^^^^^^^^^^^^^^^

warning: enum `NewFeaturePopupLabel` is never used
  --> app/src/view_components/feature_popup.rs:11:10
   |
11 | pub enum NewFeaturePopupLabel {
   |          ^^^^^^^^^^^^^^^^^^^^

warning: enum `FeaturePopupBadge` is never used
  --> app/src/view_components/feature_popup.rs:18:10
   |
18 | pub enum FeaturePopupBadge {
   |          ^^^^^^^^^^^^^^^^^

warning: struct `FeaturePopup` is never constructed
  --> app/src/view_components/feature_popup.rs:26:12
   |
26 | pub struct FeaturePopup {
   |            ^^^^^^^^^^^^

warning: enum `NewFeaturePopupAction` is never used
  --> app/src/view_components/feature_popup.rs:33:10
   |
33 | pub enum NewFeaturePopupAction {
   |          ^^^^^^^^^^^^^^^^^^^^^

warning: associated items `new_feature`, `alert_icon`, and `render_badge` are never used
  --> app/src/view_components/feature_popup.rs:38:12
   |
37 | impl FeaturePopup {
   | ----------------- associated items in this implementation
38 |     pub fn new_feature(label: NewFeaturePopupLabel) -> Self {
   |            ^^^^^^^^^^^
...
46 |     pub fn alert_icon(label: NewFeaturePopupLabel) -> Self {
   |            ^^^^^^^^^^
...
54 |     fn render_badge(&self, appearance: &Appearance) -> Box<dyn Element> {
   |        ^^^^^^^^^^^^

warning: enum `NewFeaturePopupEvent` is never used
   --> app/src/view_components/feature_popup.rs:168:10
    |
168 | pub enum NewFeaturePopupEvent {
    |          ^^^^^^^^^^^^^^^^^^^^

warning: variant `Up` is never constructed
  --> app/src/view_components/filterable_dropdown.rs:40:5
   |
39 | pub enum FilterableDropdownOrientation {
   |          ----------------------------- variant in this enum
40 |     Up,
   |     ^^
   |
   = note: `FilterableDropdownOrientation` has a derived impl for the trait `Debug`, but this is intentionally ignored during dead code analysis

warning: multiple methods are never used
   --> app/src/view_components/filterable_dropdown.rs:151:12
    |
 87 | / impl<A> FilterableDropdown<A>
 88 | | where
 89 | |     A: DropdownItemAction,
    | |__________________________- methods in this implementation
...
151 |       pub fn set_use_overlay_layer(&mut self, use_overlay_layer: bool, ctx: &mut ViewContext<Self>) {
    |              ^^^^^^^^^^^^^^^^^^^^^
...
160 |       pub fn set_top_bar_height(&mut self, height: f32, ctx: &mut ViewContext<Self>) {
    |              ^^^^^^^^^^^^^^^^^^
...
168 |       pub fn set_vertical_margin(&mut self, vertical_margin: f32, ctx: &mut ViewContext<Self>) {
    |              ^^^^^^^^^^^^^^^^^^^
...
173 |       pub fn set_menu_header_text_override<F>(&mut self, formatter: F)
    |              ^^^^^^^^^^^^^^^^^^^^^^^^^^^^^
...
184 |       pub fn set_placeholder(&mut self, placeholder: impl Into<String>, ctx: &mut ViewContext<Self>) {
    |              ^^^^^^^^^^^^^^^
...
202 |       pub fn clear_footer(&mut self, ctx: &mut ViewContext<Self>) {
    |              ^^^^^^^^^^^^
...
213 |       pub fn set_main_axis_size(
    |              ^^^^^^^^^^^^^^^^^^
...
226 |       pub fn set_button_variant(&mut self, button_variant: ButtonVariant) {
    |              ^^^^^^^^^^^^^^^^^^
...
230 |       pub fn set_orientation(&mut self, orientation: FilterableDropdownOrientation) {
    |              ^^^^^^^^^^^^^^^
...
268 |       pub fn set_rich_items(
    |              ^^^^^^^^^^^^^^
...
278 |       pub fn len(&self) -> usize {
    |              ^^^
...
351 |       pub fn set_match_menu_width_to_top_bar(
    |              ^^^^^^^^^^^^^^^^^^^^^^^^^^^^^^^

warning: constant `REGEX_TOGGLE_LABEL` is never used
  --> app/src/view_components/find.rs:42:11
   |
42 | pub const REGEX_TOGGLE_LABEL: &str = ". *";
   |           ^^^^^^^^^^^^^^^^^^

warning: constant `CASE_SENSITIVE_LABEL` is never used
  --> app/src/view_components/find.rs:45:11
   |
45 | pub const CASE_SENSITIVE_LABEL: &str = "Aa";
   |           ^^^^^^^^^^^^^^^^^^^^

warning: field `value` is never read
  --> app/src/view_components/find.rs:82:25
   |
82 |     ToggleFindInBlock { value: bool },
   |     -----------------   ^^^^^
   |     |
   |     field in this variant

warning: methods `editor` and `is_editor_focused` are never used
   --> app/src/view_components/find.rs:197:12
    |
156 | impl<T: FindModel + Entity<Event = FindEvent> + 'static> Find<T> {
    | ---------------------------------------------------------------- methods in this implementation
...
197 |     pub fn editor(&self) -> &ViewHandle<EditorView> {
    |            ^^^^^^
...
201 |     pub fn is_editor_focused(&self, ctx: &AppContext) -> bool {
    |            ^^^^^^^^^^^^^^^^^

warning: variant `ModeSelected` is never constructed
  --> app/src/view_components/markdown_toggle_view.rs:16:5
   |
15 | pub enum MarkdownToggleEvent {
   |          ------------------- variant in this enum
16 |     ModeSelected(MarkdownDisplayMode),
   |     ^^^^^^^^^^^^
   |
   = note: `MarkdownToggleEvent` has derived impls for the traits `Clone` and `Debug`, but these are intentionally ignored during dead code analysis

warning: associated items `new` and `set_selected_mode` are never used
  --> app/src/view_components/markdown_toggle_view.rs:24:12
   |
23 | impl MarkdownToggleView {
   | ----------------------- associated items in this implementation
24 |     pub fn new(default_mode: MarkdownDisplayMode, ctx: &mut ViewContext<Self>) -> Self {
   |            ^^^
...
75 |     pub fn set_selected_mode(&mut self, mode: MarkdownDisplayMode, ctx: &mut ViewContext<Self>) {
   |            ^^^^^^^^^^^^^^^^^

warning: function `markdown_toggle_styles` is never used
   --> app/src/view_components/markdown_toggle_view.rs:105:4
    |
105 | fn markdown_toggle_styles(app: &AppContext) -> UiComponentStyles {
    |    ^^^^^^^^^^^^^^^^^^^^^^

warning: struct `WarningBoxButtonConfig` is never constructed
  --> app/src/view_components/warning_box.rs:17:12
   |
17 | pub struct WarningBoxButtonConfig {
   |            ^^^^^^^^^^^^^^^^^^^^^^

warning: associated function `new` is never used
  --> app/src/view_components/warning_box.rs:24:12
   |
23 | impl WarningBoxButtonConfig {
   | --------------------------- associated function in this implementation
24 |     pub fn new(
   |            ^^^

warning: enum `WarningBoxTitle` is never used
  --> app/src/view_components/warning_box.rs:36:10
   |
36 | pub enum WarningBoxTitle {
   |          ^^^^^^^^^^^^^^^

warning: struct `WarningBoxConfig` is never constructed
  --> app/src/view_components/warning_box.rs:41:12
   |
41 | pub struct WarningBoxConfig {
   |            ^^^^^^^^^^^^^^^^

warning: multiple associated items are never used
  --> app/src/view_components/warning_box.rs:56:12
   |
55 | impl WarningBoxConfig {
   | --------------------- associated items in this implementation
56 |     pub fn new(title: impl Into<String>) -> Self {
   |            ^^^
...
60 |     pub fn formatted_title(title: FormattedTextInline) -> Self {
   |            ^^^^^^^^^^^^^^^
...
64 |     fn from_title(title: WarningBoxTitle) -> Self {
   |        ^^^^^^^^^^
...
75 |     pub fn with_description(mut self, description: impl Into<String>) -> Self {
   |            ^^^^^^^^^^^^^^^^
...
80 |     pub fn with_icon(mut self, icon: Icon) -> Self {
   |            ^^^^^^^^^
...
85 |     pub fn with_width(mut self, width: f32) -> Self {
   |            ^^^^^^^^^^
...
90 |     pub fn with_button(mut self, button: WarningBoxButtonConfig) -> Self {
   |            ^^^^^^^^^^^

warning: function `render_warning_box` is never used
  --> app/src/view_components/warning_box.rs:95:8
   |
95 | pub fn render_warning_box(config: WarningBoxConfig, appearance: &Appearance) -> Box<dyn Element> {
   |        ^^^^^^^^^^^^^^^^^^

warning: variant `Workflows` is never constructed
  --> app/src/voltron.rs:81:5
   |
80 | pub enum VoltronFeatureViewHandle {
   |          ------------------------ variant in this enum
81 |     Workflows(ViewHandle<CategoriesView>),
   |     ^^^^^^^^^
   |
   = note: `VoltronFeatureViewHandle` has a derived impl for the trait `Clone`, but this is intentionally ignored during dead code analysis

warning: variants `AiCommands`, `Workflows`, and `History` are never constructed
  --> app/src/voltron.rs:87:5
   |
86 | pub enum VoltronItem {
   |          ----------- variants in this enum
87 |     AiCommands,
   |     ^^^^^^^^^^
88 |     Workflows,
   |     ^^^^^^^^^
89 |     History,
   |     ^^^^^^^
   |
   = note: `VoltronItem` has derived impls for the traits `Debug` and `Clone`, but these are intentionally ignored during dead code analysis

warning: method `handle_editor_event` is never used
   --> app/src/voltron.rs:127:8
    |
120 | pub trait VoltronFeatureViewMeta {
    |           ---------------------- method in this trait
...
127 |     fn handle_editor_event(
    |        ^^^^^^^^^^^^^^^^^^^

warning: associated function `new` is never used
   --> app/src/voltron.rs:176:12
    |
175 | impl VoltronFeatureView {
    | ----------------------- associated function in this implementation
176 |     pub fn new(name: VoltronItem, feature_view_handle: VoltronFeatureViewHandle) -> Self {
    |            ^^^

warning: associated items `new`, `handle_menu_event`, and `handle_editor_event` are never used
   --> app/src/voltron.rs:185:12
    |
184 | impl Voltron {
    | ------------ associated items in this implementation
185 |     pub fn new(features: Vec1<VoltronFeatureView>, ctx: &mut ViewContext<Self>) -> Self {
    |            ^^^
...
235 |     fn handle_menu_event(&mut self, event: &MenuEvent, ctx: &mut ViewContext<Self>) {
    |        ^^^^^^^^^^^^^^^^^
...
246 |     fn handle_editor_event(&mut self, event: &EditorEvent, ctx: &mut ViewContext<Self>) {
    |        ^^^^^^^^^^^^^^^^^^^

warning: struct `WordBlockEditorView` is never constructed
  --> app/src/word_block_editor.rs:21:12
   |
21 | pub struct WordBlockEditorView {
   |            ^^^^^^^^^^^^^^^^^^^

warning: enum `WordBlockLayout` is never used
  --> app/src/word_block_editor.rs:35:10
   |
35 | pub enum WordBlockLayout {
   |          ^^^^^^^^^^^^^^^

warning: struct `WordBlockEditorStyles` is never constructed
  --> app/src/word_block_editor.rs:43:12
   |
43 | pub struct WordBlockEditorStyles {
   |            ^^^^^^^^^^^^^^^^^^^^^

warning: struct `WordBlockStyles` is never constructed
  --> app/src/word_block_editor.rs:51:12
   |
51 | pub struct WordBlockStyles {
   |            ^^^^^^^^^^^^^^^

warning: struct `Word` is never constructed
  --> app/src/word_block_editor.rs:56:8
   |
56 | struct Word {
   |        ^^^^

warning: struct `ChipEditorState` is never constructed
  --> app/src/word_block_editor.rs:61:12
   |
61 | pub struct ChipEditorState {
   |            ^^^^^^^^^^^^^^^

warning: multiple associated items are never used
   --> app/src/word_block_editor.rs:71:12
    |
 70 | impl WordBlockEditorView {
    | ------------------------ associated items in this implementation
 71 |     pub fn new(
    |            ^^^
...
111 |     pub fn get_list_of_invalid_words(&self, ctx: &AppContext) -> Vec<String> {
    |            ^^^^^^^^^^^^^^^^^^^^^^^^^
...
127 |     pub fn get_list_of_words(&self, ctx: &AppContext) -> Vec<String> {
    |            ^^^^^^^^^^^^^^^^^
...
141 |     pub fn num_chips(&self) -> usize {
    |            ^^^^^^^^^
...
145 |     pub fn with_validator(
    |            ^^^^^^^^^^^^^^
...
155 |     pub fn with_layout(mut self, layout: WordBlockLayout) -> Self {
    |            ^^^^^^^^^^^
...
162 |     pub fn with_styles(
    |            ^^^^^^^^^^^
...
177 |     pub fn set_propagate_navigation_keys(
    |            ^^^^^^^^^^^^^^^^^^^^^^^^^^^^^
...
187 |     pub fn clear_list_of_words(&mut self, ctx: &mut ViewContext<Self>) {
    |            ^^^^^^^^^^^^^^^^^^^
...
195 |     pub fn add_word(&mut self, word: &String, ctx: &mut ViewContext<Self>) {
    |            ^^^^^^^^
...
204 |     pub fn set_editor_buffer_text(&mut self, word: &str, ctx: &mut ViewContext<Self>) {
    |            ^^^^^^^^^^^^^^^^^^^^^^
...
212 |     pub fn set_interaction_state(&mut self, state: InteractionState, ctx: &mut ViewContext<Self>) {
    |            ^^^^^^^^^^^^^^^^^^^^^
...
219 |     fn delete_word(&mut self, index: usize, ctx: &mut ViewContext<Self>) {
    |        ^^^^^^^^^^^
...
225 |     fn handle_editor_view_event(&mut self, event: &Event, ctx: &mut ViewContext<Self>) {
    |        ^^^^^^^^^^^^^^^^^^^^^^^^

warning: enum `WordBlockEditorViewAction` is never used
   --> app/src/word_block_editor.rs:281:10
    |
281 | pub enum WordBlockEditorViewAction {
    |          ^^^^^^^^^^^^^^^^^^^^^^^^^

warning: enum `WordBlockEditorViewEvent` is never used
   --> app/src/word_block_editor.rs:295:10
    |
295 | pub enum WordBlockEditorViewEvent {
    |          ^^^^^^^^^^^^^^^^^^^^^^^^

warning: associated function `default_styles` is never used
   --> app/src/word_block_editor.rs:444:8
    |
443 | impl WordBlockEditorStyles {
    | -------------------------- associated function in this implementation
444 |     fn default_styles(app: &AppContext) -> WordBlockEditorStyles {
    |        ^^^^^^^^^^^^^^

warning: method `render_menu_button_tooltip` is never used
    --> app/src/editor/view/mod.rs:7221:8
     |
2721 | impl EditorView {
     | --------------- method in this implementation
...
7221 |     fn render_menu_button_tooltip(
     |        ^^^^^^^^^^^^^^^^^^^^^^^^^^

warning: constant `PNG_SIGNATURE` is never used
 --> app/src/editor/view/figma_utils/is_figma_png.rs:6:7
  |
6 | const PNG_SIGNATURE: &[u8] = b"\x89PNG\r\n\x1a\n";
  |       ^^^^^^^^^^^^^

warning: function `is_figma_png` is never used
 --> app/src/editor/view/figma_utils/is_figma_png.rs:8:8
  |
8 | pub fn is_figma_png(bytes: &[u8]) -> bool {
  |        ^^^^^^^^^^^^

warning: constant `WARP_SHELL_COMPATIBILITY_DOCS` is never used
   --> app/src/pane_group/mod.rs:180:7
    |
180 | const WARP_SHELL_COMPATIBILITY_DOCS: &str =
    |       ^^^^^^^^^^^^^^^^^^^^^^^^^^^^^

warning: methods `close_panes`, `revert_swap_clearing_split_off`, `close_temporary_replacement_pane`, `handle_pane_link_updated`, and `focus_pane_preserving_maximized_state` are never used
    --> app/src/pane_group/mod.rs:1370:8
     |
 761 | impl PaneGroup {
     | -------------- methods in this implementation
...
1370 |     fn close_panes(&mut self, pane_ids: Vec<PaneId>, ctx: &mut ViewContext<Self>) {
     |        ^^^^^^^^^^^
...
2290 |     fn revert_swap_clearing_split_off(
     |        ^^^^^^^^^^^^^^^^^^^^^^^^^^^^^^
...
2369 |     fn close_temporary_replacement_pane(
     |        ^^^^^^^^^^^^^^^^^^^^^^^^^^^^^^^^
...
3593 |     fn handle_pane_link_updated(&self, pane_id: PaneId, url: Option<Url>, ctx: &AppContext) {
     |        ^^^^^^^^^^^^^^^^^^^^^^^^
...
3809 |     fn focus_pane_preserving_maximized_state(
     |        ^^^^^^^^^^^^^^^^^^^^^^^^^^^^^^^^^^^^^

warning: associated items `deferred_placeholder_pane_id`, `pane_type`, and `creation_order_id` are never used
   --> app/src/pane_group/pane/mod.rs:255:19
    |
136 | impl PaneId {
    | ----------- associated items in this implementation
...
255 |     pub(super) fn deferred_placeholder_pane_id() -> Self {
    |                   ^^^^^^^^^^^^^^^^^^^^^^^^^^^^
...
280 |     pub(crate) fn pane_type(&self) -> IPaneType {
    |                   ^^^^^^^^^
...
284 |     pub(crate) fn creation_order_id(&self) -> EntityId {
    |                   ^^^^^^^^^^^^^^^^^

warning: method `delete_blocks` is never used
  --> app/src/pane_group/pane/terminal_pane.rs:74:34
   |
27 | impl TerminalPane {
   | ----------------- method in this implementation
...
74 |     pub(in crate::pane_group) fn delete_blocks(&self) {
   |                                  ^^^^^^^^^^^^^

warning: method `pane_flex_sum_along_axis` is never used
   --> app/src/pane_group/tree.rs:850:34
    |
613 | impl PaneNode {
    | ------------- method in this implementation
...
850 |     pub(in crate::pane_group) fn pane_flex_sum_along_axis(&self, axis: SplitDirection) -> f32 {
    |                                  ^^^^^^^^^^^^^^^^^^^^^^^^

warning: methods `insert_code_review_comments` and `upsert_flattened_code_review_comments` are never used
   --> app/src/pane_group/working_directories.rs:885:19
    |
305 | impl WorkingDirectoriesModel {
    | ---------------------------- methods in this implementation
...
885 |     pub(crate) fn insert_code_review_comments(
    |                   ^^^^^^^^^^^^^^^^^^^^^^^^^^^
...
918 |     pub(crate) fn upsert_flattened_code_review_comments(
    |                   ^^^^^^^^^^^^^^^^^^^^^^^^^^^^^^^^^^^^^

warning: field `window_id` is never read
   --> app/src/root_view.rs:138:5
    |
136 | pub struct RootView {
    |            -------- field in this struct
137 |     workspace: ViewHandle<Workspace>,
138 |     window_id: WindowId,
    |     ^^^^^^^^^

warning: method `insert_subshell_command` is never used
   --> app/src/root_view.rs:242:8
    |
141 | impl RootView {
    | ------------- method in this implementation
...
242 |     fn insert_subshell_command(&mut self, arg: &SubshellCommandArg, ctx: &mut ViewContext<Self>) {
    |        ^^^^^^^^^^^^^^^^^^^^^^^

warning: method `active_query_filter` is never used
   --> app/src/search/command_search/view.rs:355:8
    |
114 | impl CommandSearchView {
    | ---------------------- method in this implementation
...
355 |     fn active_query_filter(&self, app: &AppContext) -> Option<QueryFilter> {
    |        ^^^^^^^^^^^^^^^^^^^

warning: method `interrupt_block` is never used
   --> app/src/settings/import/view.rs:879:19
    |
120 | impl SettingsImportView {
    | ----------------------- method in this implementation
...
879 |     pub(crate) fn interrupt_block(&mut self, ctx: &mut warpui::ViewContext<Self>) {
    |                   ^^^^^^^^^^^^^^^

warning: function `editor_text_colors` is never used
   --> app/src/settings_view/mod.rs:138:15
    |
138 | pub(super) fn editor_text_colors(appearance: &Appearance) -> TextColors {
    |               ^^^^^^^^^^^^^^^^^^

warning: function `render_beta_chip` is never used
   --> app/src/settings_view/mod.rs:149:15
    |
149 | pub(super) fn render_beta_chip(appearance: &Appearance) -> Box<dyn Element> {
    |               ^^^^^^^^^^^^^^^^

warning: function `render_model_chips` is never used
   --> app/src/settings_view/mod.rs:168:15
    |
168 | pub(super) fn render_model_chips(
    |               ^^^^^^^^^^^^^^^^^^

warning: field `local_only_icon_tooltip_states` is never read
   --> app/src/settings_view/appearance_page.rs:522:5
    |
519 | pub struct AppearanceSettingsPageView {
    |            -------------------------- field in this struct
...
522 |     local_only_icon_tooltip_states: RefCell<HashMap<String, MouseStateHandle>>,
    |     ^^^^^^^^^^^^^^^^^^^^^^^^^^^^^^

warning: field `local_only_icon_states` is never read
  --> app/src/settings_view/features/external_editor.rs:45:5
   |
38 | pub struct ExternalEditorView {
   |            ------------------ field in this struct
...
45 |     local_only_icon_states: RefCell<HashMap<String, MouseStateHandle>>,
   |     ^^^^^^^^^^^^^^^^^^^^^^

warning: variants `SearchForKeybinding` and `FocusModal` are never constructed
  --> app/src/settings_view/features_page.rs:29:5
   |
28 | pub enum FeaturesSettingsPageEvent {
   |          ------------------------- variants in this enum
29 |     SearchForKeybinding(String),
   |     ^^^^^^^^^^^^^^^^^^^
30 |     FocusModal,
   |     ^^^^^^^^^^

warning: function `render_group` is never used
   --> app/src/settings_view/features_page.rs:147:15
    |
147 | pub(super) fn render_group(
    |               ^^^^^^^^^^^^

warning: field `local_only_icon_mouse_state` is never read
   --> app/src/settings_view/keybindings.rs:962:5
    |
961 | struct KeybindingsWidget {
    |        ----------------- field in this struct
962 |     local_only_icon_mouse_state: MouseStateHandle,
    |     ^^^^^^^^^^^^^^^^^^^^^^^^^^^

warning: constant `LABEL_FONT_SIZE` is never used
  --> app/src/settings_view/privacy/add_regex_modal.rs:20:7
   |
20 | const LABEL_FONT_SIZE: f32 = 12.;
   |       ^^^^^^^^^^^^^^^

warning: struct `AddRegexModal` is never constructed
  --> app/src/settings_view/privacy/add_regex_modal.rs:22:12
   |
22 | pub struct AddRegexModal {
   |            ^^^^^^^^^^^^^

warning: enum `AddRegexModalAction` is never used
  --> app/src/settings_view/privacy/add_regex_modal.rs:30:10
   |
30 | pub enum AddRegexModalAction {
   |          ^^^^^^^^^^^^^^^^^^^

warning: enum `AddRegexModalEvent` is never used
  --> app/src/settings_view/privacy/add_regex_modal.rs:35:10
   |
35 | pub enum AddRegexModalEvent {
   |          ^^^^^^^^^^^^^^^^^^

warning: multiple associated items are never used
   --> app/src/settings_view/privacy/add_regex_modal.rs:41:12
    |
 40 | impl AddRegexModal {
    | ------------------ associated items in this implementation
 41 |     pub fn new(ctx: &mut ViewContext<Self>) -> Self {
    |            ^^^
...
 90 |     fn submit(&mut self, ctx: &mut ViewContext<Self>) {
    |        ^^^^^^
...
100 |     fn cancel(&mut self, ctx: &mut ViewContext<Self>) {
    |        ^^^^^^
...
104 |     pub fn on_close(&mut self, ctx: &mut ViewContext<Self>) {
    |            ^^^^^^^^
...
113 |     pub fn on_open(&mut self, ctx: &mut ViewContext<Self>) {
    |            ^^^^^^^
...
117 |     fn handle_name_editor_event(&mut self, event: &EditorEvent, ctx: &mut ViewContext<Self>) {
    |        ^^^^^^^^^^^^^^^^^^^^^^^^
...
146 |     fn handle_pattern_editor_event(&mut self, event: &EditorEvent, ctx: &mut ViewContext<Self>) {
    |        ^^^^^^^^^^^^^^^^^^^^^^^^^^^

warning: struct `AddRegexModalViewState` is never constructed
   --> app/src/settings_view/privacy/add_regex_modal.rs:313:12
    |
313 | pub struct AddRegexModalViewState {
    |            ^^^^^^^^^^^^^^^^^^^^^^

warning: associated items `new`, `is_open`, `render`, `open`, and `close` are never used
   --> app/src/settings_view/privacy/add_regex_modal.rs:318:12
    |
317 | impl AddRegexModalViewState {
    | --------------------------- associated items in this implementation
318 |     pub fn new(state: ModalViewState<Modal<AddRegexModal>>) -> Self {
    |            ^^^
...
322 |     pub fn is_open(&self) -> bool {
    |            ^^^^^^^
...
326 |     pub fn render(&self) -> Box<dyn Element> {
    |            ^^^^^^
...
330 |     pub fn open<T: View>(&mut self, ctx: &mut ViewContext<T>) {
    |            ^^^^
...
339 |     pub fn close<T: View>(&mut self, ctx: &mut ViewContext<T>) {
    |            ^^^^^

warning: enum `PrivacyPageViewEvent` is never used
  --> app/src/settings_view/privacy_page.rs:25:10
   |
25 | pub enum PrivacyPageViewEvent {
   |          ^^^^^^^^^^^^^^^^^^^^

warning: field `local_only_icon_tooltip_states` is never read
  --> app/src/settings_view/scripting_page.rs:27:5
   |
25 | pub struct ScriptingSettingsPageView {
   |            ------------------------- field in this struct
26 |     page: PageType<Self>,
27 |     local_only_icon_tooltip_states: RefCell<HashMap<String, MouseStateHandle>>,
   |     ^^^^^^^^^^^^^^^^^^^^^^^^^^^^^^

warning: constant `GREY_TEXT_OPACITY` is never used
  --> app/src/settings_view/settings_page.rs:57:7
   |
57 | const GREY_TEXT_OPACITY: u8 = 60;
   |       ^^^^^^^^^^^^^^^^^

warning: variant `Pane` is never constructed
   --> app/src/settings_view/settings_page.rs:165:5
    |
163 | pub enum SettingsPageEvent {
    |          ----------------- variant in this enum
164 |     FocusModal,
165 |     Pane(PaneEventWrapper),
    |     ^^^^

warning: variant `Close` is never constructed
   --> app/src/settings_view/settings_page.rs:172:5
    |
171 | pub enum PaneEventWrapper {
    |          ---------------- variant in this enum
172 |     Close,
    |     ^^^^^
    |
    = note: `PaneEventWrapper` has derived impls for the traits `Clone` and `Debug`, but these are intentionally ignored during dead code analysis

warning: function `render_customer_type_badge` is never used
   --> app/src/settings_view/settings_page.rs:175:8
    |
175 | pub fn render_customer_type_badge(appearance: &Appearance, text: String) -> Box<dyn Element> {
    |        ^^^^^^^^^^^^^^^^^^^^^^^^^^

warning: function `render_sub_sub_header` is never used
   --> app/src/settings_view/settings_page.rs:284:8
    |
284 | pub fn render_sub_sub_header(
    |        ^^^^^^^^^^^^^^^^^^^^^

warning: function `render_custom_size_header` is never used
   --> app/src/settings_view/settings_page.rs:317:8
    |
317 | pub fn render_custom_size_header(
    |        ^^^^^^^^^^^^^^^^^^^^^^^^^

warning: function `render_cta_line` is never used
   --> app/src/settings_view/settings_page.rs:353:8
    |
353 | pub fn render_cta_line<A: Action + Clone>(
    |        ^^^^^^^^^^^^^^^

warning: function `render_cta_banner` is never used
   --> app/src/settings_view/settings_page.rs:386:8
    |
386 | pub fn render_cta_banner<A: Action + Clone>(
    |        ^^^^^^^^^^^^^^^^^

warning: function `render_banner` is never used
   --> app/src/settings_view/settings_page.rs:403:8
    |
403 | pub fn render_banner(
    |        ^^^^^^^^^^^^^

warning: function `render_full_pane_width_ai_button` is never used
   --> app/src/settings_view/settings_page.rs:429:8
    |
429 | pub fn render_full_pane_width_ai_button(
    |        ^^^^^^^^^^^^^^^^^^^^^^^^^^^^^^^^

warning: function `render_body_item_label_with_icon` is never used
   --> app/src/settings_view/settings_page.rs:632:8
    |
632 | pub fn render_body_item_label_with_icon<T: Clone + Action>(
    |        ^^^^^^^^^^^^^^^^^^^^^^^^^^^^^^^^

warning: function `render_filterable_dropdown_item` is never used
   --> app/src/settings_view/settings_page.rs:959:15
    |
959 | pub(crate) fn render_filterable_dropdown_item<T: DropdownItemAction>(
    |               ^^^^^^^^^^^^^^^^^^^^^^^^^^^^^^^

warning: function `render_settings_info_banner` is never used
   --> app/src/settings_view/settings_page.rs:999:15
    |
999 | pub(crate) fn render_settings_info_banner(
    |               ^^^^^^^^^^^^^^^^^^^^^^^^^^^

warning: function `render_alternating_color_list` is never used
    --> app/src/settings_view/settings_page.rs:1132:8
     |
1132 | pub fn render_alternating_color_list<
     |        ^^^^^^^^^^^^^^^^^^^^^^^^^^^^^

warning: function `add_setting` is never used
    --> app/src/settings_view/settings_page.rs:1268:8
     |
1268 | pub fn add_setting<F>(
     |        ^^^^^^^^^^^

warning: method `set_min_page_width` is never used
    --> app/src/settings_view/settings_page.rs:1612:12
     |
1444 | impl<V: warpui::View> PageType<V> {
     | --------------------------------- method in this implementation
...
1612 |     pub fn set_min_page_width(&mut self, width: f32) {
     |            ^^^^^^^^^^^^^^^^^^

warning: method `with_subtitle` is never used
    --> app/src/settings_view/settings_page.rs:1976:19
     |
1967 | impl<V: warpui::View> CategoryHeader<V> {
     | --------------------------------------- method in this implementation
...
1976 |     pub(super) fn with_subtitle(mut self, subtitle: &'static str) -> Self {
     |                   ^^^^^^^^^^^^^

warning: associated function `static_widget_id` is never used
    --> app/src/settings_view/settings_page.rs:2045:8
     |
2041 | pub(super) trait SettingsWidget {
     |                  -------------- associated function in this trait
...
2045 |     fn static_widget_id() -> &'static str
     |        ^^^^^^^^^^^^^^^^

warning: variant `EnvironmentsPageOpened` is never constructed
 --> app/src/settings_view/telemetry.rs:8:5
  |
7 | pub enum SettingsTelemetryEvent {
  |          ---------------------- variant in this enum
8 |     EnvironmentsPageOpened,
  |     ^^^^^^^^^^^^^^^^^^^^^^
  |
  = note: `SettingsTelemetryEvent` has a derived impl for the trait `Debug`, but this is intentionally ignored during dead code analysis

warning: function `init` is never used
  --> app/src/tab_configs/remove_confirmation_dialog.rs:22:15
   |
22 | pub(crate) fn init(app: &mut AppContext) {
   |               ^^^^

warning: constant `DIALOG_WIDTH` is never used
  --> app/src/tab_configs/remove_confirmation_dialog.rs:39:7
   |
39 | const DIALOG_WIDTH: f32 = 460.;
   |       ^^^^^^^^^^^^

warning: enum `RemoveTabConfigConfirmationEvent` is never used
  --> app/src/tab_configs/remove_confirmation_dialog.rs:42:17
   |
42 | pub(crate) enum RemoveTabConfigConfirmationEvent {
   |                 ^^^^^^^^^^^^^^^^^^^^^^^^^^^^^^^^

warning: enum `RemoveTabConfigConfirmationAction` is never used
  --> app/src/tab_configs/remove_confirmation_dialog.rs:48:17
   |
48 | pub(crate) enum RemoveTabConfigConfirmationAction {
   |                 ^^^^^^^^^^^^^^^^^^^^^^^^^^^^^^^^^

warning: struct `RemoveTabConfigConfirmationDialog` is never constructed
  --> app/src/tab_configs/remove_confirmation_dialog.rs:53:19
   |
53 | pub(crate) struct RemoveTabConfigConfirmationDialog {
   |                   ^^^^^^^^^^^^^^^^^^^^^^^^^^^^^^^^^

warning: associated items `new` and `set_config` are never used
  --> app/src/tab_configs/remove_confirmation_dialog.rs:61:12
   |
60 | impl RemoveTabConfigConfirmationDialog {
   | -------------------------------------- associated items in this implementation
61 |     pub fn new(ctx: &mut ViewContext<Self>) -> Self {
   |            ^^^
...
85 |     pub fn set_config(&mut self, name: String, path: PathBuf) {
   |            ^^^^^^^^^^

warning: function `contains_autogenerated_branch_name` is never used
  --> app/src/tab_configs/tab_config.rs:22:4
   |
22 | fn contains_autogenerated_branch_name(value: &str) -> bool {
   |    ^^^^^^^^^^^^^^^^^^^^^^^^^^^^^^^^^^

warning: function `handlebars_placeholder` is never used
  --> app/src/tab_configs/tab_config.rs:38:4
   |
38 | fn handlebars_placeholder(name: &str) -> String {
   |    ^^^^^^^^^^^^^^^^^^^^^^

warning: methods `is_worktree` and `uses_autogenerated_branch_name` are never used
   --> app/src/tab_configs/tab_config.rs:179:19
    |
166 | impl TabConfig {
    | -------------- methods in this implementation
...
179 |     pub(crate) fn is_worktree(&self) -> bool {
    |                   ^^^^^^^^^^^
...
189 |     pub(crate) fn uses_autogenerated_branch_name(&self) -> bool {
    |                   ^^^^^^^^^^^^^^^^^^^^^^^^^^^^^^

warning: function `build_worktree_config_toml` is never used
   --> app/src/tab_configs/tab_config.rs:419:15
    |
419 | pub(crate) fn build_worktree_config_toml(
    |               ^^^^^^^^^^^^^^^^^^^^^^^^^^

warning: function `element_size_at_last_frame` is never used
   --> app/src/terminal/mod.rs:145:15
    |
145 | pub(crate) fn element_size_at_last_frame(
    |               ^^^^^^^^^^^^^^^^^^^^^^^^^^

warning: function `command_at_cursor_has_common_package_installer_prefix` is never used
  --> app/src/terminal/package_installers.rs:12:8
   |
12 | pub fn command_at_cursor_has_common_package_installer_prefix(
   |        ^^^^^^^^^^^^^^^^^^^^^^^^^^^^^^^^^^^^^^^^^^^^^^^^^^^^^

warning: function `is_at_context_package_installer_prefix` is never used
  --> app/src/terminal/package_installers.rs:50:4
   |
50 | fn is_at_context_package_installer_prefix(buffer_text: &str) -> bool {
   |    ^^^^^^^^^^^^^^^^^^^^^^^^^^^^^^^^^^^^^^

warning: struct `AliasedCommand` is never constructed
  --> app/src/terminal/alias.rs:10:12
   |
10 | pub struct AliasedCommand {
   |            ^^^^^^^^^^^^^^

warning: function `is_expandable_alias` is never used
  --> app/src/terminal/alias.rs:24:8
   |
24 | pub fn is_expandable_alias(alias: &str, alias_value: &str) -> bool {
   |        ^^^^^^^^^^^^^^^^^^^

warning: function `check_for_alias` is never used
  --> app/src/terminal/alias.rs:34:4
   |
34 | fn check_for_alias(source: &str, session: Arc<Session>) -> Option<AliasedCommand> {
   |    ^^^^^^^^^^^^^^^

warning: function `check_for_alias_async` is never used
  --> app/src/terminal/alias.rs:47:14
   |
47 | pub async fn check_for_alias_async(source: &str, session: Arc<Session>) -> Option<AliasedCommand> {
   |              ^^^^^^^^^^^^^^^^^^^^^

warning: function `should_intercept_scroll` is never used
  --> app/src/terminal/alt_screen/mod.rs:28:8
   |
28 | pub fn should_intercept_scroll(model: &TerminalModel, ctx: &AppContext) -> bool {
   |        ^^^^^^^^^^^^^^^^^^^^^^^

warning: methods `with_ligature_rendering` and `with_hide_cursor_cell` are never used
   --> app/src/terminal/alt_screen/alt_screen_element.rs:156:12
    |
 87 | impl AltScreenElement {
    | --------------------- methods in this implementation
...
156 |     pub fn with_ligature_rendering(mut self) -> Self {
    |            ^^^^^^^^^^^^^^^^^^^^^^^
...
161 |     pub fn with_hide_cursor_cell(mut self) -> Self {
    |            ^^^^^^^^^^^^^^^^^^^^^

warning: variant `DockerSandbox` is never constructed
  --> app/src/terminal/available_shells.rs:79:5
   |
60 | enum Config {
   |      ------ variant in this enum
...
79 |     DockerSandbox {
   |     ^^^^^^^^^^^^^
   |
   = note: `Config` has a derived impl for the trait `Debug`, but this is intentionally ignored during dead code analysis

warning: associated function `new_docker_sandbox_shell` is never used
   --> app/src/terminal/available_shells.rs:331:19
    |
179 | impl AvailableShell {
    | ------------------- associated function in this implementation
...
331 |     pub(crate) fn new_docker_sandbox_shell(sbx_path: PathBuf, base_image: Option<String>) -> Self {
    |                   ^^^^^^^^^^^^^^^^^^^^^^^^

warning: method `draw_cursor` is never used
  --> app/src/terminal/blockgrid_renderer.rs:78:8
   |
47 | pub trait BlockGridRenderer {
   |           ----------------- method in this trait
...
78 |     fn draw_cursor(
   |        ^^^^^^^^^^^

warning: function `init_subshell_command` is never used
   --> app/src/terminal/bootstrap.rs:104:8
    |
104 | pub fn init_subshell_command(
    |        ^^^^^^^^^^^^^^^^^^^^^

warning: function `init_subshell_script_for_shell` is never used
   --> app/src/terminal/bootstrap.rs:125:4
    |
125 | fn init_subshell_script_for_shell(
    |    ^^^^^^^^^^^^^^^^^^^^^^^^^^^^^^

warning: function `init_subshell_script_for_unknown_shell` is never used
   --> app/src/terminal/bootstrap.rs:169:4
    |
169 | fn init_subshell_script_for_unknown_shell(
    |    ^^^^^^^^^^^^^^^^^^^^^^^^^^^^^^^^^^^^^^

warning: function `run_dynamic_enum_command` is never used
 --> app/src/terminal/dynamic_enum_suggestions.rs:7:21
  |
7 | pub(crate) async fn run_dynamic_enum_command(
  |                     ^^^^^^^^^^^^^^^^^^^^^^^^

warning: function `parse_dynamic_command` is never used
  --> app/src/terminal/dynamic_enum_suggestions.rs:18:4
   |
18 | fn parse_dynamic_command(output: &CommandOutput) -> anyhow::Result<Vec<String>> {
   |    ^^^^^^^^^^^^^^^^^^^^^

warning: field `view` is never read
  --> app/src/terminal/mock_terminal_manager.rs:18:5
   |
16 | pub struct MockTerminalManager {
   |            ------------------- field in this struct
17 |     model: Arc<FairMutex<TerminalModel>>,
18 |     view: ViewHandle<TerminalView>,
   |     ^^^^

warning: fields `manager` and `view` are never read
  --> app/src/terminal/mock_terminal_manager.rs:21:16
   |
20 | pub struct MockTerminalManagerInit {
   |            ----------------------- fields in this struct
21 |     pub(crate) manager: ModelHandle<Box<dyn TerminalManager>>,
   |                ^^^^^^^
22 |     pub(crate) view: ViewHandle<TerminalView>,
   |                ^^^^

warning: method `enable_full_grid_clear_behavior` is never used
   --> app/src/terminal/model/block.rs:886:32
    |
747 | impl Block {
    | ---------- method in this implementation
...
886 |     pub(in crate::terminal) fn enable_full_grid_clear_behavior(&mut self) {
    |                                ^^^^^^^^^^^^^^^^^^^^^^^^^^^^^^^

warning: struct `SharedSessionScrollbackBlocks` is never constructed
   --> app/src/terminal/model/blocks.rs:540:8
    |
540 | struct SharedSessionScrollbackBlocks<'a> {
    |        ^^^^^^^^^^^^^^^^^^^^^^^^^^^^^

warning: associated function `new` is never used
   --> app/src/terminal/model/blocks.rs:546:8
    |
545 | impl<'a> SharedSessionScrollbackBlocks<'a> {
    | ------------------------------------------ associated function in this implementation
546 |     fn new(scrollback: &'a [SerializedBlock]) -> Self {
    |        ^^^

warning: multiple methods are never used
    --> app/src/terminal/model/blocks.rs:701:19
     |
 560 | impl BlockList {
     | -------------- methods in this implementation
...
 701 |     pub(super) fn load_shared_session_scrollback(&mut self, scrollback: &[SerializedBlock]) {
     |                   ^^^^^^^^^^^^^^^^^^^^^^^^^^^^^^
...
 732 |     pub(super) fn append_followup_shared_session_scrollback(
     |                   ^^^^^^^^^^^^^^^^^^^^^^^^^^^^^^^^^^^^^^^^^
...
 769 |     fn finish_active_block_before_followup_append(&mut self) {
     |        ^^^^^^^^^^^^^^^^^^^^^^^^^^^^^^^^^^^^^^^^^^
...
 776 |     fn ensure_active_block_after_shared_session_scrollback(&mut self) {
     |        ^^^^^^^^^^^^^^^^^^^^^^^^^^^^^^^^^^^^^^^^^^^^^^^^^^^
...
1388 |     fn remove_block_at_index(&mut self, block_index: BlockIndex) -> Option<Block> {
     |        ^^^^^^^^^^^^^^^^^^^^^
...
1419 |     fn remove_command_blocks_at_indices(&mut self, indices_to_remove: Vec<BlockIndex>) {
     |        ^^^^^^^^^^^^^^^^^^^^^^^^^^^^^^^^
...
2452 |     pub(super) fn set_obfuscate_secrets_for_subsequent_blocks(
     |                   ^^^^^^^^^^^^^^^^^^^^^^^^^^^^^^^^^^^^^^^^^^^
...
3085 |     pub(in crate::terminal) fn insert_rich_content_after_item(
     |                                ^^^^^^^^^^^^^^^^^^^^^^^^^^^^^^
...
3170 |     pub(crate) fn removable_blocklist_item_position(
     |                   ^^^^^^^^^^^^^^^^^^^^^^^^^^^^^^^^^

warning: method `reset_unknown` is never used
   --> app/src/terminal/model/lifecycle/mod.rs:158:19
    |
 66 | impl BlockLifecycleCoordinator {
    | ------------------------------ method in this implementation
...
158 |     pub(super) fn reset_unknown(&mut self) {
    |                   ^^^^^^^^^^^^^

warning: variant `Recovery` is never constructed
   --> app/src/terminal/model/lifecycle/telemetry.rs:148:5
    |
146 | pub(in crate::terminal) enum LifecycleTelemetryEvent {
    |                              ----------------------- variant in this enum
147 |     /// Reports a conservative or recovery lifecycle transition.
148 |     Recovery(LifecycleRecoveryRecord),
    |     ^^^^^^^^
    |
    = note: `LifecycleTelemetryEvent` has a derived impl for the trait `Debug`, but this is intentionally ignored during dead code analysis

warning: variant `SharedSession` is never constructed
  --> app/src/terminal/model/lifecycle/transition.rs:31:5
   |
27 | pub(in crate::terminal) enum CommandStartKind {
   |                              ---------------- variant in this enum
...
31 |     SharedSession,
   |     ^^^^^^^^^^^^^
   |
   = note: `CommandStartKind` has derived impls for the traits `Debug` and `Clone`, but these are intentionally ignored during dead code analysis

warning: fields `colors`, `find_bar`, and `model_event_sender` are never read
   --> app/src/terminal/view.rs:217:5
    |
212 | pub struct TerminalView {
    |            ------------ fields in this struct
...
217 |     colors: List,
    |     ^^^^^^
...
222 |     find_bar: ViewHandle<Find<TerminalFindModel>>,
    |     ^^^^^^^^
...
227 |     model_event_sender: Option<SyncSender<persistence::ModelEvent>>,
    |     ^^^^^^^^^^^^^^^^^^

warning: method `should_show_env_var_selection` is never used
  --> app/src/workflows/mod.rs:89:19
   |
76 | impl WorkflowType {
   | ----------------- method in this implementation
...
89 |     pub(super) fn should_show_env_var_selection(&self) -> bool {
   |                   ^^^^^^^^^^^^^^^^^^^^^^^^^^^^^

warning: methods `editor_up`, `editor_down`, and `editor_enter` are never used
   --> app/src/workflows/categories.rs:659:8
    |
358 | impl CategoriesView {
    | ------------------- methods in this implementation
...
659 |     fn editor_up(&mut self, ctx: &mut ViewContext<Self>) {
    |        ^^^^^^^^^
...
671 |     fn editor_down(&mut self, ctx: &mut ViewContext<Self>) {
    |        ^^^^^^^^^^^
...
722 |     fn editor_enter(&mut self, ctx: &mut ViewContext<Self>) {
    |        ^^^^^^^^^^^^

warning: methods `set_session_state` and `close_workspace` are never used
   --> app/src/workspace/active_session.rs:88:19
    |
 38 | impl ActiveSession {
    | ------------------ methods in this implementation
...
 88 |     pub(super) fn set_session_state(
    |                   ^^^^^^^^^^^^^^^^^
...
124 |     pub(super) fn close_workspace(&mut self, window_id: WindowId) {
    |                   ^^^^^^^^^^^^^^^

warning: method `ansi_color` is never used
   --> app/src/workspace/tab_settings.rs:162:19
    |
161 | impl DirectoryTabColor {
    | ---------------------- method in this implementation
162 |     pub(crate) fn ansi_color(self) -> Option<AnsiColorIdentifier> {
    |                   ^^^^^^^^^^

warning: struct `WorkspaceMouseStates` is never constructed
  --> app/src/workspace/util.rs:20:19
   |
20 | pub(super) struct WorkspaceMouseStates {
   |                   ^^^^^^^^^^^^^^^^^^^^

warning: this lint expectation is unfulfilled
  --> app/src/projects.rs:15:18
   |
15 |         #[expect(unused, reason = "TODO(jparker): #pod-code-mode wip")]
   |                  ^^^^^^
   |
   = note: TODO(jparker): #pod-code-mode wip
   = note: `#[warn(unfulfilled_lint_expectations)]` on by default

warning: `warp` (lib) generated 741 warnings (run `cargo fix --lib -p warp` to apply 284 suggestions)
    Finished `dev` profile [unoptimized] target(s) in 0.92s
[1m[32m    Bundling(B[m Term4u.app
[1m[32m    Finished(B[m 1 bundle at:
        /Users/tedczj/workspace/term4u/target/debug/bundle/osx/Term4u.app
Successfully bundled...
Adding @executable_path/../Frameworks rpath to /Users/tedczj/workspace/term4u/target/debug/bundle/osx/Term4u.app/Contents/MacOS/term4u to support bundled macOS frameworks
Updating plist to support a custom url scheme
Updating plist with supported file types
Updating plist with permissions descriptions
Disabling use of Liquid Glass on macOS Tahoe
Preparing bundled resources...
Copying bundled resources to /Users/tedczj/workspace/term4u/target/debug/bundle/osx/Term4u.app/Contents/Resources/bundled
Copying channel-gated skills for channel 'oss'...
  Channel 'oss' has no gated skills, skipping
Successfully prepared bundled resources in /Users/tedczj/workspace/term4u/target/debug/bundle/osx/Term4u.app/Contents/Resources
Warning: no .icon bundle found for oss channel at /Users/tedczj/workspace/term4u/app/channels/oss/icon/AppIcon.icon; skipping adaptive icon compilation.
Codesigning app...
/Users/tedczj/workspace/term4u/target/debug/bundle/osx/Term4u.app: replacing existing signature
