warning: patch `tink-core v0.3.0 (https://github.com/warpdotdev/tink-rust?rev=54b9ac9af93b0c08b446a7bc0582836c9403a71b#54b9ac9a)` was not used in the crate graph
warning: patch `tink-hybrid v0.3.0 (https://github.com/warpdotdev/tink-rust?rev=54b9ac9af93b0c08b446a7bc0582836c9403a71b#54b9ac9a)` was not used in the crate graph
warning: patch `tink-proto v0.3.0 (https://github.com/warpdotdev/tink-rust?rev=54b9ac9af93b0c08b446a7bc0582836c9403a71b#54b9ac9a)` was not used in the crate graph
help: Check that the patched package version and available features are compatible
      with the dependency requirements. If the patch has a different version from
      what is locked in the Cargo.lock file, run `cargo update` to use the new
      version. This may also occur with an optional dependency that is not enabled.
   Compiling persistence v0.0.0 (/Users/tedczj/workspace/term4u/crates/persistence)
    Checking ai v0.1.0 (/Users/tedczj/workspace/term4u/crates/ai)
    Checking warp v0.1.0 (/Users/tedczj/workspace/term4u/app)
error[E0433]: failed to resolve: could not find `server_api` in `server`
  --> app/src/code/editor/view/vim_handler_tests.rs:31:20
   |
31 | use crate::server::server_api::team::MockTeamClient;
   |                    ^^^^^^^^^^ could not find `server_api` in `server`

error[E0433]: failed to resolve: could not find `server_api` in `server`
  --> app/src/code/editor/view/vim_handler_tests.rs:32:20
   |
32 | use crate::server::server_api::workspace::MockWorkspaceClient;
   |                    ^^^^^^^^^^ could not find `server_api` in `server`

error[E0433]: failed to resolve: could not find `server_api` in `server`
  --> app/src/code/editor/view/view_tests.rs:16:20
   |
16 | use crate::server::server_api::team::MockTeamClient;
   |                    ^^^^^^^^^^ could not find `server_api` in `server`

error[E0433]: failed to resolve: could not find `server_api` in `server`
  --> app/src/code/editor/view/view_tests.rs:17:20
   |
17 | use crate::server::server_api::workspace::MockWorkspaceClient;
   |                    ^^^^^^^^^^ could not find `server_api` in `server`

error[E0433]: failed to resolve: could not find `server_api` in `server`
  --> app/src/code/file_tree/view/view_tests.rs:18:20
   |
18 | use crate::server::server_api::team::MockTeamClient;
   |                    ^^^^^^^^^^ could not find `server_api` in `server`

error[E0433]: failed to resolve: could not find `server_api` in `server`
  --> app/src/code/file_tree/view/view_tests.rs:19:20
   |
19 | use crate::server::server_api::workspace::MockWorkspaceClient;
   |                    ^^^^^^^^^^ could not find `server_api` in `server`

error[E0433]: failed to resolve: could not find `agent` in `ai`
 --> app/src/code_review/code_review_view_tests.rs:4:9
  |
4 | use ai::agent::action::InsertReviewComment;
  |         ^^^^^ could not find `agent` in `ai`

error[E0432]: unresolved import `crate::ai::request_usage_model`
  --> app/src/code_review/code_review_view_tests.rs:19:16
   |
19 | use crate::ai::request_usage_model::AIRequestUsageModel;
   |                ^^^^^^^^^^^^^^^^^^^ could not find `request_usage_model` in `ai`

error[E0433]: failed to resolve: could not find `server_api` in `server`
  --> app/src/code_review/code_review_view_tests.rs:37:20
   |
37 | use crate::server::server_api::team::MockTeamClient;
   |                    ^^^^^^^^^^ could not find `server_api` in `server`

error[E0433]: failed to resolve: could not find `server_api` in `server`
  --> app/src/code_review/code_review_view_tests.rs:38:20
   |
38 | use crate::server::server_api::workspace::MockWorkspaceClient;
   |                    ^^^^^^^^^^ could not find `server_api` in `server`

error[E0432]: unresolved import `crate::server::server_api`
  --> app/src/code_review/code_review_view_tests.rs:36:20
   |
36 | use crate::server::server_api::ServerApiProvider;
   |                    ^^^^^^^^^^ could not find `server_api` in `server`

error[E0432]: unresolved import `crate::ai::request_usage_model`
  --> app/src/code_review/find_model_tests.rs:15:16
   |
15 | use crate::ai::request_usage_model::AIRequestUsageModel;
   |                ^^^^^^^^^^^^^^^^^^^ could not find `request_usage_model` in `ai`

error[E0433]: failed to resolve: could not find `server_api` in `server`
  --> app/src/code_review/find_model_tests.rs:26:20
   |
26 | use crate::server::server_api::team::MockTeamClient;
   |                    ^^^^^^^^^^ could not find `server_api` in `server`

error[E0433]: failed to resolve: could not find `server_api` in `server`
  --> app/src/code_review/find_model_tests.rs:27:20
   |
27 | use crate::server::server_api::workspace::MockWorkspaceClient;
   |                    ^^^^^^^^^^ could not find `server_api` in `server`

error[E0433]: failed to resolve: could not find `orchestration` in `ai`
  --> app/src/test_util/settings.rs:29:20
   |
29 |     use crate::ai::orchestration::settings::OrchestrationSettings;
   |                    ^^^^^^^^^^^^^ could not find `orchestration` in `ai`

error[E0433]: failed to resolve: could not find `index` in `ai`
 --> app/src/test_util/terminal.rs:1:9
  |
1 | use ai::index::full_source_code_embedding::manager::CodebaseIndexManager;
  |         ^^^^^ could not find `index` in `ai`

error[E0432]: unresolved import `crate::server::server_api`
  --> app/src/code_review/find_model_tests.rs:25:20
   |
25 | use crate::server::server_api::ServerApiProvider;
   |                    ^^^^^^^^^^ could not find `server_api` in `server`

error[E0432]: unresolved import `crate::ai::AIRequestUsageModel`
  --> app/src/test_util/terminal.rs:16:5
   |
16 | use crate::ai::AIRequestUsageModel;
   |     ^^^^^^^^^^^^^^^^^^^^^^^^^^^^^^ no `AIRequestUsageModel` in `ai`

error[E0432]: unresolved import `crate::ai::active_agent_views_model`
  --> app/src/test_util/terminal.rs:17:16
   |
17 | use crate::ai::active_agent_views_model::ActiveAgentViewsModel;
   |                ^^^^^^^^^^^^^^^^^^^^^^^^ could not find `active_agent_views_model` in `ai`

error[E0432]: unresolved import `crate::ai::agent_conversations_model`
  --> app/src/test_util/terminal.rs:18:16
   |
18 | use crate::ai::agent_conversations_model::AgentConversationsModel;
   |                ^^^^^^^^^^^^^^^^^^^^^^^^^ could not find `agent_conversations_model` in `ai`

error[E0433]: failed to resolve: could not find `blocklist` in `ai`
  --> app/src/test_util/terminal.rs:20:16
   |
20 | use crate::ai::blocklist::agent_view::orchestration_pill_bar_model::OrchestrationPillBarModel;
   |                ^^^^^^^^^ could not find `blocklist` in `ai`

error[E0433]: failed to resolve: could not find `blocklist` in `ai`
  --> app/src/test_util/terminal.rs:21:16
   |
21 | use crate::ai::blocklist::local_agent_task_sync_model::LocalAgentTaskSyncModel;
   |                ^^^^^^^^^ could not find `blocklist` in `ai`

error[E0433]: failed to resolve: could not find `blocklist` in `ai`
  --> app/src/test_util/terminal.rs:22:16
   |
22 | use crate::ai::blocklist::orchestration_event_streamer::OrchestrationEventStreamer;
   |                ^^^^^^^^^ could not find `blocklist` in `ai`

error[E0433]: failed to resolve: could not find `blocklist` in `ai`
  --> app/src/test_util/terminal.rs:23:16
   |
23 | use crate::ai::blocklist::orchestration_events::OrchestrationEventService;
   |                ^^^^^^^^^ could not find `blocklist` in `ai`

error[E0432]: unresolved import `crate::ai::agent_tips`
  --> app/src/test_util/terminal.rs:19:16
   |
19 | use crate::ai::agent_tips::AITipModel;
   |                ^^^^^^^^^^ could not find `agent_tips` in `ai`

error[E0433]: failed to resolve: could not find `document` in `ai`
  --> app/src/test_util/terminal.rs:27:16
   |
27 | use crate::ai::document::ai_document_model::AIDocumentModel;
   |                ^^^^^^^^ could not find `document` in `ai`

error[E0433]: failed to resolve: could not find `execution_profiles` in `ai`
  --> app/src/test_util/terminal.rs:28:16
   |
28 | use crate::ai::execution_profiles::profiles::AIExecutionProfilesModel;
   |                ^^^^^^^^^^^^^^^^^^ could not find `execution_profiles` in `ai`

error[E0432]: unresolved import `crate::ai::blocklist`
  --> app/src/test_util/terminal.rs:24:16
   |
24 | use crate::ai::blocklist::{
   |                ^^^^^^^^^ could not find `blocklist` in `ai`

error[E0432]: unresolved import `crate::ai::harness_availability`
  --> app/src/test_util/terminal.rs:29:16
   |
29 | use crate::ai::harness_availability::HarnessAvailabilityModel;
   |                ^^^^^^^^^^^^^^^^^^^^ could not find `harness_availability` in `ai`

error[E0432]: unresolved import `crate::ai::llms`
  --> app/src/test_util/terminal.rs:30:16
   |
30 | use crate::ai::llms::LLMPreferences;
   |                ^^^^ could not find `llms` in `ai`

error[E0432]: unresolved import `crate::ai::outline`
  --> app/src/test_util/terminal.rs:31:16
   |
31 | use crate::ai::outline::RepoOutlines;
   |                ^^^^^^^ could not find `outline` in `ai`

error[E0432]: unresolved import `crate::ai::pricing_promotion`
  --> app/src/test_util/terminal.rs:33:16
   |
33 | use crate::ai::pricing_promotion::PricingPromotionState;
   |                ^^^^^^^^^^^^^^^^^ could not find `pricing_promotion` in `ai`

error[E0432]: unresolved import `crate::ai::restored_conversations`
  --> app/src/test_util/terminal.rs:34:16
   |
34 | use crate::ai::restored_conversations::RestoredAgentConversations;
   |                ^^^^^^^^^^^^^^^^^^^^^^ could not find `restored_conversations` in `ai`

error[E0433]: failed to resolve: could not find `cloud_objects` in `server`
  --> app/src/test_util/terminal.rs:45:20
   |
45 | use crate::server::cloud_objects::listener::Listener;
   |                    ^^^^^^^^^^^^^ could not find `cloud_objects` in `server`

error[E0433]: failed to resolve: could not find `cloud_objects` in `server`
  --> app/src/test_util/terminal.rs:46:20
   |
46 | use crate::server::cloud_objects::update_manager::UpdateManager;
   |                    ^^^^^^^^^^^^^ could not find `cloud_objects` in `server`

error[E0432]: unresolved import `crate::auth::auth_manager`
  --> app/src/test_util/terminal.rs:37:18
   |
37 | use crate::auth::auth_manager::AuthManager;
   |                  ^^^^^^^^^^^^ could not find `auth_manager` in `auth`

error[E0432]: unresolved import `crate::server::server_api`
  --> app/src/test_util/terminal.rs:47:20
   |
47 | use crate::server::server_api::ServerApiProvider;
   |                    ^^^^^^^^^^ could not find `server_api` in `server`

error[E0433]: failed to resolve: could not find `server_api` in `server`
 --> app/src/view_components/find_tests.rs:9:20
  |
9 | use crate::server::server_api::team::MockTeamClient;
  |                    ^^^^^^^^^^ could not find `server_api` in `server`

error[E0433]: failed to resolve: could not find `server_api` in `server`
  --> app/src/view_components/find_tests.rs:10:20
   |
10 | use crate::server::server_api::workspace::MockWorkspaceClient;
   |                    ^^^^^^^^^^ could not find `server_api` in `server`

error[E0433]: failed to resolve: could not find `server_api` in `server`
  --> app/src/editor/view/mod_tests.rs:18:20
   |
18 | use crate::server::server_api::team::MockTeamClient;
   |                    ^^^^^^^^^^ could not find `server_api` in `server`

error[E0433]: failed to resolve: could not find `server_api` in `server`
  --> app/src/editor/view/mod_tests.rs:19:20
   |
19 | use crate::server::server_api::workspace::MockWorkspaceClient;
   |                    ^^^^^^^^^^ could not find `server_api` in `server`

error[E0432]: unresolved import `crate::server::sync_queue`
  --> app/src/test_util/terminal.rs:48:20
   |
48 | use crate::server::sync_queue::SyncQueue;
   |                    ^^^^^^^^^^ could not find `sync_queue` in `server`

error[E0432]: unresolved import `crate::ai::blocklist`
  --> app/src/pane_group/pane/view/header/mod_tests.rs:10:16
   |
10 | use crate::ai::blocklist::BlocklistAIHistoryModel;
   |                ^^^^^^^^^ could not find `blocklist` in `ai`

error[E0433]: failed to resolve: could not find `server_api` in `server`
  --> app/src/pane_group/pane/view/header/mod_tests.rs:17:20
   |
17 | use crate::server::server_api::team::MockTeamClient;
   |                    ^^^^^^^^^^ could not find `server_api` in `server`

error[E0433]: failed to resolve: could not find `server_api` in `server`
  --> app/src/pane_group/pane/view/header/mod_tests.rs:18:20
   |
18 | use crate::server::server_api::workspace::MockWorkspaceClient;
   |                    ^^^^^^^^^^ could not find `server_api` in `server`

error[E0432]: unresolved import `crate::server::server_api`
  --> app/src/pane_group/pane/view/header/mod_tests.rs:16:20
   |
16 | use crate::server::server_api::ServerApiProvider;
   |                    ^^^^^^^^^^ could not find `server_api` in `server`

error[E0433]: failed to resolve: could not find `index` in `ai`
 --> app/src/pane_group/mod_tests.rs:4:9
  |
4 | use ai::index::full_source_code_embedding::manager::CodebaseIndexManager;
  |         ^^^^^ could not find `index` in `ai`

error[E0432]: unresolved import `crate::server::sync_queue`
  --> app/src/pane_group/pane/view/header/mod_tests.rs:19:20
   |
19 | use crate::server::sync_queue::SyncQueue;
   |                    ^^^^^^^^^^ could not find `sync_queue` in `server`

error[E0433]: failed to resolve: could not find `session_sharing_types` in `warp_terminal`
  --> app/src/pane_group/mod_tests.rs:17:20
   |
17 | use warp_terminal::session_sharing_types::common::SessionId;
   |                    ^^^^^^^^^^^^^^^^^^^^^ could not find `session_sharing_types` in `warp_terminal`

error[E0432]: unresolved imports `persistence::model::AgentConversation`, `persistence::model::ConversationUsageMetadata`
 --> app/src/pane_group/mod_tests.rs:9:26
  |
9 | use persistence::model::{AgentConversation, ConversationUsageMetadata};
  |                          ^^^^^^^^^^^^^^^^^  ^^^^^^^^^^^^^^^^^^^^^^^^^ no `ConversationUsageMetadata` in `model`
  |                          |
  |                          no `AgentConversation` in `model`

error[E0432]: unresolved import `crate::ai::AIRequestUsageModel`
  --> app/src/pane_group/mod_tests.rs:30:5
   |
30 | use crate::ai::AIRequestUsageModel;
   |     ^^^^^^^^^^^^^^^^^^^^^^^^^^^^^^ no `AIRequestUsageModel` in `ai`

error[E0433]: failed to resolve: could not find `agent` in `ai`
  --> app/src/pane_group/mod_tests.rs:32:16
   |
32 | use crate::ai::agent::api::ServerConversationToken;
   |                ^^^^^ could not find `agent` in `ai`

error[E0433]: failed to resolve: could not find `agent` in `ai`
  --> app/src/pane_group/mod_tests.rs:33:16
   |
33 | use crate::ai::agent::conversation::{
   |                ^^^^^ could not find `agent` in `ai`

error[E0432]: unresolved import `crate::ai::active_agent_views_model`
  --> app/src/pane_group/mod_tests.rs:31:16
   |
31 | use crate::ai::active_agent_views_model::ActiveAgentViewsModel;
   |                ^^^^^^^^^^^^^^^^^^^^^^^^ could not find `active_agent_views_model` in `ai`

error[E0433]: failed to resolve: could not find `agent_tasks` in `ai`
  --> app/src/pane_group/mod_tests.rs:37:16
   |
37 | use crate::ai::agent_tasks::task::TaskPrincipalInfo;
   |                ^^^^^^^^^^^ could not find `agent_tasks` in `ai`

error[E0432]: unresolved import `crate::ai::agent_conversations_model`
  --> app/src/pane_group/mod_tests.rs:36:16
   |
36 | use crate::ai::agent_conversations_model::AgentConversationsModel;
   |                ^^^^^^^^^^^^^^^^^^^^^^^^^ could not find `agent_conversations_model` in `ai`

error[E0433]: failed to resolve: could not find `blocklist` in `ai`
  --> app/src/pane_group/mod_tests.rs:41:16
   |
41 | use crate::ai::blocklist::agent_view::AgentViewEntryOrigin;
   |                ^^^^^^^^^ could not find `blocklist` in `ai`

error[E0433]: failed to resolve: could not find `blocklist` in `ai`
  --> app/src/pane_group/mod_tests.rs:42:16
   |
42 | use crate::ai::blocklist::history_model::CloudConversationData;
   |                ^^^^^^^^^ could not find `blocklist` in `ai`

error[E0433]: failed to resolve: could not find `blocklist` in `ai`
  --> app/src/pane_group/mod_tests.rs:43:16
   |
43 | use crate::ai::blocklist::local_agent_task_sync_model::LocalAgentTaskSyncModel;
   |                ^^^^^^^^^ could not find `blocklist` in `ai`

error[E0433]: failed to resolve: could not find `blocklist` in `ai`
  --> app/src/pane_group/mod_tests.rs:44:16
   |
44 | use crate::ai::blocklist::orchestration_event_streamer::OrchestrationEventStreamer;
   |                ^^^^^^^^^ could not find `blocklist` in `ai`

error[E0433]: failed to resolve: could not find `blocklist` in `ai`
  --> app/src/pane_group/mod_tests.rs:45:16
   |
45 | use crate::ai::blocklist::orchestration_events::OrchestrationEventService;
   |                ^^^^^^^^^ could not find `blocklist` in `ai`

error[E0433]: failed to resolve: could not find `blocklist` in `ai`
  --> app/src/pane_group/mod_tests.rs:46:16
   |
46 | use crate::ai::blocklist::orchestration_topology::descendant_conversation_ids_in_spawn_order;
   |                ^^^^^^^^^ could not find `blocklist` in `ai`

error[E0432]: unresolved import `crate::ai::agent_tasks`
  --> app/src/pane_group/mod_tests.rs:38:16
   |
38 | use crate::ai::agent_tasks::{
   |                ^^^^^^^^^^^ could not find `agent_tasks` in `ai`

error[E0433]: failed to resolve: could not find `document` in `ai`
  --> app/src/pane_group/mod_tests.rs:48:16
   |
48 | use crate::ai::document::ai_document_model::AIDocumentModel;
   |                ^^^^^^^^ could not find `document` in `ai`

error[E0433]: failed to resolve: could not find `execution_profiles` in `ai`
  --> app/src/pane_group/mod_tests.rs:49:16
   |
49 | use crate::ai::execution_profiles::profiles::AIExecutionProfilesModel;
   |                ^^^^^^^^^^^^^^^^^^ could not find `execution_profiles` in `ai`

error[E0432]: unresolved import `crate::ai::blocklist`
  --> app/src/pane_group/mod_tests.rs:47:16
   |
47 | use crate::ai::blocklist::{BlocklistAIHistoryModel, QueuedQueryModel};
   |                ^^^^^^^^^ could not find `blocklist` in `ai`

error[E0432]: unresolved import `crate::ai::harness_availability`
  --> app/src/pane_group/mod_tests.rs:50:16
   |
50 | use crate::ai::harness_availability::HarnessAvailabilityModel;
   |                ^^^^^^^^^^^^^^^^^^^^ could not find `harness_availability` in `ai`

error[E0432]: unresolved import `crate::ai::llms`
  --> app/src/pane_group/mod_tests.rs:51:16
   |
51 | use crate::ai::llms::LLMPreferences;
   |                ^^^^ could not find `llms` in `ai`

error[E0432]: unresolved import `crate::ai::outline`
  --> app/src/pane_group/mod_tests.rs:52:16
   |
52 | use crate::ai::outline::RepoOutlines;
   |                ^^^^^^^ could not find `outline` in `ai`

error[E0432]: unresolved import `crate::ai::restored_conversations`
  --> app/src/pane_group/mod_tests.rs:54:16
   |
54 | use crate::ai::restored_conversations::RestoredAgentConversations;
   |                ^^^^^^^^^^^^^^^^^^^^^^ could not find `restored_conversations` in `ai`

error[E0432]: unresolved import `crate::auth::auth_manager`
  --> app/src/pane_group/mod_tests.rs:56:18
   |
56 | use crate::auth::auth_manager::AuthManager;
   |                  ^^^^^^^^^^^^ could not find `auth_manager` in `auth`

error[E0433]: failed to resolve: could not find `cloud_objects` in `server`
  --> app/src/pane_group/mod_tests.rs:69:20
   |
69 | use crate::server::cloud_objects::listener::Listener;
   |                    ^^^^^^^^^^^^^ could not find `cloud_objects` in `server`

error[E0433]: failed to resolve: could not find `cloud_objects` in `server`
  --> app/src/pane_group/mod_tests.rs:70:20
   |
70 | use crate::server::cloud_objects::update_manager::UpdateManager;
   |                    ^^^^^^^^^^^^^ could not find `cloud_objects` in `server`

error[E0432]: unresolved import `crate::auth::user`
  --> app/src/pane_group/mod_tests.rs:57:18
   |
57 | use crate::auth::user::TEST_USER_UID;
   |                  ^^^^ could not find `user` in `auth`

error[E0432]: unresolved import `crate::server::ids`
  --> app/src/pane_group/mod_tests.rs:71:20
   |
71 | use crate::server::ids::ServerId;
   |                    ^^^ could not find `ids` in `server`

error[E0433]: failed to resolve: could not find `server_api` in `server`
  --> app/src/pane_group/mod_tests.rs:73:20
   |
73 | use crate::server::server_api::presigned_upload::HttpStatusError;
   |                    ^^^^^^^^^^ could not find `server_api` in `server`

error[E0432]: unresolved import `crate::server::server_api`
  --> app/src/pane_group/mod_tests.rs:72:20
   |
72 | use crate::server::server_api::ServerApiProvider;
   |                    ^^^^^^^^^^ could not find `server_api` in `server`

error[E0433]: failed to resolve: could not find `cloud_objects` in `server`
  --> app/src/search/command_palette/data_sources_tests.rs:24:20
   |
24 | use crate::server::cloud_objects::update_manager::UpdateManager;
   |                    ^^^^^^^^^^^^^ could not find `cloud_objects` in `server`

error[E0432]: unresolved import `crate::server::sync_queue`
  --> app/src/pane_group/mod_tests.rs:74:20
   |
74 | use crate::server::sync_queue::SyncQueue;
   |                    ^^^^^^^^^^ could not find `sync_queue` in `server`

error[E0432]: unresolved import `crate::server::ids`
  --> app/src/search/command_palette/data_sources_tests.rs:25:20
   |
25 | use crate::server::ids::SyncId::{self};
   |                    ^^^ could not find `ids` in `server`

error[E0432]: unresolved import `crate::server::ids`
  --> app/src/search/command_palette/data_sources_tests.rs:26:20
   |
26 | use crate::server::ids::{ObjectUid, ServerId};
   |                    ^^^ could not find `ids` in `server`

error[E0433]: failed to resolve: could not find `server_api` in `server`
  --> app/src/search/command_palette/data_sources_tests.rs:28:20
   |
28 | use crate::server::server_api::team::MockTeamClient;
   |                    ^^^^^^^^^^ could not find `server_api` in `server`

error[E0433]: failed to resolve: could not find `server_api` in `server`
  --> app/src/search/command_palette/data_sources_tests.rs:29:20
   |
29 | use crate::server::server_api::workspace::MockWorkspaceClient;
   |                    ^^^^^^^^^^ could not find `server_api` in `server`

error[E0432]: unresolved import `crate::server::server_api`
  --> app/src/search/command_palette/data_sources_tests.rs:27:20
   |
27 | use crate::server::server_api::ServerApiProvider;
   |                    ^^^^^^^^^^ could not find `server_api` in `server`

error[E0432]: unresolved import `crate::server::sync_queue`
  --> app/src/search/command_palette/data_sources_tests.rs:30:20
   |
30 | use crate::server::sync_queue::SyncQueue;
   |                    ^^^^^^^^^^ could not find `sync_queue` in `server`

error[E0432]: unresolved import `crate::auth::auth_manager`
  --> app/src/search/command_search/searcher_tests.rs:13:18
   |
13 | use crate::auth::auth_manager::AuthManager;
   |                  ^^^^^^^^^^^^ could not find `auth_manager` in `auth`

error[E0433]: failed to resolve: could not find `cloud_objects` in `server`
 --> app/src/search/command_search/view_tests.rs:7:20
  |
7 | use crate::server::cloud_objects::listener::Listener;
  |                    ^^^^^^^^^^^^^ could not find `cloud_objects` in `server`

error[E0433]: failed to resolve: could not find `cloud_objects` in `server`
 --> app/src/search/command_search/view_tests.rs:8:20
  |
8 | use crate::server::cloud_objects::update_manager::UpdateManager;
  |                    ^^^^^^^^^^^^^ could not find `cloud_objects` in `server`

error[E0432]: unresolved import `crate::server::server_api`
  --> app/src/search/command_search/searcher_tests.rs:23:20
   |
23 | use crate::server::server_api::ServerApiProvider;
   |                    ^^^^^^^^^^ could not find `server_api` in `server`

error[E0432]: unresolved import `crate::server::server_api`
 --> app/src/search/command_search/view_tests.rs:9:20
  |
9 | use crate::server::server_api::ServerApiProvider;
  |                    ^^^^^^^^^^ could not find `server_api` in `server`

error[E0433]: failed to resolve: could not find `agent` in `ai`
   --> app/src/tab_configs/session_config_tests.rs:600:16
    |
600 | use crate::ai::agent::conversation::AIConversationId;
    |                ^^^^^ could not find `agent` in `ai`

error[E0433]: failed to resolve: could not find `agent` in `ai`
  --> app/src/terminal/history_tests.rs:14:16
   |
14 | use crate::ai::agent::conversation::AIConversationId;
   |                ^^^^^ could not find `agent` in `ai`

error[E0432]: unresolved import `crate::server::sync_queue`
  --> app/src/search/command_search/view_tests.rs:10:20
   |
10 | use crate::server::sync_queue::SyncQueue;
   |                    ^^^^^^^^^^ could not find `sync_queue` in `server`

error[E0432]: unresolved import `crate::server::server_api`
   --> app/src/terminal/mock_terminal_manager.rs:119:24
    |
119 |     use crate::server::server_api::ServerApiProvider;
    |                        ^^^^^^^^^^ could not find `server_api` in `server`

error[E0433]: failed to resolve: could not find `agent` in `ai`
  --> app/src/terminal/model/terminal_model_tests.rs:15:16
   |
15 | use crate::ai::agent::conversation::AIConversationId;
   |                ^^^^^ could not find `agent` in `ai`

error[E0433]: failed to resolve: could not find `cloud_object` in the crate root
  --> app/src/code/editor/view/vim_handler_tests.rs:26:12
   |
26 | use crate::cloud_object::model::persistence::CloudModel;
   |            ^^^^^^^^^^^^ could not find `cloud_object` in the crate root

error[E0433]: failed to resolve: could not find `editor` in `notebooks`
  --> app/src/code/editor/view/vim_handler_tests.rs:30:23
   |
30 | use crate::notebooks::editor::keys::NotebookKeybindings;
   |                       ^^^^^^ could not find `editor` in `notebooks`

error: unused import: `SkillTelemetryEvent`
 --> app/src/ai/skills/mod.rs:7:38
  |
7 | pub use telemetry::{SkillOpenOrigin, SkillTelemetryEvent};
  |                                      ^^^^^^^^^^^^^^^^^^^
  |
  = note: `-D unused-imports` implied by `-D warnings`
  = help: to override `-D warnings` add `#[allow(unused_imports)]`

error: unused import: `skill_utils::skill_path_from_location`
  --> app/src/ai/skills/mod.rs:53:9
   |
53 | pub use skill_utils::skill_path_from_location;
   |         ^^^^^^^^^^^^^^^^^^^^^^^^^^^^^^^^^^^^^

error[E0433]: failed to resolve: unresolved import
  --> app/src/code/editor/view/vim_handler_tests.rs:39:12
   |
39 | use crate::workspaces::user_workspaces::UserWorkspaces;
   |            ^^^^^^^^^^
   |            |
   |            unresolved import
   |            help: a similar path exists: `persistence::schema::workspaces`

error: unused imports: `SkillWatcher` and `read_skills_from_directories`
  --> app/src/ai/skills/mod.rs:80:13
   |
80 |             read_skills_from_directories, SkillManager, SkillWatcher,
   |             ^^^^^^^^^^^^^^^^^^^^^^^^^^^^                ^^^^^^^^^^^^

error: unused import: `ai::paths`
 --> app/src/ai/mod.rs:6:16
  |
6 | pub(crate) use ai::paths;
  |                ^^^^^^^^^

error[E0433]: failed to resolve: could not find `cloud_object` in the crate root
  --> app/src/code/editor/view/view_tests.rs:13:12
   |
13 | use crate::cloud_object::model::persistence::CloudModel;
   |            ^^^^^^^^^^^^ could not find `cloud_object` in the crate root

error[E0433]: failed to resolve: could not find `editor` in `notebooks`
  --> app/src/code/editor/view/view_tests.rs:15:23
   |
15 | use crate::notebooks::editor::keys::NotebookKeybindings;
   |                       ^^^^^^ could not find `editor` in `notebooks`

error[E0433]: failed to resolve: unresolved import
  --> app/src/code/editor/view/view_tests.rs:23:12
   |
23 | use crate::workspaces::user_workspaces::UserWorkspaces;
   |            ^^^^^^^^^^
   |            |
   |            unresolved import
   |            help: a similar path exists: `persistence::schema::workspaces`

error[E0433]: failed to resolve: unresolved import
  --> app/src/code/file_tree/view/view_tests.rs:26:12
   |
26 | use crate::workspaces::user_workspaces::UserWorkspaces;
   |            ^^^^^^^^^^
   |            |
   |            unresolved import
   |            help: a similar path exists: `persistence::schema::workspaces`

error: unused imports: `AuthState` and `LocalAuthStateProvider`
 --> app/src/auth/mod.rs:4:22
  |
4 | pub use auth_state::{AuthState, AuthStateProvider, LocalAuthStateProvider};
  |                      ^^^^^^^^^                     ^^^^^^^^^^^^^^^^^^^^^^

error[E0432]: unresolved import `crate::ai::agent`
 --> app/src/terminal/model/blocks_tests.rs:9:16
  |
9 | use crate::ai::agent::AIAgentActionId;
  |                ^^^^^ could not find `agent` in `ai`

error: unused import: `super::lsp_telemetry::LspTelemetryEvent`
  --> app/src/code/language_server_extension.rs:20:5
   |
20 | use super::lsp_telemetry::LspTelemetryEvent;
   |     ^^^^^^^^^^^^^^^^^^^^^^^^^^^^^^^^^^^^^^^

error: unused import: `warp_core::features::FeatureFlag`
  --> app/src/code/local_code_editor.rs:32:5
   |
32 | use warp_core::features::FeatureFlag;
   |     ^^^^^^^^^^^^^^^^^^^^^^^^^^^^^^^^

error: unused import: `super::lsp_telemetry::LspTelemetryEvent`
  --> app/src/code/local_code_editor.rs:95:5
   |
95 | use super::lsp_telemetry::LspTelemetryEvent;
   |     ^^^^^^^^^^^^^^^^^^^^^^^^^^^^^^^^^^^^^^^

error[E0433]: failed to resolve: could not find `cloud_object` in the crate root
  --> app/src/code_review/code_review_view_tests.rs:21:12
   |
21 | use crate::cloud_object::model::persistence::CloudModel;
   |            ^^^^^^^^^^^^ could not find `cloud_object` in the crate root

error[E0433]: failed to resolve: unresolved import
  --> app/src/code_review/code_review_view_tests.rs:45:12
   |
45 | use crate::workspaces::user_workspaces::UserWorkspaces;
   |            ^^^^^^^^^^
   |            |
   |            unresolved import
   |            help: a similar path exists: `persistence::schema::workspaces`

error[E0432]: unresolved import `crate::NotebookKeybindings`
  --> app/src/code_review/code_review_view_tests.rs:17:5
   |
17 | use crate::NotebookKeybindings;
   |     ^^^^^^^^^^^^^^^^^^^^^^^^^^ no `NotebookKeybindings` in the root

error: unused imports: `FindOption` and `TelemetryEvent`
  --> app/src/code/editor/find/view.rs:32:32
   |
32 | use crate::server::telemetry::{FindOption, TelemetryEvent};
   |                                ^^^^^^^^^^  ^^^^^^^^^^^^^^

error[E0433]: failed to resolve: could not find `cloud_object` in the crate root
  --> app/src/code_review/find_model_tests.rs:17:12
   |
17 | use crate::cloud_object::model::persistence::CloudModel;
   |            ^^^^^^^^^^^^ could not find `cloud_object` in the crate root

error[E0433]: failed to resolve: unresolved import
  --> app/src/code_review/find_model_tests.rs:33:12
   |
33 | use crate::workspaces::user_workspaces::UserWorkspaces;
   |            ^^^^^^^^^^
   |            |
   |            unresolved import
   |            help: a similar path exists: `persistence::schema::workspaces`

error[E0432]: unresolved import `crate::NotebookKeybindings`
  --> app/src/code_review/find_model_tests.rs:14:5
   |
14 | use crate::NotebookKeybindings;
   |     ^^^^^^^^^^^^^^^^^^^^^^^^^^ no `NotebookKeybindings` in the root

error[E0432]: unresolved import `crate::workspace::view::tests`
 --> app/src/local_control/handlers/layout_tests.rs:7:29
  |
7 | use crate::workspace::view::tests::{initialize_app, mock_workspace};
  |                             ^^^^^ could not find `tests` in `view`

error[E0433]: failed to resolve: could not find `drive` in the crate root
  --> app/src/test_util/settings.rs:30:16
   |
30 |     use crate::drive::settings::WarpDriveSettings;
   |                ^^^^^ could not find `drive` in the crate root

error: unused import: `compute_unified_diff`
  --> app/src/code/editor/mod.rs:19:34
   |
19 | pub(crate) use diff::{add_color, compute_unified_diff, remove_color};
   |                                  ^^^^^^^^^^^^^^^^^^^^

error: unused import: `ModelContext`
 --> app/src/code/editor_management.rs:8:44
  |
8 | use warpui::{AppContext, Entity, EntityId, ModelContext, SingletonEntity, ViewHandle, WindowId};
  |                                            ^^^^^^^^^^^^

error[E0432]: unresolved import `warp_multi_agent_api`
 --> app/src/test_util/ai_agent_tasks.rs:1:5
  |
1 | use warp_multi_agent_api as api;
  |     ^^^^^^^^^^^^^^^^^^^^^^^^^^^ no external crate `warp_multi_agent_api`

error: unused import: `crate::server::telemetry::CodePanelsFileOpenEntrypoint`
  --> app/src/code/file_tree/view.rs:47:5
   |
47 | use crate::server::telemetry::CodePanelsFileOpenEntrypoint;
   |     ^^^^^^^^^^^^^^^^^^^^^^^^^^^^^^^^^^^^^^^^^^^^^^^^^^^^^^

error: unused import: `crate::server::telemetry::TelemetryEvent`
  --> app/src/code/file_tree/view.rs:48:5
   |
48 | use crate::server::telemetry::TelemetryEvent;
   |     ^^^^^^^^^^^^^^^^^^^^^^^^^^^^^^^^^^^^^^^^

error: unused import: `crate::server::telemetry::TelemetryEvent`
  --> app/src/code/file_tree/view/editing.rs:20:5
   |
20 | use crate::server::telemetry::TelemetryEvent;
   |     ^^^^^^^^^^^^^^^^^^^^^^^^^^^^^^^^^^^^^^^^

error[E0433]: failed to resolve: could not find `warpify` in `terminal`
  --> app/src/test_util/settings.rs:50:26
   |
50 |     use crate::terminal::warpify::settings::WarpifySettings;
   |                          ^^^^^^^ could not find `warpify` in `terminal`

error[E0433]: failed to resolve: use of unresolved module or unlinked crate `warp_server_client`
 --> app/src/test_util/terminal.rs:9:5
  |
9 | use warp_server_client::iap::IapManager;
  |     ^^^^^^^^^^^^^^^^^^ use of unresolved module or unlinked crate `warp_server_client`
  |
  = help: if you wanted to use a crate named `warp_server_client`, use `cargo add warp_server_client` to add it to your `Cargo.toml`

error: unused imports: `LspControlActionType`, `LspEnablementSource`, and `LspTelemetryEvent`
  --> app/src/code/footer.rs:38:34
   |
38 | use crate::code::lsp_telemetry::{LspControlActionType, LspEnablementSource, LspTelemetryEvent};
   |                                  ^^^^^^^^^^^^^^^^^^^^  ^^^^^^^^^^^^^^^^^^^  ^^^^^^^^^^^^^^^^^

error[E0432]: unresolved imports `crate::settings::AISettings`, `crate::settings::CloudPreferencesSettings`, `crate::settings::SharedObjectLimitBannerSettings`
  --> app/src/test_util/settings.rs:35:9
   |
35 |         AISettings, AccessibilitySettings, AliasExpansionSettings, AppEditorSettings,
   |         ^^^^^^^^^^ no `AISettings` in `settings`
36 |         BlockVisibilitySettings, ChangelogSettings, CloudPreferencesSettings, CodeSettings,
   |                                                     ^^^^^^^^^^^^^^^^^^^^^^^^ no `CloudPreferencesSettings` in `settings`
...
40 |         SharedObjectLimitBannerSettings, SshSettings, ThemeSettings, TuiVoiceSettings,
   |         ^^^^^^^^^^^^^^^^^^^^^^^^^^^^^^^ no `SharedObjectLimitBannerSettings` in `settings`
   |
help: a similar name exists in the module
   |
35 -         AISettings, AccessibilitySettings, AliasExpansionSettings, AppEditorSettings,
35 +         Settings, AccessibilitySettings, AliasExpansionSettings, AppEditorSettings,
   |
help: a similar name exists in the module
   |
36 -         BlockVisibilitySettings, ChangelogSettings, CloudPreferencesSettings, CodeSettings,
36 +         BlockVisibilitySettings, ChangelogSettings, NativePreferenceSettings, CodeSettings,
   |

error: unused import: `warp_core::features::FeatureFlag`
 --> app/src/code/view.rs:9:5
  |
9 | use warp_core::features::FeatureFlag;
  |     ^^^^^^^^^^^^^^^^^^^^^^^^^^^^^^^^

error: unused import: `CodeManager`
  --> app/src/code/view.rs:36:32
   |
36 | use super::editor_management::{CodeManager, CodeSource};
   |                                ^^^^^^^^^^^

error: unused import: `WorkspaceAction`
  --> app/src/code/view.rs:66:73
   |
66 | use crate::workspace::{ActiveSession, TabBarDropTargetData, ToastStack, WorkspaceAction};
   |                                                                         ^^^^^^^^^^^^^^^

error: unused import: `TelemetryEvent`
  --> app/src/code/view.rs:67:13
   |
67 | use crate::{TelemetryEvent, send_telemetry_from_ctx};
   |             ^^^^^^^^^^^^^^

error[E0433]: failed to resolve: could not find `cloud_object` in the crate root
  --> app/src/test_util/terminal.rs:39:12
   |
39 | use crate::cloud_object::model::persistence::CloudModel;
   |            ^^^^^^^^^^^^ could not find `cloud_object` in the crate root

error: unused import: `crate::TelemetryEvent`
  --> app/src/code_review/code_review_view.rs:63:5
   |
63 | use crate::TelemetryEvent;
   |     ^^^^^^^^^^^^^^^^^^^^^

error: unused import: `convert_file_diffs_to_diffset_hunks`
  --> app/src/code_review/code_review_view.rs:86:58
   |
86 | use crate::code_review::context::{CurrentHead, DiffBase, convert_file_diffs_to_diffset_hunks};
   |                                                          ^^^^^^^^^^^^^^^^^^^^^^^^^^^^^^^^^^^

error: unused import: `crate::code_review::telemetry_event::DiffSetContextScope`
  --> app/src/code_review/code_review_view.rs:98:5
   |
98 | use crate::code_review::telemetry_event::DiffSetContextScope;
   |     ^^^^^^^^^^^^^^^^^^^^^^^^^^^^^^^^^^^^^^^^^^^^^^^^^^^^^^^^

error: unused imports: `AddToContextOrigin`, `CodeReviewContextDestination`, `CodeReviewTelemetryEvent`, and `GitButtonKind`
   --> app/src/code_review/code_review_view.rs:100:5
    |
100 |     AddToContextOrigin, CodeReviewContextDestination, CodeReviewTelemetryEvent, GitButtonKind,
    |     ^^^^^^^^^^^^^^^^^^  ^^^^^^^^^^^^^^^^^^^^^^^^^^^^  ^^^^^^^^^^^^^^^^^^^^^^^^  ^^^^^^^^^^^^^

error: unused import: `crate::server::telemetry::CodePanelsFileOpenEntrypoint`
   --> app/src/code_review/code_review_view.rs:112:5
    |
112 | use crate::server::telemetry::CodePanelsFileOpenEntrypoint;
    |     ^^^^^^^^^^^^^^^^^^^^^^^^^^^^^^^^^^^^^^^^^^^^^^^^^^^^^^

error: unused import: `crate::view_components::DismissibleToast`
   --> app/src/code_review/code_review_view.rs:133:5
    |
133 | use crate::view_components::DismissibleToast;
    |     ^^^^^^^^^^^^^^^^^^^^^^^^^^^^^^^^^^^^^^^^

error[E0433]: failed to resolve: could not find `context_chips` in the crate root
  --> app/src/test_util/terminal.rs:41:12
   |
41 | use crate::context_chips::prompt::Prompt;
   |            ^^^^^^^^^^^^^ could not find `context_chips` in the crate root

error[E0432]: unresolved import `crate::AgentNotificationsModel`
  --> app/src/test_util/terminal.rs:15:5
   |
15 | use crate::AgentNotificationsModel;
   |     ^^^^^^^^^^^^^^^^^^^^^^^^^^^^^^ no `AgentNotificationsModel` in the root

error[E0432]: unresolved import `crate::pricing`
  --> app/src/test_util/terminal.rs:43:12
   |
43 | use crate::pricing::PricingInfoModel;
   |            ^^^^^^^ could not find `pricing` in the crate root

error[E0432]: unresolved import `crate::terminal::cli_agent_sessions`
  --> app/src/test_util/terminal.rs:54:22
   |
54 | use crate::terminal::cli_agent_sessions::CLIAgentSessionsModel;
   |                      ^^^^^^^^^^^^^^^^^^ could not find `cli_agent_sessions` in `terminal`

error: empty lines after doc comment
    --> app/src/code_review/code_review_view.rs:4068:5
     |
4068 | /     /// them to an available terminal.
4069 | |
4070 | |     /// Called by the routing layer (RightPanelView) after attempting to submit review
4071 | |     /// comments to a terminal.
4072 | |
4073 | |     /// TODO(CODE-1649): de-duplicate entries in the diff set.
4074 | |
     | |_^
4075 |       /// Renders additions and deletions counts
4076 |       pub fn render_additions_and_deletions(
     |       ------------------------------------- the comment documents this function
     |
     = help: for further information visit https://rust-lang.github.io/rust-clippy/rust-1.92.0/index.html#empty_line_after_doc_comments
     = note: `-D clippy::empty-line-after-doc-comments` implied by `-D warnings`
     = help: to override `-D warnings` add `#[allow(clippy::empty_line_after_doc_comments)]`
     = help: if the empty lines are unintentional, remove them
help: if the documentation should include the empty lines include them in the comment
     |
4069 +     ///
4070 |     /// Called by the routing layer (RightPanelView) after attempting to submit review
4071 |     /// comments to a terminal.
4072 +     ///
4073 |     /// TODO(CODE-1649): de-duplicate entries in the diff set.
4074 +     ///
     |

error[E0432]: unresolved import `crate::terminal::keys`
  --> app/src/test_util/terminal.rs:55:22
   |
55 | use crate::terminal::keys::TerminalKeybindings;
   |                      ^^^^ could not find `keys` in `terminal`

error: empty line after doc comment
    --> app/src/code_review/code_review_view.rs:5485:5
     |
5485 | /     /// Insert diff hunk as an inline attachment in the terminal input
5486 | |
     | |_^
5487 |       /// Extract diff hunk data for the given file and line range
5488 |       fn extract_diff_hunk_data(
     |       ------------------------- the comment documents this function
     |
     = help: for further information visit https://rust-lang.github.io/rust-clippy/rust-1.92.0/index.html#empty_line_after_doc_comments
     = help: if the empty line is unintentional, remove it
help: if the documentation should include the empty line include it in the comment
     |
5486 |     ///
     |

error: unused import: `string_offset::CharOffset`
 --> app/src/code_review/comment_list_view.rs:6:5
  |
6 | use string_offset::CharOffset;
  |     ^^^^^^^^^^^^^^^^^^^^^^^^^

error: unused import: `vec1::vec1`
 --> app/src/code_review/comment_list_view.rs:7:5
  |
7 | use vec1::vec1;
  |     ^^^^^^^^^^

error: unused import: `warpui::keymap::Keystroke`
  --> app/src/code_review/comment_list_view.rs:28:5
   |
28 | use warpui::keymap::Keystroke;
   |     ^^^^^^^^^^^^^^^^^^^^^^^^^

error: unused import: `warpui::units::Pixels`
  --> app/src/code_review/comment_list_view.rs:32:5
   |
32 | use warpui::units::Pixels;
   |     ^^^^^^^^^^^^^^^^^^^^^

error: unused import: `crate::code::editor::comment_editor::DEFAULT_COMMENT_MAX_WIDTH`
  --> app/src/code_review/comment_list_view.rs:40:5
   |
40 | use crate::code::editor::comment_editor::DEFAULT_COMMENT_MAX_WIDTH;
   |     ^^^^^^^^^^^^^^^^^^^^^^^^^^^^^^^^^^^^^^^^^^^^^^^^^^^^^^^^^^^^^^

error: unused import: `crate::code_review::telemetry_event::CodeReviewTelemetryEvent`
  --> app/src/code_review/comment_list_view.rs:48:5
   |
48 | use crate::code_review::telemetry_event::CodeReviewTelemetryEvent;
   |     ^^^^^^^^^^^^^^^^^^^^^^^^^^^^^^^^^^^^^^^^^^^^^^^^^^^^^^^^^^^^^

error: unused imports: `KeystrokeSource` and `PrimaryTheme`
  --> app/src/code_review/comment_list_view.rs:54:50
   |
54 |     ActionButton, ActionButtonTheme, ButtonSize, KeystrokeSource, NakedTheme, PrimaryTheme,
   |                                                  ^^^^^^^^^^^^^^^              ^^^^^^^^^^^^

error[E0433]: failed to resolve: unresolved import
  --> app/src/test_util/terminal.rs:63:12
   |
63 | use crate::workspaces::team_tester::TeamTesterStatus;
   |            ^^^^^^^^^^
   |            |
   |            unresolved import
   |            help: a similar path exists: `persistence::schema::workspaces`

error: empty lines after doc comment
   --> app/src/code_review/comment_list_view.rs:835:5
    |
835 | /     /// Whether the queued review comments can currently be sent to an agent.
836 | |
837 | |     /// Keep the stored "Send to Agent" button's enabled state and tooltip in sync with the current
838 | |     /// destination / comment / AI-availability state.
839 | |
840 | |     /// Computes the tooltip text for the send button based on current state.
841 | |
    | |_^
842 |       fn render_comment(
    |       ----------------- the comment documents this function
    |
    = help: for further information visit https://rust-lang.github.io/rust-clippy/rust-1.92.0/index.html#empty_line_after_doc_comments
    = help: if the empty lines are unintentional, remove them

error: unused import: `CodeReviewTelemetryEvent`
  --> app/src/code_review/diff_state/local.rs:36:26
   |
36 | use crate::code_review::{CodeReviewTelemetryEvent, git_actions, is_file_autogenerated};
   |                          ^^^^^^^^^^^^^^^^^^^^^^^^

error: unused import: `super::DiffOperation`
  --> app/src/code_review/diff_state/local.rs:66:5
   |
66 | use super::DiffOperation;
   |     ^^^^^^^^^^^^^^^^^^^^

error[E0433]: failed to resolve: unresolved import
  --> app/src/test_util/terminal.rs:64:12
   |
64 | use crate::workspaces::update_manager::TeamUpdateManager;
   |            ^^^^^^^^^^
   |            |
   |            unresolved import
   |            help: a similar path exists: `persistence::schema::workspaces`

error: empty line after doc comment
    --> app/src/code_review/diff_state/local.rs:1373:5
     |
1373 | /     /// Generates an AI commit message for the working tree and emits `CommitMessageGenerated`.
1374 | |
     | |_^
...
1378 |       fn interactive_path_future(
     |       -------------------------- the comment documents this function
     |
     = help: for further information visit https://rust-lang.github.io/rust-clippy/rust-1.92.0/index.html#empty_line_after_doc_comments
     = help: if the empty line is unintentional, remove it
help: if the documentation should include the empty line include it in the comment
     |
1374 |     ///
     |

error[E0433]: failed to resolve: unresolved import
  --> app/src/test_util/terminal.rs:65:12
   |
65 | use crate::workspaces::user_workspaces::UserWorkspaces;
   |            ^^^^^^^^^^
   |            |
   |            unresolved import
   |            help: a similar path exists: `persistence::schema::workspaces`

error[E0433]: failed to resolve: unresolved import
  --> app/src/view_components/find_tests.rs:15:12
   |
15 | use crate::workspaces::user_workspaces::UserWorkspaces;
   |            ^^^^^^^^^^
   |            |
   |            unresolved import
   |            help: a similar path exists: `persistence::schema::workspaces`

error: unused import: `crate::code_review::telemetry_event::CodeReviewTelemetryEvent`
  --> app/src/code_review/find_model.rs:20:5
   |
20 | use crate::code_review::telemetry_event::CodeReviewTelemetryEvent;
   |     ^^^^^^^^^^^^^^^^^^^^^^^^^^^^^^^^^^^^^^^^^^^^^^^^^^^^^^^^^^^^^

error: unused import: `warp_core::features::FeatureFlag`
  --> app/src/code_review/git_dialog/mod.rs:13:5
   |
13 | use warp_core::features::FeatureFlag;
   |     ^^^^^^^^^^^^^^^^^^^^^^^^^^^^^^^^

error: unused imports: `CodeReviewTelemetryEvent` and `GitDialogStatus`
  --> app/src/code_review/git_dialog/mod.rs:36:5
   |
36 |     CodeReviewTelemetryEvent, GitDialogStatus, GitOperationKind,
   |     ^^^^^^^^^^^^^^^^^^^^^^^^  ^^^^^^^^^^^^^^^

error: unused import: `CodeReviewTelemetryEvent`
  --> app/src/code_review/git_dialog/commit.rs:25:5
   |
25 |     CodeReviewTelemetryEvent, GitDialogStatus, GitOperationKind,
   |     ^^^^^^^^^^^^^^^^^^^^^^^^

error[E0433]: failed to resolve: unresolved import
  --> app/src/editor/view/mod_tests.rs:24:12
   |
24 | use crate::workspaces::user_workspaces::UserWorkspaces;
   |            ^^^^^^^^^^
   |            |
   |            unresolved import
   |            help: a similar path exists: `persistence::schema::workspaces`

error: unused imports: `CodeReviewTelemetryEvent` and `GitOperationKind`
  --> app/src/code_review/git_dialog/pr.rs:20:5
   |
20 |     CodeReviewTelemetryEvent, GitDialogStatus, GitOperationKind,
   |     ^^^^^^^^^^^^^^^^^^^^^^^^                   ^^^^^^^^^^^^^^^^

error: unused imports: `CodeReviewTelemetryEvent` and `GitOperationKind`
  --> app/src/code_review/git_dialog/push.rs:28:5
   |
28 |     CodeReviewTelemetryEvent, GitDialogStatus, GitOperationKind,
   |     ^^^^^^^^^^^^^^^^^^^^^^^^                   ^^^^^^^^^^^^^^^^

error[E0432]: unresolved import `crate::workspace::OneTimeModalModel`
  --> app/src/test_util/terminal.rs:62:39
   |
62 | use crate::workspace::{ActiveSession, OneTimeModalModel, WorkspaceRegistry};
   |                                       ^^^^^^^^^^^^^^^^^ no `OneTimeModalModel` in `workspace`

error[E0432]: unresolved import `crate::drive`
 --> app/src/launch_configs/launch_config_tests.rs:8:12
  |
8 | use crate::drive::OpenWarpDriveObjectSettings;
  |            ^^^^^ could not find `drive` in the crate root

error: unused import: `warpui::units::Pixels`
  --> app/src/code_review/comment_rendering.rs:22:5
   |
22 | use warpui::units::Pixels;
   |     ^^^^^^^^^^^^^^^^^^^^^

error[E0433]: failed to resolve: could not find `cloud_object` in the crate root
  --> app/src/pane_group/pane/view/header/mod_tests.rs:12:12
   |
12 | use crate::cloud_object::model::persistence::CloudModel;
   |            ^^^^^^^^^^^^ could not find `cloud_object` in the crate root

error: unused import: `PendingImportedReviewCommentTarget`
  --> app/src/code_review/comments/mod.rs:14:35
   |
14 |     PendingImportedReviewComment, PendingImportedReviewCommentTarget,
   |                                   ^^^^^^^^^^^^^^^^^^^^^^^^^^^^^^^^^^

error[E0433]: failed to resolve: unresolved import
  --> app/src/pane_group/pane/view/header/mod_tests.rs:22:12
   |
22 | use crate::workspaces::team_tester::TeamTesterStatus;
   |            ^^^^^^^^^^
   |            |
   |            unresolved import
   |            help: a similar path exists: `persistence::schema::workspaces`

error: unused import: `SingletonEntity`
  --> app/src/completer/mod.rs:22:26
   |
22 | use warpui::{AppContext, SingletonEntity};
   |                          ^^^^^^^^^^^^^^^

error: unused import: `EnvVarCommand`
 --> app/src/env_vars/mod.rs:6:43
  |
6 | pub use model::{EnvVar, EnvVarCollection, EnvVarCommand, EnvVarValue};
  |                                           ^^^^^^^^^^^^^

error[E0432]: unresolved import `cloud_object_client`
 --> app/src/pane_group/pane/view/header/mod_tests.rs:3:5
  |
3 | use cloud_object_client::MockObjectClient;
  |     ^^^^^^^^^^^^^^^^^^^ use of unresolved module or unlinked crate `cloud_object_client`
  |
  = help: if you wanted to use a crate named `cloud_object_client`, use `cargo add cloud_object_client` to add it to your `Cargo.toml`

error[E0433]: failed to resolve: use of unresolved module or unlinked crate `warp_server_client`
  --> app/src/pane_group/mod_tests.rs:16:5
   |
16 | use warp_server_client::iap::IapManager;
   |     ^^^^^^^^^^^^^^^^^^ use of unresolved module or unlinked crate `warp_server_client`
   |
   = help: if you wanted to use a crate named `warp_server_client`, use `cargo add warp_server_client` to add it to your `Cargo.toml`

error[E0433]: failed to resolve: could not find `child_agent` in `super`
  --> app/src/pane_group/mod_tests.rs:24:12
   |
24 | use super::child_agent::restoration::is_stale_ancestor_list_completion;
   |            ^^^^^^^^^^^ could not find `child_agent` in `super`

error[E0432]: unresolved imports `crate::UpdateManager`, `crate::UserProfiles`, `crate::UserWorkspaces`
  --> app/src/pane_group/pane/view/header/mod_tests.rs:23:28
   |
23 | use crate::{NetworkStatus, UpdateManager, UserProfiles, UserWorkspaces};
   |                            ^^^^^^^^^^^^^  ^^^^^^^^^^^^  ^^^^^^^^^^^^^^ no `UserWorkspaces` in the root
   |                            |              |
   |                            |              no `UserProfiles` in the root
   |                            no `UpdateManager` in the root
   |                            help: a similar name exists in the module: `CodeManager`
   |
   = note: unresolved item `crate::editor::view::tests::vim_handler_tests::UserWorkspaces` exists but is inaccessible

error[E0433]: failed to resolve: could not find `cloud_object` in the crate root
  --> app/src/pane_group/mod_tests.rs:59:12
   |
59 | use crate::cloud_object::model::persistence::CloudModel;
   |            ^^^^^^^^^^^^ could not find `cloud_object` in the crate root

error: unused import: `Notebook`
 --> app/src/notebooks/mod.rs:5:17
  |
5 | pub use model::{Notebook, NotebookId, NotebookLocation};
  |                 ^^^^^^^^

error: unused import: `crate::util::openable_file_type::renders_in_warp_notebook_viewer`
 --> app/src/notebooks/mod.rs:7:9
  |
7 | pub use crate::util::openable_file_type::renders_in_warp_notebook_viewer;
  |         ^^^^^^^^^^^^^^^^^^^^^^^^^^^^^^^^^^^^^^^^^^^^^^^^^^^^^^^^^^^^^^^^

error[E0432]: unresolved import `super::child_agent`
  --> app/src/pane_group/mod_tests.rs:25:12
   |
25 | use super::child_agent::{
   |            ^^^^^^^^^^^ could not find `child_agent` in `super`

error: unused import: `sqlite::database_file_path_for_current_scope`
  --> app/src/persistence/mod.rs:31:9
   |
31 | pub use sqlite::database_file_path_for_current_scope;
   |         ^^^^^^^^^^^^^^^^^^^^^^^^^^^^^^^^^^^^^^^^^^^^

error: unused import: `sqlite::establish_ro_connection`
  --> app/src/persistence/mod.rs:38:9
   |
38 | pub use sqlite::establish_ro_connection;
   |         ^^^^^^^^^^^^^^^^^^^^^^^^^^^^^^^

error: unused import: `crate::workspace::Workspace`
  --> app/src/quit_warning/mod.rs:19:5
   |
19 | use crate::workspace::Workspace;
   |     ^^^^^^^^^^^^^^^^^^^^^^^^^^^

error: unused import: `TelemetryEvent`
  --> app/src/quit_warning/mod.rs:20:13
   |
20 | use crate::{TelemetryEvent, send_telemetry_from_app_ctx};
   |             ^^^^^^^^^^^^^^

error: unused import: `TelemetryEvent`
  --> app/src/system/info.rs:16:13
   |
16 | use crate::{TelemetryEvent, send_telemetry_from_app_ctx, send_telemetry_sync_from_ctx};
   |             ^^^^^^^^^^^^^^

error[E0433]: failed to resolve: could not find `context_chips` in the crate root
  --> app/src/pane_group/mod_tests.rs:61:12
   |
61 | use crate::context_chips::prompt::Prompt;
   |            ^^^^^^^^^^^^^ could not find `context_chips` in the crate root

error[E0433]: failed to resolve: could not find `editor` in `notebooks`
  --> app/src/pane_group/mod_tests.rs:63:23
   |
63 | use crate::notebooks::editor::keys::NotebookKeybindings;
   |                       ^^^^^^ could not find `editor` in `notebooks`

error: unused imports: `TipsEvent` and `TipsView`
 --> app/src/tips/mod.rs:6:20
  |
6 | pub use tip_view::{TipsEvent, TipsView};
  |                    ^^^^^^^^^  ^^^^^^^^

error: unused import: `ParentElement`
 --> app/src/ui_components/icon_with_status.rs:4:60
  |
4 | use warpui::elements::{ConstrainedBox, Container, Element, ParentElement};
  |                                                            ^^^^^^^^^^^^^

error[E0432]: unresolved import `crate::cloud_object`
  --> app/src/pane_group/mod_tests.rs:60:12
   |
60 | use crate::cloud_object::{Owner, Revision, ServerMetadata, ServerPermissions};
   |            ^^^^^^^^^^^^ could not find `cloud_object` in the crate root

error[E0432]: unresolved import `crate::pricing`
  --> app/src/pane_group/mod_tests.rs:66:12
   |
66 | use crate::pricing::PricingInfoModel;
   |            ^^^^^^^ could not find `pricing` in the crate root

error[E0432]: unresolved import `crate::terminal::cli_agent_sessions`
  --> app/src/pane_group/mod_tests.rs:80:22
   |
80 | use crate::terminal::cli_agent_sessions::CLIAgentSessionsModel;
   |                      ^^^^^^^^^^^^^^^^^^ could not find `cli_agent_sessions` in `terminal`

error: unused import: `ModelHandle`
 --> app/src/undo_close/stack.rs:5:67
  |
5 |     AppContext, ClosedWindowData, Entity, EntityId, ModelContext, ModelHandle, SingletonEntity,
  |                                                                   ^^^^^^^^^^^

error: unused imports: `TelemetryEvent` and `UndoCloseItemType`
  --> app/src/undo_close/stack.rs:13:32
   |
13 | use crate::server::telemetry::{TelemetryEvent, UndoCloseItemType};
   |                                ^^^^^^^^^^^^^^  ^^^^^^^^^^^^^^^^^

error: unused import: `Workspace`
  --> app/src/uri/mod.rs:16:41
   |
16 | use crate::workspace::{PaneViewLocator, Workspace, WorkspaceAction, WorkspaceRegistry};
   |                                         ^^^^^^^^^

error: empty lines after outer attribute
   --> app/src/user_config/native.rs:145:5
    |
145 | /     #[cfg(feature = "local_fs")]
146 | |
147 | |     /// Deletes a custom model router file from disk.
148 | |     /// The filesystem watcher in [`Self::handle_warp_managed_paths_event`] will
149 | |     /// pick up the deletion and reload `custom_model_routers`.
150 | |     #[cfg(feature = "local_fs")]
151 | |
    | |_^
...
155 |       pub fn save_new_launch_config(
    |       ----------------------------- the attribute applies to this function
    |
    = help: for further information visit https://rust-lang.github.io/rust-clippy/rust-1.92.0/index.html#empty_line_after_outer_attr
    = note: `-D clippy::empty-line-after-outer-attr` implied by `-D warnings`
    = help: to override `-D warnings` add `#[allow(clippy::empty_line_after_outer_attr)]`
    = help: if the empty lines are unintentional, remove them

error: unused import: `imp::load_tab_configs`
  --> app/src/user_config/mod.rs:11:16
   |
11 | pub(crate) use imp::load_tab_configs;
   |                ^^^^^^^^^^^^^^^^^^^^^

error: empty lines after outer attribute
   --> app/src/user_config/mod.rs:122:5
    |
122 | /     #[cfg_attr(target_family = "wasm", allow(dead_code))]
123 | |
124 | |     /// Parse errors for `custom_model_routers/` files that failed to load.
125 | |     #[cfg_attr(target_family = "wasm", allow(dead_code))]
126 | |
    | |_^
...
129 |       pub fn append_launch_config(
    |       --------------------------- the attribute applies to this function
    |
    = help: for further information visit https://rust-lang.github.io/rust-clippy/rust-1.92.0/index.html#empty_line_after_outer_attr
    = help: if the empty lines are unintentional, remove them

error[E0432]: unresolved import `crate::terminal::keys`
  --> app/src/pane_group/mod_tests.rs:82:22
   |
82 | use crate::terminal::keys::TerminalKeybindings;
   |                      ^^^^ could not find `keys` in `terminal`

error[E0432]: unresolved import `crate::terminal::model::terminal_model::ConversationTranscriptViewerStatus`
  --> app/src/pane_group/mod_tests.rs:84:5
   |
84 | use crate::terminal::model::terminal_model::ConversationTranscriptViewerStatus;
   |     ^^^^^^^^^^^^^^^^^^^^^^^^^^^^^^^^^^^^^^^^^^^^^^^^^^^^^^^^^^^^^^^^^^^^^^^^^^ no `ConversationTranscriptViewerStatus` in `terminal::model::terminal_model`

error[E0432]: unresolved import `crate::terminal::session_sharing`
  --> app/src/pane_group/mod_tests.rs:86:22
   |
86 | use crate::terminal::session_sharing::{
   |                      ^^^^^^^^^^^^^^^ could not find `session_sharing` in `terminal`

error[E0433]: failed to resolve: unresolved import
  --> app/src/pane_group/mod_tests.rs:95:12
   |
95 | use crate::workspaces::team_tester::TeamTesterStatus;
   |            ^^^^^^^^^^
   |            |
   |            unresolved import
   |            help: a similar path exists: `persistence::schema::workspaces`

error[E0433]: failed to resolve: unresolved import
  --> app/src/pane_group/mod_tests.rs:96:12
   |
96 | use crate::workspaces::update_manager::TeamUpdateManager;
   |            ^^^^^^^^^^
   |            |
   |            unresolved import
   |            help: a similar path exists: `persistence::schema::workspaces`

error: unused import: `warpui::text::char_slice`
  --> app/src/util/link_detection.rs:13:5
   |
13 | use warpui::text::char_slice;
   |     ^^^^^^^^^^^^^^^^^^^^^^^^

error: unused import: `crate::settings::PrivacySettings`
  --> app/src/util/tooltips.rs:13:5
   |
13 | use crate::settings::PrivacySettings;
   |     ^^^^^^^^^^^^^^^^^^^^^^^^^^^^^^^^

error: unused import: `crate::ui_components::blended_colors`
  --> app/src/util/tooltips.rs:15:5
   |
15 | use crate::ui_components::blended_colors;
   |     ^^^^^^^^^^^^^^^^^^^^^^^^^^^^^^^^^^^^

error[E0433]: failed to resolve: unresolved import
  --> app/src/pane_group/mod_tests.rs:97:12
   |
97 | use crate::workspaces::user_profiles::UserProfiles;
   |            ^^^^^^^^^^
   |            |
   |            unresolved import
   |            help: a similar path exists: `persistence::schema::workspaces`

error[E0433]: failed to resolve: unresolved import
  --> app/src/pane_group/mod_tests.rs:98:12
   |
98 | use crate::workspaces::user_workspaces::UserWorkspaces;
   |            ^^^^^^^^^^
   |            |
   |            unresolved import
   |            help: a similar path exists: `persistence::schema::workspaces`

error[E0432]: unresolved import `crate::workspace::OneTimeModalModel`
  --> app/src/pane_group/mod_tests.rs:94:39
   |
94 | use crate::workspace::{ActiveSession, OneTimeModalModel, WorkspaceRegistry};
   |                                       ^^^^^^^^^^^^^^^^^ no `OneTimeModalModel` in `workspace`

error[E0432]: unresolved import `crate::AgentNotificationsModel`
  --> app/src/pane_group/mod_tests.rs:99:13
   |
99 | use crate::{AgentNotificationsModel, GlobalResourceHandles, GlobalResourceHandlesProvider};
   |             ^^^^^^^^^^^^^^^^^^^^^^^ no `AgentNotificationsModel` in the root

error[E0433]: failed to resolve: use of unresolved module or unlinked crate `warp_graphql`
 --> app/src/search/command_palette/data_sources_tests.rs:8:5
  |
8 | use warp_graphql::object_permissions::AccessLevel;
  |     ^^^^^^^^^^^^ use of unresolved module or unlinked crate `warp_graphql`
  |
  = help: if you wanted to use a crate named `warp_graphql`, use `cargo add warp_graphql` to add it to your `Cargo.toml`

error: unused imports: `FindOption` and `TelemetryEvent`
  --> app/src/view_components/find.rs:26:32
   |
26 | use crate::server::telemetry::{FindOption, TelemetryEvent};
   |                                ^^^^^^^^^^  ^^^^^^^^^^^^^^

error: unused import: `agent_toast::*`
  --> app/src/view_components/mod.rs:21:9
   |
21 | pub use agent_toast::*;
   |         ^^^^^^^^^^^^^^

error: unused import: `alert::Alert`
  --> app/src/view_components/mod.rs:22:9
   |
22 | pub use alert::Alert;
   |         ^^^^^^^^^^^^

error: unused import: `clickable_text_input::*`
  --> app/src/view_components/mod.rs:23:9
   |
23 | pub use clickable_text_input::*;
   |         ^^^^^^^^^^^^^^^^^^^^^^^

error: unused imports: `CompactDropdownEvent`, `CompactDropdownItem`, and `CompactDropdown`
  --> app/src/view_components/mod.rs:24:28
   |
24 | pub use compact_dropdown::{CompactDropdown, CompactDropdownEvent, CompactDropdownItem};
   |                            ^^^^^^^^^^^^^^^  ^^^^^^^^^^^^^^^^^^^^  ^^^^^^^^^^^^^^^^^^^

error: unused import: `copyable_text_field::*`
  --> app/src/view_components/mod.rs:25:9
   |
25 | pub use copyable_text_field::*;
   |         ^^^^^^^^^^^^^^^^^^^^^^

error: unused imports: `DropdownAction` and `DropdownEvent`
  --> app/src/view_components/mod.rs:27:30
   |
27 | pub use dropdown::{Dropdown, DropdownAction, DropdownEvent, DropdownItem, DropdownItemAction};
   |                              ^^^^^^^^^^^^^^  ^^^^^^^^^^^^^

error: unused import: `feature_popup::*`
  --> app/src/view_components/mod.rs:28:9
   |
28 | pub use feature_popup::*;
   |         ^^^^^^^^^^^^^^^^

error: unused imports: `FilterableDropdownEvent` and `FilterableDropdownOrientation`
  --> app/src/view_components/mod.rs:30:25
   |
30 |     FilterableDropdown, FilterableDropdownEvent, FilterableDropdownOrientation,
   |                         ^^^^^^^^^^^^^^^^^^^^^^^  ^^^^^^^^^^^^^^^^^^^^^^^^^^^^^

error: unused import: `MarkdownToggleEvent`
  --> app/src/view_components/mod.rs:32:32
   |
32 | pub use markdown_toggle_view::{MarkdownToggleEvent, MarkdownToggleView};
   |                                ^^^^^^^^^^^^^^^^^^^

error: unused import: `warning_box::*`
  --> app/src/view_components/mod.rs:34:9
   |
34 | pub use warning_box::*;
   |         ^^^^^^^^^^^^^^

error[E0433]: failed to resolve: could not find `cloud_object` in the crate root
  --> app/src/search/command_palette/data_sources_tests.rs:13:12
   |
13 | use crate::cloud_object::model::persistence::{CloudModel, UpdateSource};
   |            ^^^^^^^^^^^^ could not find `cloud_object` in the crate root

error[E0433]: failed to resolve: could not find `cloud_object` in the crate root
  --> app/src/search/command_palette/data_sources_tests.rs:14:12
   |
14 | use crate::cloud_object::model::view::CloudViewModel;
   |            ^^^^^^^^^^^^ could not find `cloud_object` in the crate root

error[E0432]: unresolved import `cloud_object_client`
 --> app/src/search/command_palette/data_sources_tests.rs:5:5
  |
5 | use cloud_object_client::MockObjectClient;
  |     ^^^^^^^^^^^^^^^^^^^ use of unresolved module or unlinked crate `cloud_object_client`
  |
  = help: if you wanted to use a crate named `cloud_object_client`, use `cargo add cloud_object_client` to add it to your `Cargo.toml`

error: unused import: `std::path::Path`
  --> app/src/editor/view/mod.rs:15:5
   |
15 | use std::path::Path;
   |     ^^^^^^^^^^^^^^^

error: unused import: `async_fs`
  --> app/src/editor/view/mod.rs:21:5
   |
21 | use async_fs;
   |     ^^^^^^^^

error: unused import: `base64::engine::general_purpose`
  --> app/src/editor/view/mod.rs:23:5
   |
23 | use base64::engine::general_purpose;
   |     ^^^^^^^^^^^^^^^^^^^^^^^^^^^^^^^

error: unused import: `figma_utils::is_figma_png`
  --> app/src/editor/view/mod.rs:25:5
   |
25 | use figma_utils::is_figma_png;
   |     ^^^^^^^^^^^^^^^^^^^^^^^^^

error: unused import: `mime_guess::from_path`
  --> app/src/editor/view/mod.rs:27:5
   |
27 | use mime_guess::from_path;
   |     ^^^^^^^^^^^^^^^^^^^^^

error: unused imports: `safe_error` and `send_telemetry_from_ctx`
  --> app/src/editor/view/mod.rs:53:17
   |
53 | use warp_core::{safe_error, send_telemetry_from_ctx};
   |                 ^^^^^^^^^^  ^^^^^^^^^^^^^^^^^^^^^^^

error: unused import: `SpawnedFutureHandle`
  --> app/src/editor/view/mod.rs:59:23
   |
59 | use warpui::r#async::{SpawnedFutureHandle, Timer};
   |                       ^^^^^^^^^^^^^^^^^^^

error: unused imports: `ChildView` and `Container`
  --> app/src/editor/view/mod.rs:62:5
   |
62 |     ChildView, Container, CornerRadius, CrossAxisAlignment, DEFAULT_UI_LINE_HEIGHT_RATIO, Flex,
   |     ^^^^^^^^^  ^^^^^^^^^

error: unused import: `warpui::platform::keyboard::KeyCode`
  --> app/src/editor/view/mod.rs:67:5
   |
67 | use warpui::platform::keyboard::KeyCode;
   |     ^^^^^^^^^^^^^^^^^^^^^^^^^^^^^^^^^^^

error: unused import: `FilePickerConfiguration`
  --> app/src/editor/view/mod.rs:68:32
   |
68 | use warpui::platform::{Cursor, FilePickerConfiguration, OperatingSystem};
   |                                ^^^^^^^^^^^^^^^^^^^^^^^

error: unused import: `warpui::ui_components::button::ButtonTooltipPosition`
  --> app/src/editor/view/mod.rs:72:5
   |
72 | use warpui::ui_components::button::ButtonTooltipPosition;
   |     ^^^^^^^^^^^^^^^^^^^^^^^^^^^^^^^^^^^^^^^^^^^^^^^^^^^^

error: unused import: `Coords`
  --> app/src/editor/view/mod.rs:73:41
   |
73 | use warpui::ui_components::components::{Coords, UiComponent, UiComponentStyles};
   |                                         ^^^^^^

error: unused import: `crate::server::telemetry::TelemetryEvent`
   --> app/src/editor/view/mod.rs:101:5
    |
101 | use crate::server::telemetry::TelemetryEvent;
    |     ^^^^^^^^^^^^^^^^^^^^^^^^^^^^^^^^^^^^^^^^

error: unused import: `InputSettings`
   --> app/src/editor/view/mod.rs:104:5
    |
104 |     InputSettings, SelectionSettings,
    |     ^^^^^^^^^^^^^

error: unused imports: `IgnoredSuggestionsModel` and `SuggestionType`
   --> app/src/editor/view/mod.rs:107:53
    |
107 | use crate::suggestions::ignored_suggestions_model::{IgnoredSuggestionsModel, SuggestionType};
    |                                                     ^^^^^^^^^^^^^^^^^^^^^^^  ^^^^^^^^^^^^^^

error: unused import: `crate::ui_components::buttons::icon_button`
   --> app/src/editor/view/mod.rs:111:5
    |
111 | use crate::ui_components::buttons::icon_button;
    |     ^^^^^^^^^^^^^^^^^^^^^^^^^^^^^^^^^^^^^^^^^^

error: unused import: `crate::ui_components::icons`
   --> app/src/editor/view/mod.rs:112:5
    |
112 | use crate::ui_components::icons;
    |     ^^^^^^^^^^^^^^^^^^^^^^^^^^^

error: unused import: `crate::view_components::DismissibleToast`
   --> app/src/editor/view/mod.rs:117:5
    |
117 | use crate::view_components::DismissibleToast;
    |     ^^^^^^^^^^^^^^^^^^^^^^^^^^^^^^^^^^^^^^^^

error: unused import: `crate::workspace::ToastStack`
   --> app/src/editor/view/mod.rs:121:5
    |
121 | use crate::workspace::ToastStack;
    |     ^^^^^^^^^^^^^^^^^^^^^^^^^^^^

error: empty line after doc comment
    --> app/src/editor/view/mod.rs:3191:5
     |
3191 | /     /// If there's an empty buffer, populates the input with an intelligent autosuggestion for the input_type.
3192 | |
     | |_^
...
3195 |       pub fn set_placeholder_text_with_prefix(
     |       --------------------------------------- the comment documents this function
     |
     = help: for further information visit https://rust-lang.github.io/rust-clippy/rust-1.92.0/index.html#empty_line_after_doc_comments
     = help: if the empty line is unintentional, remove it
help: if the documentation should include the empty line include it in the comment
     |
3192 |     ///
     |

error: empty line after doc comment
    --> app/src/editor/view/mod.rs:3258:5
     |
3258 | /     /// Clears any next command state. Autosuggestion (ghosted text) is not cleared.
3259 | |
     | |_^
3260 |       /// Remove a specific placeholder by prefix.
3261 |       pub fn clear_placeholder_text_with_prefix(
     |       ----------------------------------------- the comment documents this function
     |
     = help: for further information visit https://rust-lang.github.io/rust-clippy/rust-1.92.0/index.html#empty_line_after_doc_comments
     = help: if the empty line is unintentional, remove it
help: if the documentation should include the empty line include it in the comment
     |
3259 |     ///
     |

error: empty lines after doc comment
    --> app/src/editor/view/mod.rs:4576:5
     |
4576 | /     /// and processes them for AI context attachment via `process_and_attach_images_as_ai_context`.
4577 | |
4578 | |     /// Processes and attaches images to the AI context model.
4579 | |     ///
...    |
4583 | |     /// Stores non-image files selected via the file picker into the pending files context.
4584 | |
     | |_^
...
4587 |       fn vim_user_insert(&mut self, text: &str, ctx: &mut ViewContext<Self>) {
     |       ------------------ the comment documents this function
     |
     = help: for further information visit https://rust-lang.github.io/rust-clippy/rust-1.92.0/index.html#empty_line_after_doc_comments
     = help: if the empty lines are unintentional, remove them
help: if the documentation should include the empty lines include them in the comment
     |
4577 +     ///
4578 |     /// Processes and attaches images to the AI context model.
 ...
4581 |     /// updating the context model and UI state accordingly.
4582 +     ///
4583 |     /// Stores non-image files selected via the file picker into the pending files context.
4584 +     ///
     |

error[E0432]: unresolved import `crate::cloud_object`
  --> app/src/search/command_palette/data_sources_tests.rs:15:12
   |
15 | use crate::cloud_object::{
   |            ^^^^^^^^^^^^ could not find `cloud_object` in the crate root

error[E0432]: unresolved import `crate::notebooks::CloudNotebookModel`
  --> app/src/search/command_palette/data_sources_tests.rs:22:24
   |
22 | use crate::notebooks::{CloudNotebookModel, NotebookId};
   |                        ^^^^^^^^^^^^^^^^^^ no `CloudNotebookModel` in `notebooks`

error: unexpected `cfg` condition value: `warp_managed_secrets`
   --> app/src/features.rs:324:15
    |
324 |         #[cfg(feature = "warp_managed_secrets")]
    |               ^^^^^^^^^^^^^^^^^^^^^^^^^^^^^^^^
    |
    = note: expected values for `feature` are: `account_first_onboarding`, `active_conversation_requires_interaction`, `agent_cli_launch_modal`, `agent_decides_command_execution`, `agent_harness`, `agent_management_details_view`, `agent_management_popup`, `agent_management_view`, `agent_mode`, `agent_mode_computer_use`, `agent_mode_debug`, `agent_mode_evals`, `agent_mode_pre_plan_xml`, `agent_mode_primary_xml`, `agent_onboarding`, `agent_shared_sessions`, `agent_tips`, `agent_toolbar_editor`, `agent_view`, `agent_view_block_context`, `agent_view_conversation_list_view`, `agent_view_prompt_chip`, `ai_context_menu`, `ai_context_menu_code`, `ai_context_menu_commands`, `ai_resume_button`, `ai_rules`, `alacritty_settings_import`, `allow_ignoring_input_suggestions`, `allow_opening_file_links_using_editor_env`, `am_workflows`, `ambient_agents_command_line`, `ambient_agents_image_upload`, `ambient_agents_rtc`, and `api_key_management` and 262 more
    = help: consider adding `warp_managed_secrets` as a feature in `Cargo.toml`
    = note: see <https://doc.rust-lang.org/nightly/rustc/check-cfg/cargo-specifics.html> for more information about checking conditional configuration
    = note: `-D unexpected-cfgs` implied by `-D warnings`
    = help: to override `-D warnings` add `#[allow(unexpected_cfgs)]`

error[E0432]: unresolved import `crate::settings::AISettings`
  --> app/src/search/command_palette/data_sources_tests.rs:31:23
   |
31 | use crate::settings::{AISettings, PrivacySettings};
   |                       ^^^^^^^^^^
   |                       |
   |                       no `AISettings` in `settings`
   |                       help: a similar name exists in the module: `Settings`

error: unused import: `crate::server::telemetry::TelemetryEvent`
  --> app/src/launch_configs/save_modal.rs:29:5
   |
29 | use crate::server::telemetry::TelemetryEvent;
   |     ^^^^^^^^^^^^^^^^^^^^^^^^^^^^^^^^^^^^^^^^

error: unused import: `std::cell::RefCell`
 --> app/src/pane_group/mod.rs:2:5
  |
2 | use std::cell::RefCell;
  |     ^^^^^^^^^^^^^^^^^^

error: unused import: `HashSet`
 --> app/src/pane_group/mod.rs:3:33
  |
3 | use std::collections::{HashMap, HashSet};
  |                                 ^^^^^^^

error: unused import: `std::rc::Rc`
 --> app/src/pane_group/mod.rs:6:5
  |
6 | use std::rc::Rc;
  |     ^^^^^^^^^^^

error: unused import: `instant::Instant`
  --> app/src/pane_group/mod.rs:10:5
   |
10 | use instant::Instant;
   |     ^^^^^^^^^^^^^^^^

error: unused import: `tree::DEFAULT_FLEX_VALUE`
  --> app/src/pane_group/mod.rs:19:5
   |
19 | use tree::DEFAULT_FLEX_VALUE;
   |     ^^^^^^^^^^^^^^^^^^^^^^^^

error: unused import: `warp_core::command::ExitCode`
  --> app/src/pane_group/mod.rs:23:5
   |
23 | use warp_core::command::ExitCode;
   |     ^^^^^^^^^^^^^^^^^^^^^^^^^^^^

error: unused imports: `ShellName` and `ShellType`
  --> app/src/pane_group/mod.rs:27:28
   |
27 | use warp_terminal::shell::{ShellName, ShellType};
   |                            ^^^^^^^^^  ^^^^^^^^^

error: unused import: `warpui::r#async::SpawnedFutureHandle`
  --> app/src/pane_group/mod.rs:31:5
   |
31 | use warpui::r#async::SpawnedFutureHandle;
   |     ^^^^^^^^^^^^^^^^^^^^^^^^^^^^^^^^^^^^

error: unused imports: `Clipped` and `Stack`
  --> app/src/pane_group/mod.rs:33:16
   |
33 |     ChildView, Clipped, CrossAxisAlignment, DispatchEventResult, Element, EventHandler, Flex,
   |                ^^^^^^^
34 |     MainAxisSize, ParentElement, Shrinkable, Stack,
   |                                              ^^^^^

error: unused import: `WeakViewHandle`
  --> app/src/pane_group/mod.rs:41:17
   |
41 |     ViewHandle, WeakViewHandle, WindowId,
   |                 ^^^^^^^^^^^^^^

error: unused import: `PaneMode`
  --> app/src/pane_group/mod.rs:61:50
   |
61 | use crate::launch_configs::launch_config::{self, PaneMode, PaneTemplateType};
   |                                                  ^^^^^^^^

error: unused import: `TelemetryEvent`
  --> app/src/pane_group/mod.rs:71:47
   |
71 | use crate::server::telemetry::{PaletteSource, TelemetryEvent};
   |                                               ^^^^^^^^^^^^^^

error: unused import: `GeneralSettingsChangedEvent`
  --> app/src/pane_group/mod.rs:77:58
   |
77 | use crate::terminal::general_settings::{GeneralSettings, GeneralSettingsChangedEvent};
   |                                                          ^^^^^^^^^^^^^^^^^^^^^^^^^^^

error: unused imports: `MockTerminalManager` and `ShellLaunchState`
  --> app/src/pane_group/mod.rs:89:5
   |
89 |     MockTerminalManager, ShellLaunchData, ShellLaunchState, TerminalManager, TerminalModel,
   |     ^^^^^^^^^^^^^^^^^^^                   ^^^^^^^^^^^^^^^^

error: unused import: `WorkspaceAction`
   --> app/src/pane_group/mod.rs:101:66
    |
101 |     self, CommandSearchOptions, PaneViewLocator, TabBarLocation, WorkspaceAction,
    |                                                                  ^^^^^^^^^^^^^^^

error[E0433]: failed to resolve: unresolved import
  --> app/src/search/command_palette/data_sources_tests.rs:35:12
   |
35 | use crate::workspaces::team::{Team, TeamVisibility};
   |            ^^^^^^^^^^
   |            |
   |            unresolved import
   |            help: a similar path exists: `persistence::schema::workspaces`

error: unused import: `crate::server::telemetry::TelemetryEvent`
  --> app/src/pane_group/pane/view/header/mod.rs:33:5
   |
33 | use crate::server::telemetry::TelemetryEvent;
   |     ^^^^^^^^^^^^^^^^^^^^^^^^^^^^^^^^^^^^^^^^

error: unused import: `std::collections::HashMap`
 --> app/src/pane_group/pane/workflow_pane.rs:1:5
  |
1 | use std::collections::HashMap;
  |     ^^^^^^^^^^^^^^^^^^^^^^^^^

error: unused import: `std::sync::Arc`
 --> app/src/pane_group/pane/workflow_pane.rs:2:5
  |
2 | use std::sync::Arc;
  |     ^^^^^^^^^^^^^^

error: unused imports: `WorkflowSource` and `WorkflowType`
  --> app/src/pane_group/pane/workflow_pane.rs:14:52
   |
14 |     Workflow, WorkflowId, WorkflowSelectionSource, WorkflowSource, WorkflowType, WorkflowViewMode,
   |                                                    ^^^^^^^^^^^^^^  ^^^^^^^^^^^^

error: empty lines after doc comment
   --> app/src/pane_group/pane/mod.rs:162:5
    |
162 | /     /// Creates a [`PaneId`] from a [`ViewContext<PaneView<EnvVarCollectionView>>`]
163 | |
164 | |     /// Creates a [`PaneId`] from a [`ViewContext<PaneView<EnvironmentsPageView>>`]
165 | |
    | |_^
166 |       /// Creates a [`PaneId`] from a [`ViewContext<PaneView<WorkflowView>>`]
167 |       pub fn from_workflow_pane_ctx(ctx: &ViewContext<PaneView<WorkflowView>>) -> Self {
    |       ----------------------------- the comment documents this function
    |
    = help: for further information visit https://rust-lang.github.io/rust-clippy/rust-1.92.0/index.html#empty_line_after_doc_comments
    = help: if the empty lines are unintentional, remove them
help: if the documentation should include the empty lines include them in the comment
    |
163 +     ///
164 |     /// Creates a [`PaneId`] from a [`ViewContext<PaneView<EnvironmentsPageView>>`]
165 +     ///
    |

error: empty line after doc comment
   --> app/src/pane_group/pane/mod.rs:176:5
    |
176 | /     /// Creates a [`PaneId`] from a [`ViewContext<PaneView<CodeDiffView>>`]
177 | |
    | |_^
178 |       /// Creates a [`PaneId`] from a [`ViewContext<PaneView<SettingsView>>`]
179 |       pub fn from_settings_pane_ctx(ctx: &ViewContext<PaneView<SettingsView>>) -> Self {
    |       ----------------------------- the comment documents this function
    |
    = help: for further information visit https://rust-lang.github.io/rust-clippy/rust-1.92.0/index.html#empty_line_after_doc_comments
    = help: if the empty line is unintentional, remove it
help: if the documentation should include the empty line include it in the comment
    |
177 |     ///
    |

error: empty lines after doc comment
   --> app/src/pane_group/pane/mod.rs:183:5
    |
183 | /     /// Creates a [`PaneId`] from a [`ViewContext<PaneView<AIFactView>>`]
184 | |
185 | |     /// Creates a [`PaneId`] from a [`ViewContext<PaneView<AIDocumentView>>`]
...   |
189 | |     /// Creates a [`PaneId`] from a [`ViewContext<PaneView<ExecutionProfileEditorView>>`]
190 | |
    | |_^
191 |       pub fn from_get_started_pane_ctx(ctx: &ViewContext<PaneView<GetStartedView>>) -> Self {
    |       -------------------------------- the comment documents this function
    |
    = help: for further information visit https://rust-lang.github.io/rust-clippy/rust-1.92.0/index.html#empty_line_after_doc_comments
    = help: if the empty lines are unintentional, remove them

error: empty line after doc comment
   --> app/src/pane_group/pane/mod.rs:195:5
    |
195 | /     /// Creates a [`PaneId`] from a [`ViewContext<PaneView<NetworkLogView>>`].
196 | |
    | |_^
197 |       /// Creates a [`PaneId`] from a [`PaneView<TerminalView>`] entity ID.
198 |       pub fn from_terminal_pane_view(
    |       ------------------------------ the comment documents this function
    |
    = help: for further information visit https://rust-lang.github.io/rust-clippy/rust-1.92.0/index.html#empty_line_after_doc_comments
    = help: if the empty line is unintentional, remove it
help: if the documentation should include the empty line include it in the comment
    |
196 |     ///
    |

error: empty line after doc comment
   --> app/src/pane_group/pane/mod.rs:211:5
    |
211 | /     /// Creates a [`PaneId`] from a [`PaneView<FileNotebookView>`] entity ID.
212 | |
    | |_^
213 |       /// Creates a [`PaneId`] from a [`PaneView<TextView>`] entity ID.
214 |       pub fn from_code_pane_view(code_pane_view: &ViewHandle<PaneView<CodeView>>) -> Self {
    |       -------------------------- the comment documents this function
    |
    = help: for further information visit https://rust-lang.github.io/rust-clippy/rust-1.92.0/index.html#empty_line_after_doc_comments
    = help: if the empty line is unintentional, remove it
help: if the documentation should include the empty line include it in the comment
    |
212 |     ///
    |

error: empty lines after doc comment
   --> app/src/pane_group/pane/mod.rs:218:5
    |
218 | /     /// Creates a [`PaneId`] from a [`PaneView<CodeDiffView>`] entity ID.
219 | |
220 | |     /// Creates a [`PaneId`] from a [`PaneView<EnvVarCollection>`] entity ID.
...   |
223 | |
    | |_^
224 |       /// Creates a [`PaneId`] from a [`PaneView<WorkflowView>`] entity ID.
225 |       pub fn from_workflow_pane_view(
    |       ------------------------------ the comment documents this function
    |
    = help: for further information visit https://rust-lang.github.io/rust-clippy/rust-1.92.0/index.html#empty_line_after_doc_comments
    = help: if the empty lines are unintentional, remove them
help: if the documentation should include the empty lines include them in the comment
    |
219 +     ///
220 |     /// Creates a [`PaneId`] from a [`PaneView<EnvVarCollection>`] entity ID.
221 +     ///
222 |     /// Creates a [`PaneId`] from a [`PaneView<EnvironmentsPageView>`] entity ID.
223 +     ///
    |

error: empty lines after doc comment
   --> app/src/pane_group/pane/mod.rs:238:5
    |
238 | /     /// Creates a [`PaneId`] from a [`PaneView<AIFactView>`] entity ID.
239 | |
240 | |     /// Creates a [`PaneId`] from a [`PaneView<AIDocumentView>`] entity ID.
...   |
244 | |     /// Creates a [`PaneId`] from a [`PaneView<ExecutionProfileEditorView>`] entity ID.
245 | |
    | |_^
246 |       pub fn from_get_started_pane_view(
    |       --------------------------------- the comment documents this function
    |
    = help: for further information visit https://rust-lang.github.io/rust-clippy/rust-1.92.0/index.html#empty_line_after_doc_comments
    = help: if the empty lines are unintentional, remove them

error: empty line after doc comment
   --> app/src/pane_group/pane/mod.rs:252:5
    |
252 | /     /// Creates a [`PaneId`] from a [`PaneView<NetworkLogView>`] entity ID.
253 | |
    | |_^
254 |       #[cfg_attr(not(feature = "local_fs"), allow(dead_code))]
255 |       pub(super) fn deferred_placeholder_pane_id() -> Self {
    |       ------------------------------------------ the comment documents this function
    |
    = help: for further information visit https://rust-lang.github.io/rust-clippy/rust-1.92.0/index.html#empty_line_after_doc_comments
    = help: if the empty line is unintentional, remove it

error: empty line after doc comment
   --> app/src/pane_group/pane/mod.rs:304:5
    |
304 | /     /// Returns true if this pane contains a Warp Drive object (notebook, workflow, etc.).
305 | |
    | |_^
306 |       /// Renders the child view backing this pane.
307 |       pub fn render(self, app: &AppContext) -> Box<dyn Element> {
    |       ------------- the comment documents this function
    |
    = help: for further information visit https://rust-lang.github.io/rust-clippy/rust-1.92.0/index.html#empty_line_after_doc_comments
    = help: if the empty line is unintentional, remove it
help: if the documentation should include the empty line include it in the comment
    |
305 |     ///
    |

error: empty line after doc comment
   --> app/src/pane_group/pane/mod.rs:650:5
    |
650 | /     /// Sets the shareable object in the current pane. If `None`, the share button is removed.
651 | |
    | |_^
...
655 |       pub fn notify_header_content_changed(&mut self, ctx: &mut ModelContext<Self>) {
    |       ------------------------------------ the comment documents this function
    |
    = help: for further information visit https://rust-lang.github.io/rust-clippy/rust-1.92.0/index.html#empty_line_after_doc_comments
    = help: if the empty line is unintentional, remove it
help: if the documentation should include the empty line include it in the comment
    |
651 |     ///
    |

error[E0433]: failed to resolve: unresolved import
  --> app/src/search/command_palette/data_sources_tests.rs:36:12
   |
36 | use crate::workspaces::team_tester::TeamTesterStatus;
   |            ^^^^^^^^^^
   |            |
   |            unresolved import
   |            help: a similar path exists: `persistence::schema::workspaces`

error[E0433]: failed to resolve: unresolved import
  --> app/src/search/command_palette/data_sources_tests.rs:37:12
   |
37 | use crate::workspaces::user_profiles::UserProfiles;
   |            ^^^^^^^^^^
   |            |
   |            unresolved import
   |            help: a similar path exists: `persistence::schema::workspaces`

error: empty line after doc comment
   --> app/src/pane_group/mod.rs:818:5
    |
818 | /     /// Returns true iff one of the terminal panes in this group is being shared.
819 | |
    | |_^
820 |       pub fn smart_split_direction(
    |       ---------------------------- the comment documents this function
    |
    = help: for further information visit https://rust-lang.github.io/rust-clippy/rust-1.92.0/index.html#empty_line_after_doc_comments
    = help: if the empty line is unintentional, remove it

error: empty line after doc comment
    --> app/src/pane_group/mod.rs:1368:5
     |
1368 | /     /// Iterate over the file notebook panes in this pane group.
1369 | |
     | |_^
1370 |       fn close_panes(&mut self, pane_ids: Vec<PaneId>, ctx: &mut ViewContext<Self>) {
     |       -------------- the comment documents this function
     |
     = help: for further information visit https://rust-lang.github.io/rust-clippy/rust-1.92.0/index.html#empty_line_after_doc_comments
     = help: if the empty line is unintentional, remove it

error: empty lines after doc comment
    --> app/src/pane_group/mod.rs:1376:5
     |
1376 | /     /// Checks if this pane group contains a visible AI document pane with the given document ID.
1377 | |
1378 | |     /// Closes all visible AI document panes that are *not* for `document_id`, then applies the
1379 | |     /// requested `action` to the pane for `document_id`.
...    |
1383 | |     /// Closes any other ai document panes, and opens the specified document_id.
1384 | |
     | |_^
...
1389 |       pub fn has_active_code_pane_with_unsaved_indicator(&self, ctx: &AppContext) -> bool {
     |       -------------------------------------------------- the comment documents this function
     |
     = help: for further information visit https://rust-lang.github.io/rust-clippy/rust-1.92.0/index.html#empty_line_after_doc_comments
     = help: if the empty lines are unintentional, remove them
help: if the documentation should include the empty lines include them in the comment
     |
1377 +     ///
1378 |     /// Closes all visible AI document panes that are *not* for `document_id`, then applies the
 ...
1381 |     /// This enforces the UI invariant that only one AI document pane should be visible at a time.
1382 +     ///
1383 |     /// Closes any other ai document panes, and opens the specified document_id.
1384 +     ///
     |

error: empty lines after doc comment
    --> app/src/pane_group/mod.rs:1520:5
     |
1520 | /     /// which element is focused.
1521 | |
1522 | |     /// If modal is already open, we update it with the new role request
...    |
1525 | |
     | |_^
1526 |       fn new_internal(
     |       --------------- the comment documents this function
     |
     = help: for further information visit https://rust-lang.github.io/rust-clippy/rust-1.92.0/index.html#empty_line_after_doc_comments
     = help: if the empty lines are unintentional, remove them

error: empty line after doc comment
    --> app/src/pane_group/mod.rs:1609:5
     |
1609 | /     /// that owner lives outside this pane group.
1610 | |
     | |_^
...
1613 |       fn terminal_pane_data(
     |       --------------------- the comment documents this function
     |
     = help: for further information visit https://rust-lang.github.io/rust-clippy/rust-1.92.0/index.html#empty_line_after_doc_comments
     = help: if the empty line is unintentional, remove it
help: if the documentation should include the empty line include it in the comment
     |
1610 |     ///
     |

error: empty lines after doc comment
    --> app/src/pane_group/mod.rs:1634:5
     |
1634 | /     /// Helper to create the terminal manager and view for an ambient agent pane.
1635 | |
1636 | |     /// Installs the long-lived AgentConversationsModel subscription used by
1637 | |     /// `pending_ambient_agent_conversation_restorations`,
...    |
1644 | |     /// Initial layout for a [`PaneGroup`] with a single ambient agent pane.
1645 | |
     | |_^
...
1648 |       fn initial_single_terminal_pane(
     |       ------------------------------- the comment documents this function
     |
     = help: for further information visit https://rust-lang.github.io/rust-clippy/rust-1.92.0/index.html#empty_line_after_doc_comments
     = help: if the empty lines are unintentional, remove them
help: if the documentation should include the empty lines include them in the comment
     |
1635 +     ///
1636 |     /// Installs the long-lived AgentConversationsModel subscription used by
 ...
1639 |     /// it has not been installed yet. Idempotent across multiple callers.
1640 +     ///
1641 |     /// Subscription handler that processes pending ambient agent pane restorations
1642 |     /// whenever task data is updated or conversations finish loading.
1643 +     ///
1644 |     /// Initial layout for a [`PaneGroup`] with a single ambient agent pane.
1645 +     ///
     |

error: empty lines after doc comment
    --> app/src/pane_group/mod.rs:1786:5
     |
1786 | /     /// Create a new pane group for a view-only cloud conversation.
1787 | |
1788 | |     /// Create a new pane group with a loading state for a conversation viewer.
1789 | |     /// The actual conversation data will be loaded asynchronously.
...    |
1794 | |     /// Load conversation data into a specific transcript viewer terminal view.
1795 | |
     | |_^
1796 |       fn handle_windowing_state_update(
     |       -------------------------------- the comment documents this function
     |
     = help: for further information visit https://rust-lang.github.io/rust-clippy/rust-1.92.0/index.html#empty_line_after_doc_comments
     = help: if the empty lines are unintentional, remove them

error: empty line after doc comment
    --> app/src/pane_group/mod.rs:2189:5
     |
2189 | /     /// no-ops otherwise.
2190 | |
     | |_^
...
2195 |       fn focus_next_terminal_pane_and_activate_session(
     |       ------------------------------------------------ the comment documents this function
     |
     = help: for further information visit https://rust-lang.github.io/rust-clippy/rust-1.92.0/index.html#empty_line_after_doc_comments
     = help: if the empty line is unintentional, remove it
help: if the documentation should include the empty line include it in the comment
     |
2190 |     ///
     |

error: empty lines after doc comment
    --> app/src/pane_group/mod.rs:2228:5
     |
2228 | /     /// Returns true if the given pane is a child agent pane tracked in `child_agent_panes`.
2229 | |
2230 | |     /// Collects the child agent pane IDs whose conversations are parented by
2231 | |     /// a conversation on the given terminal view.
...    |
2238 | |     /// Permanently discards the pane backing a child agent conversation.
2239 | |
     | |_^
2240 |       pub fn close_pane(&mut self, pane_id: PaneId, ctx: &mut ViewContext<Self>) {
     |       ----------------- the comment documents this function
     |
     = help: for further information visit https://rust-lang.github.io/rust-clippy/rust-1.92.0/index.html#empty_line_after_doc_comments
     = help: if the empty lines are unintentional, remove them

error[E0433]: failed to resolve: unresolved import
  --> app/src/search/command_palette/data_sources_tests.rs:38:12
   |
38 | use crate::workspaces::user_workspaces::UserWorkspaces;
   |            ^^^^^^^^^^
   |            |
   |            unresolved import
   |            help: a similar path exists: `persistence::schema::workspaces`

error: empty line after outer attribute
    --> app/src/pane_group/mod.rs:2387:5
     |
2387 | /     #[cfg(feature = "local_fs")]
2388 | |
     | |_^
2389 |       /// Handle a common pane event, such as splitting off another pane.
2390 |       pub(crate) fn handle_pane_event(
     |       ------------------------------- the attribute applies to this function
     |
     = help: for further information visit https://rust-lang.github.io/rust-clippy/rust-1.92.0/index.html#empty_line_after_outer_attr
     = help: if the empty line is unintentional, remove it

error: empty line after doc comment
    --> app/src/pane_group/mod.rs:2593:5
     |
2593 | /     /// `&mut self` use it to seed the parent's children from server data.
2594 | |
     | |_^
...
2597 |       fn clear_hidden_closed_panes(&mut self, ctx: &mut ViewContext<Self>) {
     |       ---------------------------- the comment documents this function
     |
     = help: for further information visit https://rust-lang.github.io/rust-clippy/rust-1.92.0/index.html#empty_line_after_doc_comments
     = help: if the empty line is unintentional, remove it
help: if the documentation should include the empty line include it in the comment
     |
2594 |     ///
     |

error: empty lines after outer attribute
    --> app/src/pane_group/mod.rs:3183:5
     |
3183 | /     #[allow(clippy::too_many_arguments)]
3184 | |
3185 | |     /// Builds a live-session pane for an orchestration child with its ambient
3186 | |     /// model wired up, so the pane gets ambient controls and `FailedToJoin`
...    |
3190 | |     /// This is used by both `new_for_conversation_transcript_viewer_loading` and `create_loading_terminal_pane`.
3191 | |
     | |_^
...
3196 |       fn should_ignore_custom_startup_directory(
     |       ----------------------------------------- the attribute applies to this function
     |
     = help: for further information visit https://rust-lang.github.io/rust-clippy/rust-1.92.0/index.html#empty_line_after_outer_attr
     = help: if the empty lines are unintentional, remove them

error: empty lines after doc comment
    --> app/src/pane_group/mod.rs:3221:5
     |
3221 | /     /// Returns the pane ID so it can be replaced later with the real terminal pane.
3222 | |
3223 | |     /// Replaces a loading pane with a real terminal pane that has a conversation restored.
3224 | |     /// Returns true if replacement was successful.
3225 | |
     | |_^
3226 |       #[allow(clippy::too_many_arguments)]
3227 |       pub fn add_session(
     |       ------------------ the comment documents this function
     |
     = help: for further information visit https://rust-lang.github.io/rust-clippy/rust-1.92.0/index.html#empty_line_after_doc_comments
     = help: if the empty lines are unintentional, remove them

error: empty line after outer attribute
    --> app/src/pane_group/mod.rs:3256:5
     |
3256 | /     #[allow(clippy::too_many_arguments)]
3257 | |
     | |_^
...
3262 |       fn create_terminal_pane_data(
     |       ---------------------------- the attribute applies to this function
     |
     = help: for further information visit https://rust-lang.github.io/rust-clippy/rust-1.92.0/index.html#empty_line_after_outer_attr
     = help: if the empty line is unintentional, remove it

error: empty lines after doc comment
    --> app/src/pane_group/mod.rs:3679:5
     |
3679 | /     /// reporting success leaves the user focused on a pane with no input box.
3680 | |
3681 | |     /// Resolve the pane id that owns a given conversation's `TerminalView`,
3682 | |     /// without applying any visibility filtering. Used by the pill-bar swap
...    |
3728 | |     /// remain in `pane_contents` even when they are not in the tree.
3729 | |
     | |_^
3730 |       /// Given a pane ID, retrieve its backing code view, if the pane is a code pane.
3731 |       pub fn code_view_from_pane_id(
     |       ----------------------------- the comment documents this function
     |
     = help: for further information visit https://rust-lang.github.io/rust-clippy/rust-1.92.0/index.html#empty_line_after_doc_comments
     = help: if the empty lines are unintentional, remove them
help: if the documentation should include the empty lines include them in the comment
     |
3680 +     ///
3681 |     /// Resolve the pane id that owns a given conversation's `TerminalView`,
 ...
3686 |     /// matches the history model's owner for `conversation_id`.
3687 +     ///
3688 |     /// Make the pane that owns `conversation_id` the visible one in the
3689 |     /// focused pane's slot via temporary replacement. The previous occupant
3690 |     /// is restored on revert (back-button, ESC, pill-click, close, split-off).
3691 +     ///
3692 |     /// Reveal the child agent pane for `conversation_id` as a visible
 ...
3696 |     /// orchestrators in the same group are left alone.
3697 +     ///
3698 |     /// Detach the child agent pane for `conversation_id` so it can be
3699 |     /// re-parented into a new tab ("Open in new tab"). Reuses the
3700 |     /// existing view to avoid cancelling in-flight commands.
3701 +     ///
3702 |     /// Stamp this pane group as the destination of a split-off child
3703 |     /// agent pane, so closing the tab re-adopts the live view back to
3704 |     /// the source group.
3705 +     ///
3706 |     /// Returns the origin metadata if this group is hosting a split-off
3707 |     /// child agent tab.
3708 +     ///
3709 |     /// Re-adopt a previously detached child agent pane back into this
3710 |     /// group as off-tree, and clear its split-off marker so the next
3711 |     /// reveal renders pills instead of breadcrumbs.
3712 +     ///
3713 |     /// Diagnostic logging for [`swap_active_pane_to_conversation`] when none of
 ...
3716 |     /// conversation. Dumps enough state to identify which step is wrong.
3717 +     ///
3718 |     /// Walk the visible terminal panes in this group looking for one whose
 ...
3728 |     /// remain in `pane_contents` even when they are not in the tree.
3729 +     ///
     |

error: unused import: `crate::server::telemetry::TelemetryEvent`
  --> app/src/resource_center/main_page.rs:33:5
   |
33 | use crate::server::telemetry::TelemetryEvent;
   |     ^^^^^^^^^^^^^^^^^^^^^^^^^^^^^^^^^^^^^^^^

error[E0433]: failed to resolve: unresolved import
  --> app/src/search/command_palette/data_sources_tests.rs:39:12
   |
39 | use crate::workspaces::workspace::Workspace;
   |            ^^^^^^^^^^
   |            |
   |            unresolved import
   |            help: a similar path exists: `persistence::schema::workspaces`

error: unused import: `crate::server::telemetry::TelemetryEvent`
  --> app/src/resource_center/section_views/feature_section.rs:24:5
   |
24 | use crate::server::telemetry::TelemetryEvent;
   |     ^^^^^^^^^^^^^^^^^^^^^^^^^^^^^^^^^^^^^^^^

error: unused import: `crate::server::telemetry::TelemetryEvent`
  --> app/src/resource_center/section_views/changelog_section.rs:23:5
   |
23 | use crate::server::telemetry::TelemetryEvent;
   |     ^^^^^^^^^^^^^^^^^^^^^^^^^^^^^^^^^^^^^^^^

error[E0433]: failed to resolve: could not find `cloud_object` in the crate root
 --> app/src/search/command_search/view_tests.rs:5:12
  |
5 | use crate::cloud_object::model::persistence::CloudModel;
  |            ^^^^^^^^^^^^ could not find `cloud_object` in the crate root

error: unused import: `ThemeSettings`
  --> app/src/root_view.rs:21:42
   |
21 | use crate::settings::{QuakeModeSettings, ThemeSettings};
   |                                          ^^^^^^^^^^^^^

error: unused import: `crate::window_settings::WindowSettings`
  --> app/src/root_view.rs:28:5
   |
28 | use crate::window_settings::WindowSettings;
   |     ^^^^^^^^^^^^^^^^^^^^^^^^^^^^^^^^^^^^^^

error: unused import: `WorkspaceRegistry`
  --> app/src/root_view.rs:29:69
   |
29 | use crate::workspace::{PaneViewLocator, Workspace, WorkspaceAction, WorkspaceRegistry};
   |                                                                     ^^^^^^^^^^^^^^^^^

error: unused import: `UpdateQuakeModeEventArg`
  --> app/src/root_view.rs:30:67
   |
30 | use crate::{GlobalResourceHandles, GlobalResourceHandlesProvider, UpdateQuakeModeEventArg};
   |                                                                   ^^^^^^^^^^^^^^^^^^^^^^^

error[E0433]: failed to resolve: unresolved import
  --> app/src/search/command_search/view_tests.rs:14:12
   |
14 | use crate::workspaces::team_tester::TeamTesterStatus;
   |            ^^^^^^^^^^
   |            |
   |            unresolved import
   |            help: a similar path exists: `persistence::schema::workspaces`

error[E0433]: failed to resolve: unresolved import
  --> app/src/search/command_search/view_tests.rs:15:12
   |
15 | use crate::workspaces::update_manager::TeamUpdateManager;
   |            ^^^^^^^^^^
   |            |
   |            unresolved import
   |            help: a similar path exists: `persistence::schema::workspaces`

error[E0433]: failed to resolve: unresolved import
  --> app/src/search/command_search/view_tests.rs:16:12
   |
16 | use crate::workspaces::user_workspaces::UserWorkspaces;
   |            ^^^^^^^^^^
   |            |
   |            unresolved import
   |            help: a similar path exists: `persistence::schema::workspaces`

error: unused import: `warp_core::send_telemetry_from_app_ctx`
 --> app/src/search/command_palette/view.rs:7:5
  |
7 | use warp_core::send_telemetry_from_app_ctx;
  |     ^^^^^^^^^^^^^^^^^^^^^^^^^^^^^^^^^^^^^^

error: unused import: `crate::features::FeatureFlag`
  --> app/src/search/command_palette/view.rs:26:5
   |
26 | use crate::features::FeatureFlag;
   |     ^^^^^^^^^^^^^^^^^^^^^^^^^^^^

error: unused import: `TelemetryEvent`
  --> app/src/search/command_palette/view.rs:42:56
   |
42 | use crate::server::telemetry::{LaunchConfigUiLocation, TelemetryEvent};
   |                                                        ^^^^^^^^^^^^^^

error: unused import: `SingletonEntity`
 --> app/src/search/command_search/history/history_data_source.rs:4:26
  |
4 | use warpui::{AppContext, SingletonEntity};
  |                          ^^^^^^^^^^^^^^^

error: unused import: `warp_core::features::FeatureFlag`
  --> app/src/search/command_search/view.rs:10:5
   |
10 | use warp_core::features::FeatureFlag;
   |     ^^^^^^^^^^^^^^^^^^^^^^^^^^^^^^^^

error: unused import: `MouseStateHandle`
  --> app/src/search/command_search/view.rs:15:26
   |
15 |     Dismiss, Fill, Flex, MouseStateHandle, OffsetPositioning, OffsetType, ParentElement,
   |                          ^^^^^^^^^^^^^^^^

error: unused import: `crate::server::telemetry::TelemetryEvent`
  --> app/src/search/command_search/view.rs:39:5
   |
39 | use crate::server::telemetry::TelemetryEvent;
   |     ^^^^^^^^^^^^^^^^^^^^^^^^^^^^^^^^^^^^^^^^

error: unused import: `HistoryEvent`
  --> app/src/search/command_search/view.rs:43:32
   |
43 | use crate::terminal::{History, HistoryEvent};
   |                                ^^^^^^^^^^^^

error[E0432]: unresolved import `crate::workflows::CloudWorkflowModel`
  --> app/src/search/command_palette/data_sources_tests.rs:34:24
   |
34 | use crate::workflows::{CloudWorkflowModel, WorkflowId};
   |                        ^^^^^^^^^^^^^^^^^^ no `CloudWorkflowModel` in `workflows`

error[E0433]: failed to resolve: unresolved import
  --> app/src/settings_view/mod_tests.rs:14:12
   |
14 | use crate::workspaces::workspace::{BillingMetadata, CustomerType};
   |            ^^^^^^^^^^
   |            |
   |            unresolved import
   |            help: a similar path exists: `persistence::schema::workspaces`

error[E0432]: unresolved imports `super::IsCloudConversationStorageEnabled`, `super::IsCrashReportingEnabled`, `super::IsTelemetryEnabled`
 --> app/src/settings/privacy_tests.rs:4:13
  |
4 | use super::{IsCloudConversationStorageEnabled, IsCrashReportingEnabled, IsTelemetryEnabled};
  |             ^^^^^^^^^^^^^^^^^^^^^^^^^^^^^^^^^  ^^^^^^^^^^^^^^^^^^^^^^^  ^^^^^^^^^^^^^^^^^^ no `IsTelemetryEnabled` in `settings::privacy`
  |             |                                  |
  |             |                                  no `IsCrashReportingEnabled` in `settings::privacy`
  |             no `IsCloudConversationStorageEnabled` in `settings::privacy`

error[E0432]: unresolved import `crate::terminal::cli_agent`
 --> app/src/tab_configs/session_config_tests.rs:4:22
  |
4 | use crate::terminal::cli_agent::CLIAgent;
  |                      ^^^^^^^^^ could not find `cli_agent` in `terminal`

error[E0432]: unresolved import `crate::app_state::AmbientAgentPaneSnapshot`
   --> app/src/tab_configs/session_config_tests.rs:601:5
    |
601 | use crate::app_state::AmbientAgentPaneSnapshot;
    |     ^^^^^^^^^^^^^^^^^^^^^^^^^^^^^^^^^^^^^^^^^^ no `AmbientAgentPaneSnapshot` in `app_state`

error[E0432]: unresolved imports `crate::terminal::model::block::AgentInteractionMetadata`, `crate::terminal::model::block::SerializedAIMetadata`
  --> app/src/terminal/history_tests.rs:17:5
   |
17 |     AgentInteractionMetadata, SerializedAIMetadata, SerializedBlock,
   |     ^^^^^^^^^^^^^^^^^^^^^^^^  ^^^^^^^^^^^^^^^^^^^^ no `SerializedAIMetadata` in `terminal::model::block`
   |     |
   |     no `AgentInteractionMetadata` in `terminal::model::block`

error[E0432]: unresolved import `crate::terminal::model::block::AgentInteractionMetadata`
  --> app/src/terminal/model/blocks_tests.rs:13:5
   |
13 | use crate::terminal::model::block::AgentInteractionMetadata;
   |     ^^^^^^^^^^^^^^^^^^^^^^^^^^^^^^^^^^^^^^^^^^^^^^^^^^^^^^^ no `AgentInteractionMetadata` in `terminal::model::block`

error[E0432]: unresolved imports `crate::terminal::view::InlineBannerItem`, `crate::terminal::view::InlineBannerType`
  --> app/src/terminal/model/blocks_tests.rs:16:29
   |
16 | use crate::terminal::view::{InlineBannerItem, InlineBannerType};
   |                             ^^^^^^^^^^^^^^^^  ^^^^^^^^^^^^^^^^ no `InlineBannerType` in `terminal::view`
   |                             |
   |                             no `InlineBannerItem` in `terminal::view`
   |
   = help: consider importing this struct instead:
           crate::terminal::model::blocks::InlineBannerItem

error: unused import: `TelemetryEvent`
  --> app/src/settings/import/model.rs:15:13
   |
15 | use crate::{TelemetryEvent, send_telemetry_from_ctx};
   |             ^^^^^^^^^^^^^^

error: unused import: `TelemetryEvent`
  --> app/src/settings/import/view.rs:32:44
   |
32 | use crate::{GlobalResourceHandlesProvider, TelemetryEvent, send_telemetry_from_ctx};
   |                                            ^^^^^^^^^^^^^^

error[E0432]: unresolved import `crate::terminal::session_sharing`
  --> app/src/terminal/model/terminal_model_tests.rs:27:22
   |
27 | use crate::terminal::session_sharing::SharedSessionStatus;
   |                      ^^^^^^^^^^^^^^^ could not find `session_sharing` in `terminal`

error[E0432]: unresolved import `crate::settings::AISettings`
  --> app/src/ai/skills/skill_manager_tests.rs:19:5
   |
19 | use crate::settings::AISettings;
   |     ^^^^^^^^^^^^^^^^^----------
   |     |                |
   |     |                help: a similar name exists in the module: `Settings`
   |     no `AISettings` in `settings`

error[E0432]: unresolved import `crate::drive`
   --> app/src/tab_configs/session_config_tests.rs:525:16
    |
525 |     use crate::drive::OpenWarpDriveObjectSettings;
    |                ^^^^^ could not find `drive` in the crate root

error: unused import: `UpdateModel`
  --> app/src/settings/privacy.rs:11:65
   |
11 | use warpui::{AppContext, Entity, ModelContext, SingletonEntity, UpdateModel};
   |                                                                 ^^^^^^^^^^^

error: unused import: `warp_core::send_telemetry_from_ctx`
  --> app/src/settings_view/mod.rs:22:5
   |
22 | use warp_core::send_telemetry_from_ctx;
   |     ^^^^^^^^^^^^^^^^^^^^^^^^^^^^^^^^^^

error: unused import: `self::telemetry::SettingsTelemetryEvent`
  --> app/src/settings_view/mod.rs:40:5
   |
40 | use self::telemetry::SettingsTelemetryEvent;
   |     ^^^^^^^^^^^^^^^^^^^^^^^^^^^^^^^^^^^^^^^

error: unused import: `crate::view_components::ToastFlavor`
  --> app/src/settings_view/mod.rs:55:5
   |
55 | use crate::view_components::ToastFlavor;
   |     ^^^^^^^^^^^^^^^^^^^^^^^^^^^^^^^^^^^

error: unused import: `Clipped`
  --> app/src/settings_view/appearance_page.rs:13:31
   |
13 |     Align, Border, ChildView, Clipped, ConstrainedBox, Container, CornerRadius, CrossAxisAlignment,
   |                               ^^^^^^^

error: unused imports: `InputUXChangeOrigin` and `TelemetryEvent`
  --> app/src/settings_view/appearance_page.rs:51:32
   |
51 | use crate::server::telemetry::{InputUXChangeOrigin, TelemetryEvent};
   |                                ^^^^^^^^^^^^^^^^^^^  ^^^^^^^^^^^^^^

error: unused import: `ShowDockIconState`
  --> app/src/settings_view/appearance_page.rs:52:59
   |
52 | use crate::settings::app_icon::{AppIcon, AppIconSettings, ShowDockIconState};
   |                                                           ^^^^^^^^^^^^^^^^^

error: unused imports: `CursorBlinkEnabled`, `FocusPaneOnHover`, `InputModeState`, `ShouldDimInactivePanes`, `UseSystemTheme`, and `UseThinStrokes`
  --> app/src/settings_view/appearance_page.rs:54:63
   |
54 |     AIFontName, AppEditorSettings, CodeSettings, CursorBlink, CursorBlinkEnabled,
   |                                                               ^^^^^^^^^^^^^^^^^^
55 |     CursorDisplayType, DEFAULT_MONOSPACE_FONT_NAME, EnforceMinimumContrast, FocusPaneOnHover,
   |                                                                             ^^^^^^^^^^^^^^^^
56 |     FontSettings, FontSettingsChangedEvent, GPUSettings, InputBoxType, InputMode,
57 |     InputModeSettings, InputModeState, InputSettings, InputSettingsChangedEvent, MonospaceFontName,
   |                        ^^^^^^^^^^^^^^
58 |     PaneSettings, ShouldDimInactivePanes, ThemeSettings, UseSystemTheme, UseThinStrokes,
   |                   ^^^^^^^^^^^^^^^^^^^^^^                 ^^^^^^^^^^^^^^  ^^^^^^^^^^^^^^

error: unused import: `LigatureRenderingEnabled`
  --> app/src/settings_view/appearance_page.rs:61:42
   |
61 | use crate::terminal::ligature_settings::{LigatureRenderingEnabled, LigatureSettings};
   |                                          ^^^^^^^^^^^^^^^^^^^^^^^^

error: unused imports: `AltScreenPadding` and `Spacing`
  --> app/src/settings_view/appearance_page.rs:65:5
   |
65 |     AltScreenPadding, AltScreenPaddingMode, Spacing, SpacingMode, TerminalSettings,
   |     ^^^^^^^^^^^^^^^^                        ^^^^^^^

error: unused imports: `ShowBlockDividers` and `ShowJumpToBottomOfBlockButton`
  --> app/src/settings_view/appearance_page.rs:68:24
   |
68 |     BlockListSettings, ShowBlockDividers, ShowJumpToBottomOfBlockButton, SizeInfo,
   |                        ^^^^^^^^^^^^^^^^^  ^^^^^^^^^^^^^^^^^^^^^^^^^^^^^

error: unused imports: `BackgroundBlurTexture`, `LeftPanelVisibilityAcrossTabs`, and `OpenWindowsAtCustomSize`
  --> app/src/settings_view/appearance_page.rs:79:27
   |
79 |     BackgroundBlurRadius, BackgroundBlurTexture, BackgroundOpacity, LeftPanelVisibilityAcrossTabs,
   |                           ^^^^^^^^^^^^^^^^^^^^^                     ^^^^^^^^^^^^^^^^^^^^^^^^^^^^^
80 |     OpenWindowsAtCustomSize, WindowSettings, WindowSettingsChangedEvent, ZoomLevel,
   |     ^^^^^^^^^^^^^^^^^^^^^^^

error: unused imports: `HideTitleBarSearchBarInVerticalTabs`, `PreserveActiveTabColor`, `ShowIndicatorsButton`, `ShowVerticalTabPanelInRestoredWindows`, `UseLatestUserPromptAsConversationTitleInTabNames`, and `UseVerticalTabs`
  --> app/src/settings_view/appearance_page.rs:84:24
   |
84 |     DirectoryTabColor, HideTitleBarSearchBarInVerticalTabs, PreserveActiveTabColor,
   |                        ^^^^^^^^^^^^^^^^^^^^^^^^^^^^^^^^^^^  ^^^^^^^^^^^^^^^^^^^^^^
85 |     ShowIndicatorsButton, ShowVerticalTabPanelInRestoredWindows, TabCloseButtonPosition,
   |     ^^^^^^^^^^^^^^^^^^^^  ^^^^^^^^^^^^^^^^^^^^^^^^^^^^^^^^^^^^^
86 |     TabSettings, TabSettingsChangedEvent, UseLatestUserPromptAsConversationTitleInTabNames,
   |                                           ^^^^^^^^^^^^^^^^^^^^^^^^^^^^^^^^^^^^^^^^^^^^^^^^
87 |     UseVerticalTabs, WorkspaceDecorationVisibility, canonical_directory_key,
   |     ^^^^^^^^^^^^^^^

error: unused import: `crate::server::telemetry::TelemetryEvent`
  --> app/src/settings_view/features/external_editor.rs:14:5
   |
14 | use crate::server::telemetry::TelemetryEvent;
   |     ^^^^^^^^^^^^^^^^^^^^^^^^^^^^^^^^^^^^^^^^

error: unused imports: `OpenCodePanelsFileEditor`, `OpenFileEditor`, and `OpenFileLayout`
  --> app/src/settings_view/features/external_editor.rs:19:33
   |
19 |     EditorChoice, EditorLayout, OpenCodePanelsFileEditor, OpenFileEditor, OpenFileLayout,
   |                                 ^^^^^^^^^^^^^^^^^^^^^^^^  ^^^^^^^^^^^^^^  ^^^^^^^^^^^^^^

error: unused import: `TelemetryEvent`
  --> app/src/settings_view/code_editor_review_page.rs:34:13
   |
34 | use crate::{TelemetryEvent, send_telemetry_from_ctx};
   |             ^^^^^^^^^^^^^^

error: unused import: `ParentElement`
 --> app/src/settings_view/code_indexing_page.rs:3:44
  |
3 | use warpui::elements::{Container, Element, ParentElement, Text};
  |                                            ^^^^^^^^^^^^^

error: unused import: `SettingsPageEvent`
 --> app/src/settings_view/code_indexing_page.rs:8:26
  |
8 |     MatchData, PageType, SettingsPageEvent, SettingsPageMeta, SettingsPageViewHandle,
  |                          ^^^^^^^^^^^^^^^^^

error: unused import: `LocalOnlyIconState`
  --> app/src/settings_view/keybindings.rs:23:5
   |
23 |     LocalOnlyIconState, MatchData, PageType, SettingsPageMeta, SettingsPageViewHandle,
   |     ^^^^^^^^^^^^^^^^^^

error: unused import: `TelemetryEvent`
  --> app/src/settings_view/keybindings.rs:37:13
   |
37 | use crate::{TelemetryEvent, send_telemetry_from_ctx, themes};
   |             ^^^^^^^^^^^^^^

error: unused imports: `AddRegexModalEvent`, `AddRegexModalViewState`, and `AddRegexModal`
 --> app/src/settings_view/privacy/mod.rs:3:27
  |
3 | pub use add_regex_modal::{AddRegexModal, AddRegexModalEvent, AddRegexModalViewState};
  |                           ^^^^^^^^^^^^^  ^^^^^^^^^^^^^^^^^^  ^^^^^^^^^^^^^^^^^^^^^^

error: unused import: `LocalControlModeSetting`
  --> app/src/settings_view/scripting_page.rs:17:41
   |
17 | use crate::settings::{LocalControlMode, LocalControlModeSetting, LocalControlSettings};
   |                                         ^^^^^^^^^^^^^^^^^^^^^^^

error: unused import: `std::collections::HashMap`
 --> app/src/settings_view/settings_page.rs:3:5
  |
3 | use std::collections::HashMap;
  |     ^^^^^^^^^^^^^^^^^^^^^^^^^

error: unused import: `tab_config::build_worktree_config_toml`
  --> app/src/tab_configs/mod.rs:15:16
   |
15 | pub(crate) use tab_config::build_worktree_config_toml;
   |                ^^^^^^^^^^^^^^^^^^^^^^^^^^^^^^^^^^^^^^

error: unused import: `crate::server::telemetry::TelemetryEvent`
  --> app/src/terminal/block_filter.rs:27:5
   |
27 | use crate::server::telemetry::TelemetryEvent;
   |     ^^^^^^^^^^^^^^^^^^^^^^^^^^^^^^^^^^^^^^^^

error: unused import: `generate_session_id`
 --> app/src/terminal/bootstrap.rs:8:5
  |
8 |     generate_session_id, init_shell_script_for_shell, load_and_escape_script, script_for_shell,
  |     ^^^^^^^^^^^^^^^^^^^

error: unused import: `ParentElement`
 --> app/src/terminal/input.rs:3:46
  |
3 | use warpui::elements::{ChildView, Container, ParentElement, SavePosition};
  |                                              ^^^^^^^^^^^^^

error: unused import: `TelemetryEvent`
  --> app/src/terminal/local_tty/terminal_manager.rs:35:71
   |
35 | use crate::server::telemetry::{PtySpawnMode as TelemetryPtySpawnMode, TelemetryEvent};
   |                                                                       ^^^^^^^^^^^^^^

error: unused import: `SingletonEntity`
 --> app/src/terminal/mock_terminal_manager.rs:6:39
  |
6 | use warpui::{AppContext, ModelHandle, SingletonEntity, ViewHandle, WindowId};
  |                                       ^^^^^^^^^^^^^^^

error: unused import: `warp_core::features::FeatureFlag`
  --> app/src/terminal/model/block.rs:23:5
   |
23 | use warp_core::features::FeatureFlag;
   |     ^^^^^^^^^^^^^^^^^^^^^^^^^^^^^^^^

error: empty lines after doc comment
   --> app/src/terminal/model/block.rs:851:5
    |
851 | /     /// Use this when a block is being created/assigned to a conversation (e.g., entering agent view).
852 | |
853 | |     /// Resets this block's visibility to terminal mode.
854 | |     /// Use this when a block is being returned to terminal context (e.g., exiting agent view).
...   |
867 | |     /// Moves the block from pending context to attached context for the given conversation ID.
868 | |
    | |_^
...
873 |       pub fn nld_overridden(&self) -> bool {
    |       --------------------- the comment documents this function
    |
    = help: for further information visit https://rust-lang.github.io/rust-clippy/rust-1.92.0/index.html#empty_line_after_doc_comments
    = help: if the empty lines are unintentional, remove them
help: if the documentation should include the empty lines include them in the comment
    |
852 +     ///
853 |     /// Resets this block's visibility to terminal mode.
854 |     /// Use this when a block is being returned to terminal context (e.g., exiting agent view).
855 +     ///
856 |     /// Sets this block's agent view visibility state directly.
857 |     /// Use this when restoring a block from serialization.
858 +     ///
859 |     /// Adds a conversation ID to the set of conversations where this block is attached as context.
860 +     ///
861 |     /// Adds a conversation ID to the set of conversations where this block is pending context.
862 |     /// It maybe removed if the user removes the block attachment before sending the request, else if it is attached it will be 'promoted'.
863 +     ///
864 |     /// Removes a conversation ID from the set of conversations where this block should be visible.
865 |     /// Returns true if the conversation ID was present and removed, false if it wasn't present.
866 +     ///
867 |     /// Moves the block from pending context to attached context for the given conversation ID.
868 +     ///
    |

error: empty line after doc comment
    --> app/src/terminal/model/block.rs:2543:5
     |
2543 | /     /// Returns `true` if this block is a valid option to use as context for an AI model.
2544 | |
     | |_^
2545 |       pub fn estimated_heap_usage_bytes(&self) -> usize {
     |       --------------------------------- the comment documents this function
     |
     = help: for further information visit https://rust-lang.github.io/rust-clippy/rust-1.92.0/index.html#empty_line_after_doc_comments
     = help: if the empty line is unintentional, remove it

error: unused import: `AppContext`
  --> app/src/terminal/model/blocks.rs:21:14
   |
21 | use warpui::{AppContext, EntityId, record_trace_event};
   |              ^^^^^^^^^^

error[E0433]: failed to resolve: could not find `api_keys` in `ai`
   --> app/src/test_util/settings.rs:126:37
    |
126 |         ctx.add_singleton_model(ai::api_keys::ApiKeyManager::new);
    |                                     ^^^^^^^^ could not find `api_keys` in `ai`

error: empty lines after doc comment
    --> app/src/terminal/model/blocks.rs:1491:5
     |
1491 | /     /// Returns the conversation associated with newly created command blocks.
1492 | |
1493 | |     /// Returns whether the active conversation executes in a cloud context.
1494 | |
     | |_^
1495 |       /// Updates the transcript membership used by the cached block-height layout.
1496 |       pub fn set_transcript_scope(&mut self, scope: TranscriptScope) {
     |       --------------------------- the comment documents this function
     |
     = help: for further information visit https://rust-lang.github.io/rust-clippy/rust-1.92.0/index.html#empty_line_after_doc_comments
     = help: if the empty lines are unintentional, remove them
help: if the documentation should include the empty lines include them in the comment
     |
1492 +     ///
1493 |     /// Returns whether the active conversation executes in a cloud context.
1494 +     ///
     |

error: empty lines after doc comment
    --> app/src/terminal/model/blocks.rs:1504:5
     |
1504 | /     /// Associates subsequent command blocks with an active conversation.
1505 | |
1506 | |     /// Clears the active conversation association without changing transcript scope.
...    |
1513 | |     /// any change that affects which rich content is visible for the current agent view state.
1514 | |
     | |_^
1515 |       pub fn refresh_heights_for_loaded_passive_code_diff(
     |       --------------------------------------------------- the comment documents this function
     |
     = help: for further information visit https://rust-lang.github.io/rust-clippy/rust-1.92.0/index.html#empty_line_after_doc_comments
     = help: if the empty lines are unintentional, remove them

error: empty lines after doc comment
    --> app/src/terminal/model/blocks.rs:1526:5
     |
1526 | /     /// Returns a Vec of (block_id, visibility) for blocks that were found.
1527 | |
1528 | |     /// Attaches every non-oz-startup block in the list to `conversation_id` so each block is
1529 | |     /// visible while that conversation is the active one in agent view. Skips blocks flagged
...    |
1536 | |     /// Returns a Vec of (block_id, visibility) for blocks that were modified.
1537 | |
     | |_^
...
1541 |       fn update_live_block_height(&mut self, block_index: BlockIndex) {
     |       --------------------------- the comment documents this function
     |
     = help: for further information visit https://rust-lang.github.io/rust-clippy/rust-1.92.0/index.html#empty_line_after_doc_comments
     = help: if the empty lines are unintentional, remove them
help: if the documentation should include the empty lines include them in the comment
     |
1527 +     ///
1528 |     /// Attaches every non-oz-startup block in the list to `conversation_id` so each block is
1529 |     /// visible while that conversation is the active one in agent view. Skips blocks flagged
1530 |     /// as `is_oz_environment_startup_command` since those are hidden by their own mechanism.
1531 +     ///
1532 |     /// Removes the conversation association from the given blocks, making them disappear from that conversation's agent view.
1533 |     /// Returns a Vec of (block_id, visibility) for blocks that were modified.
1534 +     ///
1535 |     /// Promotes all blocks that are pending for the given conversation to attached.
1536 |     /// Returns a Vec of (block_id, visibility) for blocks that were modified.
1537 +     ///
     |

error: empty lines after doc comment
    --> app/src/terminal/model/blocks.rs:1791:5
     |
1791 | /     /// items, gaps, banners, and other non-navigable rich content.
1792 | |
1793 | |     /// Updates whether an AI rich-content item is a navigable user-query segment.
1794 | |     /// Used when streaming exchange inputs become renderable after initial mount.
1795 | |
     | |_^
1796 |       /// Return the height of the last non hidden rich content block after a blo...
1797 |       pub fn last_non_hidden_rich_content_block_after_block(
     |       ----------------------------------------------------- the comment documents this function
     |
     = help: for further information visit https://rust-lang.github.io/rust-clippy/rust-1.92.0/index.html#empty_line_after_doc_comments
     = help: if the empty lines are unintentional, remove them
help: if the documentation should include the empty lines include them in the comment
     |
1792 +     ///
1793 |     /// Updates whether an AI rich-content item is a navigable user-query segment.
1794 |     /// Used when streaming exchange inputs become renderable after initial mount.
1795 +     ///
     |

error: unused imports: `BootstrappingInfo` and `TelemetryEvent`
  --> app/src/terminal/model/session.rs:37:32
   |
37 | use crate::server::telemetry::{BootstrappingInfo, TelemetryEvent};
   |                                ^^^^^^^^^^^^^^^^^  ^^^^^^^^^^^^^^

error: unused import: `SerializedBlock`
  --> app/src/terminal/model/terminal_model.rs:28:84
   |
28 |     Block, BlockId, BlockMetadata, BlockSize, BlockState, BlocklistEnvVarMetadata, SerializedBlock,
   |                                                                                    ^^^^^^^^^^^^^^^

error: unused import: `BlockFilter`
  --> app/src/terminal/model/terminal_model.rs:31:44
   |
31 | use super::blocks::{ActiveBlockCompletion, BlockFilter};
   |                                            ^^^^^^^^^^^

error: unused import: `ShellName`
  --> app/src/terminal/model/terminal_model.rs:72:30
   |
72 | use crate::terminal::shell::{ShellName, ShellType};
   |                              ^^^^^^^^^

error: empty lines after doc comment
    --> app/src/terminal/model/terminal_model.rs:1319:5
     |
1319 | /     /// Starts the execution for a command in a shared session (sharer or viewer).
1320 | |
1321 | |     /// Starts the command execution (per `Self::start_command_execution`) and additionally sets
1322 | |     /// the given `ai_metadata` on the active block.
1323 | |
     | |_^
1324 |       pub(in crate::terminal) fn start_in_band_command_execution(&mut self) -> StartCommandOutcome {
     |       ---------------------------------------------------------- the comment documents this function
     |
     = help: for further information visit https://rust-lang.github.io/rust-clippy/rust-1.92.0/index.html#empty_line_after_doc_comments
     = help: if the empty lines are unintentional, remove them

error: empty line after doc comment
    --> app/src/terminal/model/terminal_model.rs:1625:5
     |
1625 | /     /// Returns whether this terminal is viewing a shared session.
1626 | |
     | |_^
...
1629 |       pub fn resize(&mut self, size_update: SizeUpdate) {
     |       ------------- the comment documents this function
     |
     = help: for further information visit https://rust-lang.github.io/rust-clippy/rust-1.92.0/index.html#empty_line_after_doc_comments
     = help: if the empty line is unintentional, remove it
help: if the documentation should include the empty line include it in the comment
     |
1626 |     ///
     |

error: empty line after doc comment
    --> app/src/terminal/model/terminal_model.rs:1740:5
     |
1740 | /     /// from the `first_scrollback_block_index` onwards.
1741 | |
     | |_^
1742 |       fn restored_block_commands(&self) -> Vec<HistoryEntry> {
     |       -------------------------- the comment documents this function
     |
     = help: for further information visit https://rust-lang.github.io/rust-clippy/rust-1.92.0/index.html#empty_line_after_doc_comments
     = help: if the empty line is unintentional, remove it

error: unused import: `super::model::lifecycle::LifecycleTelemetryEvent`
  --> app/src/terminal/model_events.rs:11:5
   |
11 | use super::model::lifecycle::LifecycleTelemetryEvent;
   |     ^^^^^^^^^^^^^^^^^^^^^^^^^^^^^^^^^^^^^^^^^^^^^^^^

error: unused import: `Vec1`
  --> app/src/terminal/view.rs:13:12
   |
13 | use vec1::{Vec1, vec1};
   |            ^^^^

error: unused import: `self`
  --> app/src/terminal/view.rs:35:20
   |
35 | use super::input::{self, CommandExecutionSource, Input};
   |                    ^^^^

error: unused import: `WithinModel`
  --> app/src/terminal/view.rs:41:56
   |
41 | use super::model::terminal_model::{TerminalInputState, WithinModel};
   |                                                        ^^^^^^^^^^^

error: unused import: `crate::terminal::model::mouse::MouseState`
  --> app/src/terminal/view.rs:64:5
   |
64 | use crate::terminal::model::mouse::MouseState;
   |     ^^^^^^^^^^^^^^^^^^^^^^^^^^^^^^^^^^^^^^^^^

error: empty line after doc comment
   --> app/src/terminal/writeable_pty/pty_controller.rs:554:5
    |
554 | /     /// Writes agent input to the PTY.
555 | |
    | |_^
...
560 |       pub fn write_bytes<B: Into<Cow<'static, [u8]>>>(
    |       ------------------ the comment documents this function
    |
    = help: for further information visit https://rust-lang.github.io/rust-clippy/rust-1.92.0/index.html#empty_line_after_doc_comments
    = help: if the empty line is unintentional, remove it
help: if the documentation should include the empty line include it in the comment
    |
555 |     ///
    |

error: unused import: `crate::server::telemetry::TelemetryEvent`
  --> app/src/themes/theme_chooser.rs:34:5
   |
34 | use crate::server::telemetry::TelemetryEvent;
   |     ^^^^^^^^^^^^^^^^^^^^^^^^^^^^^^^^^^^^^^^^

error: unused import: `server::telemetry::TelemetryEvent`
  --> app/src/themes/theme_creator_body.rs:31:30
   |
31 |     send_telemetry_from_ctx, server::telemetry::TelemetryEvent, themes::theme::CustomTheme,
   |                              ^^^^^^^^^^^^^^^^^^^^^^^^^^^^^^^^^

error: unused import: `crate::server::telemetry::TelemetryEvent`
  --> app/src/themes/theme_deletion_body.rs:17:5
   |
17 | use crate::server::telemetry::TelemetryEvent;
   |     ^^^^^^^^^^^^^^^^^^^^^^^^^^^^^^^^^^^^^^^^

error: unused import: `CliCommand`
   --> app/src/lib.rs:128:16
    |
128 | use warp_cli::{CliCommand, GlobalOptions};
    |                ^^^^^^^^^^

error: unused import: `crate::server::telemetry::TelemetryEvent`
  --> app/src/workflows/categories.rs:34:5
   |
34 | use crate::server::telemetry::TelemetryEvent;
   |     ^^^^^^^^^^^^^^^^^^^^^^^^^^^^^^^^^^^^^^^^

error: unused import: `ActiveSession`
  --> app/src/workspace/view.rs:20:13
   |
20 | use super::{ActiveSession, PaneViewLocator, WorkspaceAction, WorkspaceRegistry};
   |             ^^^^^^^^^^^^^

error: unused import: `AppState`
  --> app/src/workspace/view.rs:22:5
   |
22 |     AppState, LeftPanelSnapshot, PaneUuid, TabGroupSnapshot, TabSnapshot, WindowSnapshot,
   |     ^^^^^^^^

error: unused import: `crate::code::buffer_location::LocalOrRemotePath`
  --> app/src/workspace/view.rs:25:5
   |
25 | use crate::code::buffer_location::LocalOrRemotePath;
   |     ^^^^^^^^^^^^^^^^^^^^^^^^^^^^^^^^^^^^^^^^^^^^^^^

error: unused import: `crate::terminal::available_shells::AvailableShell`
  --> app/src/workspace/view.rs:35:5
   |
35 | use crate::terminal::available_shells::AvailableShell;
   |     ^^^^^^^^^^^^^^^^^^^^^^^^^^^^^^^^^^^^^^^^^^^^^^^^^

error: unused import: `crate::terminal::session_settings::NewSessionSource`
  --> app/src/workspace/view.rs:37:5
   |
37 | use crate::terminal::session_settings::NewSessionSource;
   |     ^^^^^^^^^^^^^^^^^^^^^^^^^^^^^^^^^^^^^^^^^^^^^^^^^^^

error: unused import: `crate::themes::theme::AnsiColorIdentifier`
  --> app/src/workspace/view.rs:38:5
   |
38 | use crate::themes::theme::AnsiColorIdentifier;
   |     ^^^^^^^^^^^^^^^^^^^^^^^^^^^^^^^^^^^^^^^^^

error: unused imports: `WorkflowSelectionSource`, `WorkflowSource`, and `WorkflowType`
  --> app/src/workspace/view.rs:41:24
   |
41 | use crate::workflows::{WorkflowSelectionSource, WorkflowSource, WorkflowType, WorkflowViewMode};
   |                        ^^^^^^^^^^^^^^^^^^^^^^^  ^^^^^^^^^^^^^^  ^^^^^^^^^^^^

error: unused import: `send_telemetry_from_ctx`
  --> app/src/workspace/view.rs:42:36
   |
42 | use crate::{GlobalResourceHandles, send_telemetry_from_ctx};
   |                                    ^^^^^^^^^^^^^^^^^^^^^^^

error: unused import: `SingletonEntity as _`
  --> app/src/workspace/mod.rs:27:26
   |
27 | use warpui::{AppContext, SingletonEntity as _};
   |                          ^^^^^^^^^^^^^^^^^^^^

error: unused import: `Appearance`
   --> app/src/lib.rs:143:18
    |
143 | use appearance::{Appearance, AppearanceManager};
    |                  ^^^^^^^^^^

error: unused import: `report_error`
   --> app/src/lib.rs:162:19
    |
162 | use warp_errors::{report_error, report_if_error};
    |                   ^^^^^^^^^^^^

error: unused imports: `OpenPath`, `quake_mode_window_id`, and `quake_mode_window_is_open`
   --> app/src/lib.rs:194:26
    |
194 |     OpenFromRestoredArg, OpenPath, quake_mode_window_id, quake_mode_window_is_open,
    |                          ^^^^^^^^  ^^^^^^^^^^^^^^^^^^^^  ^^^^^^^^^^^^^^^^^^^^^^^^^

error[E0433]: failed to resolve: use of unresolved module or unlinked crate `session_sharing`
   --> app/src/pane_group/mod_tests.rs:146:29
    |
146 |     app.add_singleton_model(session_sharing::manager::Manager::new);
    |                             ^^^^^^^^^^^^^^^ use of unresolved module or unlinked crate `session_sharing`
    |
    = help: if you wanted to use a crate named `session_sharing`, use `cargo add session_sharing` to add it to your `Cargo.toml`

error[E0433]: failed to resolve: could not find `blocklist` in `ai`
   --> app/src/pane_group/mod_tests.rs:160:20
    |
160 |         crate::ai::blocklist::agent_view::orchestration_pill_bar_model::OrchestrationPillBarModel::new(
    |                    ^^^^^^^^^ could not find `blocklist` in `ai`

error[E0433]: failed to resolve: could not find `blocklist` in `ai`
   --> app/src/pane_group/mod_tests.rs:170:40
    |
170 |     app.add_singleton_model(crate::ai::blocklist::BlocklistAIPermissions::new);
    |                                        ^^^^^^^^^ could not find `blocklist` in `ai`

error[E0433]: failed to resolve: could not find `agent_tips` in `ai`
   --> app/src/pane_group/mod_tests.rs:195:46
    |
195 |     app.add_singleton_model(|ctx| crate::ai::agent_tips::AITipModel::new_for_agent_tips(ctx));
    |                                              ^^^^^^^^^^ could not find `agent_tips` in `ai`

error[E0433]: failed to resolve: could not find `pricing_promotion` in `ai`
   --> app/src/pane_group/mod_tests.rs:202:40
    |
202 |     app.add_singleton_model(crate::ai::pricing_promotion::PricingPromotionState::new);
    |                                        ^^^^^^^^^^^^^^^^^ could not find `pricing_promotion` in `ai`

error[E0433]: failed to resolve: could not find `agent` in `ai`
  --> app/src/terminal/model/terminal_model_tests.rs:89:31
   |
89 |     let action_id: crate::ai::agent::AIAgentActionId = "action".to_owned().into();
   |                               ^^^^^ could not find `agent` in `ai`

error[E0433]: failed to resolve: use of undeclared type `AuthStateProvider`
   --> app/src/pane_group/mod_tests.rs:120:33
    |
120 |     app.add_singleton_model(|_| AuthStateProvider::new_for_test());
    |                                 ^^^^^^^^^^^^^^^^^ use of undeclared type `AuthStateProvider`
    |
help: consider importing this struct through its public re-export
    |
  1 + use crate::AuthStateProvider;
    |

error[E0422]: cannot find struct, variant or union type `PendingParentChildSeed` in this scope
    --> app/src/pane_group/mod_tests.rs:1459:21
     |
1459 |     let live_seed = PendingParentChildSeed {
     |                     ^^^^^^^^^^^^^^^^^^^^^^ not found in this scope

error[E0422]: cannot find struct, variant or union type `PendingParentChildSeed` in this scope
    --> app/src/pane_group/mod_tests.rs:1478:26
     |
1478 |     let recreated_seed = PendingParentChildSeed {
     |                          ^^^^^^^^^^^^^^^^^^^^^^ not found in this scope

error[E0422]: cannot find struct, variant or union type `PendingParentChildSeed` in this scope
    --> app/src/pane_group/mod_tests.rs:1554:17
     |
1554 |                 PendingParentChildSeed {
     |                 ^^^^^^^^^^^^^^^^^^^^^^ not found in this scope

error[E0433]: failed to resolve: use of unresolved module or unlinked crate `warp_drive`
   --> app/src/search/command_palette/data_sources_tests.rs:183:33
    |
183 |             app.add_model(|ctx| warp_drive::DataSource::new(WindowId::new(), ctx));
    |                                 ^^^^^^^^^^ use of unresolved module or unlinked crate `warp_drive`
    |
    = help: if you wanted to use a crate named `warp_drive`, use `cargo add warp_drive` to add it to your `Cargo.toml`
help: consider importing one of these structs
    |
  1 + use crate::search::command_palette::launch_config::DataSource;
    |
  1 + use crate::search::command_palette::navigation::DataSource;
    |
  1 + use crate::search::command_palette::tabs::DataSource;
    |
help: if you import `DataSource`, refer to it directly
    |
183 -             app.add_model(|ctx| warp_drive::DataSource::new(WindowId::new(), ctx));
183 +             app.add_model(|ctx| DataSource::new(WindowId::new(), ctx));
    |

error[E0433]: failed to resolve: use of unresolved module or unlinked crate `warp_drive`
   --> app/src/search/command_palette/data_sources_tests.rs:231:33
    |
231 |             app.add_model(|ctx| warp_drive::DataSource::new(WindowId::new(), ctx));
    |                                 ^^^^^^^^^^ use of unresolved module or unlinked crate `warp_drive`
    |
    = help: if you wanted to use a crate named `warp_drive`, use `cargo add warp_drive` to add it to your `Cargo.toml`
help: consider importing one of these structs
    |
  1 + use crate::search::command_palette::launch_config::DataSource;
    |
  1 + use crate::search::command_palette::navigation::DataSource;
    |
  1 + use crate::search::command_palette::tabs::DataSource;
    |
help: if you import `DataSource`, refer to it directly
    |
231 -             app.add_model(|ctx| warp_drive::DataSource::new(WindowId::new(), ctx));
231 +             app.add_model(|ctx| DataSource::new(WindowId::new(), ctx));
    |

error[E0433]: failed to resolve: use of unresolved module or unlinked crate `warp_drive`
   --> app/src/search/command_palette/data_sources_tests.rs:279:33
    |
279 |             app.add_model(|ctx| warp_drive::DataSource::new(WindowId::new(), ctx));
    |                                 ^^^^^^^^^^ use of unresolved module or unlinked crate `warp_drive`
    |
    = help: if you wanted to use a crate named `warp_drive`, use `cargo add warp_drive` to add it to your `Cargo.toml`
help: consider importing one of these structs
    |
  1 + use crate::search::command_palette::launch_config::DataSource;
    |
  1 + use crate::search::command_palette::navigation::DataSource;
    |
  1 + use crate::search::command_palette::tabs::DataSource;
    |
help: if you import `DataSource`, refer to it directly
    |
279 -             app.add_model(|ctx| warp_drive::DataSource::new(WindowId::new(), ctx));
279 +             app.add_model(|ctx| DataSource::new(WindowId::new(), ctx));
    |

error[E0433]: failed to resolve: use of unresolved module or unlinked crate `warp_drive`
   --> app/src/search/command_palette/data_sources_tests.rs:329:33
    |
329 |             app.add_model(|ctx| warp_drive::DataSource::new(WindowId::new(), ctx));
    |                                 ^^^^^^^^^^ use of unresolved module or unlinked crate `warp_drive`
    |
    = help: if you wanted to use a crate named `warp_drive`, use `cargo add warp_drive` to add it to your `Cargo.toml`
help: consider importing one of these structs
    |
  1 + use crate::search::command_palette::launch_config::DataSource;
    |
  1 + use crate::search::command_palette::navigation::DataSource;
    |
  1 + use crate::search::command_palette::tabs::DataSource;
    |
help: if you import `DataSource`, refer to it directly
    |
329 -             app.add_model(|ctx| warp_drive::DataSource::new(WindowId::new(), ctx));
329 +             app.add_model(|ctx| DataSource::new(WindowId::new(), ctx));
    |

error[E0433]: failed to resolve: use of unresolved module or unlinked crate `warp_drive`
   --> app/src/search/command_palette/data_sources_tests.rs:490:54
    |
490 |         let data_source_handle = app.add_model(|ctx| warp_drive::DataSource::new(window_id, ctx));
    |                                                      ^^^^^^^^^^ use of unresolved module or unlinked crate `warp_drive`
    |
    = help: if you wanted to use a crate named `warp_drive`, use `cargo add warp_drive` to add it to your `Cargo.toml`
help: consider importing one of these structs
    |
  1 + use crate::search::command_palette::launch_config::DataSource;
    |
  1 + use crate::search::command_palette::navigation::DataSource;
    |
  1 + use crate::search::command_palette::tabs::DataSource;
    |
help: if you import `DataSource`, refer to it directly
    |
490 -         let data_source_handle = app.add_model(|ctx| warp_drive::DataSource::new(window_id, ctx));
490 +         let data_source_handle = app.add_model(|ctx| DataSource::new(window_id, ctx));
    |

error[E0433]: failed to resolve: use of unresolved module or unlinked crate `warp_drive`
   --> app/src/search/command_palette/data_sources_tests.rs:554:54
    |
554 |         let data_source_handle = app.add_model(|ctx| warp_drive::DataSource::new(window_id, ctx));
    |                                                      ^^^^^^^^^^ use of unresolved module or unlinked crate `warp_drive`
    |
    = help: if you wanted to use a crate named `warp_drive`, use `cargo add warp_drive` to add it to your `Cargo.toml`
help: consider importing one of these structs
    |
  1 + use crate::search::command_palette::launch_config::DataSource;
    |
  1 + use crate::search::command_palette::navigation::DataSource;
    |
  1 + use crate::search::command_palette::tabs::DataSource;
    |
help: if you import `DataSource`, refer to it directly
    |
554 -         let data_source_handle = app.add_model(|ctx| warp_drive::DataSource::new(window_id, ctx));
554 +         let data_source_handle = app.add_model(|ctx| DataSource::new(window_id, ctx));
    |

error[E0433]: failed to resolve: use of unresolved module or unlinked crate `warp_drive`
   --> app/src/search/command_palette/data_sources_tests.rs:598:54
    |
598 |         let data_source_handle = app.add_model(|ctx| warp_drive::DataSource::new(window_id, ctx));
    |                                                      ^^^^^^^^^^ use of unresolved module or unlinked crate `warp_drive`
    |
    = help: if you wanted to use a crate named `warp_drive`, use `cargo add warp_drive` to add it to your `Cargo.toml`
help: consider importing one of these structs
    |
  1 + use crate::search::command_palette::launch_config::DataSource;
    |
  1 + use crate::search::command_palette::navigation::DataSource;
    |
  1 + use crate::search::command_palette::tabs::DataSource;
    |
help: if you import `DataSource`, refer to it directly
    |
598 -         let data_source_handle = app.add_model(|ctx| warp_drive::DataSource::new(window_id, ctx));
598 +         let data_source_handle = app.add_model(|ctx| DataSource::new(window_id, ctx));
    |

error[E0433]: failed to resolve: use of unresolved module or unlinked crate `warp_drive`
   --> app/src/search/command_palette/data_sources_tests.rs:657:54
    |
657 |         let data_source_handle = app.add_model(|ctx| warp_drive::DataSource::new(window_id, ctx));
    |                                                      ^^^^^^^^^^ use of unresolved module or unlinked crate `warp_drive`
    |
    = help: if you wanted to use a crate named `warp_drive`, use `cargo add warp_drive` to add it to your `Cargo.toml`
help: consider importing one of these structs
    |
  1 + use crate::search::command_palette::launch_config::DataSource;
    |
  1 + use crate::search::command_palette::navigation::DataSource;
    |
  1 + use crate::search::command_palette::tabs::DataSource;
    |
help: if you import `DataSource`, refer to it directly
    |
657 -         let data_source_handle = app.add_model(|ctx| warp_drive::DataSource::new(window_id, ctx));
657 +         let data_source_handle = app.add_model(|ctx| DataSource::new(window_id, ctx));
    |

error[E0433]: failed to resolve: use of unresolved module or unlinked crate `warp_drive`
   --> app/src/search/command_palette/data_sources_tests.rs:713:54
    |
713 |         let data_source_handle = app.add_model(|ctx| warp_drive::DataSource::new(window_id, ctx));
    |                                                      ^^^^^^^^^^ use of unresolved module or unlinked crate `warp_drive`
    |
    = help: if you wanted to use a crate named `warp_drive`, use `cargo add warp_drive` to add it to your `Cargo.toml`
help: consider importing one of these structs
    |
  1 + use crate::search::command_palette::launch_config::DataSource;
    |
  1 + use crate::search::command_palette::navigation::DataSource;
    |
  1 + use crate::search::command_palette::tabs::DataSource;
    |
help: if you import `DataSource`, refer to it directly
    |
713 -         let data_source_handle = app.add_model(|ctx| warp_drive::DataSource::new(window_id, ctx));
713 +         let data_source_handle = app.add_model(|ctx| DataSource::new(window_id, ctx));
    |

error[E0433]: failed to resolve: use of unresolved module or unlinked crate `warp_drive`
   --> app/src/search/command_palette/data_sources_tests.rs:776:33
    |
776 |             app.add_model(|ctx| warp_drive::DataSource::new(first_window_id, ctx));
    |                                 ^^^^^^^^^^ use of unresolved module or unlinked crate `warp_drive`
    |
    = help: if you wanted to use a crate named `warp_drive`, use `cargo add warp_drive` to add it to your `Cargo.toml`
help: consider importing one of these structs
    |
  1 + use crate::search::command_palette::launch_config::DataSource;
    |
  1 + use crate::search::command_palette::navigation::DataSource;
    |
  1 + use crate::search::command_palette::tabs::DataSource;
    |
help: if you import `DataSource`, refer to it directly
    |
776 -             app.add_model(|ctx| warp_drive::DataSource::new(first_window_id, ctx));
776 +             app.add_model(|ctx| DataSource::new(first_window_id, ctx));
    |

error[E0433]: failed to resolve: use of unresolved module or unlinked crate `warp_drive`
   --> app/src/search/command_palette/data_sources_tests.rs:783:33
    |
783 |             app.add_model(|ctx| warp_drive::DataSource::new(second_window_id, ctx));
    |                                 ^^^^^^^^^^ use of unresolved module or unlinked crate `warp_drive`
    |
    = help: if you wanted to use a crate named `warp_drive`, use `cargo add warp_drive` to add it to your `Cargo.toml`
help: consider importing one of these structs
    |
  1 + use crate::search::command_palette::launch_config::DataSource;
    |
  1 + use crate::search::command_palette::navigation::DataSource;
    |
  1 + use crate::search::command_palette::tabs::DataSource;
    |
help: if you import `DataSource`, refer to it directly
    |
783 -             app.add_model(|ctx| warp_drive::DataSource::new(second_window_id, ctx));
783 +             app.add_model(|ctx| DataSource::new(second_window_id, ctx));
    |

error[E0433]: failed to resolve: use of unresolved module or unlinked crate `warp_drive`
   --> app/src/search/command_palette/data_sources_tests.rs:844:54
    |
844 |         let data_source_handle = app.add_model(|ctx| warp_drive::DataSource::new(window_id, ctx));
    |                                                      ^^^^^^^^^^ use of unresolved module or unlinked crate `warp_drive`
    |
    = help: if you wanted to use a crate named `warp_drive`, use `cargo add warp_drive` to add it to your `Cargo.toml`
help: consider importing one of these structs
    |
  1 + use crate::search::command_palette::launch_config::DataSource;
    |
  1 + use crate::search::command_palette::navigation::DataSource;
    |
  1 + use crate::search::command_palette::tabs::DataSource;
    |
help: if you import `DataSource`, refer to it directly
    |
844 -         let data_source_handle = app.add_model(|ctx| warp_drive::DataSource::new(window_id, ctx));
844 +         let data_source_handle = app.add_model(|ctx| DataSource::new(window_id, ctx));
    |

error[E0433]: failed to resolve: use of unresolved module or unlinked crate `warp_drive`
   --> app/src/search/command_palette/data_sources_tests.rs:919:54
    |
919 |         let data_source_handle = app.add_model(|ctx| warp_drive::DataSource::new(window_id, ctx));
    |                                                      ^^^^^^^^^^ use of unresolved module or unlinked crate `warp_drive`
    |
    = help: if you wanted to use a crate named `warp_drive`, use `cargo add warp_drive` to add it to your `Cargo.toml`
help: consider importing one of these structs
    |
  1 + use crate::search::command_palette::launch_config::DataSource;
    |
  1 + use crate::search::command_palette::navigation::DataSource;
    |
  1 + use crate::search::command_palette::tabs::DataSource;
    |
help: if you import `DataSource`, refer to it directly
    |
919 -         let data_source_handle = app.add_model(|ctx| warp_drive::DataSource::new(window_id, ctx));
919 +         let data_source_handle = app.add_model(|ctx| DataSource::new(window_id, ctx));
    |

error[E0433]: failed to resolve: use of undeclared type `AuthStateProvider`
  --> app/src/search/command_search/view_tests.rs:22:33
   |
22 |     app.add_singleton_model(|_| AuthStateProvider::new_for_test());
   |                                 ^^^^^^^^^^^^^^^^^ use of undeclared type `AuthStateProvider`
   |
help: consider importing this struct through its public re-export
   |
 1 + use crate::AuthStateProvider;
   |

error[E0433]: failed to resolve: use of undeclared type `AIConversationId`
    --> app/src/terminal/model/block_tests.rs:1672:34
     |
1672 |     let origin_conversation_id = AIConversationId::new();
     |                                  ^^^^^^^^^^^^^^^^ use of undeclared type `AIConversationId`
     |
help: consider importing this struct
     |
   1 + use ai_types::AIConversationId;
     |

error[E0412]: cannot find type `SerializedAgentViewVisibility` in this scope
    --> app/src/terminal/model/block_tests.rs:1675:21
     |
1675 |     let visibility: SerializedAgentViewVisibility = serde_json::from_str(&json).unwrap();
     |                     ^^^^^^^^^^^^^^^^^^^^^^^^^^^^^ not found in this scope

error[E0433]: failed to resolve: use of undeclared type `AIConversationId`
    --> app/src/terminal/model/blocks_tests.rs:1675:27
     |
1675 |     let conversation_id = AIConversationId::new();
     |                           ^^^^^^^^^^^^^^^^ use of undeclared type `AIConversationId`
     |
help: consider importing this struct
     |
   1 + use ai_types::AIConversationId;
     |

error[E0433]: failed to resolve: use of undeclared type `AIConversationId`
    --> app/src/terminal/model/blocks_tests.rs:1743:27
     |
1743 |     let conversation_id = AIConversationId::new();
     |                           ^^^^^^^^^^^^^^^^ use of undeclared type `AIConversationId`
     |
help: consider importing this struct
     |
   1 + use ai_types::AIConversationId;
     |

error[E0433]: failed to resolve: use of undeclared type `AIConversationId`
    --> app/src/terminal/model/blocks_tests.rs:1806:43
     |
1806 |     let expected_origin_conversation_id = AIConversationId::new();
     |                                           ^^^^^^^^^^^^^^^^ use of undeclared type `AIConversationId`
     |
help: consider importing this struct
     |
   1 + use ai_types::AIConversationId;
     |

error[E0433]: failed to resolve: use of undeclared type `AIConversationId`
    --> app/src/terminal/model/blocks_tests.rs:1807:33
     |
1807 |     let other_conversation_id = AIConversationId::new();
     |                                 ^^^^^^^^^^^^^^^^ use of undeclared type `AIConversationId`
     |
help: consider importing this struct
     |
   1 + use ai_types::AIConversationId;
     |

error[E0433]: failed to resolve: use of undeclared type `AIConversationId`
    --> app/src/terminal/model/blocks_tests.rs:1869:27
     |
1869 |     let conversation_id = AIConversationId::new();
     |                           ^^^^^^^^^^^^^^^^ use of undeclared type `AIConversationId`
     |
help: consider importing this struct
     |
   1 + use ai_types::AIConversationId;
     |

error[E0433]: failed to resolve: use of undeclared type `AIConversationId`
    --> app/src/terminal/model/blocks_tests.rs:1909:27
     |
1909 |     let conversation_id = AIConversationId::new();
     |                           ^^^^^^^^^^^^^^^^ use of undeclared type `AIConversationId`
     |
help: consider importing this struct
     |
   1 + use ai_types::AIConversationId;
     |

error[E0433]: failed to resolve: use of undeclared type `AIConversationId`
    --> app/src/terminal/model/blocks_tests.rs:2544:27
     |
2544 |     let conversation_id = AIConversationId::new();
     |                           ^^^^^^^^^^^^^^^^ use of undeclared type `AIConversationId`
     |
help: consider importing this struct
     |
   1 + use ai_types::AIConversationId;
     |

error[E0433]: failed to resolve: use of undeclared type `AmbientAgentTaskId`
   --> app/src/terminal/model/terminal_model_tests.rs:215:13
    |
215 |             AmbientAgentTaskId::from_str(task_id).expect("valid task id"),
    |             ^^^^^^^^^^^^^^^^^^ use of undeclared type `AmbientAgentTaskId`
    |
help: consider importing this struct
    |
  1 + use ai_types::AmbientAgentTaskId;
    |

error: unused import: `bundled::BundledSkillActivation`
  --> app/src/ai/skills/mod.rs:11:16
   |
11 | pub(crate) use bundled::BundledSkillActivation;
   |                ^^^^^^^^^^^^^^^^^^^^^^^^^^^^^^^

error: unused import: `SingletonEntity`
  --> app/src/test_util/terminal.rs:11:19
   |
11 | use warpui::{App, SingletonEntity, ViewHandle, WindowId};
   |                   ^^^^^^^^^^^^^^^

error: unused import: `terminal::add_window_with_terminal`
 --> app/src/test_util/mod.rs:6:9
  |
6 | pub use terminal::add_window_with_terminal;
  |         ^^^^^^^^^^^^^^^^^^^^^^^^^^^^^^^^^^

error: unused macro definition: `assert_eventually`
  --> app/src/test_util/mod.rs:10:14
   |
10 | macro_rules! assert_eventually {
   |              ^^^^^^^^^^^^^^^^^
   |
   = note: `-D unused-macros` implied by `-D warnings`
   = help: to override `-D warnings` add `#[allow(unused_macros)]`

error: unused import: `assert_eventually`
  --> app/src/test_util/mod.rs:30:16
   |
30 | pub(crate) use assert_eventually;
   |                ^^^^^^^^^^^^^^^^^

error: unused import: `base64::Engine as _`
  --> app/src/editor/view/mod.rs:22:5
   |
22 | use base64::Engine as _;
   |     ^^^^^^^^^^^^^^^^^^^

error: empty lines after doc comment
    --> app/src/pane_group/mod.rs:1887:5
     |
1887 | /     /// host's `StopSharingCurrentSession` cleans it up.
1888 | |
1889 | |     /// Dispatches a share on every direct child agent pane in this group
1890 | |     /// that isn't already sharing, mirroring
...    |
1911 | |     /// pill bar's swap or split-off paths.
1912 | |
     | |_^
...
1917 |       pub fn terminal_pane_view_at_pane_index(
     |       --------------------------------------- the comment documents this function
     |
     = help: for further information visit https://rust-lang.github.io/rust-clippy/rust-1.92.0/index.html#empty_line_after_doc_comments
     = help: if the empty lines are unintentional, remove them
help: if the documentation should include the empty lines include them in the comment
     |
1888 +     ///
1889 |     /// Dispatches a share on every direct child agent pane in this group
 ...
1893 |     #[cfg(not(target_family = "wasm"))]
1894 +     ///
1895 |     /// Stop the shared session on every child pane that was transitively
 ...
1899 |     #[cfg(not(target_family = "wasm"))]
1900 +     ///
1901 |     /// Removes `pane_id` from the transitive-share tracking map.
1902 +     ///
1903 |     /// Creates a cloud-mode pane that lives off-tree as a child agent pane.
 ...
1906 |     /// explicitly before the deferred shared-session viewer binds to it.
1907 +     ///
1908 |     /// Inserts `pane` into `pane_contents` and attaches it (so subscriptions,
 ...
1911 |     /// pill bar's swap or split-off paths.
1912 +     ///
     |

error: empty lines after outer attribute
    --> app/src/pane_group/mod.rs:4036:5
     |
4036 | /     #[cfg(test)]
4037 | |
4038 | |     /// Add and focus a terminal pane in AI mode. Adds the pane to the right of all other panes as
4039 | |     /// a split on the root node. If `initial_query` is `Some` pre-fill the input with its value.
...    |
4043 | |     /// Add and focus a cloud mode pane.
4044 | |
     | |_^
...
4047 |       pub fn close_overlays(&mut self, ctx: &mut ViewContext<Self>) {
     |       --------------------- the attribute applies to this function
     |
     = help: for further information visit https://rust-lang.github.io/rust-clippy/rust-1.92.0/index.html#empty_line_after_outer_attr
     = help: if the empty lines are unintentional, remove them

error: unused import: `ViewAsRef as _`
  --> app/src/terminal/model/blocks/selection.rs:12:36
   |
12 | use warpui::{AppContext, EntityId, ViewAsRef as _};
   |                                    ^^^^^^^^^^^^^^

error: empty lines after outer attribute
    --> app/src/terminal/model/terminal_model.rs:1078:5
     |
1078 | /     #[allow(clippy::too_many_arguments)]
1079 | |
1080 | |     /// Creates a terminal model for a terminal session that is being viewed.
1081 | |     #[allow(clippy::too_many_arguments)]
...    |
1114 | |
     | |_^
1115 |       pub fn obfuscate_secrets(&self) -> ObfuscateSecrets {
     |       ------------------------ the attribute applies to this function
     |
     = help: for further information visit https://rust-lang.github.io/rust-clippy/rust-1.92.0/index.html#empty_line_after_outer_attr
     = help: if the empty lines are unintentional, remove them

error: unused import: `std::str::FromStr`
   --> app/src/terminal/model/terminal_model_tests.rs:181:9
    |
181 |     use std::str::FromStr;
    |         ^^^^^^^^^^^^^^^^^

error[E0061]: this function takes 2 arguments but 3 arguments were supplied
    --> app/src/code/editor/model_tests.rs:23:22
     |
  23 |         let styles = code_text_styles(Appearance::as_ref(ctx), FontSettings::as_ref(ctx), None);
     |                      ^^^^^^^^^^^^^^^^                          ------------------------- unexpected argument #2 of type `&settings::font::FontSettings`
     |
note: function defined here
    --> app/src/code/editor/view.rs:2460:8
     |
2460 | pub fn code_text_styles(
     |        ^^^^^^^^^^^^^^^^
help: remove the extra argument
     |
  23 -         let styles = code_text_styles(Appearance::as_ref(ctx), FontSettings::as_ref(ctx), None);
  23 +         let styles = code_text_styles(Appearance::as_ref(ctx), None);
     |

error[E0061]: this function takes 2 arguments but 3 arguments were supplied
    --> app/src/code/editor/model_tests.rs:41:22
     |
  41 |         let styles = code_text_styles(Appearance::as_ref(ctx), FontSettings::as_ref(ctx), None);
     |                      ^^^^^^^^^^^^^^^^                          ------------------------- unexpected argument #2 of type `&settings::font::FontSettings`
     |
note: function defined here
    --> app/src/code/editor/view.rs:2460:8
     |
2460 | pub fn code_text_styles(
     |        ^^^^^^^^^^^^^^^^
help: remove the extra argument
     |
  41 -         let styles = code_text_styles(Appearance::as_ref(ctx), FontSettings::as_ref(ctx), None);
  41 +         let styles = code_text_styles(Appearance::as_ref(ctx), None);
     |

error[E0061]: this function takes 2 arguments but 3 arguments were supplied
    --> app/src/code/editor/model_tests.rs:55:22
     |
  55 |         let styles = code_text_styles(Appearance::as_ref(ctx), FontSettings::as_ref(ctx), None);
     |                      ^^^^^^^^^^^^^^^^                          ------------------------- unexpected argument #2 of type `&settings::font::FontSettings`
     |
note: function defined here
    --> app/src/code/editor/view.rs:2460:8
     |
2460 | pub fn code_text_styles(
     |        ^^^^^^^^^^^^^^^^
help: remove the extra argument
     |
  55 -         let styles = code_text_styles(Appearance::as_ref(ctx), FontSettings::as_ref(ctx), None);
  55 +         let styles = code_text_styles(Appearance::as_ref(ctx), None);
     |

error[E0560]: struct `code_review::code_review_view::FileState` has no field named `add_context_button`
   --> app/src/code_review/code_review_view_tests.rs:369:17
    |
369 |                 add_context_button,
    |                 ^^^^^^^^^^^^^^^^^^ `code_review::code_review_view::FileState` does not have this field
    |
    = note: all struct fields are already assigned

error[E0599]: no variant or associated item named `AgentManagement` found for enum `local_control::handlers::metadata::SurfaceDestination` in the current scope
   --> app/src/local_control/handlers/app_state_tests.rs:74:41
    |
 74 |                     SurfaceDestination::AgentManagement,
    |                                         ^^^^^^^^^^^^^^^ variant or associated item not found in `local_control::handlers::metadata::SurfaceDestination`
    |
   ::: app/src/local_control/handlers/metadata.rs:131:1
    |
131 | pub(crate) enum SurfaceDestination {
    | ---------------------------------- variant or associated item `AgentManagement` not found for this enum

error[E0282]: type annotations needed
  --> app/src/local_control/handlers/layout_tests.rs:14:52
   |
14 |         let previous_count = workspace.read(&app, |workspace, _| workspace.tab_count());
   |                                                    ^^^^^^^^^     --------- type must be known at this point
   |
help: consider giving this closure parameter an explicit type
   |
14 |         let previous_count = workspace.read(&app, |workspace: /* Type */, _| workspace.tab_count());
   |                                                             ++++++++++++

error[E0282]: type annotations needed
  --> app/src/local_control/handlers/layout_tests.rs:29:31
   |
29 |         workspace.read(&app, |workspace, _| {
   |                               ^^^^^^^^^
30 |             assert_eq!(workspace.tab_count(), previous_count + 1);
   |                        --------- type must be known at this point
   |
help: consider giving this closure parameter an explicit type
   |
29 |         workspace.read(&app, |workspace: /* Type */, _| {
   |                                        ++++++++++++

error[E0599]: no variant or associated item named `AgentManagement` found for enum `local_control::handlers::metadata::SurfaceDestination` in the current scope
   --> app/src/local_control/handlers/metadata_tests.rs:10:64
    |
 10 |                 surface_unavailable_reason(SurfaceDestination::AgentManagement, ctx)
    |                                                                ^^^^^^^^^^^^^^^ variant or associated item not found in `local_control::handlers::metadata::SurfaceDestination`
    |
   ::: app/src/local_control/handlers/metadata.rs:131:1
    |
131 | pub(crate) enum SurfaceDestination {
    | ---------------------------------- variant or associated item `AgentManagement` not found for this enum

error: unused import: `super::diff_viewer::DiffViewer`
  --> app/src/code/view.rs:34:5
   |
34 | use super::diff_viewer::DiffViewer;
   |     ^^^^^^^^^^^^^^^^^^^^^^^^^^^^^^

error: unused import: `warp_editor::model::CoreEditorModel`
  --> app/src/code_review/comment_list_view.rs:14:5
   |
14 | use warp_editor::model::CoreEditorModel;
   |     ^^^^^^^^^^^^^^^^^^^^^^^^^^^^^^^^^^^

error: unused import: `std::str::FromStr`
 --> app/src/persistence/sqlite.rs:3:5
  |
3 | use std::str::FromStr;
  |     ^^^^^^^^^^^^^^^^^

error: unused import: `SingletonEntity`
 --> app/src/session_management.rs:4:44
  |
4 | use warpui::{AppContext, Entity, EntityId, SingletonEntity, WindowId};
  |                                            ^^^^^^^^^^^^^^^

error: unused import: `SingletonEntity`
  --> app/src/util/tooltips.rs:10:49
   |
10 | use warpui::{AppContext, Element, EventContext, SingletonEntity};
   |                                                 ^^^^^^^^^^^^^^^

error: unused import: `base64::Engine`
  --> app/src/editor/view/mod.rs:22:5
   |
22 | use base64::Engine as _;
   |     ^^^^^^^^^^^^^^

error: unused import: `warp_editor::model::CoreEditorModel`
  --> app/src/terminal/view.rs:16:5
   |
16 | use warp_editor::model::CoreEditorModel as _;
   |     ^^^^^^^^^^^^^^^^^^^^^^^^^^^^^^^^^^^

error: unused import: `Setting`
 --> app/src/settings_view/features_page.rs:1:16
  |
1 | use settings::{Setting as _, ToggleableSetting as _};
  |                ^^^^^^^

error: unused import: `ViewAsRef`
  --> app/src/terminal/model/blocks/selection.rs:12:36
   |
12 | use warpui::{AppContext, EntityId, ViewAsRef as _};
   |                                    ^^^^^^^^^

error: unused variable: `had_content`
   --> app/src/code/language_server_extension.rs:359:25
    |
359 |                     let had_content = !segments.is_empty();
    |                         ^^^^^^^^^^^ help: if this is intentional, prefix it with an underscore: `_had_content`
    |
    = note: `-D unused-variables` implied by `-D warnings`
    = help: to override `-D warnings` add `#[allow(unused_variables)]`

error: unused variable: `had_diagnostics`
   --> app/src/code/language_server_extension.rs:360:25
    |
360 |                     let had_diagnostics = !diagnostics.is_empty();
    |                         ^^^^^^^^^^^^^^^ help: if this is intentional, prefix it with an underscore: `_had_diagnostics`

error: unused variable: `server`
   --> app/src/code/language_server_extension.rs:361:33
    |
361 |                     if let Some(server) = me.lsp_server.as_ref() {
    |                                 ^^^^^^ help: if this is intentional, prefix it with an underscore: `_server`

error: unused variable: `server`
   --> app/src/code/local_code_editor.rs:781:21
    |
781 |         if let Some(server) = &self.lsp_server {
    |                     ^^^^^^ help: if this is intentional, prefix it with an underscore: `_server`

error: unused variable: `had_result`
    --> app/src/code/local_code_editor.rs:2123:21
     |
2123 |                 let had_result = matches!(&result, Ok(locations) if !locations.is_empty());
     |                     ^^^^^^^^^^ help: if this is intentional, prefix it with an underscore: `_had_result`

error: unused variable: `server_type`
    --> app/src/code/local_code_editor.rs:2125:29
     |
2125 |                 if let Some(server_type) = server_type_name {
     |                             ^^^^^^^^^^^ help: if this is intentional, prefix it with an underscore: `_server_type`

error[E0599]: no function or associated item named `new_for_test` found for struct `terminal::view::TerminalView` in the current scope
   --> app/src/test_util/terminal.rs:194:23
    |
194 |         TerminalView::new_for_test(tips_model, restored_blocks, ctx)
    |                       ^^^^^^^^^^^^ function or associated item not found in `terminal::view::TerminalView`
    |
   ::: app/src/terminal/view.rs:212:1
    |
212 | pub struct TerminalView {
    | ----------------------- function or associated item `new_for_test` not found for this struct
    |
note: if you're trying to build a new `terminal::view::TerminalView`, consider using `terminal::view::TerminalView::new` which returns `terminal::view::TerminalView`
   --> app/src/terminal/view.rs:238:5
    |
238 | /     pub fn new(
239 | |         resources: crate::pane_group::TerminalViewResources,
240 | |         wakeups_rx: Receiver<()>,
241 | |         model_events: ModelHandle<ModelEventDispatcher>,
...   |
247 | |         ctx: &mut ViewContext<Self>,
248 | |     ) -> Self {
    | |_____________^

error: unused variable: `is_directory`
    --> app/src/code/file_tree/view.rs:2416:13
     |
2416 |         let is_directory = matches!(item, FileTreeItem::DirectoryHeader { .. });
     |             ^^^^^^^^^^^^ help: if this is intentional, prefix it with an underscore: `_is_directory`

error: unused variable: `st`
    --> app/src/code/footer.rs:1803:33
     |
1803 |                     if let Some(st) = server_type {
     |                                 ^^ help: if this is intentional, prefix it with an underscore: `_st`

error: unused variable: `server_name`
    --> app/src/code/footer.rs:1829:21
     |
1829 |                 let server_name = self
     |                     ^^^^^^^^^^^ help: if this is intentional, prefix it with an underscore: `_server_name`

error: unused variable: `app`
    --> app/src/code/view.rs:2042:22
     |
2042 |     fn render(&self, app: &AppContext) -> Box<dyn Element> {
     |                      ^^^ help: if this is intentional, prefix it with an underscore: `_app`

error: unused variable: `load_duration`
    --> app/src/code_review/code_review_view.rs:2388:9
     |
2388 |         load_duration: Option<Duration>,
     |         ^^^^^^^^^^^^^ help: if this is intentional, prefix it with an underscore: `_load_duration`

error: unused variable: `is_local`
    --> app/src/code_review/code_review_view.rs:2458:13
     |
2458 |         let is_local = self.repo_is_local();
     |             ^^^^^^^^ help: if this is intentional, prefix it with an underscore: `_is_local`

error: unused variable: `diff_mode`
    --> app/src/code_review/code_review_view.rs:2459:13
     |
2459 |         let diff_mode = self.diff_state_model.as_ref(ctx).diff_mode(ctx);
     |             ^^^^^^^^^ help: if this is intentional, prefix it with an underscore: `_diff_mode`

error: unused variable: `is_imported`
    --> app/src/code_review/code_review_view.rs:2708:17
     |
2708 |             let is_imported = model
     |                 ^^^^^^^^^^^ help: if this is intentional, prefix it with an underscore: `_is_imported`

error: unused variable: `active_count`
    --> app/src/code_review/code_review_view.rs:3530:18
     |
3530 |             let (active_count, outdated_count) = relocated_comments
     |                  ^^^^^^^^^^^^ help: if this is intentional, prefix it with an underscore: `_active_count`

error: unused variable: `outdated_count`
    --> app/src/code_review/code_review_view.rs:3530:32
     |
3530 |             let (active_count, outdated_count) = relocated_comments
     |                                ^^^^^^^^^^^^^^ help: if this is intentional, prefix it with an underscore: `_outdated_count`

error: variable does not need to be mutable
    --> app/src/code_review/code_review_view.rs:3961:13
     |
3961 |         let mut zero_state_column = Flex::column()
     |             ----^^^^^^^^^^^^^^^^^
     |             |
     |             help: remove this `mut`
     |
     = note: `-D unused-mut` implied by `-D warnings`
     = help: to override `-D warnings` add `#[allow(unused_mut)]`

error: unused variable: `app`
    --> app/src/code_review/code_review_view.rs:3952:9
     |
3952 |         app: &AppContext,
     |         ^^^ help: if this is intentional, prefix it with an underscore: `_app`

error: variable `has_changes` is assigned to, but never used
    --> app/src/code_review/code_review_view.rs:6100:13
     |
6100 |         let mut has_changes = false;
     |             ^^^^^^^^^^^^^^^
     |
     = note: consider using `_has_changes` instead

error: value assigned to `has_changes` is never read
    --> app/src/code_review/code_review_view.rs:6102:13
     |
6102 |             has_changes = !loaded.to_diff_stats().has_no_changes();
     |             ^^^^^^^^^^^^^^^^^^^^^^^^^^^^^^^^^^^^^^^^^^^^^^^^^^^^^^
     |
     = help: maybe it is overwritten before being read?
     = note: `-D unused-assignments` implied by `-D warnings`
     = help: to override `-D warnings` add `#[allow(unused_assignments)]`

error: unused variable: `state_change`
    --> app/src/code_review/code_review_view.rs:6587:21
     |
6587 |                 let state_change = if is_currently_maximized {
     |                     ^^^^^^^^^^^^ help: if this is intentional, prefix it with an underscore: `_state_change`

error: unused variable: `branch`
    --> app/src/code_review/diff_state/local.rs:1352:29
     |
1352 |     pub fn create_pr(&self, branch: String, ctx: &mut ModelContext<Self>) {
     |                             ^^^^^^ help: if this is intentional, prefix it with an underscore: `_branch`

error: unused variable: `load_duration`
    --> app/src/code_review/diff_state/local.rs:1637:21
     |
1637 |                 let load_duration = self
     |                     ^^^^^^^^^^^^^ help: if this is intentional, prefix it with an underscore: `_load_duration`

error: unused variable: `me`
   --> app/src/code_review/git_dialog/commit.rs:372:5
    |
372 |     me: &GitDialog,
    |     ^^ help: if this is intentional, prefix it with an underscore: `_me`

error: unused variable: `operation`
   --> app/src/code_review/git_dialog/commit.rs:377:9
    |
377 |     let operation = match intent {
    |         ^^^^^^^^^ help: if this is intentional, prefix it with an underscore: `_operation`

error: unused variable: `status`
   --> app/src/code_review/git_dialog/commit.rs:382:10
    |
382 |     let (status, error) = match &result {
    |          ^^^^^^ help: if this is intentional, prefix it with an underscore: `_status`

error: unused variable: `error`
   --> app/src/code_review/git_dialog/commit.rs:382:18
    |
382 |     let (status, error) = match &result {
    |                  ^^^^^ help: if this is intentional, prefix it with an underscore: `_error`

error: unused variable: `me`
   --> app/src/code_review/git_dialog/pr.rs:133:5
    |
133 |     me: &GitDialog,
    |     ^^ help: if this is intentional, prefix it with an underscore: `_me`

error: unused variable: `status`
   --> app/src/code_review/git_dialog/pr.rs:137:10
    |
137 |     let (status, error) = match &result {
    |          ^^^^^^ help: if this is intentional, prefix it with an underscore: `_status`

error: unused variable: `error`
   --> app/src/code_review/git_dialog/pr.rs:137:18
    |
137 |     let (status, error) = match &result {
    |                  ^^^^^ help: if this is intentional, prefix it with an underscore: `_error`

error: unused variable: `me`
   --> app/src/code_review/git_dialog/push.rs:115:5
    |
115 |     me: &GitDialog,
    |     ^^ help: if this is intentional, prefix it with an underscore: `_me`

error: unused variable: `status`
   --> app/src/code_review/git_dialog/push.rs:120:10
    |
120 |     let (status, error) = match &result {
    |          ^^^^^^ help: if this is intentional, prefix it with an underscore: `_status`

error: unused variable: `error`
   --> app/src/code_review/git_dialog/push.rs:120:18
    |
120 |     let (status, error) = match &result {
    |                  ^^^^^ help: if this is intentional, prefix it with an underscore: `_error`

error: unused variable: `operation`
   --> app/src/code_review/git_dialog/mod.rs:866:25
    |
866 |                     let operation = match &self.mode {
    |                         ^^^^^^^^^ help: if this is intentional, prefix it with an underscore: `_operation`

error: unused variable: `is_local`
   --> app/src/code_review/git_dialog/mod.rs:886:25
    |
886 |                     let is_local = !self.repo_location.is_remote();
    |                         ^^^^^^^^ help: if this is intentional, prefix it with an underscore: `_is_local`

error: unused variable: `has_no_changes`
   --> app/src/code_review/code_review_header/mod.rs:118:13
    |
118 |         let has_no_changes = state.to_diff_stats().has_no_changes();
    |             ^^^^^^^^^^^^^^ help: if this is intentional, prefix it with an underscore: `_has_no_changes`

error: unused variable: `has_no_changes`
   --> app/src/code_review/code_review_header/mod.rs:196:13
    |
196 |         let has_no_changes = state.to_diff_stats().has_no_changes();
    |             ^^^^^^^^^^^^^^ help: if this is intentional, prefix it with an underscore: `_has_no_changes`

error[E0609]: no field `image_context_options` on type `editor::view::EditorView`
    --> app/src/editor/view/mod_tests.rs:4322:20
     |
4322 |             editor.image_context_options = ImageContextOptions::Enabled {
     |                    ^^^^^^^^^^^^^^^^^^^^^ unknown field
     |
     = note: available fields are: `view_id`, `editor_model`, `scroll_position`, `autoscroll_requested`, `windowing_state_handle` ... and 44 others

error[E0609]: no field `image_context_options` on type `editor::view::EditorView`
    --> app/src/editor/view/mod_tests.rs:4376:20
     |
4376 |             editor.image_context_options = ImageContextOptions::Enabled {
     |                    ^^^^^^^^^^^^^^^^^^^^^ unknown field
     |
     = note: available fields are: `view_id`, `editor_model`, `scroll_position`, `autoscroll_requested`, `windowing_state_handle` ... and 44 others

error[E0609]: no field `image_context_options` on type `editor::view::EditorView`
    --> app/src/editor/view/mod_tests.rs:4419:20
     |
4419 |             editor.image_context_options = ImageContextOptions::Enabled {
     |                    ^^^^^^^^^^^^^^^^^^^^^ unknown field
     |
     = note: available fields are: `view_id`, `editor_model`, `scroll_position`, `autoscroll_requested`, `windowing_state_handle` ... and 44 others

error[E0609]: no field `image_context_options` on type `editor::view::EditorView`
    --> app/src/editor/view/mod_tests.rs:4463:20
     |
4463 |             editor.image_context_options = ImageContextOptions::Enabled {
     |                    ^^^^^^^^^^^^^^^^^^^^^ unknown field
     |
     = note: available fields are: `view_id`, `editor_model`, `scroll_position`, `autoscroll_requested`, `windowing_state_handle` ... and 44 others

error: unused variable: `memory_breakdown`
   --> app/src/system/info.rs:219:13
    |
219 |         let memory_breakdown = memory_footprint::memory_breakdown();
    |             ^^^^^^^^^^^^^^^^ help: if this is intentional, prefix it with an underscore: `_memory_breakdown`

error: unused variable: `total_application_usage_bytes`
   --> app/src/system/info.rs:234:13
    |
234 |         let total_application_usage_bytes = rss.as_u64();
    |             ^^^^^^^^^^^^^^^^^^^^^^^^^^^^^ help: if this is intentional, prefix it with an underscore: `_total_application_usage_bytes`

error: unused variable: `cpu_usage_stats`
   --> app/src/system/info.rs:379:13
    |
379 |         let cpu_usage_stats = Self::compute_cpu_usage_stats(samples);
    |             ^^^^^^^^^^^^^^^ help: if this is intentional, prefix it with an underscore: `_cpu_usage_stats`

error: unused variable: `memory_usage_stats`
   --> app/src/system/info.rs:380:13
    |
380 |         let memory_usage_stats = Self::compute_memory_usage_stats(total_application_usage, ctx);
    |             ^^^^^^^^^^^^^^^^^^ help: if this is intentional, prefix it with an underscore: `_memory_usage_stats`

error[E0560]: struct `app_state::TabSnapshot` has no field named `right_panel`
  --> app/src/launch_configs/launch_config_tests.rs:20:17
   |
20 |                 right_panel: None,
   |                 ^^^^^^^^^^^ `app_state::TabSnapshot` does not have this field
   |
   = note: all struct fields are already assigned

error[E0560]: struct `app_state::WindowSnapshot` has no field named `team_uid`
  --> app/src/launch_configs/launch_config_tests.rs:25:13
   |
25 |             team_uid: None,
   |             ^^^^^^^^ `app_state::WindowSnapshot` does not have this field
   |
   = note: all struct fields are already assigned

error[E0560]: struct `app_state::WindowSnapshot` has no field named `warp_ai_width`
  --> app/src/launch_configs/launch_config_tests.rs:29:13
   |
29 |             warp_ai_width: None,
   |             ^^^^^^^^^^^^^ `app_state::WindowSnapshot` does not have this field
   |
   = note: all struct fields are already assigned

error[E0560]: struct `app_state::WindowSnapshot` has no field named `warp_drive_index_width`
  --> app/src/launch_configs/launch_config_tests.rs:31:13
   |
31 |             warp_drive_index_width: None,
   |             ^^^^^^^^^^^^^^^^^^^^^^ `app_state::WindowSnapshot` does not have this field
   |
   = note: all struct fields are already assigned

error[E0560]: struct `app_state::WindowSnapshot` has no field named `right_panel_width`
  --> app/src/launch_configs/launch_config_tests.rs:36:13
   |
36 |             right_panel_width: None,
   |             ^^^^^^^^^^^^^^^^^ `app_state::WindowSnapshot` does not have this field
   |
   = note: all struct fields are already assigned

error[E0560]: struct `app_state::WindowSnapshot` has no field named `agent_management_filters`
  --> app/src/launch_configs/launch_config_tests.rs:37:13
   |
37 |             agent_management_filters: None,
   |             ^^^^^^^^^^^^^^^^^^^^^^^^ `app_state::WindowSnapshot` does not have this field
   |
   = note: all struct fields are already assigned

error[E0560]: struct `app_state::WindowSnapshot` has no field named `team_uid`
  --> app/src/launch_configs/launch_config_tests.rs:50:13
   |
50 |             team_uid: None,
   |             ^^^^^^^^ `app_state::WindowSnapshot` does not have this field
   |
   = note: all struct fields are already assigned

error[E0560]: struct `app_state::WindowSnapshot` has no field named `warp_ai_width`
  --> app/src/launch_configs/launch_config_tests.rs:54:13
   |
54 |             warp_ai_width: None,
   |             ^^^^^^^^^^^^^ `app_state::WindowSnapshot` does not have this field
   |
   = note: all struct fields are already assigned

error[E0560]: struct `app_state::WindowSnapshot` has no field named `warp_drive_index_width`
  --> app/src/launch_configs/launch_config_tests.rs:56:13
   |
56 |             warp_drive_index_width: None,
   |             ^^^^^^^^^^^^^^^^^^^^^^ `app_state::WindowSnapshot` does not have this field
   |
   = note: all struct fields are already assigned

error[E0560]: struct `app_state::WindowSnapshot` has no field named `right_panel_width`
  --> app/src/launch_configs/launch_config_tests.rs:61:13
   |
61 |             right_panel_width: None,
   |             ^^^^^^^^^^^^^^^^^ `app_state::WindowSnapshot` does not have this field
   |
   = note: all struct fields are already assigned

error[E0560]: struct `app_state::WindowSnapshot` has no field named `agent_management_filters`
  --> app/src/launch_configs/launch_config_tests.rs:62:13
   |
62 |             agent_management_filters: None,
   |             ^^^^^^^^^^^^^^^^^^^^^^^^ `app_state::WindowSnapshot` does not have this field
   |
   = note: all struct fields are already assigned

error[E0599]: no variant named `CloudNotebook` found for enum `app_state::NotebookPaneSnapshot`
   --> app/src/launch_configs/launch_config_tests.rs:83:76
    |
 83 |                     contents: LeafContents::Notebook(NotebookPaneSnapshot::CloudNotebook {
    |                                                                            ^^^^^^^^^^^^^ variant not found in `app_state::NotebookPaneSnapshot`
    |
   ::: app/src/app_state.rs:137:1
    |
137 | pub enum NotebookPaneSnapshot {
    | ----------------------------- variant `CloudNotebook` not found here

error[E0560]: struct `app_state::TerminalPaneSnapshot` has no field named `is_read_only`
  --> app/src/launch_configs/launch_config_tests.rs:98:25
   |
98 |                         is_read_only: false,
   |                         ^^^^^^^^^^^^ `app_state::TerminalPaneSnapshot` does not have this field
   |
   = note: all struct fields are already assigned

error[E0560]: struct `app_state::TerminalPaneSnapshot` has no field named `input_config`
   --> app/src/launch_configs/launch_config_tests.rs:100:25
    |
100 |                         input_config: None,
    |                         ^^^^^^^^^^^^ `app_state::TerminalPaneSnapshot` does not have this field
    |
    = note: all struct fields are already assigned

error[E0560]: struct `app_state::TerminalPaneSnapshot` has no field named `llm_model_override`
   --> app/src/launch_configs/launch_config_tests.rs:101:25
    |
101 |                         llm_model_override: None,
    |                         ^^^^^^^^^^^^^^^^^^ `app_state::TerminalPaneSnapshot` does not have this field
    |
    = note: all struct fields are already assigned

error[E0560]: struct `app_state::TerminalPaneSnapshot` has no field named `active_profile_id`
   --> app/src/launch_configs/launch_config_tests.rs:102:25
    |
102 |                         active_profile_id: None,
    |                         ^^^^^^^^^^^^^^^^^ `app_state::TerminalPaneSnapshot` does not have this field
    |
    = note: all struct fields are already assigned

error[E0560]: struct `app_state::TerminalPaneSnapshot` has no field named `conversation_ids_to_restore`
   --> app/src/launch_configs/launch_config_tests.rs:103:25
    |
103 |                         conversation_ids_to_restore: vec![],
    |                         ^^^^^^^^^^^^^^^^^^^^^^^^^^^ `app_state::TerminalPaneSnapshot` does not have this field
    |
    = note: all struct fields are already assigned

error[E0560]: struct `app_state::TerminalPaneSnapshot` has no field named `active_conversation_id`
   --> app/src/launch_configs/launch_config_tests.rs:104:25
    |
104 |                         active_conversation_id: None,
    |                         ^^^^^^^^^^^^^^^^^^^^^^ `app_state::TerminalPaneSnapshot` does not have this field
    |
    = note: all struct fields are already assigned

error[E0560]: struct `app_state::TerminalPaneSnapshot` has no field named `is_read_only`
   --> app/src/launch_configs/launch_config_tests.rs:138:25
    |
138 |                         is_read_only: false,
    |                         ^^^^^^^^^^^^ `app_state::TerminalPaneSnapshot` does not have this field
    |
    = note: all struct fields are already assigned

error[E0560]: struct `app_state::TerminalPaneSnapshot` has no field named `input_config`
   --> app/src/launch_configs/launch_config_tests.rs:140:25
    |
140 |                         input_config: None,
    |                         ^^^^^^^^^^^^ `app_state::TerminalPaneSnapshot` does not have this field
    |
    = note: all struct fields are already assigned

error[E0560]: struct `app_state::TerminalPaneSnapshot` has no field named `llm_model_override`
   --> app/src/launch_configs/launch_config_tests.rs:141:25
    |
141 |                         llm_model_override: None,
    |                         ^^^^^^^^^^^^^^^^^^ `app_state::TerminalPaneSnapshot` does not have this field
    |
    = note: all struct fields are already assigned

error[E0560]: struct `app_state::TerminalPaneSnapshot` has no field named `active_profile_id`
   --> app/src/launch_configs/launch_config_tests.rs:142:25
    |
142 |                         active_profile_id: None,
    |                         ^^^^^^^^^^^^^^^^^ `app_state::TerminalPaneSnapshot` does not have this field
    |
    = note: all struct fields are already assigned

error[E0560]: struct `app_state::TerminalPaneSnapshot` has no field named `conversation_ids_to_restore`
   --> app/src/launch_configs/launch_config_tests.rs:143:25
    |
143 |                         conversation_ids_to_restore: vec![],
    |                         ^^^^^^^^^^^^^^^^^^^^^^^^^^^ `app_state::TerminalPaneSnapshot` does not have this field
    |
    = note: all struct fields are already assigned

error[E0560]: struct `app_state::TerminalPaneSnapshot` has no field named `active_conversation_id`
   --> app/src/launch_configs/launch_config_tests.rs:144:25
    |
144 |                         active_conversation_id: None,
    |                         ^^^^^^^^^^^^^^^^^^^^^^ `app_state::TerminalPaneSnapshot` does not have this field
    |
    = note: all struct fields are already assigned

error[E0599]: no variant named `CloudNotebook` found for enum `app_state::NotebookPaneSnapshot`
   --> app/src/launch_configs/launch_config_tests.rs:153:76
    |
153 |                     contents: LeafContents::Notebook(NotebookPaneSnapshot::CloudNotebook {
    |                                                                            ^^^^^^^^^^^^^ variant not found in `app_state::NotebookPaneSnapshot`
    |
   ::: app/src/app_state.rs:137:1
    |
137 | pub enum NotebookPaneSnapshot {
    | ----------------------------- variant `CloudNotebook` not found here

error[E0560]: struct `app_state::TerminalPaneSnapshot` has no field named `is_read_only`
   --> app/src/launch_configs/launch_config_tests.rs:168:25
    |
168 |                         is_read_only: false,
    |                         ^^^^^^^^^^^^ `app_state::TerminalPaneSnapshot` does not have this field
    |
    = note: all struct fields are already assigned

error[E0560]: struct `app_state::TerminalPaneSnapshot` has no field named `input_config`
   --> app/src/launch_configs/launch_config_tests.rs:170:25
    |
170 |                         input_config: None,
    |                         ^^^^^^^^^^^^ `app_state::TerminalPaneSnapshot` does not have this field
    |
    = note: all struct fields are already assigned

error[E0560]: struct `app_state::TerminalPaneSnapshot` has no field named `llm_model_override`
   --> app/src/launch_configs/launch_config_tests.rs:171:25
    |
171 |                         llm_model_override: None,
    |                         ^^^^^^^^^^^^^^^^^^ `app_state::TerminalPaneSnapshot` does not have this field
    |
    = note: all struct fields are already assigned

error[E0560]: struct `app_state::TerminalPaneSnapshot` has no field named `active_profile_id`
   --> app/src/launch_configs/launch_config_tests.rs:172:25
    |
172 |                         active_profile_id: None,
    |                         ^^^^^^^^^^^^^^^^^ `app_state::TerminalPaneSnapshot` does not have this field
    |
    = note: all struct fields are already assigned

error[E0560]: struct `app_state::TerminalPaneSnapshot` has no field named `conversation_ids_to_restore`
   --> app/src/launch_configs/launch_config_tests.rs:173:25
    |
173 |                         conversation_ids_to_restore: vec![],
    |                         ^^^^^^^^^^^^^^^^^^^^^^^^^^^ `app_state::TerminalPaneSnapshot` does not have this field
    |
    = note: all struct fields are already assigned

error[E0560]: struct `app_state::TerminalPaneSnapshot` has no field named `active_conversation_id`
   --> app/src/launch_configs/launch_config_tests.rs:174:25
    |
174 |                         active_conversation_id: None,
    |                         ^^^^^^^^^^^^^^^^^^^^^^ `app_state::TerminalPaneSnapshot` does not have this field
    |
    = note: all struct fields are already assigned

error[E0599]: no variant named `CloudNotebook` found for enum `app_state::NotebookPaneSnapshot`
   --> app/src/launch_configs/launch_config_tests.rs:217:72
    |
217 |                 contents: LeafContents::Notebook(NotebookPaneSnapshot::CloudNotebook {
    |                                                                        ^^^^^^^^^^^^^ variant not found in `app_state::NotebookPaneSnapshot`
    |
   ::: app/src/app_state.rs:137:1
    |
137 | pub enum NotebookPaneSnapshot {
    | ----------------------------- variant `CloudNotebook` not found here

error[E0560]: struct `app_state::TerminalPaneSnapshot` has no field named `is_read_only`
   --> app/src/launch_configs/launch_config_tests.rs:374:33
    |
374 | ...                   is_read_only: false,
    |                       ^^^^^^^^^^^^ `app_state::TerminalPaneSnapshot` does not have this field
    |
    = note: all struct fields are already assigned

error[E0560]: struct `app_state::TerminalPaneSnapshot` has no field named `input_config`
   --> app/src/launch_configs/launch_config_tests.rs:376:33
    |
376 | ...                   input_config: None,
    |                       ^^^^^^^^^^^^ `app_state::TerminalPaneSnapshot` does not have this field
    |
    = note: all struct fields are already assigned

error[E0560]: struct `app_state::TerminalPaneSnapshot` has no field named `llm_model_override`
   --> app/src/launch_configs/launch_config_tests.rs:377:33
    |
377 | ...                   llm_model_override: None,
    |                       ^^^^^^^^^^^^^^^^^^ `app_state::TerminalPaneSnapshot` does not have this field
    |
    = note: all struct fields are already assigned

error[E0560]: struct `app_state::TerminalPaneSnapshot` has no field named `active_profile_id`
   --> app/src/launch_configs/launch_config_tests.rs:378:33
    |
378 | ...                   active_profile_id: None,
    |                       ^^^^^^^^^^^^^^^^^ `app_state::TerminalPaneSnapshot` does not have this field
    |
    = note: all struct fields are already assigned

error[E0560]: struct `app_state::TerminalPaneSnapshot` has no field named `conversation_ids_to_restore`
   --> app/src/launch_configs/launch_config_tests.rs:379:33
    |
379 | ...                   conversation_ids_to_restore: vec![],
    |                       ^^^^^^^^^^^^^^^^^^^^^^^^^^^ `app_state::TerminalPaneSnapshot` does not have this field
    |
    = note: all struct fields are already assigned

error[E0560]: struct `app_state::TerminalPaneSnapshot` has no field named `active_conversation_id`
   --> app/src/launch_configs/launch_config_tests.rs:380:33
    |
380 | ...                   active_conversation_id: None,
    |                       ^^^^^^^^^^^^^^^^^^^^^^ `app_state::TerminalPaneSnapshot` does not have this field
    |
    = note: all struct fields are already assigned

error[E0560]: struct `app_state::TabSnapshot` has no field named `right_panel`
   --> app/src/launch_configs/launch_config_tests.rs:386:17
    |
386 |                 right_panel: None,
    |                 ^^^^^^^^^^^ `app_state::TabSnapshot` does not have this field
    |
    = note: all struct fields are already assigned

error[E0599]: no variant named `CloudNotebook` found for enum `app_state::NotebookPaneSnapshot`
   --> app/src/launch_configs/launch_config_tests.rs:414:84
    |
414 | ...                   contents: LeafContents::Notebook(NotebookPaneSnapshot::CloudNotebook {
    |                                                                              ^^^^^^^^^^^^^ variant not found in `app_state::NotebookPaneSnapshot`
    |
   ::: app/src/app_state.rs:137:1
    |
137 | pub enum NotebookPaneSnapshot {
    | ----------------------------- variant `CloudNotebook` not found here

error[E0560]: struct `app_state::TabSnapshot` has no field named `right_panel`
   --> app/src/launch_configs/launch_config_tests.rs:422:17
    |
422 |                 right_panel: None,
    |                 ^^^^^^^^^^^ `app_state::TabSnapshot` does not have this field
    |
    = note: all struct fields are already assigned

error[E0560]: struct `app_state::TerminalPaneSnapshot` has no field named `is_read_only`
   --> app/src/launch_configs/launch_config_tests.rs:441:33
    |
441 | ...                   is_read_only: false,
    |                       ^^^^^^^^^^^^ `app_state::TerminalPaneSnapshot` does not have this field
    |
    = note: all struct fields are already assigned

error[E0560]: struct `app_state::TerminalPaneSnapshot` has no field named `input_config`
   --> app/src/launch_configs/launch_config_tests.rs:443:33
    |
443 | ...                   input_config: None,
    |                       ^^^^^^^^^^^^ `app_state::TerminalPaneSnapshot` does not have this field
    |
    = note: all struct fields are already assigned

error[E0560]: struct `app_state::TerminalPaneSnapshot` has no field named `llm_model_override`
   --> app/src/launch_configs/launch_config_tests.rs:444:33
    |
444 | ...                   llm_model_override: None,
    |                       ^^^^^^^^^^^^^^^^^^ `app_state::TerminalPaneSnapshot` does not have this field
    |
    = note: all struct fields are already assigned

error[E0560]: struct `app_state::TerminalPaneSnapshot` has no field named `active_profile_id`
   --> app/src/launch_configs/launch_config_tests.rs:445:33
    |
445 | ...                   active_profile_id: None,
    |                       ^^^^^^^^^^^^^^^^^ `app_state::TerminalPaneSnapshot` does not have this field
    |
    = note: all struct fields are already assigned

error[E0560]: struct `app_state::TerminalPaneSnapshot` has no field named `conversation_ids_to_restore`
   --> app/src/launch_configs/launch_config_tests.rs:446:33
    |
446 | ...                   conversation_ids_to_restore: vec![],
    |                       ^^^^^^^^^^^^^^^^^^^^^^^^^^^ `app_state::TerminalPaneSnapshot` does not have this field
    |
    = note: all struct fields are already assigned

error[E0560]: struct `app_state::TerminalPaneSnapshot` has no field named `active_conversation_id`
   --> app/src/launch_configs/launch_config_tests.rs:447:33
    |
447 | ...                   active_conversation_id: None,
    |                       ^^^^^^^^^^^^^^^^^^^^^^ `app_state::TerminalPaneSnapshot` does not have this field
    |
    = note: all struct fields are already assigned

error[E0560]: struct `app_state::TabSnapshot` has no field named `right_panel`
   --> app/src/launch_configs/launch_config_tests.rs:453:17
    |
453 |                 right_panel: None,
    |                 ^^^^^^^^^^^ `app_state::TabSnapshot` does not have this field
    |
    = note: all struct fields are already assigned

error[E0560]: struct `app_state::TerminalPaneSnapshot` has no field named `is_read_only`
   --> app/src/launch_configs/launch_config_tests.rs:484:33
    |
484 | ...                   is_read_only: false,
    |                       ^^^^^^^^^^^^ `app_state::TerminalPaneSnapshot` does not have this field
    |
    = note: all struct fields are already assigned

error[E0560]: struct `app_state::TerminalPaneSnapshot` has no field named `input_config`
   --> app/src/launch_configs/launch_config_tests.rs:486:33
    |
486 | ...                   input_config: None,
    |                       ^^^^^^^^^^^^ `app_state::TerminalPaneSnapshot` does not have this field
    |
    = note: all struct fields are already assigned

error[E0560]: struct `app_state::TerminalPaneSnapshot` has no field named `llm_model_override`
   --> app/src/launch_configs/launch_config_tests.rs:487:33
    |
487 | ...                   llm_model_override: None,
    |                       ^^^^^^^^^^^^^^^^^^ `app_state::TerminalPaneSnapshot` does not have this field
    |
    = note: all struct fields are already assigned

error[E0560]: struct `app_state::TerminalPaneSnapshot` has no field named `active_profile_id`
   --> app/src/launch_configs/launch_config_tests.rs:488:33
    |
488 | ...                   active_profile_id: None,
    |                       ^^^^^^^^^^^^^^^^^ `app_state::TerminalPaneSnapshot` does not have this field
    |
    = note: all struct fields are already assigned

error[E0560]: struct `app_state::TerminalPaneSnapshot` has no field named `conversation_ids_to_restore`
   --> app/src/launch_configs/launch_config_tests.rs:489:33
    |
489 | ...                   conversation_ids_to_restore: vec![],
    |                       ^^^^^^^^^^^^^^^^^^^^^^^^^^^ `app_state::TerminalPaneSnapshot` does not have this field
    |
    = note: all struct fields are already assigned

error[E0560]: struct `app_state::TerminalPaneSnapshot` has no field named `active_conversation_id`
   --> app/src/launch_configs/launch_config_tests.rs:490:33
    |
490 | ...                   active_conversation_id: None,
    |                       ^^^^^^^^^^^^^^^^^^^^^^ `app_state::TerminalPaneSnapshot` does not have this field
    |
    = note: all struct fields are already assigned

error[E0560]: struct `app_state::TabSnapshot` has no field named `right_panel`
   --> app/src/launch_configs/launch_config_tests.rs:496:17
    |
496 |                 right_panel: None,
    |                 ^^^^^^^^^^^ `app_state::TabSnapshot` does not have this field
    |
    = note: all struct fields are already assigned

error[E0599]: no variant named `CloudNotebook` found for enum `app_state::NotebookPaneSnapshot`
   --> app/src/launch_configs/launch_config_tests.rs:511:84
    |
511 | ...                   contents: LeafContents::Notebook(NotebookPaneSnapshot::CloudNotebook {
    |                                                                              ^^^^^^^^^^^^^ variant not found in `app_state::NotebookPaneSnapshot`
    |
   ::: app/src/app_state.rs:137:1
    |
137 | pub enum NotebookPaneSnapshot {
    | ----------------------------- variant `CloudNotebook` not found here

error[E0560]: struct `app_state::TabSnapshot` has no field named `right_panel`
   --> app/src/launch_configs/launch_config_tests.rs:519:17
    |
519 |                 right_panel: None,
    |                 ^^^^^^^^^^^ `app_state::TabSnapshot` does not have this field
    |
    = note: all struct fields are already assigned

error: unused variable: `app`
  --> app/src/util/tooltips.rs:65:5
   |
65 |     app: &AppContext,
   |     ^^^ help: if this is intentional, prefix it with an underscore: `_app`

error: unused variable: `app`
   --> app/src/view_components/compactible_action_button.rs:229:5
    |
229 |     app: &AppContext,
    |     ^^^ help: if this is intentional, prefix it with an underscore: `_app`

error[E0599]: no function or associated item named `mock` found for struct `notebooks::manager::NotebookManager` in the current scope
   --> app/src/pane_group/mod_tests.rs:145:46
    |
145 |     app.add_singleton_model(NotebookManager::mock);
    |                                              ^^^^ function or associated item not found in `notebooks::manager::NotebookManager`
    |
   ::: app/src/notebooks/manager.rs:10:1
    |
 10 | pub struct NotebookManager {
    | -------------------------- function or associated item `mock` not found for this struct

error[E0061]: this function takes 6 arguments but 7 arguments were supplied
    --> app/src/pane_group/mod_tests.rs:232:13
     |
 232 |             PaneGroup::new_with_panes_layout(
     |             ^^^^^^^^^^^^^^^^^^^^^^^^^^^^^^^^
...
 235 |                 ServerApiProvider::as_ref(ctx).get(),
     |                 ------------------------------------ unexpected argument #3
     |
note: associated function defined here
    --> app/src/pane_group/mod.rs:1685:12
     |
1685 |     pub fn new_with_panes_layout(
     |            ^^^^^^^^^^^^^^^^^^^^^
help: remove the extra argument
     |
 234 -                 user_default_shell_changed_banner_dismissal_model_handle,
 235 -                 ServerApiProvider::as_ref(ctx).get(),
 234 +                 user_default_shell_changed_banner_dismissal_model_handle,
     |

error[E0282]: type annotations needed
   --> app/src/pane_group/mod_tests.rs:379:55
    |
379 |     BlocklistAIHistoryModel::handle(ctx).update(ctx, |history_model, ctx| {
    |                                                       ^^^^^^^^^^^^^
380 |         history_model.start_new_conversation(terminal_view_id, false, false, false, ctx)
    |         ------------- type must be known at this point
    |
help: consider giving this closure parameter an explicit type
    |
379 |     BlocklistAIHistoryModel::handle(ctx).update(ctx, |history_model: /* Type */, ctx| {
    |                                                                    ++++++++++++

error[E0282]: type annotations needed
   --> app/src/pane_group/mod_tests.rs:390:55
    |
390 |     BlocklistAIHistoryModel::handle(ctx).update(ctx, |history_model, ctx| {
    |                                                       ^^^^^^^^^^^^^
391 |         history_model.restore_conversations(terminal_view_id, vec![conversation], ctx);
    |         ------------- type must be known at this point
    |
help: consider giving this closure parameter an explicit type
    |
390 |     BlocklistAIHistoryModel::handle(ctx).update(ctx, |history_model: /* Type */, ctx| {
    |                                                                    ++++++++++++

error[E0599]: no method named `enter_agent_view_for_conversation` found for mutable reference `&mut terminal::view::TerminalView` in the current scope
   --> app/src/pane_group/mod_tests.rs:492:27
    |
492 |             terminal_view.enter_agent_view_for_conversation(
    |             --------------^^^^^^^^^^^^^^^^^^^^^^^^^^^^^^^^^ method not found in `&mut terminal::view::TerminalView`

error[E0061]: this method takes 4 arguments but 6 arguments were supplied
    --> app/src/pane_group/mod_tests.rs:505:44
     |
 505 |     let (pane_data, terminal_view) = panes.create_terminal_pane_data(
     |                                            ^^^^^^^^^^^^^^^^^^^^^^^^^
...
 509 |         None,
     |         ---- unexpected argument #4 of type `std::option::Option<_>`
 510 |         None,
     |         ---- unexpected argument #5 of type `std::option::Option<_>`
     |
note: method defined here
    --> app/src/pane_group/mod.rs:3262:8
     |
3262 |     fn create_terminal_pane_data(
     |        ^^^^^^^^^^^^^^^^^^^^^^^^^
help: remove the extra arguments
     |
 508 -         IsSharedSessionCreator::No,
 509 -         None,
 508 +         IsSharedSessionCreator::No,
     |

error[E0599]: no method named `enter_agent_view_for_conversation` found for mutable reference `&mut terminal::view::TerminalView` in the current scope
   --> app/src/pane_group/mod_tests.rs:523:23
    |
523 |         terminal_view.enter_agent_view_for_conversation(
    |         --------------^^^^^^^^^^^^^^^^^^^^^^^^^^^^^^^^^ method not found in `&mut terminal::view::TerminalView`

error[E0599]: no method named `ai_controller` found for reference `&terminal::view::TerminalView` in the current scope
   --> app/src/pane_group/mod_tests.rs:542:51
    |
542 |     let ai_controller = terminal_view.as_ref(ctx).ai_controller().clone();
    |                                                   ^^^^^^^^^^^^^ method not found in `&terminal::view::TerminalView`

error[E0282]: type annotations needed
   --> app/src/pane_group/mod_tests.rs:544:32
    |
544 |     ai_controller.update(ctx, |controller, _| controller.get_ambient_agent_task_id())
    |                                ^^^^^^^^^^     ---------- type must be known at this point
    |
help: consider giving this closure parameter an explicit type
    |
544 |     ai_controller.update(ctx, |controller: /* Type */, _| controller.get_ambient_agent_task_id())
    |                                          ++++++++++++

error[E0599]: no method named `insert_terminal_pane_hidden_for_child_agent` found for mutable reference `&mut pane_group::PaneGroup` in the current scope
    --> app/src/pane_group/mod_tests.rs:681:39
     |
 681 |             let child_pane_id = panes.insert_terminal_pane_hidden_for_child_agent(
     |                                 ------^^^^^^^^^^^^^^^^^^^^^^^^^^^^^^^^^^^^^^^^^^^
     |
help: there is a method `is_pane_hidden_for_close` with a similar name, but with different arguments
    --> app/src/pane_group/mod.rs:2153:5
     |
2153 |     pub fn is_pane_hidden_for_close(&self, pane_id: PaneId) -> bool {
     |     ^^^^^^^^^^^^^^^^^^^^^^^^^^^^^^^^^^^^^^^^^^^^^^^^^^^^^^^^^^^^^^^

error[E0609]: no field `child_agent_panes` on type `&mut pane_group::PaneGroup`
   --> app/src/pane_group/mod_tests.rs:742:18
    |
742 |                 .child_agent_panes
    |                  ^^^^^^^^^^^^^^^^^ unknown field
    |
    = note: available fields are: `tips_completed`, `user_default_shell_unsupported_banner_model_handle`, `model_event_sender`, `panes`, `focus_state` ... and 7 others

error[E0599]: no method named `swap_active_pane_to_conversation` found for mutable reference `&mut pane_group::PaneGroup` in the current scope
    --> app/src/pane_group/mod_tests.rs:750:19
     |
 750 |             panes.swap_active_pane_to_conversation(parent_pane_id, child.conversation_id, ctx);
     |                   ^^^^^^^^^^^^^^^^^^^^^^^^^^^^^^^^
     |
help: there is a method `close_active_pane_with_confirmation` with a similar name, but with different arguments
    --> app/src/pane_group/mod.rs:2474:5
     |
2474 |     fn close_active_pane_with_confirmation(&mut self, ctx: &mut ViewContext<Self>) {
     |     ^^^^^^^^^^^^^^^^^^^^^^^^^^^^^^^^^^^^^^^^^^^^^^^^^^^^^^^^^^^^^^^^^^^^^^^^^^^^^^

error[E0599]: no method named `insert_ambient_agent_pane_hidden_for_child_agent` found for mutable reference `&mut pane_group::PaneGroup` in the current scope
    --> app/src/pane_group/mod_tests.rs:770:23
     |
 770 |                 panes.insert_ambient_agent_pane_hidden_for_child_agent(parent_pane_id, ctx);
     |                       ^^^^^^^^^^^^^^^^^^^^^^^^^^^^^^^^^^^^^^^^^^^^^^^^
     |
help: there is a method `is_pane_hidden_for_close` with a similar name, but with different arguments
    --> app/src/pane_group/mod.rs:2153:5
     |
2153 |     pub fn is_pane_hidden_for_close(&self, pane_id: PaneId) -> bool {
     |     ^^^^^^^^^^^^^^^^^^^^^^^^^^^^^^^^^^^^^^^^^^^^^^^^^^^^^^^^^^^^^^^

error[E0599]: no method named `is_initial_conversation_details_panel_auto_open_suppressed_for_test` found for reference `&terminal::view::TerminalView` in the current scope
   --> app/src/pane_group/mod_tests.rs:778:22
    |
776 | /                 terminal_view
777 | |                     .as_ref(ctx)
778 | |                     .is_initial_conversation_details_panel_auto_open_suppressed_for_test(),
    | |                     -^^^^^^^^^^^^^^^^^^^^^^^^^^^^^^^^^^^^^^^^^^^^^^^^^^^^^^^^^^^^^^^^^^^ method not found in `&terminal::view::TerminalView`
    | |_____________________|
    |

error[E0609]: no field `child_agent_panes` on type `&mut pane_group::PaneGroup`
   --> app/src/pane_group/mod_tests.rs:815:18
    |
815 |                 .child_agent_panes
    |                  ^^^^^^^^^^^^^^^^^ unknown field
    |
    = note: available fields are: `tips_completed`, `user_default_shell_unsupported_banner_model_handle`, `model_event_sender`, `panes`, `focus_state` ... and 7 others

error[E0599]: no method named `create_hidden_child_agent_pane` found for mutable reference `&mut pane_group::PaneGroup` in the current scope
    --> app/src/pane_group/mod_tests.rs:844:19
     |
 844 |             panes.create_hidden_child_agent_pane(child_conversation, parent_pane_id, ctx);
     |                   ^^^^^^^^^^^^^^^^^^^^^^^^^^^^^^
     |
help: there is a method `clear_hidden_closed_panes` with a similar name, but with different arguments
    --> app/src/pane_group/mod.rs:2597:5
     |
2597 |     fn clear_hidden_closed_panes(&mut self, ctx: &mut ViewContext<Self>) {
     |     ^^^^^^^^^^^^^^^^^^^^^^^^^^^^^^^^^^^^^^^^^^^^^^^^^^^^^^^^^^^^^^^^^^^^

error[E0609]: no field `child_agent_panes` on type `&mut pane_group::PaneGroup`
   --> app/src/pane_group/mod_tests.rs:847:18
    |
847 |                 .child_agent_panes
    |                  ^^^^^^^^^^^^^^^^^ unknown field
    |
    = note: available fields are: `tips_completed`, `user_default_shell_unsupported_banner_model_handle`, `model_event_sender`, `panes`, `focus_state` ... and 7 others

error[E0599]: no method named `create_hidden_child_agent_pane` found for mutable reference `&mut pane_group::PaneGroup` in the current scope
    --> app/src/pane_group/mod_tests.rs:891:19
     |
 891 |             panes.create_hidden_child_agent_pane(child_conversation, parent_pane_id, ctx);
     |                   ^^^^^^^^^^^^^^^^^^^^^^^^^^^^^^
     |
help: there is a method `clear_hidden_closed_panes` with a similar name, but with different arguments
    --> app/src/pane_group/mod.rs:2597:5
     |
2597 |     fn clear_hidden_closed_panes(&mut self, ctx: &mut ViewContext<Self>) {
     |     ^^^^^^^^^^^^^^^^^^^^^^^^^^^^^^^^^^^^^^^^^^^^^^^^^^^^^^^^^^^^^^^^^^^^

error[E0609]: no field `child_agent_panes` on type `&mut pane_group::PaneGroup`
   --> app/src/pane_group/mod_tests.rs:894:18
    |
894 |                 .child_agent_panes
    |                  ^^^^^^^^^^^^^^^^^ unknown field
    |
    = note: available fields are: `tips_completed`, `user_default_shell_unsupported_banner_model_handle`, `model_event_sender`, `panes`, `focus_state` ... and 7 others

error[E0609]: no field `child_agent_panes` on type `&mut pane_group::PaneGroup`
   --> app/src/pane_group/mod_tests.rs:901:23
    |
901 |                 panes.child_agent_panes.contains_key(&child_conversation_id),
    |                       ^^^^^^^^^^^^^^^^^ unknown field
    |
    = note: available fields are: `tips_completed`, `user_default_shell_unsupported_banner_model_handle`, `model_event_sender`, `panes`, `focus_state` ... and 7 others

error[E0599]: no method named `ambient_agent_view_model` found for reference `&terminal::view::TerminalView` in the current scope
   --> app/src/pane_group/mod_tests.rs:912:26
    |
912 |             assert!(view.ambient_agent_view_model().is_none());
    |                          ^^^^^^^^^^^^^^^^^^^^^^^^ method not found in `&terminal::view::TerminalView`

error: unused variable: `ctx`
    --> app/src/editor/view/mod.rs:7322:31
     |
7322 |     fn render_controls(&self, ctx: &AppContext) -> Option<Box<dyn Element>> {
     |                               ^^^ help: if this is intentional, prefix it with an underscore: `_ctx`

error[E0599]: no method named `has_agent_view_zero_state_for_test` found for reference `&terminal::view::TerminalView` in the current scope
   --> app/src/pane_group/mod_tests.rs:914:23
    |
914 |                 !view.has_agent_view_zero_state_for_test(),
    |                       ^^^^^^^^^^^^^^^^^^^^^^^^^^^^^^^^^^ method not found in `&terminal::view::TerminalView`

error[E0599]: no method named `active_conversation_id` found for reference `&terminal::view::TerminalView` in the current scope
   --> app/src/pane_group/mod_tests.rs:918:22
    |
918 |                 view.active_conversation_id(ctx),
    |                      ^^^^^^^^^^^^^^^^^^^^^^
    |
help: there is a method `active_session` with a similar name
    |
918 -                 view.active_conversation_id(ctx),
918 +                 view.active_session(ctx),
    |

error: unused variable: `ctx`
  --> app/src/pane_group/pane/terminal_pane.rs:69:9
   |
69 |         ctx: &AppContext,
   |         ^^^ help: if this is intentional, prefix it with an underscore: `_ctx`

error: unused variable: `app`
   --> app/src/pane_group/pane/view/header/mod.rs:377:39
    |
377 |     fn render_toolbelt_buttons(&self, app: &AppContext) -> Box<dyn Element> {
    |                                       ^^^ help: if this is intentional, prefix it with an underscore: `_app`

error: variable does not need to be mutable
   --> app/src/pane_group/pane/view/header/mod.rs:434:13
    |
434 |         let mut optional_controls = Flex::row()
    |             ----^^^^^^^^^^^^^^^^^
    |             |
    |             help: remove this `mut`

error[E0599]: no method named `is_conversation_transcript_viewer` found for struct `MutexGuard<'_, RawFairMutex, TerminalModel>` in the current scope
   --> app/src/pane_group/mod_tests.rs:922:27
    |
922 |             assert!(model.is_conversation_transcript_viewer());
    |                           ^^^^^^^^^^^^^^^^^^^^^^^^^^^^^^^^^ method not found in `MutexGuard<'_, RawFairMutex, TerminalModel>`
    |
    = note: the full name for the type has been written to '/Users/tedczj/workspace/term4u/target/debug/deps/warp-aeab156d99296f11.long-type-16099997934711541278.txt'
    = note: consider using `--verbose` to print the full type name to the console

error[E0599]: no method named `conversation_transcript_viewer_status` found for struct `MutexGuard<'_, RawFairMutex, TerminalModel>` in the current scope
   --> app/src/pane_group/mod_tests.rs:925:23
    |
925 |                 model.conversation_transcript_viewer_status(),
    |                       ^^^^^^^^^^^^^^^^^^^^^^^^^^^^^^^^^^^^^ method not found in `MutexGuard<'_, RawFairMutex, TerminalModel>`
    |
    = note: the full name for the type has been written to '/Users/tedczj/workspace/term4u/target/debug/deps/warp-aeab156d99296f11.long-type-16099997934711541278.txt'
    = note: consider using `--verbose` to print the full type name to the console

error[E0282]: type annotations needed
   --> app/src/pane_group/mod_tests.rs:953:63
    |
953 |             AgentConversationsModel::handle(ctx).update(ctx, |model, _| {
    |                                                               ^^^^^
954 |                 model.insert_task_for_test(task);
    |                 ----- type must be known at this point
    |
help: consider giving this closure parameter an explicit type
    |
953 |             AgentConversationsModel::handle(ctx).update(ctx, |model: /* Type */, _| {
    |                                                                    ++++++++++++

error[E0599]: no method named `create_hidden_child_agent_pane` found for mutable reference `&mut pane_group::PaneGroup` in the current scope
    --> app/src/pane_group/mod_tests.rs:963:19
     |
 963 |             panes.create_hidden_child_agent_pane(child_conversation, parent_pane_id, ctx);
     |                   ^^^^^^^^^^^^^^^^^^^^^^^^^^^^^^
     |
help: there is a method `clear_hidden_closed_panes` with a similar name, but with different arguments
    --> app/src/pane_group/mod.rs:2597:5
     |
2597 |     fn clear_hidden_closed_panes(&mut self, ctx: &mut ViewContext<Self>) {
     |     ^^^^^^^^^^^^^^^^^^^^^^^^^^^^^^^^^^^^^^^^^^^^^^^^^^^^^^^^^^^^^^^^^^^^

error[E0609]: no field `child_agent_panes` on type `&mut pane_group::PaneGroup`
   --> app/src/pane_group/mod_tests.rs:966:18
    |
966 |                 .child_agent_panes
    |                  ^^^^^^^^^^^^^^^^^ unknown field
    |
    = note: available fields are: `tips_completed`, `user_default_shell_unsupported_banner_model_handle`, `model_event_sender`, `panes`, `focus_state` ... and 7 others

error[E0599]: no method named `active_conversation_id` found for reference `&terminal::view::TerminalView` in the current scope
   --> app/src/pane_group/mod_tests.rs:975:22
    |
975 |                 view.active_conversation_id(ctx),
    |                      ^^^^^^^^^^^^^^^^^^^^^^
    |
help: there is a method `active_session` with a similar name
    |
975 -                 view.active_conversation_id(ctx),
975 +                 view.active_session(ctx),
    |

error[E0599]: no method named `ambient_agent_view_model` found for reference `&terminal::view::TerminalView` in the current scope
   --> app/src/pane_group/mod_tests.rs:979:22
    |
979 |                 view.ambient_agent_view_model().is_none(),
    |                      ^^^^^^^^^^^^^^^^^^^^^^^^ method not found in `&terminal::view::TerminalView`

error[E0599]: no method named `has_agent_view_zero_state_for_test` found for reference `&terminal::view::TerminalView` in the current scope
   --> app/src/pane_group/mod_tests.rs:983:23
    |
983 |                 !view.has_agent_view_zero_state_for_test(),
    |                       ^^^^^^^^^^^^^^^^^^^^^^^^^^^^^^^^^^ method not found in `&terminal::view::TerminalView`

error[E0599]: no method named `is_conversation_transcript_viewer` found for struct `MutexGuard<'_, RawFairMutex, TerminalModel>` in the current scope
   --> app/src/pane_group/mod_tests.rs:987:27
    |
987 |             assert!(model.is_conversation_transcript_viewer());
    |                           ^^^^^^^^^^^^^^^^^^^^^^^^^^^^^^^^^ method not found in `MutexGuard<'_, RawFairMutex, TerminalModel>`
    |
    = note: the full name for the type has been written to '/Users/tedczj/workspace/term4u/target/debug/deps/warp-aeab156d99296f11.long-type-9710070259013762411.txt'
    = note: consider using `--verbose` to print the full type name to the console

error[E0599]: no method named `conversation_transcript_viewer_status` found for struct `MutexGuard<'_, RawFairMutex, TerminalModel>` in the current scope
   --> app/src/pane_group/mod_tests.rs:990:23
    |
990 |                 model.conversation_transcript_viewer_status(),
    |                       ^^^^^^^^^^^^^^^^^^^^^^^^^^^^^^^^^^^^^ method not found in `MutexGuard<'_, RawFairMutex, TerminalModel>`
    |
    = note: the full name for the type has been written to '/Users/tedczj/workspace/term4u/target/debug/deps/warp-aeab156d99296f11.long-type-9710070259013762411.txt'
    = note: consider using `--verbose` to print the full type name to the console

error[E0282]: type annotations needed
    --> app/src/pane_group/mod_tests.rs:1013:63
     |
1013 |             AgentConversationsModel::handle(ctx).update(ctx, |model, _| {
     |                                                               ^^^^^
1014 |                 model.insert_task_for_test(pending_task);
     |                 ----- type must be known at this point
     |
help: consider giving this closure parameter an explicit type
     |
1013 |             AgentConversationsModel::handle(ctx).update(ctx, |model: /* Type */, _| {
     |                                                                    ++++++++++++

error[E0599]: no method named `create_hidden_child_agent_pane` found for mutable reference `&mut pane_group::PaneGroup` in the current scope
    --> app/src/pane_group/mod_tests.rs:1022:19
     |
1022 |             panes.create_hidden_child_agent_pane(child_conversation, parent_pane_id, ctx);
     |                   ^^^^^^^^^^^^^^^^^^^^^^^^^^^^^^
     |
help: there is a method `clear_hidden_closed_panes` with a similar name, but with different arguments
    --> app/src/pane_group/mod.rs:2597:5
     |
2597 |     fn clear_hidden_closed_panes(&mut self, ctx: &mut ViewContext<Self>) {
     |     ^^^^^^^^^^^^^^^^^^^^^^^^^^^^^^^^^^^^^^^^^^^^^^^^^^^^^^^^^^^^^^^^^^^^

error[E0609]: no field `child_agent_panes` on type `&mut pane_group::PaneGroup`
    --> app/src/pane_group/mod_tests.rs:1023:33
     |
1023 |             let pane_id = panes.child_agent_panes[&child_id];
     |                                 ^^^^^^^^^^^^^^^^^ unknown field
     |
     = note: available fields are: `tips_completed`, `user_default_shell_unsupported_banner_model_handle`, `model_event_sender`, `panes`, `focus_state` ... and 7 others

error[E0599]: no method named `recover_viewer_child_join_failure` found for mutable reference `&mut pane_group::PaneGroup` in the current scope
    --> app/src/pane_group/mod_tests.rs:1025:19
     |
1025 |             panes.recover_viewer_child_join_failure(pane_id, child_id, failed_session_id, ctx);
     |                   ^^^^^^^^^^^^^^^^^^^^^^^^^^^^^^^^^ method not found in `&mut pane_group::PaneGroup`

error[E0282]: type annotations needed
    --> app/src/pane_group/mod_tests.rs:1031:63
     |
1031 |             AgentConversationsModel::handle(ctx).update(ctx, |model, _| {
     |                                                               ^^^^^
1032 |                 model.insert_task_for_test(running_task);
     |                 ----- type must be known at this point
     |
help: consider giving this closure parameter an explicit type
     |
1031 |             AgentConversationsModel::handle(ctx).update(ctx, |model: /* Type */, _| {
     |                                                                    ++++++++++++

error: unused variable: `app`
   --> app/src/search/command_search/view.rs:208:71
    |
208 |                 let source = History::handle(ctx).read(ctx, |history, app| {
    |                                                                       ^^^ help: if this is intentional, prefix it with an underscore: `_app`

error: unused variable: `buffer_length`
   --> app/src/search/command_search/view.rs:286:13
    |
286 |         let buffer_length = self.search_bar.as_ref(ctx).query(ctx).len();
    |             ^^^^^^^^^^^^^ help: if this is intentional, prefix it with an underscore: `_buffer_length`

error: unused variable: `buffer_length`
   --> app/src/search/command_search/view.rs:305:21
    |
305 |                 let buffer_length = self.search_bar.as_ref(ctx).query(ctx).len();
    |                     ^^^^^^^^^^^^^ help: if this is intentional, prefix it with an underscore: `_buffer_length`

error: unused variable: `buffer_len`
   --> app/src/search/command_search/view.rs:316:45
    |
316 |             SearchBarEvent::BufferCleared { buffer_len } => {
    |                                             ^^^^^^^^^^ help: try ignoring the field: `buffer_len: _`

error: unused variable: `result_index`
   --> app/src/search/command_search/view.rs:393:17
    |
393 |             let result_index = match self.search_bar_state.as_ref(ctx).query_result_renderers() {
    |                 ^^^^^^^^^^^^ help: if this is intentional, prefix it with an underscore: `_result_index`

error[E0599]: no method named `process_pending_child_hydrations` found for mutable reference `&mut pane_group::PaneGroup` in the current scope
    --> app/src/pane_group/mod_tests.rs:1034:19
     |
1034 |             panes.process_pending_child_hydrations(ctx);
     |                   ^^^^^^^^^^^^^^^^^^^^^^^^^^^^^^^^ method not found in `&mut pane_group::PaneGroup`

error[E0609]: no field `child_agent_panes` on type `&mut pane_group::PaneGroup`
    --> app/src/pane_group/mod_tests.rs:1036:30
     |
1036 |             assert_eq!(panes.child_agent_panes[&child_id], pane_id);
     |                              ^^^^^^^^^^^^^^^^^ unknown field
     |
     = note: available fields are: `tips_completed`, `user_default_shell_unsupported_banner_model_handle`, `model_event_sender`, `panes`, `focus_state` ... and 7 others

error[E0609]: no field `failed_viewer_child_sessions` on type `&mut pane_group::PaneGroup`
    --> app/src/pane_group/mod_tests.rs:1038:23
     |
1038 |                 panes.failed_viewer_child_sessions.get(&child_id),
     |                       ^^^^^^^^^^^^^^^^^^^^^^^^^^^^ unknown field
     |
     = note: available fields are: `tips_completed`, `user_default_shell_unsupported_banner_model_handle`, `model_event_sender`, `panes`, `focus_state` ... and 7 others

error[E0609]: no field `pending_child_hydrations` on type `&mut pane_group::PaneGroup`
    --> app/src/pane_group/mod_tests.rs:1042:23
     |
1042 |                 panes.pending_child_hydrations.get(&task_id),
     |                       ^^^^^^^^^^^^^^^^^^^^^^^^ unknown field
     |
     = note: available fields are: `tips_completed`, `user_default_shell_unsupported_banner_model_handle`, `model_event_sender`, `panes`, `focus_state` ... and 7 others

error[E0599]: no method named `is_orchestration_child_live_unavailable_for_test` found for reference `&terminal::view::TerminalView` in the current scope
    --> app/src/pane_group/mod_tests.rs:1050:22
     |
1049 | /                 view.as_ref(ctx)
1050 | |                     .is_orchestration_child_live_unavailable_for_test(),
     | |                     -^^^^^^^^^^^^^^^^^^^^^^^^^^^^^^^^^^^^^^^^^^^^^^^^ method not found in `&terminal::view::TerminalView`
     | |_____________________|
     |

error[E0282]: type annotations needed
    --> app/src/pane_group/mod_tests.rs:1119:63
     |
1119 |             BlocklistAIHistoryModel::handle(ctx).update(ctx, |history, ctx| {
     |                                                               ^^^^^^^
1120 |                 history.restore_conversations(
     |                 ------- type must be known at this point
     |
help: consider giving this closure parameter an explicit type
     |
1119 |             BlocklistAIHistoryModel::handle(ctx).update(ctx, |history: /* Type */, ctx| {
     |                                                                      ++++++++++++

error[E0282]: type annotations needed
    --> app/src/pane_group/mod_tests.rs:1186:22
     |
1186 |                 Some(child_agent_name.as_str()),
     |                      ^^^^^^^^^^^^^^^^ cannot infer type

error[E0609]: no field `child_agent_panes` on type `&pane_group::PaneGroup`
    --> app/src/pane_group/mod_tests.rs:1205:24
     |
1205 |                 !panes.child_agent_panes.contains_key(&child_conversation_id),
     |                        ^^^^^^^^^^^^^^^^^ unknown field
     |
     = note: available fields are: `tips_completed`, `user_default_shell_unsupported_banner_model_handle`, `model_event_sender`, `panes`, `focus_state` ... and 7 others

error[E0609]: no field `child_agent_panes` on type `&pane_group::PaneGroup`
    --> app/src/pane_group/mod_tests.rs:1221:18
     |
1221 |                 .child_agent_panes
     |                  ^^^^^^^^^^^^^^^^^ unknown field
     |
     = note: available fields are: `tips_completed`, `user_default_shell_unsupported_banner_model_handle`, `model_event_sender`, `panes`, `focus_state` ... and 7 others

error[E0599]: no method named `seed_child_conversations_from_task` found for mutable reference `&mut pane_group::PaneGroup` in the current scope
    --> app/src/pane_group/mod_tests.rs:1255:19
     |
1255 |             panes.seed_child_conversations_from_task(parent_conversation_id, parent_task_id, ctx);
     |                   ^^^^^^^^^^^^^^^^^^^^^^^^^^^^^^^^^^ method not found in `&mut pane_group::PaneGroup`

error[E0599]: no method named `seed_child_conversations_from_task` found for mutable reference `&mut pane_group::PaneGroup` in the current scope
    --> app/src/pane_group/mod_tests.rs:1256:19
     |
1256 |             panes.seed_child_conversations_from_task(parent_conversation_id, parent_task_id, ctx);
     |                   ^^^^^^^^^^^^^^^^^^^^^^^^^^^^^^^^^^ method not found in `&mut pane_group::PaneGroup`

error[E0599]: no method named `process_pending_parent_child_seeds` found for mutable reference `&mut pane_group::PaneGroup` in the current scope
    --> app/src/pane_group/mod_tests.rs:1257:19
     |
1257 |             panes.process_pending_parent_child_seeds(ctx);
     |                   ^^^^^^^^^^^^^^^^^^^^^^^^^^^^^^^^^^ method not found in `&mut pane_group::PaneGroup`

error[E0599]: no method named `process_pending_parent_child_seeds` found for mutable reference `&mut pane_group::PaneGroup` in the current scope
    --> app/src/pane_group/mod_tests.rs:1258:19
     |
1258 |             panes.process_pending_parent_child_seeds(ctx);
     |                   ^^^^^^^^^^^^^^^^^^^^^^^^^^^^^^^^^^ method not found in `&mut pane_group::PaneGroup`

error[E0609]: no field `parent_child_seed_fetch_dispatch_count` on type `&mut pane_group::PaneGroup`
    --> app/src/pane_group/mod_tests.rs:1261:23
     |
1261 |                 panes.parent_child_seed_fetch_dispatch_count, 1,
     |                       ^^^^^^^^^^^^^^^^^^^^^^^^^^^^^^^^^^^^^^ unknown field
     |
     = note: available fields are: `tips_completed`, `user_default_shell_unsupported_banner_model_handle`, `model_event_sender`, `panes`, `focus_state` ... and 7 others

error[E0609]: no field `pending_parent_child_seeds` on type `&mut pane_group::PaneGroup`
    --> app/src/pane_group/mod_tests.rs:1267:22
     |
1267 |                     .pending_parent_child_seeds
     |                      ^^^^^^^^^^^^^^^^^^^^^^^^^^ unknown field
     |
     = note: available fields are: `tips_completed`, `user_default_shell_unsupported_banner_model_handle`, `model_event_sender`, `panes`, `focus_state` ... and 7 others

error[E0282]: type annotations needed
    --> app/src/pane_group/mod_tests.rs:1293:63
     |
1293 |             AgentConversationsModel::handle(ctx).update(ctx, |model, _| {
     |                                                               ^^^^^
1294 |                 model.insert_task_for_test(ambient_agent_task_for_current_user(child_task_id));
     |                 ----- type must be known at this point
     |
help: consider giving this closure parameter an explicit type
     |
1293 |             AgentConversationsModel::handle(ctx).update(ctx, |model: /* Type */, _| {
     |                                                                    ++++++++++++

error[E0599]: no method named `seed_child_conversations_from_task` found for mutable reference `&mut pane_group::PaneGroup` in the current scope
    --> app/src/pane_group/mod_tests.rs:1300:19
     |
1300 |             panes.seed_child_conversations_from_task(parent_conversation_id, parent_task_id, ctx);
     |                   ^^^^^^^^^^^^^^^^^^^^^^^^^^^^^^^^^^ method not found in `&mut pane_group::PaneGroup`

error[E0609]: no field `pending_parent_child_seeds` on type `&mut pane_group::PaneGroup`
    --> app/src/pane_group/mod_tests.rs:1306:18
     |
1306 |                 .pending_parent_child_seeds
     |                  ^^^^^^^^^^^^^^^^^^^^^^^^^^ unknown field
     |
     = note: available fields are: `tips_completed`, `user_default_shell_unsupported_banner_model_handle`, `model_event_sender`, `panes`, `focus_state` ... and 7 others

error[E0599]: no method named `finish_seed_child_conversations_from_task` found for mutable reference `&mut pane_group::PaneGroup` in the current scope
    --> app/src/pane_group/mod_tests.rs:1311:19
     |
1311 |             panes.finish_seed_child_conversations_from_task(
     |             ------^^^^^^^^^^^^^^^^^^^^^^^^^^^^^^^^^^^^^^^^^ method not found in `&mut pane_group::PaneGroup`

error[E0609]: no field `pending_parent_child_seeds` on type `&mut pane_group::PaneGroup`
    --> app/src/pane_group/mod_tests.rs:1320:22
     |
1320 |                     .pending_parent_child_seeds
     |                      ^^^^^^^^^^^^^^^^^^^^^^^^^^ unknown field
     |
     = note: available fields are: `tips_completed`, `user_default_shell_unsupported_banner_model_handle`, `model_event_sender`, `panes`, `focus_state` ... and 7 others

error: unused variable: `imported_settings`
   --> app/src/settings/import/view.rs:890:13
    |
890 |         let imported_settings = model.read(ctx, |model, _ctx| {
    |             ^^^^^^^^^^^^^^^^^ help: if this is intentional, prefix it with an underscore: `_imported_settings`

error[E0599]: no method named `seed_child_conversations_from_task` found for mutable reference `&mut pane_group::PaneGroup` in the current scope
    --> app/src/pane_group/mod_tests.rs:1357:19
     |
1357 |             panes.seed_child_conversations_from_task(parent_conversation_id, parent_task_id, ctx);
     |                   ^^^^^^^^^^^^^^^^^^^^^^^^^^^^^^^^^^ method not found in `&mut pane_group::PaneGroup`

error[E0599]: no method named `finish_seed_child_conversations_from_task` found for mutable reference `&mut pane_group::PaneGroup` in the current scope
    --> app/src/pane_group/mod_tests.rs:1361:19
     |
1361 |             panes.finish_seed_child_conversations_from_task(
     |             ------^^^^^^^^^^^^^^^^^^^^^^^^^^^^^^^^^^^^^^^^^ method not found in `&mut pane_group::PaneGroup`

error[E0609]: no field `pending_parent_child_seeds` on type `&mut pane_group::PaneGroup`
    --> app/src/pane_group/mod_tests.rs:1370:22
     |
1370 |                     .pending_parent_child_seeds
     |                      ^^^^^^^^^^^^^^^^^^^^^^^^^^ unknown field
     |
     = note: available fields are: `tips_completed`, `user_default_shell_unsupported_banner_model_handle`, `model_event_sender`, `panes`, `focus_state` ... and 7 others

error[E0609]: no field `pending_parent_child_seeds` on type `&mut pane_group::PaneGroup`
    --> app/src/pane_group/mod_tests.rs:1381:18
     |
1381 |                 .pending_parent_child_seeds
     |                  ^^^^^^^^^^^^^^^^^^^^^^^^^^ unknown field
     |
     = note: available fields are: `tips_completed`, `user_default_shell_unsupported_banner_model_handle`, `model_event_sender`, `panes`, `focus_state` ... and 7 others

error[E0609]: no field `parent_child_seed_fetch_dispatch_count` on type `&mut pane_group::PaneGroup`
    --> app/src/pane_group/mod_tests.rs:1388:47
     |
1388 |             let dispatch_count_before = panes.parent_child_seed_fetch_dispatch_count;
     |                                               ^^^^^^^^^^^^^^^^^^^^^^^^^^^^^^^^^^^^^^ unknown field
     |
     = note: available fields are: `tips_completed`, `user_default_shell_unsupported_banner_model_handle`, `model_event_sender`, `panes`, `focus_state` ... and 7 others

error[E0599]: no method named `process_pending_parent_child_seeds` found for mutable reference `&mut pane_group::PaneGroup` in the current scope
    --> app/src/pane_group/mod_tests.rs:1389:19
     |
1389 |             panes.process_pending_parent_child_seeds(ctx);
     |                   ^^^^^^^^^^^^^^^^^^^^^^^^^^^^^^^^^^ method not found in `&mut pane_group::PaneGroup`

error[E0609]: no field `parent_child_seed_fetch_dispatch_count` on type `&mut pane_group::PaneGroup`
    --> app/src/pane_group/mod_tests.rs:1391:23
     |
1391 |                 panes.parent_child_seed_fetch_dispatch_count,
     |                       ^^^^^^^^^^^^^^^^^^^^^^^^^^^^^^^^^^^^^^ unknown field
     |
     = note: available fields are: `tips_completed`, `user_default_shell_unsupported_banner_model_handle`, `model_event_sender`, `panes`, `focus_state` ... and 7 others

error[E0599]: no method named `seed_child_conversations_from_task` found for mutable reference `&mut pane_group::PaneGroup` in the current scope
    --> app/src/pane_group/mod_tests.rs:1415:19
     |
1415 |             panes.seed_child_conversations_from_task(parent_conversation_id, parent_task_id, ctx);
     |                   ^^^^^^^^^^^^^^^^^^^^^^^^^^^^^^^^^^ method not found in `&mut pane_group::PaneGroup`

error[E0609]: no field `pending_parent_child_seeds` on type `&mut pane_group::PaneGroup`
    --> app/src/pane_group/mod_tests.rs:1419:18
     |
1419 |                 .pending_parent_child_seeds
     |                  ^^^^^^^^^^^^^^^^^^^^^^^^^^ unknown field
     |
     = note: available fields are: `tips_completed`, `user_default_shell_unsupported_banner_model_handle`, `model_event_sender`, `panes`, `focus_state` ... and 7 others

error[E0599]: no method named `finish_seed_child_conversations_from_task` found for mutable reference `&mut pane_group::PaneGroup` in the current scope
    --> app/src/pane_group/mod_tests.rs:1425:19
     |
1425 |             panes.finish_seed_child_conversations_from_task(
     |             ------^^^^^^^^^^^^^^^^^^^^^^^^^^^^^^^^^^^^^^^^^ method not found in `&mut pane_group::PaneGroup`

error[E0609]: no field `pending_parent_child_seeds` on type `&mut pane_group::PaneGroup`
    --> app/src/pane_group/mod_tests.rs:1433:18
     |
1433 |                 .pending_parent_child_seeds
     |                  ^^^^^^^^^^^^^^^^^^^^^^^^^^ unknown field
     |
     = note: available fields are: `tips_completed`, `user_default_shell_unsupported_banner_model_handle`, `model_event_sender`, `panes`, `focus_state` ... and 7 others

error: unused variable: `new_val`
   --> app/src/settings_view/appearance_page.rs:668:28
    |
668 |                         Ok(new_val) => {
    |                            ^^^^^^^ help: if this is intentional, prefix it with an underscore: `_new_val`

error[E0599]: no method named `seed_child_conversations_from_task` found for mutable reference `&mut pane_group::PaneGroup` in the current scope
    --> app/src/pane_group/mod_tests.rs:1506:19
     |
1506 |             panes.seed_child_conversations_from_task(parent_conversation_id, parent_task_id, ctx);
     |                   ^^^^^^^^^^^^^^^^^^^^^^^^^^^^^^^^^^ method not found in `&mut pane_group::PaneGroup`

error[E0599]: no method named `finish_seed_child_conversations_from_task` found for mutable reference `&mut pane_group::PaneGroup` in the current scope
    --> app/src/pane_group/mod_tests.rs:1511:19
     |
1511 |             panes.finish_seed_child_conversations_from_task(
     |             ------^^^^^^^^^^^^^^^^^^^^^^^^^^^^^^^^^^^^^^^^^ method not found in `&mut pane_group::PaneGroup`

error: unused variable: `new_value`
    --> app/src/settings_view/appearance_page.rs:2225:20
     |
2225 |                 Ok(new_value) => {
     |                    ^^^^^^^^^ help: if this is intentional, prefix it with an underscore: `_new_value`

error[E0609]: no field `pending_parent_child_seeds` on type `&mut pane_group::PaneGroup`
    --> app/src/pane_group/mod_tests.rs:1520:22
     |
1520 |                     .pending_parent_child_seeds
     |                      ^^^^^^^^^^^^^^^^^^^^^^^^^^ unknown field
     |
     = note: available fields are: `tips_completed`, `user_default_shell_unsupported_banner_model_handle`, `model_event_sender`, `panes`, `focus_state` ... and 7 others

error[E0609]: no field `pending_parent_child_seeds` on type `&mut pane_group::PaneGroup`
    --> app/src/pane_group/mod_tests.rs:1552:19
     |
1552 |             panes.pending_parent_child_seeds.insert(
     |                   ^^^^^^^^^^^^^^^^^^^^^^^^^^ unknown field
     |
     = note: available fields are: `tips_completed`, `user_default_shell_unsupported_banner_model_handle`, `model_event_sender`, `panes`, `focus_state` ... and 7 others

error: unused variable: `old_mode`
    --> app/src/settings_view/appearance_page.rs:2271:13
     |
2271 |         let old_mode = *InputModeSettings::as_ref(ctx).input_mode.value();
     |             ^^^^^^^^ help: if this is intentional, prefix it with an underscore: `_old_mode`

error: unused variable: `is_udi_enabled`
    --> app/src/settings_view/appearance_page.rs:2300:17
     |
2300 |             let is_udi_enabled = new_type == InputBoxType::Universal;
     |                 ^^^^^^^^^^^^^^ help: if this is intentional, prefix it with an underscore: `_is_udi_enabled`

error: unused variable: `previous_value`
    --> app/src/settings_view/appearance_page.rs:2455:13
     |
2455 |         let previous_value = TabSettings::handle(ctx).update(ctx, |tab_settings, ctx| {
     |             ^^^^^^^^^^^^^^ help: if this is intentional, prefix it with an underscore: `_previous_value`

error: unused variable: `new_value`
    --> app/src/settings_view/appearance_page.rs:2475:14
     |
2475 |         let (new_value, previous_value) =
     |              ^^^^^^^^^ help: if this is intentional, prefix it with an underscore: `_new_value`

error: unused variable: `previous_value`
    --> app/src/settings_view/appearance_page.rs:2475:25
     |
2475 |         let (new_value, previous_value) =
     |                         ^^^^^^^^^^^^^^ help: if this is intentional, prefix it with an underscore: `_previous_value`

error: unused variable: `view`
    --> app/src/settings_view/appearance_page.rs:2838:9
     |
2838 |         view: &Self::View,
     |         ^^^^ help: if this is intentional, prefix it with an underscore: `_view`

error: unused variable: `view`
    --> app/src/settings_view/appearance_page.rs:3281:9
     |
3281 |         view: &Self::View,
     |         ^^^^ help: if this is intentional, prefix it with an underscore: `_view`

error: unused variable: `view`
    --> app/src/settings_view/appearance_page.rs:3402:9
     |
3402 |         view: &Self::View,
     |         ^^^^ help: if this is intentional, prefix it with an underscore: `_view`

error: unused variable: `app`
    --> app/src/settings_view/appearance_page.rs:3589:9
     |
3589 |         app: &AppContext,
     |         ^^^ help: if this is intentional, prefix it with an underscore: `_app`

error: unused variable: `view`
    --> app/src/settings_view/appearance_page.rs:3617:9
     |
3617 |         view: &Self::View,
     |         ^^^^ help: if this is intentional, prefix it with an underscore: `_view`

error: unused variable: `view`
    --> app/src/settings_view/appearance_page.rs:3655:9
     |
3655 |         view: &Self::View,
     |         ^^^^ help: if this is intentional, prefix it with an underscore: `_view`

error: unused variable: `view`
    --> app/src/settings_view/appearance_page.rs:3693:9
     |
3693 |         view: &Self::View,
     |         ^^^^ help: if this is intentional, prefix it with an underscore: `_view`

error: unused variable: `view`
    --> app/src/settings_view/appearance_page.rs:3736:9
     |
3736 |         view: &Self::View,
     |         ^^^^ help: if this is intentional, prefix it with an underscore: `_view`

error: unused variable: `view`
    --> app/src/settings_view/appearance_page.rs:3780:9
     |
3780 |         view: &Self::View,
     |         ^^^^ help: if this is intentional, prefix it with an underscore: `_view`

error: unused variable: `app`
    --> app/src/settings_view/appearance_page.rs:3914:9
     |
3914 |         app: &AppContext,
     |         ^^^ help: if this is intentional, prefix it with an underscore: `_app`

error: unused variable: `app`
    --> app/src/settings_view/appearance_page.rs:4167:9
     |
4167 |         app: &AppContext,
     |         ^^^ help: if this is intentional, prefix it with an underscore: `_app`

error: unused variable: `app`
    --> app/src/settings_view/appearance_page.rs:4195:9
     |
4195 |         app: &AppContext,
     |         ^^^ help: if this is intentional, prefix it with an underscore: `_app`

error: unused variable: `view`
    --> app/src/settings_view/appearance_page.rs:4224:9
     |
4224 |         view: &Self::View,
     |         ^^^^ help: if this is intentional, prefix it with an underscore: `_view`

error: unused variable: `view`
    --> app/src/settings_view/appearance_page.rs:4281:9
     |
4281 |         view: &Self::View,
     |         ^^^^ help: if this is intentional, prefix it with an underscore: `_view`

error: unused variable: `view`
    --> app/src/settings_view/appearance_page.rs:4349:9
     |
4349 |         view: &Self::View,
     |         ^^^^ help: if this is intentional, prefix it with an underscore: `_view`

error: unused variable: `app`
    --> app/src/settings_view/appearance_page.rs:4389:9
     |
4389 |         app: &AppContext,
     |         ^^^ help: if this is intentional, prefix it with an underscore: `_app`

error: unused variable: `view`
    --> app/src/settings_view/appearance_page.rs:4417:9
     |
4417 |         view: &Self::View,
     |         ^^^^ help: if this is intentional, prefix it with an underscore: `_view`

error: unused variable: `view`
    --> app/src/settings_view/appearance_page.rs:4457:9
     |
4457 |         view: &Self::View,
     |         ^^^^ help: if this is intentional, prefix it with an underscore: `_view`

error: unused variable: `view`
    --> app/src/settings_view/appearance_page.rs:4497:9
     |
4497 |         view: &Self::View,
     |         ^^^^ help: if this is intentional, prefix it with an underscore: `_view`

error: unused variable: `view`
    --> app/src/settings_view/appearance_page.rs:4537:9
     |
4537 |         view: &Self::View,
     |         ^^^^ help: if this is intentional, prefix it with an underscore: `_view`

error: unused variable: `view`
    --> app/src/settings_view/appearance_page.rs:4582:9
     |
4582 |         view: &Self::View,
     |         ^^^^ help: if this is intentional, prefix it with an underscore: `_view`

error: unused variable: `view`
    --> app/src/settings_view/appearance_page.rs:4627:9
     |
4627 |         view: &Self::View,
     |         ^^^^ help: if this is intentional, prefix it with an underscore: `_view`

error[E0599]: no method named `finish_seed_child_conversations_from_task` found for mutable reference `&mut pane_group::PaneGroup` in the current scope
    --> app/src/pane_group/mod_tests.rs:1563:19
     |
1563 |             panes.finish_seed_child_conversations_from_task(
     |             ------^^^^^^^^^^^^^^^^^^^^^^^^^^^^^^^^^^^^^^^^^ method not found in `&mut pane_group::PaneGroup`

error[E0609]: no field `pending_parent_child_seeds` on type `&mut pane_group::PaneGroup`
    --> app/src/pane_group/mod_tests.rs:1572:22
     |
1572 |                     .pending_parent_child_seeds
     |                      ^^^^^^^^^^^^^^^^^^^^^^^^^^ unknown field
     |
     = note: available fields are: `tips_completed`, `user_default_shell_unsupported_banner_model_handle`, `model_event_sender`, `panes`, `focus_state` ... and 7 others

error: unused variable: `app`
    --> app/src/settings_view/appearance_page.rs:4895:9
     |
4895 |         app: &AppContext,
     |         ^^^ help: if this is intentional, prefix it with an underscore: `_app`

error: unused variable: `new_value`
   --> app/src/settings_view/features/external_editor.rs:233:13
    |
233 |         let new_value = EditorSettings::handle(ctx).update(ctx, |settings, ctx| {
    |             ^^^^^^^^^ help: if this is intentional, prefix it with an underscore: `_new_value`

error: unused variable: `new_value`
   --> app/src/settings_view/features/external_editor.rs:250:13
    |
250 |         let new_value = EditorSettings::handle(ctx).update(ctx, |settings, ctx| {
    |             ^^^^^^^^^ help: if this is intentional, prefix it with an underscore: `_new_value`

error[E0599]: no method named `load_data_into_conversation_transcript_viewer` found for mutable reference `&mut pane_group::PaneGroup` in the current scope
    --> app/src/pane_group/mod_tests.rs:1592:19
     |
1592 |             panes.load_data_into_conversation_transcript_viewer(
     |             ------^^^^^^^^^^^^^^^^^^^^^^^^^^^^^^^^^^^^^^^^^^^^^ method not found in `&mut pane_group::PaneGroup`

error: unused variable: `app`
    --> app/src/settings_view/keybindings.rs:1102:9
     |
1102 |         app: &AppContext,
     |         ^^^ help: if this is intentional, prefix it with an underscore: `_app`

error: unused variable: `app`
   --> app/src/settings_view/scripting_page.rs:156:9
    |
156 |         app: &AppContext,
    |         ^^^ help: if this is intentional, prefix it with an underscore: `_app`

error: variable does not need to be mutable
   --> app/src/settings_view/settings_file_footer.rs:238:9
    |
238 |     let mut buttons_row = Wrap::row()
    |         ----^^^^^^^^^^^
    |         |
    |         help: remove this `mut`

error[E0599]: no method named `ambient_agent_view_model` found for reference `&terminal::view::TerminalView` in the current scope
    --> app/src/pane_group/mod_tests.rs:1604:26
     |
1604 |             assert!(view.ambient_agent_view_model().is_none());
     |                          ^^^^^^^^^^^^^^^^^^^^^^^^ method not found in `&terminal::view::TerminalView`

error[E0599]: no method named `is_conversation_transcript_viewer` found for struct `MutexGuard<'_, RawFairMutex, TerminalModel>` in the current scope
    --> app/src/pane_group/mod_tests.rs:1607:27
     |
1607 |             assert!(model.is_conversation_transcript_viewer());
     |                           ^^^^^^^^^^^^^^^^^^^^^^^^^^^^^^^^^ method not found in `MutexGuard<'_, RawFairMutex, TerminalModel>`
     |
     = note: the full name for the type has been written to '/Users/tedczj/workspace/term4u/target/debug/deps/warp-aeab156d99296f11.long-type-2129880966701334426.txt'
     = note: consider using `--verbose` to print the full type name to the console

error[E0599]: no method named `conversation_transcript_viewer_status` found for struct `MutexGuard<'_, RawFairMutex, TerminalModel>` in the current scope
    --> app/src/pane_group/mod_tests.rs:1610:23
     |
1610 |                 model.conversation_transcript_viewer_status(),
     |                       ^^^^^^^^^^^^^^^^^^^^^^^^^^^^^^^^^^^^^ method not found in `MutexGuard<'_, RawFairMutex, TerminalModel>`
     |
     = note: the full name for the type has been written to '/Users/tedczj/workspace/term4u/target/debug/deps/warp-aeab156d99296f11.long-type-2129880966701334426.txt'
     = note: consider using `--verbose` to print the full type name to the console

error[E0599]: no method named `load_data_into_conversation_transcript_viewer` found for mutable reference `&mut pane_group::PaneGroup` in the current scope
    --> app/src/pane_group/mod_tests.rs:1633:19
     |
1633 |             panes.load_data_into_conversation_transcript_viewer(
     |             ------^^^^^^^^^^^^^^^^^^^^^^^^^^^^^^^^^^^^^^^^^^^^^ method not found in `&mut pane_group::PaneGroup`

error[E0599]: no method named `attach_execution_session_to_ambient_pane` found for mutable reference `&mut pane_group::PaneGroup` in the current scope
    --> app/src/pane_group/mod_tests.rs:1653:24
     |
1653 |                 !panes.attach_execution_session_to_ambient_pane(pane_id, SessionId::new(), ctx),
     |                        ^^^^^^^^^^^^^^^^^^^^^^^^^^^^^^^^^^^^^^^^ method not found in `&mut pane_group::PaneGroup`

error: unused variable: `selected_range`
   --> app/src/terminal/alt_screen/alt_screen_element.rs:191:9
    |
191 |         selected_range: &Range<usize>,
    |         ^^^^^^^^^^^^^^ help: if this is intentional, prefix it with an underscore: `_selected_range`

error: unused variable: `app`
   --> app/src/terminal/alt_screen/alt_screen_element.rs:303:9
    |
303 |         app: &AppContext,
    |         ^^^ help: if this is intentional, prefix it with an underscore: `_app`

error[E0599]: no method named `set_shared_session_status` found for struct `MutexGuard<'_, RawFairMutex, TerminalModel>` in the current scope
    --> app/src/pane_group/mod_tests.rs:1682:22
     |
1680 | /                 view.model
1681 | |                     .lock()
1682 | |                     .set_shared_session_status(SharedSessionStatus::FinishedViewer);
     | |                     -^^^^^^^^^^^^^^^^^^^^^^^^^ method not found in `MutexGuard<'_, RawFairMutex, TerminalModel>`
     | |_____________________|
     |
     |
     = note: the full name for the type has been written to '/Users/tedczj/workspace/term4u/target/debug/deps/warp-aeab156d99296f11.long-type-2853545672145149996.txt'
     = note: consider using `--verbose` to print the full type name to the console

error: unused variable: `ctx`
   --> app/src/terminal/alt_screen/alt_screen_element.rs:906:41
    |
906 |     fn scroll(&mut self, delta: Pixels, ctx: &mut EventContext) {
    |                                         ^^^ help: if this is intentional, prefix it with an underscore: `_ctx`

error[E0599]: no method named `attach_execution_session_to_ambient_pane` found for mutable reference `&mut pane_group::PaneGroup` in the current scope
    --> app/src/pane_group/mod_tests.rs:1690:24
     |
1690 |                 !panes.attach_execution_session_to_ambient_pane(pane_id, SessionId::new(), ctx),
     |                        ^^^^^^^^^^^^^^^^^^^^^^^^^^^^^^^^^^^^^^^^ method not found in `&mut pane_group::PaneGroup`

error[E0560]: struct `pane_group::TerminalViewResources` has no field named `server_api`
    --> app/src/pane_group/mod_tests.rs:1715:17
     |
1715 |                 server_api: panes.server_api.clone(),
     |                 ^^^^^^^^^^ `pane_group::TerminalViewResources` does not have this field
     |
     = note: all struct fields are already assigned

error[E0609]: no field `server_api` on type `&mut pane_group::PaneGroup`
    --> app/src/pane_group/mod_tests.rs:1715:35
     |
1715 |                 server_api: panes.server_api.clone(),
     |                                   ^^^^^^^^^^ unknown field
     |
     = note: available fields are: `tips_completed`, `user_default_shell_unsupported_banner_model_handle`, `model_event_sender`, `panes`, `focus_state` ... and 7 others

error[E0599]: no function or associated item named `create_shared_session_viewer` found for struct `pane_group::PaneGroup` in the current scope
    --> app/src/pane_group/mod_tests.rs:1718:65
     |
1718 |             let (terminal_view, _terminal_manager) = PaneGroup::create_shared_session_viewer(
     |                                                                 ^^^^^^^^^^^^^^^^^^^^^^^^^^^^ function or associated item not found in `pane_group::PaneGroup`
     |
    ::: app/src/pane_group/mod.rs:635:1
     |
 635 | pub struct PaneGroup {
     | -------------------- function or associated item `create_shared_session_viewer` not found for this struct
     |
note: if you're trying to build a new `pane_group::PaneGroup` consider using one of the following associated functions:
      pane_group::PaneGroup::new_internal
      pane_group::PaneGroup::new_with_panes_layout
      pane_group::PaneGroup::new_from_existing_pane
    --> app/src/pane_group/mod.rs:1526:5
     |
1526 | /     fn new_internal(
1527 | |         tips_completed: ModelHandle<TipsCompleted>,
1528 | |         user_default_shell_unsupported_banner_model_handle: ModelHandle<BannerState>,
1529 | |         model_event_sender: Option<SyncSender<ModelEvent>>,
1530 | |         initial_layout_callback: InitialLayoutCallback,
1531 | |         ctx: &mut ViewContext<Self>,
1532 | |     ) -> Self {
     | |_____________^
...
1685 | /     pub fn new_with_panes_layout(
1686 | |         tips_completed: ModelHandle<TipsCompleted>,
1687 | |         user_default_shell_unsupported_banner_model_handle: ModelHandle<BannerState>,
1688 | |         panes_layout: PanesLayout,
...    |
1691 | |         ctx: &mut ViewContext<Self>,
1692 | |     ) -> Self {
     | |_____________^
...
1755 | /     pub fn new_from_existing_pane(
1756 | |         pane: Box<dyn AnyPaneContent>,
1757 | |         tips_completed: ModelHandle<TipsCompleted>,
1758 | |         user_default_shell_unsupported_banner_model_handle: ModelHandle<BannerState>,
1759 | |         model_event_sender: Option<SyncSender<ModelEvent>>,
1760 | |         ctx: &mut ViewContext<Self>,
1761 | |     ) -> Self {
     | |_____________^
help: there is an associated function `create_session` with a similar name
    --> app/src/pane_group/mod.rs:3107:5
     |
3107 | /     fn create_session(
3108 | |         startup_directory: Option<PathBuf>,
3109 | |         mut env_vars: HashMap<OsString, OsString>,
3110 | |         terminal_session_uuid: &[u8],
...    |
3120 | |         ModelHandle<Box<dyn TerminalManager>>,
3121 | |     ) {
     | |_____^

error[E0282]: type annotations needed
    --> app/src/pane_group/mod_tests.rs:1727:17
     |
1727 |                 terminal_view.as_ref(ctx).ambient_agent_view_model().is_none(),
     |                 ^^^^^^^^^^^^^ cannot infer type

error[E0609]: no field `child_agent_panes` on type `&mut pane_group::PaneGroup`
    --> app/src/pane_group/mod_tests.rs:1750:32
     |
1750 |                 assert!(!panes.child_agent_panes.contains_key(&child_conversation_id));
     |                                ^^^^^^^^^^^^^^^^^ unknown field
     |
     = note: available fields are: `tips_completed`, `user_default_shell_unsupported_banner_model_handle`, `model_event_sender`, `panes`, `focus_state` ... and 7 others

error[E0609]: no field `child_agent_panes` on type `&mut pane_group::PaneGroup`
    --> app/src/pane_group/mod_tests.rs:1767:18
     |
1767 |                 .child_agent_panes
     |                  ^^^^^^^^^^^^^^^^^ unknown field
     |
     = note: available fields are: `tips_completed`, `user_default_shell_unsupported_banner_model_handle`, `model_event_sender`, `panes`, `focus_state` ... and 7 others

error[E0609]: no field `child_agent_panes` on type `&mut pane_group::PaneGroup`
    --> app/src/pane_group/mod_tests.rs:1817:22
     |
1817 |                     .child_agent_panes
     |                      ^^^^^^^^^^^^^^^^^ unknown field
     |
     = note: available fields are: `tips_completed`, `user_default_shell_unsupported_banner_model_handle`, `model_event_sender`, `panes`, `focus_state` ... and 7 others

error[E0609]: no field `child_agent_panes` on type `&mut pane_group::PaneGroup`
    --> app/src/pane_group/mod_tests.rs:1838:18
     |
1838 |                 .child_agent_panes
     |                  ^^^^^^^^^^^^^^^^^ unknown field
     |
     = note: available fields are: `tips_completed`, `user_default_shell_unsupported_banner_model_handle`, `model_event_sender`, `panes`, `focus_state` ... and 7 others

error[E0609]: no field `child_agent_panes` on type `&mut pane_group::PaneGroup`
    --> app/src/pane_group/mod_tests.rs:1879:18
     |
1879 |                 .child_agent_panes
     |                  ^^^^^^^^^^^^^^^^^ unknown field
     |
     = note: available fields are: `tips_completed`, `user_default_shell_unsupported_banner_model_handle`, `model_event_sender`, `panes`, `focus_state` ... and 7 others

error[E0599]: no method named `pane_id_for_owned_conversation` found for mutable reference `&mut pane_group::PaneGroup` in the current scope
    --> app/src/pane_group/mod_tests.rs:1891:23
     |
1891 |                 panes.pane_id_for_owned_conversation(child_conversation_id, ctx),
     |                       ^^^^^^^^^^^^^^^^^^^^^^^^^^^^^^
     |
help: there is a method `pane_id_from_index` with a similar name, but with different arguments
    --> app/src/pane_group/mod.rs:1940:5
     |
1940 |     pub fn pane_id_from_index(&self, pane_index: usize) -> Option<PaneId> {
     |     ^^^^^^^^^^^^^^^^^^^^^^^^^^^^^^^^^^^^^^^^^^^^^^^^^^^^^^^^^^^^^^^^^^^^^

error[E0609]: no field `child_agent_panes` on type `&mut pane_group::PaneGroup`
    --> app/src/pane_group/mod_tests.rs:1916:28
     |
1916 |             assert!(!panes.child_agent_panes.contains_key(&child_conversation_id));
     |                            ^^^^^^^^^^^^^^^^^ unknown field
     |
     = note: available fields are: `tips_completed`, `user_default_shell_unsupported_banner_model_handle`, `model_event_sender`, `panes`, `focus_state` ... and 7 others

error[E0609]: no field `child_agent_panes` on type `&mut pane_group::PaneGroup`
    --> app/src/pane_group/mod_tests.rs:1921:18
     |
1921 |                 .child_agent_panes
     |                  ^^^^^^^^^^^^^^^^^ unknown field
     |
     = note: available fields are: `tips_completed`, `user_default_shell_unsupported_banner_model_handle`, `model_event_sender`, `panes`, `focus_state` ... and 7 others

error[E0599]: no method named `pane_id_for_owned_conversation` found for mutable reference `&mut pane_group::PaneGroup` in the current scope
    --> app/src/pane_group/mod_tests.rs:1933:23
     |
1933 |                 panes.pane_id_for_owned_conversation(child_conversation_id, ctx),
     |                       ^^^^^^^^^^^^^^^^^^^^^^^^^^^^^^
     |
help: there is a method `pane_id_from_index` with a similar name, but with different arguments
    --> app/src/pane_group/mod.rs:1940:5
     |
1940 |     pub fn pane_id_from_index(&self, pane_index: usize) -> Option<PaneId> {
     |     ^^^^^^^^^^^^^^^^^^^^^^^^^^^^^^^^^^^^^^^^^^^^^^^^^^^^^^^^^^^^^^^^^^^^^

error[E0609]: no field `child_agent_panes` on type `&mut pane_group::PaneGroup`
    --> app/src/pane_group/mod_tests.rs:1968:28
     |
1968 |             assert!(!panes.child_agent_panes.contains_key(&child_conversation_id));
     |                            ^^^^^^^^^^^^^^^^^ unknown field
     |
     = note: available fields are: `tips_completed`, `user_default_shell_unsupported_banner_model_handle`, `model_event_sender`, `panes`, `focus_state` ... and 7 others

error[E0609]: no field `child_agent_panes` on type `&mut pane_group::PaneGroup`
    --> app/src/pane_group/mod_tests.rs:1973:18
     |
1973 |                 .child_agent_panes
     |                  ^^^^^^^^^^^^^^^^^ unknown field
     |
     = note: available fields are: `tips_completed`, `user_default_shell_unsupported_banner_model_handle`, `model_event_sender`, `panes`, `focus_state` ... and 7 others

error[E0599]: no method named `pane_id_for_owned_conversation` found for mutable reference `&mut pane_group::PaneGroup` in the current scope
    --> app/src/pane_group/mod_tests.rs:1986:23
     |
1986 |                 panes.pane_id_for_owned_conversation(child_conversation_id, ctx),
     |                       ^^^^^^^^^^^^^^^^^^^^^^^^^^^^^^
     |
help: there is a method `pane_id_from_index` with a similar name, but with different arguments
    --> app/src/pane_group/mod.rs:1940:5
     |
1940 |     pub fn pane_id_from_index(&self, pane_index: usize) -> Option<PaneId> {
     |     ^^^^^^^^^^^^^^^^^^^^^^^^^^^^^^^^^^^^^^^^^^^^^^^^^^^^^^^^^^^^^^^^^^^^^

error[E0609]: no field `child_agent_panes` on type `&mut pane_group::PaneGroup`
    --> app/src/pane_group/mod_tests.rs:2011:18
     |
2011 |                 .child_agent_panes
     |                  ^^^^^^^^^^^^^^^^^ unknown field
     |
     = note: available fields are: `tips_completed`, `user_default_shell_unsupported_banner_model_handle`, `model_event_sender`, `panes`, `focus_state` ... and 7 others

error[E0599]: no method named `pane_id_for_owned_conversation` found for mutable reference `&mut pane_group::PaneGroup` in the current scope
    --> app/src/pane_group/mod_tests.rs:2026:23
     |
2026 |                 panes.pane_id_for_owned_conversation(child_conversation_id, ctx),
     |                       ^^^^^^^^^^^^^^^^^^^^^^^^^^^^^^
     |
help: there is a method `pane_id_from_index` with a similar name, but with different arguments
    --> app/src/pane_group/mod.rs:1940:5
     |
1940 |     pub fn pane_id_from_index(&self, pane_index: usize) -> Option<PaneId> {
     |     ^^^^^^^^^^^^^^^^^^^^^^^^^^^^^^^^^^^^^^^^^^^^^^^^^^^^^^^^^^^^^^^^^^^^^

error[E0609]: no field `child_agent_panes` on type `&mut pane_group::PaneGroup`
    --> app/src/pane_group/mod_tests.rs:2048:28
     |
2048 |             assert!(!panes.child_agent_panes.contains_key(&child_conversation_id));
     |                            ^^^^^^^^^^^^^^^^^ unknown field
     |
     = note: available fields are: `tips_completed`, `user_default_shell_unsupported_banner_model_handle`, `model_event_sender`, `panes`, `focus_state` ... and 7 others

error: unused variable: `mode`
  --> app/src/terminal/local_tty/terminal_manager.rs:77:13
   |
77 |         let mode = match mode {
   |             ^^^^ help: if this is intentional, prefix it with an underscore: `_mode`

error[E0599]: no method named `ensure_hidden_child_agent_pane_for_conversation` found for mutable reference `&mut pane_group::PaneGroup` in the current scope
    --> app/src/pane_group/mod_tests.rs:2050:23
     |
2050 |                 panes.ensure_hidden_child_agent_pane_for_conversation(child_conversation_id, ctx),
     |                       ^^^^^^^^^^^^^^^^^^^^^^^^^^^^^^^^^^^^^^^^^^^^^^^ method not found in `&mut pane_group::PaneGroup`

error[E0609]: no field `child_agent_panes` on type `&mut pane_group::PaneGroup`
    --> app/src/pane_group/mod_tests.rs:2055:18
     |
2055 |                 .child_agent_panes
     |                  ^^^^^^^^^^^^^^^^^ unknown field
     |
     = note: available fields are: `tips_completed`, `user_default_shell_unsupported_banner_model_handle`, `model_event_sender`, `panes`, `focus_state` ... and 7 others

error: unused variable: `max_bytes_per_second`
   --> app/src/terminal/local_tty/terminal_manager.rs:362:23
    |
362 |                 move |max_bytes_per_second| {
    |                       ^^^^^^^^^^^^^^^^^^^^ help: if this is intentional, prefix it with an underscore: `_max_bytes_per_second`

error: unused variable: `auth_state`
   --> app/src/terminal/local_tty/terminal_manager.rs:353:17
    |
353 |             let auth_state = AuthStateProvider::as_ref(ctx).get().clone();
    |                 ^^^^^^^^^^ help: if this is intentional, prefix it with an underscore: `_auth_state`

error: unused variable: `auth_state`
   --> app/src/terminal/local_tty/terminal_manager.rs:931:5
    |
931 |     auth_state: &AuthState,
    |     ^^^^^^^^^^ help: if this is intentional, prefix it with an underscore: `_auth_state`

error: unused variable: `unsupported_shell`
   --> app/src/terminal/local_tty/terminal_manager.rs:942:25
    |
942 |             if let Some(unsupported_shell) = unsupported_shell {
    |                         ^^^^^^^^^^^^^^^^^ help: if this is intentional, prefix it with an underscore: `_unsupported_shell`

error[E0599]: no method named `pane_id_for_owned_conversation` found for mutable reference `&mut pane_group::PaneGroup` in the current scope
    --> app/src/pane_group/mod_tests.rs:2091:27
     |
2091 |                     panes.pane_id_for_owned_conversation(child_conversation_id, ctx),
     |                           ^^^^^^^^^^^^^^^^^^^^^^^^^^^^^^
     |
help: there is a method `pane_id_from_index` with a similar name, but with different arguments
    --> app/src/pane_group/mod.rs:1940:5
     |
1940 |     pub fn pane_id_from_index(&self, pane_index: usize) -> Option<PaneId> {
     |     ^^^^^^^^^^^^^^^^^^^^^^^^^^^^^^^^^^^^^^^^^^^^^^^^^^^^^^^^^^^^^^^^^^^^^

error[E0609]: no field `child_agent_panes` on type `&mut pane_group::PaneGroup`
    --> app/src/pane_group/mod_tests.rs:2105:28
     |
2105 |             assert!(!panes.child_agent_panes.contains_key(&child_conversation_id));
     |                            ^^^^^^^^^^^^^^^^^ unknown field
     |
     = note: available fields are: `tips_completed`, `user_default_shell_unsupported_banner_model_handle`, `model_event_sender`, `panes`, `focus_state` ... and 7 others

error: unused variable: `transcript_scope`
    --> app/src/terminal/model/block.rs:1144:37
     |
1144 |     pub fn should_hide_block(&self, transcript_scope: &TranscriptScope) -> bool {
     |                                     ^^^^^^^^^^^^^^^^ help: if this is intentional, prefix it with an underscore: `_transcript_scope`

error[E0599]: no method named `ensure_hidden_child_agent_pane_for_conversation` found for mutable reference `&mut pane_group::PaneGroup` in the current scope
    --> app/src/pane_group/mod_tests.rs:2142:23
     |
2142 |                 panes.ensure_hidden_child_agent_pane_for_conversation(child_conversation_id, ctx),
     |                       ^^^^^^^^^^^^^^^^^^^^^^^^^^^^^^^^^^^^^^^^^^^^^^^ method not found in `&mut pane_group::PaneGroup`

error[E0609]: no field `child_agent_panes` on type `&mut pane_group::PaneGroup`
    --> app/src/pane_group/mod_tests.rs:2145:28
     |
2145 |             assert!(!panes.child_agent_panes.contains_key(&child_conversation_id));
     |                            ^^^^^^^^^^^^^^^^^ unknown field
     |
     = note: available fields are: `tips_completed`, `user_default_shell_unsupported_banner_model_handle`, `model_event_sender`, `panes`, `focus_state` ... and 7 others

error[E0609]: no field `child_agent_panes` on type `&mut pane_group::PaneGroup`
    --> app/src/pane_group/mod_tests.rs:2191:28
     |
2191 |             assert!(!panes.child_agent_panes.contains_key(&child_conversation_id));
     |                            ^^^^^^^^^^^^^^^^^ unknown field
     |
     = note: available fields are: `tips_completed`, `user_default_shell_unsupported_banner_model_handle`, `model_event_sender`, `panes`, `focus_state` ... and 7 others

error[E0609]: no field `terminal_with_open_share_block_modal` on type `&mut pane_group::PaneGroup`
    --> app/src/pane_group/mod_tests.rs:2246:19
     |
2246 |             panes.terminal_with_open_share_block_modal = Some(
     |                   ^^^^^^^^^^^^^^^^^^^^^^^^^^^^^^^^^^^^ unknown field
     |
     = note: available fields are: `tips_completed`, `user_default_shell_unsupported_banner_model_handle`, `model_event_sender`, `panes`, `focus_state` ... and 7 others

error[E0609]: no field `terminal_with_open_share_block_modal` on type `&mut pane_group::PaneGroup`
    --> app/src/pane_group/mod_tests.rs:2254:30
     |
2254 |             assert_eq!(panes.terminal_with_open_share_block_modal, None);
     |                              ^^^^^^^^^^^^^^^^^^^^^^^^^^^^^^^^^^^^ unknown field
     |
     = note: available fields are: `tips_completed`, `user_default_shell_unsupported_banner_model_handle`, `model_event_sender`, `panes`, `focus_state` ... and 7 others

error: unused variable: `app`
   --> app/src/terminal/model/blocks/selection.rs:924:9
    |
924 |         app: &AppContext,
    |         ^^^ help: if this is intentional, prefix it with an underscore: `_app`

error[E0599]: no method named `was_ever_visible` found for reference `&terminal::view::TerminalView` in the current scope
    --> app/src/pane_group/mod_tests.rs:2471:30
     |
2471 |                         view.was_ever_visible(),
     |                              ^^^^^^^^^^^^^^^^ method not found in `&terminal::view::TerminalView`

error[E0599]: no method named `was_ever_visible` found for reference `&terminal::view::TerminalView` in the current scope
    --> app/src/pane_group/mod_tests.rs:2475:30
     |
2475 |                         view.was_ever_visible(),
     |                              ^^^^^^^^^^^^^^^^ method not found in `&terminal::view::TerminalView`

error[E0599]: no method named `size_info` found for reference `&terminal::view::TerminalView` in the current scope
    --> app/src/pane_group/mod_tests.rs:2599:22
     |
2595 | /                 pane_group
2596 | |                     .terminal_view_at_pane_index(0, ctx)
2597 | |                     .unwrap()
2598 | |                     .as_ref(ctx)
2599 | |                     .size_info()
     | |                     -^^^^^^^^^ private field, not a method
     | |_____________________|
     |

error[E0599]: no method named `size_info` found for reference `&terminal::view::TerminalView` in the current scope
    --> app/src/pane_group/mod_tests.rs:2612:26
     |
2608 | /                     pane_group
2609 | |                         .terminal_view_at_pane_index(i, ctx)
2610 | |                         .unwrap()
2611 | |                         .as_ref(ctx)
2612 | |                         .size_info()
     | |                         -^^^^^^^^^ private field, not a method
     | |_________________________|
     |

error[E0599]: no method named `size_info` found for reference `&terminal::view::TerminalView` in the current scope
    --> app/src/pane_group/mod_tests.rs:2626:26
     |
2622 | /                     pane_group
2623 | |                         .terminal_view_at_pane_index(i, ctx)
2624 | |                         .unwrap()
2625 | |                         .as_ref(ctx)
2626 | |                         .size_info()
     | |                         -^^^^^^^^^ private field, not a method
     | |_________________________|
     |

error: unused variable: `warp_attributed_bootstrap_duration_seconds`
   --> app/src/terminal/model/session.rs:297:13
    |
297 |         let warp_attributed_bootstrap_duration_seconds =
    |             ^^^^^^^^^^^^^^^^^^^^^^^^^^^^^^^^^^^^^^^^^^ help: if this is intentional, prefix it with an underscore: `_warp_attributed_bootstrap_duration_seconds`

error: unused variable: `was_triggered_by_rc_file`
   --> app/src/terminal/model/session.rs:302:13
    |
302 |         let was_triggered_by_rc_file = session
    |             ^^^^^^^^^^^^^^^^^^^^^^^^ help: if this is intentional, prefix it with an underscore: `_was_triggered_by_rc_file`

error[E0599]: no method named `size_info` found for reference `&terminal::view::TerminalView` in the current scope
    --> app/src/pane_group/mod_tests.rs:2643:26
     |
2639 | /                     pane_group
2640 | |                         .terminal_view_at_pane_index(i, ctx)
2641 | |                         .unwrap()
2642 | |                         .as_ref(ctx)
2643 | |                         .size_info()
     | |                         -^^^^^^^^^ private field, not a method
     | |_________________________|
     |

error: unused variable: `block_id`
    --> app/src/terminal/model/terminal_model.rs:1834:13
     |
1834 |         let block_id = data.next_block_id.to_string();
     |             ^^^^^^^^ help: if this is intentional, prefix it with an underscore: `_block_id`

error[E0599]: no method named `size_info` found for reference `&terminal::view::TerminalView` in the current scope
    --> app/src/pane_group/mod_tests.rs:2657:26
     |
2653 | /                     pane_group
2654 | |                         .terminal_view_at_pane_index(i, ctx)
2655 | |                         .unwrap()
2656 | |                         .as_ref(ctx)
2657 | |                         .size_info()
     | |                         -^^^^^^^^^ private field, not a method
     | |_________________________|
     |

error: unused variable: `record`
   --> app/src/terminal/model_events.rs:231:38
    |
231 |             Event::LifecycleRecovery(record) => {
    |                                      ^^^^^^ help: if this is intentional, prefix it with an underscore: `_record`

error[E0599]: no method named `is_terminal_pane_being_shared` found for mutable reference `&mut pane_group::PaneGroup` in the current scope
    --> app/src/pane_group/mod_tests.rs:2675:28
     |
2675 |             assert!(!panes.is_terminal_pane_being_shared(ctx));
     |                            ^^^^^^^^^^^^^^^^^^^^^^^^^^^^^
     |
help: there is a method `terminal_pane_ids` with a similar name, but with different arguments
    --> app/src/pane_group/mod.rs:790:5
     |
 790 |     pub fn terminal_pane_ids(&self) -> impl Iterator<Item = PaneId> + '_ {
     |     ^^^^^^^^^^^^^^^^^^^^^^^^^^^^^^^^^^^^^^^^^^^^^^^^^^^^^^^^^^^^^^^^^^^^

error[E0599]: no method named `is_terminal_pane_being_shared` found for mutable reference `&mut pane_group::PaneGroup` in the current scope
    --> app/src/pane_group/mod_tests.rs:2679:28
     |
2679 |             assert!(!panes.is_terminal_pane_being_shared(ctx));
     |                            ^^^^^^^^^^^^^^^^^^^^^^^^^^^^^
     |
help: there is a method `terminal_pane_ids` with a similar name, but with different arguments
    --> app/src/pane_group/mod.rs:790:5
     |
 790 |     pub fn terminal_pane_ids(&self) -> impl Iterator<Item = PaneId> + '_ {
     |     ^^^^^^^^^^^^^^^^^^^^^^^^^^^^^^^^^^^^^^^^^^^^^^^^^^^^^^^^^^^^^^^^^^^^

error[E0599]: no method named `set_shared_session_status` found for struct `MutexGuard<'_, RawFairMutex, TerminalModel>` in the current scope
    --> app/src/pane_group/mod_tests.rs:2689:18
     |
2682 | /             panes
2683 | |                 .terminal_session_by_pane_index(0)
2684 | |                 .expect("terminal pane exists")
2685 | |                 .terminal_manager(ctx)
...    |
2688 | |                 .lock()
2689 | |                 .set_shared_session_status(SharedSessionStatus::ActiveSharer);
     | |                 -^^^^^^^^^^^^^^^^^^^^^^^^^ method not found in `MutexGuard<'_, RawFairMutex, TerminalModel>`
     | |_________________|
     |
     |
     = note: the full name for the type has been written to '/Users/tedczj/workspace/term4u/target/debug/deps/warp-aeab156d99296f11.long-type-10260365203597274568.txt'
     = note: consider using `--verbose` to print the full type name to the console

error[E0599]: no method named `is_terminal_pane_being_shared` found for mutable reference `&mut pane_group::PaneGroup` in the current scope
    --> app/src/pane_group/mod_tests.rs:2690:27
     |
2690 |             assert!(panes.is_terminal_pane_being_shared(ctx));
     |                           ^^^^^^^^^^^^^^^^^^^^^^^^^^^^^
     |
help: there is a method `terminal_pane_ids` with a similar name, but with different arguments
    --> app/src/pane_group/mod.rs:790:5
     |
 790 |     pub fn terminal_pane_ids(&self) -> impl Iterator<Item = PaneId> + '_ {
     |     ^^^^^^^^^^^^^^^^^^^^^^^^^^^^^^^^^^^^^^^^^^^^^^^^^^^^^^^^^^^^^^^^^^^^

error[E0599]: no method named `number_of_shared_sessions` found for mutable reference `&mut pane_group::PaneGroup` in the current scope
    --> app/src/pane_group/mod_tests.rs:2705:30
     |
2705 |             assert_eq!(panes.number_of_shared_sessions(ctx), 0);
     |                              ^^^^^^^^^^^^^^^^^^^^^^^^^
     |
help: there is a method `pane_sessions` with a similar name, but with different arguments
    --> app/src/pane_group/mod.rs:1466:5
     |
1466 | /     pub fn pane_sessions<'a>(
1467 | |         &'a self,
1468 | |         pane_group_id: EntityId,
1469 | |         window_id: WindowId,
1470 | |         app: &'a AppContext,
1471 | |     ) -> impl Iterator<Item = SessionNavigationData> + 'a {
     | |_________________________________________________________^

error[E0599]: no method named `set_shared_session_status` found for struct `MutexGuard<'_, RawFairMutex, TerminalModel>` in the current scope
    --> app/src/pane_group/mod_tests.rs:2714:18
     |
2708 | /             panes
2709 | |                 .terminal_manager(0, ctx)
2710 | |                 .unwrap()
2711 | |                 .as_ref(ctx)
2712 | |                 .model()
2713 | |                 .lock()
2714 | |                 .set_shared_session_status(SharedSessionStatus::ActiveSharer);
     | |                 -^^^^^^^^^^^^^^^^^^^^^^^^^ method not found in `MutexGuard<'_, RawFairMutex, TerminalModel>`
     | |_________________|
     |
     |
     = note: the full name for the type has been written to '/Users/tedczj/workspace/term4u/target/debug/deps/warp-aeab156d99296f11.long-type-1641252712490142536.txt'
     = note: consider using `--verbose` to print the full type name to the console

error[E0599]: no method named `number_of_shared_sessions` found for mutable reference `&mut pane_group::PaneGroup` in the current scope
    --> app/src/pane_group/mod_tests.rs:2715:30
     |
2715 |             assert_eq!(panes.number_of_shared_sessions(ctx), 1);
     |                              ^^^^^^^^^^^^^^^^^^^^^^^^^
     |
help: there is a method `pane_sessions` with a similar name, but with different arguments
    --> app/src/pane_group/mod.rs:1466:5
     |
1466 | /     pub fn pane_sessions<'a>(
1467 | |         &'a self,
1468 | |         pane_group_id: EntityId,
1469 | |         window_id: WindowId,
1470 | |         app: &'a AppContext,
1471 | |     ) -> impl Iterator<Item = SessionNavigationData> + 'a {
     | |_________________________________________________________^

error[E0599]: no method named `set_shared_session_status` found for struct `MutexGuard<'_, RawFairMutex, TerminalModel>` in the current scope
    --> app/src/pane_group/mod_tests.rs:2724:18
     |
2718 | /             panes
2719 | |                 .terminal_manager(1, ctx)
2720 | |                 .unwrap()
2721 | |                 .as_ref(ctx)
2722 | |                 .model()
2723 | |                 .lock()
2724 | |                 .set_shared_session_status(SharedSessionStatus::ActiveSharer);
     | |                 -^^^^^^^^^^^^^^^^^^^^^^^^^ method not found in `MutexGuard<'_, RawFairMutex, TerminalModel>`
     | |_________________|
     |
     |
     = note: the full name for the type has been written to '/Users/tedczj/workspace/term4u/target/debug/deps/warp-aeab156d99296f11.long-type-10079380736903604148.txt'
     = note: consider using `--verbose` to print the full type name to the console

error[E0599]: no method named `number_of_shared_sessions` found for mutable reference `&mut pane_group::PaneGroup` in the current scope
    --> app/src/pane_group/mod_tests.rs:2725:30
     |
2725 |             assert_eq!(panes.number_of_shared_sessions(ctx), 2);
     |                              ^^^^^^^^^^^^^^^^^^^^^^^^^
     |
help: there is a method `pane_sessions` with a similar name, but with different arguments
    --> app/src/pane_group/mod.rs:1466:5
     |
1466 | /     pub fn pane_sessions<'a>(
1467 | |         &'a self,
1468 | |         pane_group_id: EntityId,
1469 | |         window_id: WindowId,
1470 | |         app: &'a AppContext,
1471 | |     ) -> impl Iterator<Item = SessionNavigationData> + 'a {
     | |_________________________________________________________^

error[E0599]: no method named `number_of_shared_sessions` found for mutable reference `&mut pane_group::PaneGroup` in the current scope
    --> app/src/pane_group/mod_tests.rs:2729:30
     |
2729 |             assert_eq!(panes.number_of_shared_sessions(ctx), 1);
     |                              ^^^^^^^^^^^^^^^^^^^^^^^^^
     |
help: there is a method `pane_sessions` with a similar name, but with different arguments
    --> app/src/pane_group/mod.rs:1466:5
     |
1466 | /     pub fn pane_sessions<'a>(
1467 | |         &'a self,
1468 | |         pane_group_id: EntityId,
1469 | |         window_id: WindowId,
1470 | |         app: &'a AppContext,
1471 | |     ) -> impl Iterator<Item = SessionNavigationData> + 'a {
     | |_________________________________________________________^

error[E0599]: no method named `insert_terminal_pane_hidden_for_child_agent` found for mutable reference `&mut pane_group::PaneGroup` in the current scope
    --> app/src/pane_group/mod_tests.rs:2791:39
     |
2791 |             let child_pane_id = panes.insert_terminal_pane_hidden_for_child_agent(
     |                                 ------^^^^^^^^^^^^^^^^^^^^^^^^^^^^^^^^^^^^^^^^^^^
     |
help: there is a method `is_pane_hidden_for_close` with a similar name, but with different arguments
    --> app/src/pane_group/mod.rs:2153:5
     |
2153 |     pub fn is_pane_hidden_for_close(&self, pane_id: PaneId) -> bool {
     |     ^^^^^^^^^^^^^^^^^^^^^^^^^^^^^^^^^^^^^^^^^^^^^^^^^^^^^^^^^^^^^^^

error[E0609]: no field `transitively_shared_child_panes` on type `&mut pane_group::PaneGroup`
    --> app/src/pane_group/mod_tests.rs:2802:22
     |
2802 |                     .transitively_shared_child_panes
     |                      ^^^^^^^^^^^^^^^^^^^^^^^^^^^^^^^ unknown field
     |
     = note: available fields are: `tips_completed`, `user_default_shell_unsupported_banner_model_handle`, `model_event_sender`, `panes`, `focus_state` ... and 7 others

error[E0282]: type annotations needed
    --> app/src/pane_group/mod_tests.rs:2804:35
     |
2804 |                     .is_some_and(|children| children.contains(&child_pane_id.into())),
     |                                   ^^^^^^^^  -------- type must be known at this point
     |
help: consider giving this closure parameter an explicit type
     |
2804 |                     .is_some_and(|children: /* Type */| children.contains(&child_pane_id.into())),
     |                                           ++++++++++++

error[E0609]: no field `transitively_shared_child_panes` on type `&mut pane_group::PaneGroup`
    --> app/src/pane_group/mod_tests.rs:2813:22
     |
2813 |                     .transitively_shared_child_panes
     |                      ^^^^^^^^^^^^^^^^^^^^^^^^^^^^^^^ unknown field
     |
     = note: available fields are: `tips_completed`, `user_default_shell_unsupported_banner_model_handle`, `model_event_sender`, `panes`, `focus_state` ... and 7 others

error[E0599]: no variant or associated item named `OpenPromptEditor` found for enum `pane_group::Event` in the current scope
    --> app/src/pane_group/mod_tests.rs:2996:24
     |
2996 |             let Event::OpenPromptEditor = event else {
     |                        ^^^^^^^^^^^^^^^^ variant or associated item not found in `pane_group::Event`
     |
    ::: app/src/pane_group/mod.rs:411:1
     |
 411 | pub enum Event {
     | -------------- variant or associated item `OpenPromptEditor` not found for this enum

error[E0061]: this function takes 6 arguments but 7 arguments were supplied
    --> app/src/pane_group/mod_tests.rs:3082:21
     |
3082 |                     PaneGroup::new_with_panes_layout(
     |                     ^^^^^^^^^^^^^^^^^^^^^^^^^^^^^^^^
...
3085 |                         ServerApiProvider::as_ref(ctx).get(),
     |                         ------------------------------------ unexpected argument #3
     |
note: associated function defined here
    --> app/src/pane_group/mod.rs:1685:12
     |
1685 |     pub fn new_with_panes_layout(
     |            ^^^^^^^^^^^^^^^^^^^^^
help: remove the extra argument
     |
3084 -                         user_default_shell_changed_banner_dismissal_model_handle,
3085 -                         ServerApiProvider::as_ref(ctx).get(),
3084 +                         user_default_shell_changed_banner_dismissal_model_handle,
     |

error[E0599]: no variant or associated item named `OpenPromptEditor` found for enum `pane_group::Event` in the current scope
    --> app/src/pane_group/mod_tests.rs:3143:29
     |
3143 |             ctx.emit(Event::OpenPromptEditor);
     |                             ^^^^^^^^^^^^^^^^ variant or associated item not found in `pane_group::Event`
     |
    ::: app/src/pane_group/mod.rs:411:1
     |
 411 | pub enum Event {
     | -------------- variant or associated item `OpenPromptEditor` not found for this enum

error[E0433]: failed to resolve: use of undeclared type `FilePane`
    --> app/src/pane_group/mod_tests.rs:3169:24
     |
3169 |             let pane = FilePane::new(
     |                        ^^^^^^^^ use of undeclared type `FilePane`

error[E0599]: no method named `file_notebook_panes` found for reference `&pane_group::PaneGroup` in the current scope
    --> app/src/pane_group/mod_tests.rs:3180:18
     |
3179 | /             panes
3180 | |                 .file_notebook_panes(ctx)
     | |_________________-^^^^^^^^^^^^^^^^^^^
     |
help: there is a method `close_panes` with a similar name, but with different arguments
    --> app/src/pane_group/mod.rs:1370:5
     |
1370 |     fn close_panes(&mut self, pane_ids: Vec<PaneId>, ctx: &mut ViewContext<Self>) {
     |     ^^^^^^^^^^^^^^^^^^^^^^^^^^^^^^^^^^^^^^^^^^^^^^^^^^^^^^^^^^^^^^^^^^^^^^^^^^^^^

error[E0282]: type annotations needed
    --> app/src/pane_group/mod_tests.rs:3186:22
     |
3186 |         let loaded = file_view.update(&mut app, |view, ctx| {
     |                      ^^^^^^^^^ cannot infer type

error[E0282]: type annotations needed
    --> app/src/pane_group/mod_tests.rs:3186:50
     |
3186 |         let loaded = file_view.update(&mut app, |view, ctx| {
     |                                                  ^^^^
3187 |             let file_id = view.file_id_for_test().expect("the file should be open");
     |                           ---- type must be known at this point
     |
help: consider giving this closure parameter an explicit type
     |
3186 |         let loaded = file_view.update(&mut app, |view: /* Type */, ctx| {
     |                                                      ++++++++++++

error[E0599]: no method named `close_overlays` found for mutable reference `&mut terminal::view::TerminalView` in the current scope
    --> app/src/pane_group/mod.rs:4050:31
     |
4050 |                 terminal_view.close_overlays(ctx);
     |                               ^^^^^^^^^^^^^^ method not found in `&mut terminal::view::TerminalView`

error: variant `CommandLine` is never constructed
   --> app/src/lib.rs:226:5
    |
221 | pub(crate) enum LaunchMode {
    |                 ---------- variant in this enum
...
226 |     CommandLine {
    |     ^^^^^^^^^^^
    |
    = note: `-D dead-code` implied by `-D warnings`
    = help: to override `-D warnings` add `#[allow(dead_code)]`

error: method `supports_indexing` is never used
   --> app/src/lib.rs:360:8
    |
257 | impl LaunchMode {
    | --------------- method in this implementation
...
360 |     fn supports_indexing(&self) -> bool {
    |        ^^^^^^^^^^^^^^^^^

error: field `active_window_id` is never read
   --> app/src/lib.rs:986:5
    |
985 | pub struct UpdateQuakeModeEventArg {
    |            ----------------------- field in this struct
986 |     active_window_id: Option<WindowId>,
    |     ^^^^^^^^^^^^^^^^

error: function `focus_running_window_and_show_native_modal` is never used
    --> app/src/lib.rs:1543:4
     |
1543 | fn focus_running_window_and_show_native_modal(
     |    ^^^^^^^^^^^^^^^^^^^^^^^^^^^^^^^^^^^^^^^^^^

error: variant `WorkspaceAdded` is never constructed
  --> app/src/ai/persisted_workspace.rs:95:5
   |
85 | pub enum PersistedWorkspaceEvent {
   |          ----------------------- variant in this enum
...
95 |     WorkspaceAdded {
   |     ^^^^^^^^^^^^^^
   |
   = note: `PersistedWorkspaceEvent` has derived impls for the traits `Clone` and `Debug`, but these are intentionally ignored during dead code analysis

error: methods `all_lsp_servers`, `total_lsp_server_count`, `user_added_workspace`, `navigated_to_path`, and `workspace_for_path` are never used
   --> app/src/ai/persisted_workspace.rs:202:12
    |
106 | impl PersistedWorkspace {
    | ----------------------- methods in this implementation
...
202 |     pub fn all_lsp_servers(
    |            ^^^^^^^^^^^^^^^
...
219 |     pub fn total_lsp_server_count(&self, include_suggested: bool) -> usize {
    |            ^^^^^^^^^^^^^^^^^^^^^^
...
227 |     pub fn user_added_workspace(&mut self, path: PathBuf, ctx: &mut ModelContext<Self>) {
    |            ^^^^^^^^^^^^^^^^^^^^
...
253 |     pub fn navigated_to_path(&mut self, directory: &PathBuf) {
    |            ^^^^^^^^^^^^^^^^^
...
261 |     pub fn workspace_for_path(&self, root_path: &Path) -> Option<WorkspaceMetadata> {
    |            ^^^^^^^^^^^^^^^^^^

error: enum `ActiveSkillLookupError` is never used
  --> app/src/ai/skills/mod.rs:29:10
   |
29 | pub enum ActiveSkillLookupError {
   |          ^^^^^^^^^^^^^^^^^^^^^^

error: associated function `for_reference` is never used
  --> app/src/ai/skills/mod.rs:37:19
   |
36 | impl ActiveSkillLookupError {
   | --------------------------- associated function in this implementation
37 |     pub(crate) fn for_reference(reference: &SkillReference, path_origin: &SkillPathOrigin) -> Self {
   |                   ^^^^^^^^^^^^^

error: trait `SkillPathQuery` is never used
  --> app/src/ai/skills/mod.rs:54:11
   |
54 | pub trait SkillPathQuery {
   |           ^^^^^^^^^^^^^^

error: variants `Read` and `Opened` are never constructed
  --> app/src/ai/skills/telemetry.rs:27:5
   |
25 | pub enum SkillTelemetryEvent {
   |          ------------------- variants in this enum
26 |     /// Emitted when a skill is invoked via the ReadSkill tool call.
27 |     Read {
   |     ^^^^
...
40 |     Opened {
   |     ^^^^^^
   |
   = note: `SkillTelemetryEvent` has a derived impl for the trait `Debug`, but this is intentionally ignored during dead code analysis

error: field `0` is never read
  --> app/src/ai/skills/bundled.rs:25:21
   |
25 |     RequiresFeature(FeatureFlag),
   |     --------------- ^^^^^^^^^^^
   |     |
   |     field in this variant
   |
   = note: `BundledSkillActivation` has derived impls for the traits `Clone` and `Debug`, but these are intentionally ignored during dead code analysis
help: consider changing the field to be of unit type to suppress this warning while preserving the field numbering, or remove the field
   |
25 -     RequiresFeature(FeatureFlag),
25 +     RequiresFeature(()),
   |

error: field `0` is never read
  --> app/src/ai/skills/bundled.rs:27:18
   |
27 |     RequiresFile(PathBuf),
   |     ------------ ^^^^^^^
   |     |
   |     field in this variant
   |
   = note: `BundledSkillActivation` has derived impls for the traits `Clone` and `Debug`, but these are intentionally ignored during dead code analysis
help: consider changing the field to be of unit type to suppress this warning while preserving the field numbering, or remove the field
   |
27 -     RequiresFile(PathBuf),
27 +     RequiresFile(()),
   |

error: method `is_enabled` is never used
  --> app/src/ai/skills/bundled.rs:31:12
   |
30 | impl BundledSkillActivation {
   | --------------------------- method in this implementation
31 |     pub fn is_enabled(&self) -> bool {
   |            ^^^^^^^^^^

error: field `remote_by_host` is never read
  --> app/src/ai/skills/bundled.rs:44:5
   |
42 | pub struct BundledSkills {
   |            ------------- field in this struct
43 |     local: BundledSkill,
44 |     remote_by_host: HashMap<HostId, BundledSkill>,
   |     ^^^^^^^^^^^^^^
   |
   = note: `BundledSkills` has a derived impl for the trait `Debug`, but this is intentionally ignored during dead code analysis

error: multiple methods are never used
   --> app/src/ai/skills/bundled.rs:52:12
    |
 47 | impl BundledSkills {
    | ------------------ methods in this implementation
...
 52 |     pub fn active_descriptors(&self, path_origin: &SkillPathOrigin) -> Vec<SkillDescriptor> {
    |            ^^^^^^^^^^^^^^^^^^
...
 65 |     pub fn reference_for_path(&self, path: &LocalOrRemotePath) -> Option<SkillReference> {
    |            ^^^^^^^^^^^^^^^^^^
...
 69 |     pub fn local_skill(&self, id: &str) -> Option<&ParsedSkill> {
    |            ^^^^^^^^^^^
...
 73 |     pub fn active_skill(&self, id: &str, path_origin: &SkillPathOrigin) -> Option<&ParsedSkill> {
    |            ^^^^^^^^^^^^
...
 77 |     pub fn remote(&self, host_id: &HostId) -> Option<&BundledSkill> {
    |            ^^^^^^
...
 86 |     pub fn remote_skill_by_path(&self, path: &RemotePath) -> Option<&ParsedSkill> {
    |            ^^^^^^^^^^^^^^^^^^^^
...
 94 |     pub fn remote_active_skill_by_path(&self, path: &RemotePath) -> Option<&ParsedSkill> {
    |            ^^^^^^^^^^^^^^^^^^^^^^^^^^^
...
101 |     fn for_path_origin(&self, path_origin: &SkillPathOrigin) -> Option<&BundledSkill> {
    |        ^^^^^^^^^^^^^^^

error: fields `skill`, `activation`, and `icon` are never read
   --> app/src/ai/skills/bundled.rs:137:5
    |
136 | struct BundledSkillDefinition {
    |        ---------------------- fields in this struct
137 |     skill: ParsedSkill,
    |     ^^^^^
138 |     activation: BundledSkillActivation,
    |     ^^^^^^^^^^
139 |     icon: Icon,
    |     ^^^^
    |
    = note: `BundledSkillDefinition` has derived impls for the traits `Clone` and `Debug`, but these are intentionally ignored during dead code analysis

error: field `definitions` is never read
   --> app/src/ai/skills/bundled.rs:145:5
    |
144 | pub struct BundledSkill {
    |            ------------ field in this struct
145 |     definitions: HashMap<String, BundledSkillDefinition>,
    |     ^^^^^^^^^^^
    |
    = note: `BundledSkill` has a derived impl for the trait `Debug`, but this is intentionally ignored during dead code analysis

error: multiple methods are never used
   --> app/src/ai/skills/bundled.rs:170:12
    |
148 | impl BundledSkill {
    | ----------------- methods in this implementation
...
170 |     pub fn active_descriptors(&self) -> Vec<SkillDescriptor> {
    |            ^^^^^^^^^^^^^^^^^^
...
189 |     pub fn active_path_referenced_descriptors(&self) -> Vec<SkillDescriptor> {
    |            ^^^^^^^^^^^^^^^^^^^^^^^^^^^^^^^^^^
...
202 |     pub fn reference_for_path(&self, path: &LocalOrRemotePath) -> Option<SkillReference> {
    |            ^^^^^^^^^^^^^^^^^^
...
210 |     pub fn skill(&self, id: &str) -> Option<&ParsedSkill> {
    |            ^^^^^
...
215 |     pub fn active_skill(&self, id: &str) -> Option<&ParsedSkill> {
    |            ^^^^^^^^^^^^
...
224 |     pub fn skill_by_path(&self, path: &LocalOrRemotePath) -> Option<&ParsedSkill> {
    |            ^^^^^^^^^^^^^
...
233 |     pub fn active_skill_by_path(&self, path: &LocalOrRemotePath) -> Option<&ParsedSkill> {
    |            ^^^^^^^^^^^^^^^^^^^^

error: function `try_insert_skill` is never used
  --> app/src/ai/skills/skill_utils.rs:22:4
   |
22 | fn try_insert_skill(
   |    ^^^^^^^^^^^^^^^^

error: struct `SkillDeduplicator` is never constructed
  --> app/src/ai/skills/skill_utils.rs:50:19
   |
50 | pub(crate) struct SkillDeduplicator {
   |                   ^^^^^^^^^^^^^^^^^

error: methods `insert`, `extend_paths`, and `into_descriptors` are never used
  --> app/src/ai/skills/skill_utils.rs:56:19
   |
55 | impl SkillDeduplicator {
   | ---------------------- methods in this implementation
56 |     pub(crate) fn insert(&mut self, dir_path: &LocalOrRemotePath, skill: &ParsedSkill) {
   |                   ^^^^^^
...
65 |     pub(crate) fn extend_paths(
   |                   ^^^^^^^^^^^^
...
77 |     pub(crate) fn into_descriptors(self) -> Vec<SkillDescriptor> {
   |                   ^^^^^^^^^^^^^^^^

error: function `skill_path_from_location` is never used
   --> app/src/ai/skills/skill_utils.rs:102:8
    |
102 | pub fn skill_path_from_location(location: &LocalOrRemotePath) -> Option<LocalOrRemotePath> {
    |        ^^^^^^^^^^^^^^^^^^^^^^^^

error: fields `remote_home_directories` and `is_cloud_environment` are never read
  --> app/src/ai/skills/skill_manager.rs:49:5
   |
26 | pub struct SkillManager {
   |            ------------ fields in this struct
...
49 |     remote_home_directories: HashMap<HostId, LocalOrRemotePath>,
   |     ^^^^^^^^^^^^^^^^^^^^^^^
...
54 |     is_cloud_environment: bool,
   |     ^^^^^^^^^^^^^^^^^^^^

error: multiple methods are never used
   --> app/src/ai/skills/skill_manager.rs:93:12
    |
 59 | impl SkillManager {
    | ----------------- methods in this implementation
...
 93 |     pub fn set_cloud_environment(&mut self, value: bool) {
    |            ^^^^^^^^^^^^^^^^^^^^^
...
 98 |     pub fn get_skills_for_working_directory(
    |            ^^^^^^^^^^^^^^^^^^^^^^^^^^^^^^^^
...
113 |     pub fn get_skills_for_working_directory_with_origin(
    |            ^^^^^^^^^^^^^^^^^^^^^^^^^^^^^^^^^^^^^^^^^^^^
...
198 |     pub fn home_skill_paths(&self) -> Vec<LocalOrRemotePath> {
    |            ^^^^^^^^^^^^^^^^
...
209 |     pub fn directories_with_skills(&self) -> Vec<PathBuf> {
    |            ^^^^^^^^^^^^^^^^^^^^^^^
...
228 |     pub fn skill_paths_in_scope(&self, scope_dir: &Path) -> Vec<PathBuf> {
    |            ^^^^^^^^^^^^^^^^^^^^
...
253 |     pub fn skill_exists_for_any_provider(
    |            ^^^^^^^^^^^^^^^^^^^^^^^^^^^^^
...
278 |     pub fn best_supported_provider(
    |            ^^^^^^^^^^^^^^^^^^^^^^^
...
294 |     fn providers_for_descriptor<'a>(
    |        ^^^^^^^^^^^^^^^^^^^^^^^^
...
308 |     pub fn skill_paths_by_name(&self, name: &str) -> Vec<LocalOrRemotePath> {
    |            ^^^^^^^^^^^^^^^^^^^
...
321 |     pub fn skill_by_path<P: SkillPathQuery + ?Sized>(
    |            ^^^^^^^^^^^^^
...
331 |     pub fn reference_for_skill_path<P: SkillPathQuery + ?Sized>(
    |            ^^^^^^^^^^^^^^^^^^^^^^^^
...
345 |     pub fn skill_by_reference(&self, reference: &SkillReference) -> Option<&ParsedSkill> {
    |            ^^^^^^^^^^^^^^^^^^
...
358 |     pub fn active_skill_by_reference(&self, reference: &SkillReference) -> Option<&ParsedSkill> {
    |            ^^^^^^^^^^^^^^^^^^^^^^^^^
...
364 |     pub fn active_skill_by_reference_with_origin(
    |            ^^^^^^^^^^^^^^^^^^^^^^^^^^^^^^^^^^^^^
...
386 |     pub fn active_local_bundled_skill(&self, id: &str) -> Option<&ParsedSkill> {
    |            ^^^^^^^^^^^^^^^^^^^^^^^^^^
...
390 |     fn home_directory_for_origin(
    |        ^^^^^^^^^^^^^^^^^^^^^^^^^
...
403 |     fn is_home_directory(&self, path: &LocalOrRemotePath) -> bool {
    |        ^^^^^^^^^^^^^^^^^
...
413 |     fn skill_by_location(&self, location: &LocalOrRemotePath) -> Option<&ParsedSkill> {
    |        ^^^^^^^^^^^^^^^^^
...
499 |     pub fn add_skills_dirs_skills(&mut self, skills: Vec<ParsedSkill>) {
    |            ^^^^^^^^^^^^^^^^^^^^^^

error: function `path_matches_reference_location` is never used
   --> app/src/ai/skills/skill_manager.rs:587:4
    |
587 | fn path_matches_reference_location(path: &LocalOrRemotePath, reference: &SkillReference) -> bool {
    |    ^^^^^^^^^^^^^^^^^^^^^^^^^^^^^^^

error: associated function `read_local_skills_for_repos` is never used
  --> app/src/ai/skills/file_watchers/skill_watcher.rs:81:12
   |
76 | impl SkillWatcher {
   | ----------------- associated function in this implementation
...
81 |     pub fn read_local_skills_for_repos(
   |            ^^^^^^^^^^^^^^^^^^^^^^^^^^^

error: function `read_skills_from_files` is never used
   --> app/src/ai/skills/file_watchers/utils.rs:119:8
    |
119 | pub fn read_skills_from_files(skill_files: impl IntoIterator<Item = PathBuf>) -> Vec<ParsedSkill> {
    |        ^^^^^^^^^^^^^^^^^^^^^^

error: field `0` is never read
  --> app/src/antivirus/mod.rs:12:26
   |
12 | pub struct AntivirusInfo(Option<String>);
   |            ------------- ^^^^^^^^^^^^^^
   |            |
   |            field in this struct
   |
   = help: consider removing this field
   = note: `AntivirusInfo` has derived impls for the traits `Clone` and `Debug`, but these are intentionally ignored during dead code analysis

error: method `get` is never used
  --> app/src/antivirus/mod.rs:28:12
   |
14 | impl AntivirusInfo {
   | ------------------ method in this implementation
...
28 |     pub fn get(&self) -> Option<&str> {
   |            ^^^

error: method `is_persisted` is never used
   --> app/src/app_state.rs:123:19
    |
122 | impl LeafContents {
    | ----------------- method in this implementation
123 |     pub(crate) fn is_persisted(&self) -> bool {
    |                   ^^^^^^^^^^^^

error: field `auth_state` is never read
   --> app/src/auth/auth_state.rs:147:5
    |
146 | pub struct LocalAuthStateProvider {
    |            ---------------------- field in this struct
147 |     auth_state: Arc<AuthState>,
    |     ^^^^^^^^^^

error: method `get` is never used
   --> app/src/auth/auth_state.rs:155:12
    |
150 | impl LocalAuthStateProvider {
    | --------------------------- method in this implementation
...
155 |     pub fn get(&self) -> &Arc<AuthState> {
    |            ^^^

error: methods `ready_for_update` and `available_new_version` are never used
  --> app/src/autoupdate_disabled.rs:10:12
   |
 9 | impl AutoupdateStage {
   | -------------------- methods in this implementation
10 |     pub fn ready_for_update(&self) -> bool {
   |            ^^^^^^^^^^^^^^^^
...
14 |     pub fn available_new_version(&self) -> Option<&channel_versions::VersionInfo> {
   |            ^^^^^^^^^^^^^^^^^^^^^

error: field `stage` is never read
  --> app/src/autoupdate_disabled.rs:20:5
   |
19 | pub struct AutoupdateState {
   |            --------------- field in this struct
20 |     stage: AutoupdateStage,
   |     ^^^^^

error: methods `maybe_daily_check_for_update` and `manually_check_for_update` are never used
  --> app/src/autoupdate_disabled.rs:35:12
   |
23 | impl AutoupdateState {
   | -------------------- methods in this implementation
...
35 |     pub fn maybe_daily_check_for_update(&mut self, ctx: &mut ModelContext<Self>) {
   |            ^^^^^^^^^^^^^^^^^^^^^^^^^^^^
...
39 |     pub fn manually_check_for_update(&mut self, ctx: &mut ModelContext<Self>) {
   |            ^^^^^^^^^^^^^^^^^^^^^^^^^

error: function `get_update_state` is never used
  --> app/src/autoupdate_disabled.rs:50:8
   |
50 | pub fn get_update_state(app: &AppContext) -> AutoupdateStage {
   |        ^^^^^^^^^^^^^^^^

error: function `initiate_relaunch_for_update` is never used
  --> app/src/autoupdate_disabled.rs:54:8
   |
54 | pub fn initiate_relaunch_for_update(app: &mut AppContext) {
   |        ^^^^^^^^^^^^^^^^^^^^^^^^^^^^

error: function `manually_download_new_version` is never used
  --> app/src/autoupdate_disabled.rs:74:8
   |
74 | pub fn manually_download_new_version(ctx: &mut AppContext) {
   |        ^^^^^^^^^^^^^^^^^^^^^^^^^^^^^

error: function `is_incoming_version_past_current` is never used
  --> app/src/autoupdate_disabled.rs:93:8
   |
93 | pub fn is_incoming_version_past_current(version: Option<&str>) -> bool {
   |        ^^^^^^^^^^^^^^^^^^^^^^^^^^^^^^^^

error: variant `Action` is never constructed
   --> app/src/banner/view.rs:142:5
    |
139 | pub enum BannerAction<T: Action + Clone> {
    |          ------------ variant in this enum
...
142 |     Action(T),
    |     ^^^^^^
    |
    = note: `BannerAction` has derived impls for the traits `Debug` and `Clone`, but these are intentionally ignored during dead code analysis

error: associated items `new`, `set_content`, `set_action_button_label`, and `with_icon` are never used
   --> app/src/banner/view.rs:147:12
    |
145 | impl<T: Action + Clone> Banner<T> {
    | --------------------------------- associated items in this implementation
146 |     /// Creates a plain banner with a close button.
147 |     pub fn new(content: BannerTextContent<T>) -> Self {
    |            ^^^
...
198 |     pub fn set_content(&mut self, content: BannerTextContent<T>, ctx: &mut ViewContext<Self>) {
    |            ^^^^^^^^^^^
...
204 |     pub fn set_action_button_label(
    |            ^^^^^^^^^^^^^^^^^^^^^^^
...
216 |     pub fn with_icon(mut self, icon: Icon) -> Self {
    |            ^^^^^^^^^

error: function `init` is never used
   --> app/src/code/mod.rs:131:8
    |
131 | pub fn init(app: &mut AppContext) {
    |        ^^^^

error: function `init` is never used
  --> app/src/code/find_references_view.rs:42:8
   |
42 | pub fn init(app: &mut AppContext) {
   |        ^^^^

error: variants `ArrowUp`, `ArrowDown`, and `SelectReference` are never constructed
  --> app/src/code/find_references_view.rs:82:5
   |
76 | pub enum FindReferencesViewAction {
   |          ------------------------ variants in this enum
...
82 |     ArrowUp,
   |     ^^^^^^^
83 |     /// Move selection down (arrow down).
84 |     ArrowDown,
   |     ^^^^^^^^^
85 |     /// Select the currently highlighted reference (enter).
86 |     SelectReference,
   |     ^^^^^^^^^^^^^^^
   |
   = note: `FindReferencesViewAction` has derived impls for the traits `Debug` and `Clone`, but these are intentionally ignored during dead code analysis

error: constant `DROP_SHADOW_COLOR` is never used
  --> app/src/code/local_code_editor.rs:74:7
   |
74 | const DROP_SHADOW_COLOR: ColorU = ColorU {
   |       ^^^^^^^^^^^^^^^^^

error: function `init` is never used
   --> app/src/code/local_code_editor.rs:100:8
    |
100 | pub fn init(app: &mut AppContext) {
    |        ^^^^

error: fields `relative_file_path`, `line_range`, and `selected_text` are never read
   --> app/src/code/local_code_editor.rs:130:9
    |
129 |     SelectionAddedAsContext {
    |     ----------------------- fields in this variant
130 |         relative_file_path: String,
    |         ^^^^^^^^^^^^^^^^^^
131 |         /// 1-indexed line range of the selection: `[start, end]` both inclusive.
132 |         line_range: Range<LineCount>,
    |         ^^^^^^^^^^
133 |         /// Literal text content of the selection.
134 |         selected_text: String,
    |         ^^^^^^^^^^^^^

error: variant `DiffRejected` is never constructed
   --> app/src/code/local_code_editor.rs:122:5
    |
108 | pub enum LocalCodeEditorEvent {
    |          -------------------- variant in this enum
...
122 |     DiffRejected,
    |     ^^^^^^^^^^^^

error: field `mouse_state` is never read
   --> app/src/code/local_code_editor.rs:185:5
    |
184 | struct SelectionAsContextTooltip {
    |        ------------------------- field in this struct
185 |     mouse_state: MouseStateHandle,
    |     ^^^^^^^^^^^

error: variant `InsertSelectedTextToInput` is never constructed
   --> app/src/code/local_code_editor.rs:191:5
    |
190 | pub enum LocalCodeEditorAction {
    |          --------------------- variant in this enum
191 |     InsertSelectedTextToInput,
    |     ^^^^^^^^^^^^^^^^^^^^^^^^^
    |
    = note: `LocalCodeEditorAction` has derived impls for the traits `Clone` and `Debug`, but these are intentionally ignored during dead code analysis

error: methods `language_server_enabled`, `scroll_fraction`, `accept_diff`, and `render_selection_tooltip` are never used
    --> app/src/code/local_code_editor.rs:846:12
     |
 321 | impl LocalCodeEditorView {
     | ------------------------ methods in this implementation
...
 846 |     pub fn language_server_enabled(&self) -> bool {
     |            ^^^^^^^^^^^^^^^^^^^^^^^
...
1881 |     pub fn scroll_fraction(&self, ctx: &AppContext) -> f32 {
     |            ^^^^^^^^^^^^^^^
...
1889 |     pub fn accept_diff(&mut self, ctx: &mut ViewContext<Self>) {
     |            ^^^^^^^^^^^
...
1936 |     fn render_selection_tooltip(&self, app: &AppContext) -> Option<Box<dyn Element>> {
     |        ^^^^^^^^^^^^^^^^^^^^^^^^

error: variants `FullPane`, `Embedded`, and `InlineBanner` are never constructed
  --> app/src/code/diff_viewer.rs:18:5
   |
16 | pub enum DisplayMode {
   |          ----------- variants in this enum
17 |     /// The code diff view takes up its own pane.
18 |     FullPane,
   |     ^^^^^^^^
19 |     /// The code diff view is embedded inside an AI block.
20 |     Embedded { max_height: f32 },
   |     ^^^^^^^^
...
23 |     InlineBanner {
   |     ^^^^^^^^^^^^
   |
   = note: `DisplayMode` has derived impls for the traits `Debug` and `Clone`, but these are intentionally ignored during dead code analysis

error: multiple associated items are never used
   --> app/src/code/diff_viewer.rs:31:12
    |
 30 | impl DisplayMode {
    | ---------------- associated items in this implementation
 31 |     pub fn with_embedded(max_height: f32) -> Self {
    |            ^^^^^^^^^^^^^
...
 35 |     pub fn with_inline_banner(max_height: f32) -> Self {
    |            ^^^^^^^^^^^^^^^^^^
...
 43 |     pub fn max_height(&self) -> Option<f32> {
    |            ^^^^^^^^^^
...
 92 |     pub fn title(&self) -> Option<&str> {
    |            ^^^^^
...
 99 |     pub fn is_full_pane(&self) -> bool {
    |            ^^^^^^^^^^^^
...
103 |     pub fn is_embedded(&self) -> bool {
    |            ^^^^^^^^^^^
...
107 |     pub fn is_inline_banner(&self) -> bool {
    |            ^^^^^^^^^^^^^^^^

error: methods `was_edited`, `changed_lines`, `navigate_next_diff_hunk`, `navigate_previous_diff_hunk`, `reject_diff`, and `restore_diff_base` are never used
   --> app/src/code/diff_viewer.rs:123:8
    |
115 | pub trait DiffViewer
    |           ---------- methods in this trait
...
123 |     fn was_edited(&self) -> bool {
    |        ^^^^^^^^^^
...
128 |     fn changed_lines(&self, ctx: &AppContext) -> Vec<Range<usize>> {
    |        ^^^^^^^^^^^^^
...
145 |     fn navigate_next_diff_hunk(&self, ctx: &mut ViewContext<Self>) {
    |        ^^^^^^^^^^^^^^^^^^^^^^^
...
150 |     fn navigate_previous_diff_hunk(&self, ctx: &mut ViewContext<Self>) {
    |        ^^^^^^^^^^^^^^^^^^^^^^^^^^^
...
155 |     fn reject_diff(&mut self, _ctx: &mut ViewContext<Self>) {}
    |        ^^^^^^^^^^^
156 |
157 |     fn restore_diff_base(&mut self, _ctx: &mut ViewContext<Self>) -> Result<(), String> {
    |        ^^^^^^^^^^^^^^^^^

error: associated items `new_embedded` and `set_laid_out_size` are never used
   --> app/src/code/editor/comment_editor.rs:61:12
    |
 53 | impl CommentEditor {
    | ------------------ associated items in this implementation
...
 61 |     pub fn new_embedded(
    |            ^^^^^^^^^^^^
...
146 |     pub fn set_laid_out_size(&self, value: Vector2F) {
    |            ^^^^^^^^^^^^^^^^^

error: variants `FocusedDiffHunk` and `Fraction` are never constructed
  --> app/src/code/editor/scroll.rs:29:5
   |
27 | pub enum ScrollPosition {
   |          -------------- variants in this enum
28 |     LineAndColumn(LineAndColumnArg),
29 |     FocusedDiffHunk,
   |     ^^^^^^^^^^^^^^^
...
33 |     Fraction(f32),
   |     ^^^^^^^^
   |
   = note: `ScrollPosition` has a derived impl for the trait `Clone`, but this is intentionally ignored during dead code analysis

error: multiple methods are never used
    --> app/src/code/editor/view.rs:461:12
     |
 288 | impl CodeEditorView {
     | ------------------- methods in this implementation
...
 461 |     pub fn with_add_context_button(mut self) -> Self {
     |            ^^^^^^^^^^^^^^^^^^^^^^^
...
 543 |     pub fn changed_lines(&self, app: &AppContext) -> Vec<Range<usize>> {
     |            ^^^^^^^^^^^^^
...
 953 |     pub(crate) fn starting_line_number(&self) -> Option<usize> {
     |                   ^^^^^^^^^^^^^^^^^^^^
...
 957 |     pub(crate) fn set_starting_line_number(&mut self, starting_line_number: Option<usize>) {
     |                   ^^^^^^^^^^^^^^^^^^^^^^^^
...
1461 |     pub fn is_selecting(&self) -> bool {
     |            ^^^^^^^^^^^^
...
1553 |     pub fn append_at_end(&self, text: &str, ctx: &mut ViewContext<Self>) {
     |            ^^^^^^^^^^^^^
...
1562 |     pub fn system_append_autoscroll_vertical_only(&self, text: &str, ctx: &mut ViewContext<Self>) {
     |            ^^^^^^^^^^^^^^^^^^^^^^^^^^^^^^^^^^^^^^
...
1568 |     pub fn truncate(&self, len: usize, ctx: &mut ViewContext<Self>) {
     |            ^^^^^^^^
...
1574 |     pub fn retrieve_unified_diff(&self, file_name: String, ctx: &mut ViewContext<Self>) {
     |            ^^^^^^^^^^^^^^^^^^^^^
...
1604 |     pub fn scroll_fraction(&self, ctx: &AppContext) -> f32 {
     |            ^^^^^^^^^^^^^^^
...
1637 |     pub fn navigate_next_diff_hunk(&self, ctx: &mut ViewContext<Self>) {
     |            ^^^^^^^^^^^^^^^^^^^^^^^
...
1643 |     pub fn navigate_previous_diff_hunk(&self, ctx: &mut ViewContext<Self>) {
     |            ^^^^^^^^^^^^^^^^^^^^^^^^^^^
...
1958 |     pub fn diff_hunks_changed_lines(&self, app: &AppContext) -> (usize, usize) {
     |            ^^^^^^^^^^^^^^^^^^^^^^^^

error: constant `NON_EDITABLE_KEYMAP_CONTEXT` is never used
  --> app/src/code/editor/view/actions.rs:35:7
   |
35 | const NON_EDITABLE_KEYMAP_CONTEXT: &str = "NonEditableKeymapContext";
   |       ^^^^^^^^^^^^^^^^^^^^^^^^^^^

error: function `init` is never used
  --> app/src/code/editor/view/actions.rs:43:8
   |
43 | pub fn init(app: &mut AppContext) {
   |        ^^^^

error: multiple variants are never constructed
   --> app/src/code/editor/view/actions.rs:621:5
    |
618 | pub enum CodeEditorViewAction {
    |          -------------------- variants in this enum
...
621 |     Enter,
    |     ^^^^^
622 |     Delete,
    |     ^^^^^^
623 |     Backspace,
    |     ^^^^^^^^^
624 |     VimBackspace,
    |     ^^^^^^^^^^^^
625 |     ToggleComment,
    |     ^^^^^^^^^^^^^
...
628 |     ScrollHalfPageDown,
    |     ^^^^^^^^^^^^^^^^^^
629 |     ScrollHalfPageUp,
    |     ^^^^^^^^^^^^^^^^
630 |     SelectUp,
    |     ^^^^^^^^
631 |     SelectDown,
    |     ^^^^^^^^^^
632 |     SelectLeft,
    |     ^^^^^^^^^^
633 |     SelectRight,
    |     ^^^^^^^^^^^
634 |     SelectBackwardsByWord,
    |     ^^^^^^^^^^^^^^^^^^^^^
635 |     SelectForwardsByWord,
    |     ^^^^^^^^^^^^^^^^^^^^
636 |     SelectToLineStart,
    |     ^^^^^^^^^^^^^^^^^
637 |     SelectToLineEnd,
    |     ^^^^^^^^^^^^^^^
638 |     SelectAll,
    |     ^^^^^^^^^
...
659 |     DeleteLineLeft,
    |     ^^^^^^^^^^^^^^
660 |     DeleteLineRight,
    |     ^^^^^^^^^^^^^^^
661 |     DeleteWordLeft,
    |     ^^^^^^^^^^^^^^
662 |     DeleteWordRight,
    |     ^^^^^^^^^^^^^^^
663 |     CutLineLeft,
    |     ^^^^^^^^^^^
664 |     CutLineRight,
    |     ^^^^^^^^^^^^
665 |     CutWordLeft,
    |     ^^^^^^^^^^^
666 |     CutWordRight,
    |     ^^^^^^^^^^^^
667 |     MoveUp,
    |     ^^^^^^
668 |     MoveDown,
    |     ^^^^^^^^
669 |     MoveLeft,
    |     ^^^^^^^^
670 |     MoveRight,
    |     ^^^^^^^^^
671 |     MoveBackwardsByWord,
    |     ^^^^^^^^^^^^^^^^^^^
672 |     MoveForwardsByWord,
    |     ^^^^^^^^^^^^^^^^^^
673 |     MoveToLineStart,
    |     ^^^^^^^^^^^^^^^
674 |     MoveToLineEnd,
    |     ^^^^^^^^^^^^^
675 |     CursorAtBufferStart,
    |     ^^^^^^^^^^^^^^^^^^^
676 |     CursorAtBufferEnd,
    |     ^^^^^^^^^^^^^^^^^
...
702 |     Paste,
    |     ^^^^^
703 |     Cut,
    |     ^^^
704 |     Copy,
    |     ^^^^
...
707 |     Undo,
    |     ^^^^
708 |     Redo,
    |     ^^^^
709 |     Tab,
    |     ^^^
710 |     ShiftTab,
    |     ^^^^^^^^
711 |     ShowFindBar,
    |     ^^^^^^^^^^^
712 |     ShowGoToLine,
    |     ^^^^^^^^^^^^
713 |     Escape,
714 |     VimEnter,
    |     ^^^^^^^^
715 |     VimTab,
    |     ^^^^^^
716 |     VimDelete,
    |     ^^^^^^^^^
717 |     VimShiftTab,
    |     ^^^^^^^^^^^
718 |     VimShiftEnter,
    |     ^^^^^^^^^^^^^
719 |     VimEscape,
    |     ^^^^^^^^^
    |
    = note: `CodeEditorViewAction` has derived impls for the traits `Clone` and `Debug`, but these are intentionally ignored during dead code analysis

error: method `remove` is never used
   --> app/src/code/global_buffer_model.rs:648:12
    |
189 | impl GlobalBufferModel {
    | ---------------------- method in this implementation
...
648 |     pub fn remove(&mut self, file_id: FileId, ctx: &mut ModelContext<Self>) {
    |            ^^^^^^

error: type alias `SaveFuture` is never used
  --> app/src/code/inline_diff.rs:23:6
   |
23 | type SaveFuture = BoxFuture<'static, Result<(), Arc<FileSaveError>>>;
   |      ^^^^^^^^^^

error: enum `InlineDiffViewEvent` is never used
  --> app/src/code/inline_diff.rs:26:10
   |
26 | pub enum InlineDiffViewEvent {
   |          ^^^^^^^^^^^^^^^^^^^

error: struct `InlineDiffView` is never constructed
  --> app/src/code/inline_diff.rs:44:12
   |
44 | pub struct InlineDiffView {
   |            ^^^^^^^^^^^^^^

error: associated items `new`, `register_file`, `finish_file_registration`, `apply_diffs_if_any`, `save_content`, and `accept_and_save_diff` are never used
   --> app/src/code/inline_diff.rs:66:12
    |
 65 | impl InlineDiffView {
    | ------------------- associated items in this implementation
 66 |     pub fn new(
    |            ^^^
...
110 |     pub fn register_file(&mut self, ctx: &mut ViewContext<Self>) {
    |            ^^^^^^^^^^^^^
...
130 |     fn finish_file_registration(&mut self, file_id: FileId, ctx: &mut ViewContext<Self>) {
    |        ^^^^^^^^^^^^^^^^^^^^^^^^
...
160 |     fn apply_diffs_if_any(&self, ctx: &mut ViewContext<Self>) {
    |        ^^^^^^^^^^^^^^^^^^
...
192 |     fn save_content(&self, ctx: &mut ViewContext<Self>) -> Option<SaveFuture> {
    |        ^^^^^^^^^^^^
...
215 |     pub fn accept_and_save_diff(&self, ctx: &mut ViewContext<Self>) -> Option<SaveFuture> {
    |            ^^^^^^^^^^^^^^^^^^^^

error: methods `file_path`, `base_content`, and `file_name` are never used
   --> app/src/code/inline_diff.rs:229:12
    |
228 | impl InlineDiffView {
    | ------------------- methods in this implementation
229 |     pub fn file_path(&self) -> Option<&StandardizedPath> {
    |            ^^^^^^^^^
...
234 |     pub fn base_content(&self, app: &AppContext) -> Option<String> {
    |            ^^^^^^^^^^^^
...
245 |     pub fn file_name(&self) -> Option<String> {
    |            ^^^^^^^^^

error: constant `SCAN_INTERVAL` is never used
  --> app/src/code/language_server_shutdown_manager.rs:21:7
   |
21 | const SCAN_INTERVAL: Duration = Duration::from_secs(10);
   |       ^^^^^^^^^^^^^

error: field `in_progress_scan` is never read
  --> app/src/code/language_server_shutdown_manager.rs:24:5
   |
23 | pub struct LanguageServerShutdownManager {
   |            ----------------------------- field in this struct
24 |     in_progress_scan: Option<AbortHandle>,
   |     ^^^^^^^^^^^^^^^^

error: methods `has_in_progress_scan`, `schedule_next_scan`, and `scan_and_shutdown_unused_servers` are never used
  --> app/src/code/language_server_shutdown_manager.rs:34:12
   |
27 | impl LanguageServerShutdownManager {
   | ---------------------------------- methods in this implementation
...
34 |     pub fn has_in_progress_scan(&self) -> bool {
   |            ^^^^^^^^^^^^^^^^^^^^
...
38 |     pub fn schedule_next_scan(&mut self, ctx: &mut ModelContext<Self>) {
   |            ^^^^^^^^^^^^^^^^^^
...
64 |     fn scan_and_shutdown_unused_servers(&self, ctx: &mut ModelContext<Self>) -> bool {
   |        ^^^^^^^^^^^^^^^^^^^^^^^^^^^^^^^^

error: function `workspace_root_in_use` is never used
   --> app/src/code/language_server_shutdown_manager.rs:102:4
    |
102 | fn workspace_root_in_use(root: &Path, app: &AppContext) -> bool {
    |    ^^^^^^^^^^^^^^^^^^^^^

error: function `has_terminal_for_workspace` is never used
   --> app/src/code/language_server_shutdown_manager.rs:106:4
    |
106 | fn has_terminal_for_workspace(root: &Path, app: &AppContext) -> bool {
    |    ^^^^^^^^^^^^^^^^^^^^^^^^^^

error: function `has_open_file_for_workspace` is never used
   --> app/src/code/language_server_shutdown_manager.rs:124:4
    |
124 | fn has_open_file_for_workspace(root: &Path, app: &AppContext) -> bool {
    |    ^^^^^^^^^^^^^^^^^^^^^^^^^^^

error: multiple variants are never constructed
  --> app/src/code/lsp_telemetry.rs:39:5
   |
37 | pub enum LspTelemetryEvent {
   |          ----------------- variants in this enum
38 |     /// User enabled an LSP server for a workspace.
39 |     ServerEnabled {
   |     ^^^^^^^^^^^^^
...
45 |     ServerEnablementSkipped,
   |     ^^^^^^^^^^^^^^^^^^^^^^^
46 |     /// User removed an LSP server.
47 |     ServerRemoved {
   |     ^^^^^^^^^^^^^
...
52 |     HoverShown {
   |     ^^^^^^^^^^
...
58 |     GotoDefinition {
   |     ^^^^^^^^^^^^^^
...
63 |     FindReferencesShown {
   |     ^^^^^^^^^^^^^^^^^^^
...
68 |     ControlAction {
   |     ^^^^^^^^^^^^^
...
73 |     ServerStarted { server_type: String },
   |     ^^^^^^^^^^^^^
74 |     /// Server failed to start.
75 |     ServerFailed { server_type: String },
   |     ^^^^^^^^^^^^
   |
   = note: `LspTelemetryEvent` has a derived impl for the trait `Debug`, but this is intentionally ignored during dead code analysis

error: function `init` is never used
   --> app/src/code/file_tree/view.rs:133:8
    |
133 | pub fn init(app: &mut AppContext) {
    |        ^^^^

error: method `set_enablement_state` is never used
   --> app/src/code/file_tree/view.rs:886:19
    |
300 | impl FileTreeView {
    | ----------------- method in this implementation
...
886 |     pub(crate) fn set_enablement_state(
    |                   ^^^^^^^^^^^^^^^^^^^^

error: method `iter` is never used
  --> app/src/code/opened_files.rs:21:12
   |
15 | impl OpenedFilesInRepo {
   | ---------------------- method in this implementation
...
21 |     pub fn iter(&self) -> impl Iterator<Item = (&String, &Instant)> {
   |            ^^^^

error: constant `SAVE_FILE_BINDING_NAME` is never used
  --> app/src/code/view.rs:79:11
   |
79 | pub const SAVE_FILE_BINDING_NAME: &str = "code_view:save";
   |           ^^^^^^^^^^^^^^^^^^^^^^

error: constant `SAVE_FILE_BINDING_DESCRIPTION` is never used
  --> app/src/code/view.rs:80:11
   |
80 | pub const SAVE_FILE_BINDING_DESCRIPTION: &str = "Save file";
   |           ^^^^^^^^^^^^^^^^^^^^^^^^^^^^^

error: function `init` is never used
  --> app/src/code/view.rs:82:8
   |
82 | pub fn init(app: &mut AppContext) {
   |        ^^^^

error: methods `set_pending_scroll_fraction` and `scroll_fraction` are never used
   --> app/src/code/view.rs:709:19
    |
234 | impl CodeView {
    | ------------- methods in this implementation
...
709 |     pub(crate) fn set_pending_scroll_fraction(&self, fraction: f32, ctx: &mut ViewContext<Self>) {
    |                   ^^^^^^^^^^^^^^^^^^^^^^^^^^^
...
719 |     fn scroll_fraction(&self, ctx: &AppContext) -> Option<f32> {
    |        ^^^^^^^^^^^^^^^

error: enum `DiffSetScope` is never used
  --> app/src/code_review/mod.rs:51:10
   |
51 | pub enum DiffSetScope {
   |          ^^^^^^^^^^^^

error: method `undo_revert_in_code_review_pane` is never used
   --> app/src/code_review/mod.rs:165:12
    |
164 | impl GlobalCodeReviewModel {
    | -------------------------- method in this implementation
165 |     pub fn undo_revert_in_code_review_pane(
    |            ^^^^^^^^^^^^^^^^^^^^^^^^^^^^^^^

error: variant `DiffReverted` is never constructed
   --> app/src/code_review/mod.rs:176:5
    |
175 | pub enum GlobalCodeReviewEvent {
    |          --------------------- variant in this enum
176 |     DiffReverted {
    |     ^^^^^^^^^^^^

error: function `render_file_navigation_button` is never used
   --> app/src/code_review/code_review_view.rs:166:8
    |
166 | pub fn render_file_navigation_button<F>(
    |        ^^^^^^^^^^^^^^^^^^^^^^^^^^^^^

error: constant `CODE_REVIEW_TOOLTIP_TEXT` is never used
   --> app/src/code_review/code_review_view.rs:253:11
    |
253 | pub const CODE_REVIEW_TOOLTIP_TEXT: &str = "View changes";
    |           ^^^^^^^^^^^^^^^^^^^^^^^^

error: multiple methods are never used
    --> app/src/code_review/code_review_view.rs:3558:19
     |
 651 | impl CodeReviewView {
     | ------------------- methods in this implementation
...
3558 |     pub(crate) fn expand_comment_list(&mut self, ctx: &mut ViewContext<Self>) {
     |                   ^^^^^^^^^^^^^^^^^^^
...
3564 |     pub(crate) fn expand_comment_list_and_scroll_to_comment(
     |                   ^^^^^^^^^^^^^^^^^^^^^^^^^^^^^^^^^^^^^^^^^
...
5001 |     fn attach_diff_not_allowed_toast_id(&self, ctx: &mut ViewContext<Self>) -> String {
     |        ^^^^^^^^^^^^^^^^^^^^^^^^^^^^^^^^
...
5005 |     fn attach_context_not_allowed_toast_id(&self, ctx: &mut ViewContext<Self>) -> String {
     |        ^^^^^^^^^^^^^^^^^^^^^^^^^^^^^^^^^^^
...
5465 |     pub(crate) fn navigate_to_imported_comment(
     |                   ^^^^^^^^^^^^^^^^^^^^^^^^^^^^
...
5476 |     pub(crate) fn set_diff_base(&mut self, diff_mode: DiffMode, ctx: &mut ViewContext<Self>) {
     |                   ^^^^^^^^^^^^^
...
5488 |     fn extract_diff_hunk_data(
     |        ^^^^^^^^^^^^^^^^^^^^^^
...
5565 |     fn format_diff_hunk_content(&self, hunk: &DiffHunk) -> String {
     |        ^^^^^^^^^^^^^^^^^^^^^^^^

error: methods `repo_is_local` and `has_non_outdated_comments` are never used
   --> app/src/code_review/comment_list_view.rs:241:8
    |
175 | impl CommentListView {
    | -------------------- methods in this implementation
...
241 |     fn repo_is_local(&self) -> Option<bool> {
    |        ^^^^^^^^^^^^^
...
829 |     fn has_non_outdated_comments(&self) -> bool {
    |        ^^^^^^^^^^^^^^^^^^^^^^^^^

error: struct `DiffSetHunk` is never constructed
  --> app/src/code_review/context.rs:34:12
   |
34 | pub struct DiffSetHunk {
   |            ^^^^^^^^^^^

error: function `convert_file_diffs_to_diffset_hunks` is never used
  --> app/src/code_review/context.rs:41:8
   |
41 | pub fn convert_file_diffs_to_diffset_hunks<'a>(
   |        ^^^^^^^^^^^^^^^^^^^^^^^^^^^^^^^^^^^

error: variants `FileInvalidation` and `DiffLoad` are never constructed
  --> app/src/code_review/diff_state/mod.rs:61:5
   |
58 | pub enum DiffOperation {
   |          ------------- variants in this enum
...
61 |     FileInvalidation,
   |     ^^^^^^^^^^^^^^^^
...
64 |     DiffLoad,
   |     ^^^^^^^^
   |
   = note: `DiffOperation` has derived impls for the traits `Debug` and `Clone`, but these are intentionally ignored during dead code analysis

error: enum `GitDeltaPreference` is never used
   --> app/src/code_review/diff_state/mod.rs:276:10
    |
276 | pub enum GitDeltaPreference {
    |          ^^^^^^^^^^^^^^^^^^

error: method `set_diff_mode_and_fetch_base` is never used
   --> app/src/code_review/diff_state/mod.rs:565:19
    |
420 | impl DiffStateModel {
    | ------------------- method in this implementation
...
565 |     pub(crate) fn set_diff_mode_and_fetch_base(
    |                   ^^^^^^^^^^^^^^^^^^^^^^^^^^^^

error: field `backend_origin` is never read
   --> app/src/code_review/diff_state/local.rs:202:5
    |
196 | pub struct LocalDiffStateModel {
    |            ------------------- field in this struct
...
202 |     backend_origin: BackendOrigin,
    |     ^^^^^^^^^^^^^^

error: method `repo_is_local` is never used
   --> app/src/code_review/find_model.rs:102:8
    |
 73 | impl CodeReviewFindModel {
    | ------------------------ method in this implementation
...
102 |     fn repo_is_local(&self, ctx: &AppContext) -> Option<bool> {
    |        ^^^^^^^^^^^^^

error: fields `main_branch_name`, `stats_against_head`, and `branch_tracking_status` are never read
  --> app/src/code_review/git_repo_model/mod.rs:63:9
   |
61 | pub struct GitStatusMetadata {
   |            ----------------- fields in this struct
62 |     pub current_branch_name: String,
63 |     pub main_branch_name: String,
   |         ^^^^^^^^^^^^^^^^
64 |     pub stats_against_head: DiffStats,
   |         ^^^^^^^^^^^^^^^^^^
65 |     pub branch_tracking_status: GitBranchTrackingStatus,
   |         ^^^^^^^^^^^^^^^^^^^^^^
   |
   = note: `GitStatusMetadata` has derived impls for the traits `Clone` and `Debug`, but these are intentionally ignored during dead code analysis

error: method `refresh_metadata` is never used
   --> app/src/code_review/git_repo_model/mod.rs:113:12
    |
 95 | impl GitRepoStatusModel {
    | ----------------------- method in this implementation
...
113 |     pub fn refresh_metadata(&self, ctx: &mut ModelContext<Self>) {
    |            ^^^^^^^^^^^^^^^^

error: method `repo_path` is never used
   --> app/src/code_review/git_repo_model/local.rs:111:12
    |
 33 | impl LocalGitRepoStatusModel {
    | ---------------------------- method in this implementation
...
111 |     pub fn repo_path(&self) -> &Path {
    |            ^^^^^^^^^

error: methods `repository_info` and `refresh_repository_info` are never used
  --> app/src/code_review/github_repo_model/mod.rs:58:12
   |
37 | impl GitHubRepoModel {
   | -------------------- methods in this implementation
...
58 |     pub fn repository_info<'a>(&self, ctx: &'a AppContext) -> Option<&'a RepositoryInfo> {
   |            ^^^^^^^^^^^^^^^
...
82 |     pub fn refresh_repository_info(&self, ctx: &mut ModelContext<Self>) {
   |            ^^^^^^^^^^^^^^^^^^^^^^^

error: method `repository_info` is never used
   --> app/src/code_review/github_repo_model/local.rs:165:12
    |
 78 | impl LocalGitHubRepoModel {
    | ------------------------- method in this implementation
...
165 |     pub fn repository_info(&self) -> Option<&RepositoryInfo> {
    |            ^^^^^^^^^^^^^^^

error: variants `Commit`, `Push`, `Publish`, `CreatePr`, and `ViewPr` are never constructed
  --> app/src/code_review/telemetry_event.rs:20:5
   |
18 | pub enum GitButtonKind {
   |          ------------- variants in this enum
19 |     #[serde(rename = "commit")]
20 |     Commit,
   |     ^^^^^^
21 |     #[serde(rename = "push")]
22 |     Push,
   |     ^^^^
23 |     #[serde(rename = "publish")]
24 |     Publish,
   |     ^^^^^^^
25 |     #[serde(rename = "create_pr")]
26 |     CreatePr,
   |     ^^^^^^^^
27 |     #[serde(rename = "view_pr")]
28 |     ViewPr,
   |     ^^^^^^
   |
   = note: `GitButtonKind` has derived impls for the traits `Debug` and `Clone`, but these are intentionally ignored during dead code analysis

error: variant `Cancelled` is never constructed
  --> app/src/code_review/telemetry_event.rs:70:5
   |
60 | pub enum GitDialogStatus {
   |          --------------- variant in this enum
...
70 |     Cancelled,
   |     ^^^^^^^^^
   |
   = note: `GitDialogStatus` has derived impls for the traits `Debug` and `Clone`, but these are intentionally ignored during dead code analysis

error: variants `SelectedText` and `Gutter` are never constructed
   --> app/src/code_review/telemetry_event.rs:124:5
    |
121 | pub enum AddToContextOrigin {
    |          ------------------ variants in this enum
...
124 |     SelectedText,
    |     ^^^^^^^^^^^^
...
127 |     Gutter,
    |     ^^^^^^
    |
    = note: `AddToContextOrigin` has derived impls for the traits `Debug` and `Clone`, but these are intentionally ignored during dead code analysis

error: variants `Pty`, `AgentInput`, `AgentAttachment`, `ActiveCommandBuffer`, `AgentReview`, and `RichInput` are never constructed
   --> app/src/code_review/telemetry_event.rs:139:5
    |
136 | pub enum CodeReviewContextDestination {
    |          ---------------------------- variants in this enum
...
139 |     Pty,
    |     ^^^
...
142 |     AgentInput,
    |     ^^^^^^^^^^
...
145 |     AgentAttachment,
    |     ^^^^^^^^^^^^^^^
...
148 |     ActiveCommandBuffer,
    |     ^^^^^^^^^^^^^^^^^^^
...
151 |     AgentReview,
    |     ^^^^^^^^^^^
...
154 |     RichInput,
    |     ^^^^^^^^^
    |
    = note: `CodeReviewContextDestination` has derived impls for the traits `Debug` and `Clone`, but these are intentionally ignored during dead code analysis

error: variants `All` and `File` are never constructed
   --> app/src/code_review/telemetry_event.rs:163:5
    |
160 | pub enum DiffSetContextScope {
    |          ------------------- variants in this enum
...
163 |     All,
    |     ^^^
...
166 |     File,
    |     ^^^^
    |
    = note: `DiffSetContextScope` has derived impls for the traits `Debug` and `Clone`, but these are intentionally ignored during dead code analysis

error: multiple variants are never constructed
   --> app/src/code_review/telemetry_event.rs:186:5
    |
184 | pub enum CodeReviewTelemetryEvent {
    |          ------------------------ variants in this enum
185 |     /// Emitted when the code review pane is opened.
186 |     PaneOpened {
    |     ^^^^^^^^^^
...
194 |     AddToContext {
    |     ^^^^^^^^^^^^
...
201 |     RevertHunkClicked { is_local: Option<bool> },
    |     ^^^^^^^^^^^^^^^^^
202 |     /// Emitted when a file is saved in the code review pane.
203 |     FileSaved { is_local: Option<bool> },
    |     ^^^^^^^^^
204 |     /// Emitted when the code review pane is minimized or maximized.
205 |     PaneStateChanged {
    |     ^^^^^^^^^^^^^^^^
...
210 |     BaseChanged {
    |     ^^^^^^^^^^^
...
216 |     LoadMetadataFailed {
    |     ^^^^^^^^^^^^^^^^^^
...
224 |     LoadDiffFailed {
    |     ^^^^^^^^^^^^^^
...
235 |     DiffLoadCompleted {
    |     ^^^^^^^^^^^^^^^^^
...
248 |     FindBarToggled {
    |     ^^^^^^^^^^^^^^
...
254 |     FindBarModeChanged {
    |     ^^^^^^^^^^^^^^^^^^
...
262 |     FindNavigated {
    |     ^^^^^^^^^^^^^
...
268 |     CommentEditorOpened { is_local: Option<bool> },
    |     ^^^^^^^^^^^^^^^^^^^
269 |     /// Emitted when a new comment is added to the inline review.
270 |     CommentAdded { is_local: Option<bool> },
    |     ^^^^^^^^^^^^
271 |     /// Emitted when an existing comment is edited.
272 |     CommentEdited { is_local: Option<bool> },
    |     ^^^^^^^^^^^^^
273 |     /// Emitted when a comment is deleted from the inline review.
274 |     CommentDeleted {
    |     ^^^^^^^^^^^^^^
...
279 |     CommentListExpanded {
    |     ^^^^^^^^^^^^^^^^^^^
...
285 |     ReviewSubmitted {
    |     ^^^^^^^^^^^^^^^
...
295 |     CommentListItemClicked { is_local: Option<bool> },
    |     ^^^^^^^^^^^^^^^^^^^^^^
296 |     /// Emitted when one or more comments fail to be precisely relocated after code changes.
297 |     CommentRelocationFailed {
    |     ^^^^^^^^^^^^^^^^^^^^^^^
...
303 |     CommentResolved {
    |     ^^^^^^^^^^^^^^^
...
308 |     CommentsReceived {
    |     ^^^^^^^^^^^^^^^^
...
318 |     CommentsAttached {
    |     ^^^^^^^^^^^^^^^^
...
327 |     GitButtonTriggered {
    |     ^^^^^^^^^^^^^^^^^^
...
333 |     GitDialogCompleted {
    |     ^^^^^^^^^^^^^^^^^^
    |
    = note: `CodeReviewTelemetryEvent` has a derived impl for the trait `Debug`, but this is intentionally ignored during dead code analysis

error: method `render_header_dropdown_button` is never used
   --> app/src/code_review/code_review_header/mod.rs:387:8
    |
 47 | impl CodeReviewHeader {
    | --------------------- method in this implementation
...
387 |     fn render_header_dropdown_button(
    |        ^^^^^^^^^^^^^^^^^^^^^^^^^^^^^

error: methods `toggle_collapsed` and `is_collapsed` are never used
   --> app/src/code_review/comment_rendering.rs:344:19
    |
298 | impl CommentViewCard {
    | -------------------- methods in this implementation
...
344 |     pub(crate) fn toggle_collapsed(&mut self) {
    |                   ^^^^^^^^^^^^^^^^
...
348 |     pub(crate) fn is_collapsed(&self) -> bool {
    |                   ^^^^^^^^^^^^

error: methods `upsert_imported_comments` and `add_pending_imported_comments` are never used
   --> app/src/code_review/comments/batch.rs:118:19
    |
 31 | impl ReviewCommentBatch {
    | ----------------------- methods in this implementation
...
118 |     pub(crate) fn upsert_imported_comments(
    |                   ^^^^^^^^^^^^^^^^^^^^^^^^
...
185 |     pub(crate) fn add_pending_imported_comments(
    |                   ^^^^^^^^^^^^^^^^^^^^^^^^^^^^^

error: variants `Line`, `File`, and `General` are never constructed
  --> app/src/code_review/comments/pending_imported.rs:83:5
   |
81 | pub(crate) enum PendingImportedReviewCommentTarget {
   |                 ---------------------------------- variants in this enum
82 |     /// A comment attached to a specific diff line in a file.
83 |     Line {
   |     ^^^^
...
92 |     File {
   |     ^^^^
...
97 |     General,
   |     ^^^^^^^
   |
   = note: `PendingImportedReviewCommentTarget` has derived impls for the traits `Debug` and `Clone`, but these are intentionally ignored during dead code analysis

error: method `file_path` is never used
   --> app/src/code_review/comments/pending_imported.rs:101:19
    |
100 | impl PendingImportedReviewCommentTarget {
    | --------------------------------------- method in this implementation
101 |     pub(crate) fn file_path(&self) -> Option<&PathBuf> {
    |                   ^^^^^^^^^

error: variants `PendingRemoteSession` and `Disabled` are never constructed
  --> app/src/coding_panel_enablement_state.rs:8:5
   |
 2 | pub(crate) enum CodingPanelEnablementState {
   |                 -------------------------- variants in this enum
...
 8 |     PendingRemoteSession,
   |     ^^^^^^^^^^^^^^^^^^^^
...
20 |     Disabled,
   |     ^^^^^^^^
   |
   = note: `CodingPanelEnablementState` has derived impls for the traits `Debug` and `Clone`, but these are intentionally ignored during dead code analysis

error: associated function `from_session_env` is never used
  --> app/src/coding_panel_enablement_state.rs:24:19
   |
23 | impl CodingPanelEnablementState {
   | ------------------------------- associated function in this implementation
24 |     pub(crate) fn from_session_env(
   |                   ^^^^^^^^^^^^^^^^

error: method `refresh_directory_entries` is never used
  --> app/src/completer/mod.rs:59:25
   |
57 | impl SessionContext {
   | ------------------- method in this implementation
58 |     /// Lists `directory` fresh from disk and caches the results.
59 |     pub(crate) async fn refresh_directory_entries(
   |                         ^^^^^^^^^^^^^^^^^^^^^^^^^

error: struct `SessionAgnosticContext` is never constructed
   --> app/src/completer/mod.rs:374:12
    |
374 | pub struct SessionAgnosticContext {
    |            ^^^^^^^^^^^^^^^^^^^^^^

error: associated function `new` is never used
   --> app/src/completer/mod.rs:379:12
    |
378 | impl SessionAgnosticContext {
    | --------------------------- associated function in this implementation
379 |     pub fn new(command_registry: Arc<CommandRegistry>) -> Self {
    |            ^^^

error: struct `EmptyCompletionContext` is never constructed
   --> app/src/completer/mod.rs:413:12
    |
413 | pub struct EmptyCompletionContext;
    |            ^^^^^^^^^^^^^^^^^^^^^^

error: associated function `new` is never used
   --> app/src/completer/mod.rs:415:12
    |
414 | impl EmptyCompletionContext {
    | --------------------------- associated function in this implementation
415 |     pub fn new() -> Self {
    |            ^^^

error: trait `EnvVarExt` is never used
  --> app/src/env_vars/mod.rs:10:11
   |
10 | pub trait EnvVarExt {
   |           ^^^^^^^^^

error: trait `EnvVarCollectionExt` is never used
  --> app/src/env_vars/mod.rs:27:11
   |
27 | pub trait EnvVarCollectionExt {
   |           ^^^^^^^^^^^^^^^^^^^

error: struct `EnvVar` is never constructed
 --> app/src/env_vars/model.rs:4:12
  |
4 | pub struct EnvVar {
  |            ^^^^^^

error: struct `EnvVarCollection` is never constructed
  --> app/src/env_vars/model.rs:30:12
   |
30 | pub struct EnvVarCollection {
   |            ^^^^^^^^^^^^^^^^

error: field `classifier` is never read
  --> app/src/input_classifier.rs:13:9
   |
12 | pub struct InputClassifierModel {
   |            -------------------- field in this struct
13 |     pub classifier: Arc<dyn InputClassifier>,
   |         ^^^^^^^^^^

error: method `classifier` is never used
  --> app/src/input_classifier.rs:62:12
   |
16 | impl InputClassifierModel {
   | ------------------------- method in this implementation
...
62 |     pub fn classifier(&self) -> Arc<dyn InputClassifier> {
   |            ^^^^^^^^^^

error: method `all` is never used
  --> app/src/local_objects/notebook_store.rs:54:12
   |
16 | impl NotebookStore {
   | ------------------ method in this implementation
...
54 |     pub fn all(&self) -> impl Iterator<Item = &Notebook> {
   |            ^^^

error: variant `Above` is never constructed
   --> app/src/menu.rs:162:5
    |
159 | pub(crate) enum MenuTooltipPosition {
    |                 ------------------- variant in this enum
...
162 |     Above,
    |     ^^^^^
    |
    = note: `MenuTooltipPosition` has derived impls for the traits `Debug` and `Clone`, but these are intentionally ignored during dead code analysis

error: method `with_tooltip_position` is never used
   --> app/src/menu.rs:878:19
    |
489 | impl<A: Action + Clone> MenuItemFields<A> {
    | ----------------------------------------- method in this implementation
...
878 |     pub(crate) fn with_tooltip_position(mut self, position: MenuTooltipPosition) -> Self {
    |                   ^^^^^^^^^^^^^^^^^^^^^

error: enum `ModalState` is never used
  --> app/src/modal.rs:47:10
   |
47 | pub enum ModalState {
   |          ^^^^^^^^^^

error: struct `ModalViewState` is never constructed
  --> app/src/modal.rs:57:12
   |
57 | pub struct ModalViewState<T> {
   |            ^^^^^^^^^^^^^^

error: associated items `new`, `is_open`, `open`, `close`, and `render` are never used
  --> app/src/modal.rs:63:12
   |
62 | impl<T: View> ModalViewState<T> {
   | ------------------------------- associated items in this implementation
63 |     pub fn new(view: ViewHandle<T>) -> Self {
   |            ^^^
...
70 |     pub fn is_open(&self) -> bool {
   |            ^^^^^^^
...
74 |     pub fn open(&mut self) {
   |            ^^^^
...
78 |     pub fn close(&mut self) {
   |            ^^^^^
...
82 |     pub fn render(&self) -> Box<dyn Element> {
   |            ^^^^^^

error: function `init` is never used
   --> app/src/modal.rs:101:8
    |
101 | pub fn init(app: &mut AppContext) {
    |        ^^^^

error: methods `with_max_height_percentage`, `with_dismiss_keystroke`, `set_title`, `set_header_icon`, `set_header_icon_color`, and `set_offset_positioning` are never used
   --> app/src/modal.rs:208:12
    |
118 | impl<T: View> Modal<T> {
    | ---------------------- methods in this implementation
...
208 |     pub fn with_max_height_percentage(mut self, percentage: f32) -> Self {
    |            ^^^^^^^^^^^^^^^^^^^^^^^^^^
...
214 |     pub fn with_dismiss_keystroke(mut self, keystroke: Keystroke) -> Self {
    |            ^^^^^^^^^^^^^^^^^^^^^^
...
219 |     pub fn set_title(&mut self, title: Option<String>) {
    |            ^^^^^^^^^
...
223 |     pub fn set_header_icon(&mut self, icon: Option<icons::Icon>) {
    |            ^^^^^^^^^^^^^^^
...
227 |     pub fn set_header_icon_color(&mut self, color: Option<Fill>) {
    |            ^^^^^^^^^^^^^^^^^^^^^
...
231 |     pub fn set_offset_positioning(&mut self, offset_positioning: OffsetPositioning) {
    |            ^^^^^^^^^^^^^^^^^^^^^^

error: methods `status`, `is_online`, and `wait_until_online` are never used
  --> app/src/network.rs:40:12
   |
31 | impl NetworkStatus {
   | ------------------ methods in this implementation
...
40 |     pub fn status(&self) -> NetworkStatusKind {
   |            ^^^^^^
...
45 |     pub fn is_online(&self) -> bool {
   |            ^^^^^^^^^
...
79 |     pub fn wait_until_online(&self) -> impl Future<Output = ()> + use<> {
   |            ^^^^^^^^^^^^^^^^^

error: field `new_status` is never read
  --> app/src/network.rs:97:28
   |
97 |     NetworkStatusChanged { new_status: NetworkStatusKind },
   |     --------------------   ^^^^^^^^^^
   |     |
   |     field in this variant

error: variants `Rendered` and `Raw` are never constructed
  --> app/src/notebooks/mod.rs:11:5
   |
10 | pub enum MarkdownDisplayMode {
   |          ------------------- variants in this enum
11 |     Rendered,
   |     ^^^^^^^^
12 |     Raw,
   |     ^^^
   |
   = note: `MarkdownDisplayMode` has derived impls for the traits `Clone` and `Debug`, but these are intentionally ignored during dead code analysis

error: method `find_pane` is never used
  --> app/src/notebooks/manager.rs:27:12
   |
20 | impl NotebookManager {
   | -------------------- method in this implementation
...
27 |     pub fn find_pane(&self, source: &NotebookSource) -> Option<(WindowId, PaneViewLocator)> {
   |            ^^^^^^^^^

error: fields `window_id` and `locator` are never read
   --> app/src/notebooks/manager.rs:98:5
    |
 97 | struct NotebookPaneData {
    |        ---------------- fields in this struct
 98 |     window_id: WindowId,
    |     ^^^^^^^^^
 99 |     handle: WeakViewHandle<NotebookView>,
100 |     locator: PaneViewLocator,
    |     ^^^^^^^

error: function `init` is never used
  --> app/src/notebooks/notebook.rs:15:8
   |
15 | pub fn init(_app: &mut AppContext) {}
   |        ^^^^

error: function `current_scope` is never used
  --> app/src/persistence/mod.rs:73:8
   |
73 | pub fn current_scope() -> PersistenceScope {
   |        ^^^^^^^^^^^^^

error: variant `CodebaseIndicesOnly` is never constructed
  --> app/src/persistence/mod.rs:95:5
   |
86 | pub enum PersistedDataScope {
   |          ------------------ variant in this enum
...
95 |     CodebaseIndicesOnly,
   |     ^^^^^^^^^^^^^^^^^^^
   |
   = note: `PersistedDataScope` has derived impls for the traits `Clone` and `Debug`, but these are intentionally ignored during dead code analysis

error: methods `session_restoration`, `user_profiles`, and `gui_only_data` are never used
   --> app/src/persistence/mod.rs:100:8
    |
 98 | impl PersistedDataScope {
    | ----------------------- methods in this implementation
 99 |     /// Window/tab/pane snapshots and restored blocks.
100 |     fn session_restoration(self) -> bool {
    |        ^^^^^^^^^^^^^^^^^^^
...
113 |     fn user_profiles(self) -> bool {
    |        ^^^^^^^^^^^^^
...
118 |     fn gui_only_data(self) -> bool {
    |        ^^^^^^^^^^^^^

error: type alias `PersistedBlocks` is never used
  --> app/src/persistence/block_list.rs:16:6
   |
16 | type PersistedBlocks = HashMap<PaneUuid, Vec<SerializedBlockListItem>>;
   |      ^^^^^^^^^^^^^^^

error: function `get_all_restored_blocks` is never used
  --> app/src/persistence/block_list.rs:19:15
   |
19 | pub(super) fn get_all_restored_blocks(
   |               ^^^^^^^^^^^^^^^^^^^^^^^

error: function `establish_ro_connection` is never used
  --> app/src/persistence/sqlite.rs:74:8
   |
74 | pub fn establish_ro_connection(database_url: &str) -> Result<SqliteConnection> {
   |        ^^^^^^^^^^^^^^^^^^^^^^^

error: function `database_file_path_for_current_scope` is never used
   --> app/src/persistence/sqlite.rs:156:8
    |
156 | pub fn database_file_path_for_current_scope() -> PathBuf {
    |        ^^^^^^^^^^^^^^^^^^^^^^^^^^^^^^^^^^^^

error: function `get_next_command` is never used
  --> app/src/persistence/commands.rs:10:8
   |
10 | pub fn get_next_command(
   |        ^^^^^^^^^^^^^^^^

error: function `get_previous_commands` is never used
  --> app/src/persistence/commands.rs:27:8
   |
27 | pub fn get_previous_commands(
   |        ^^^^^^^^^^^^^^^^^^^^^

error: function `get_same_commands_from_history` is never used
  --> app/src/persistence/commands.rs:45:8
   |
45 | pub fn get_same_commands_from_history(
   |        ^^^^^^^^^^^^^^^^^^^^^^^^^^^^^^

error: function `longest_common_prefix` is never used
 --> app/src/prefix.rs:5:8
  |
5 | pub fn longest_common_prefix<'a>(strings: impl IntoIterator<Item = &'a str>) -> Option<&'a str> {
  |        ^^^^^^^^^^^^^^^^^^^^^

error: function `dump_heap_profile_to_disk` is never used
  --> app/src/profiling.rs:65:14
   |
65 | pub async fn dump_heap_profile_to_disk() -> anyhow::Result<std::path::PathBuf> {
   |              ^^^^^^^^^^^^^^^^^^^^^^^^^

error: variant `Added` is never constructed
  --> app/src/projects.rs:14:5
   |
13 | pub enum ProjectEvent {
   |          ------------ variant in this enum
14 |     Added {
   |     ^^^^^
   |
   = note: `ProjectEvent` has a derived impl for the trait `Debug`, but this is intentionally ignored during dead code analysis

error: fields `projects` and `model_event_sender` are never read
  --> app/src/projects.rs:25:5
   |
24 | pub struct ProjectManagementModel {
   |            ---------------------- fields in this struct
25 |     projects: HashMap<PathBuf, Project>,
   |     ^^^^^^^^
26 |     model_event_sender: Option<SyncSender<ModelEvent>>,
   |     ^^^^^^^^^^^^^^^^^^

error: methods `upsert_project`, `all_projects`, and `save_project` are never used
  --> app/src/projects.rs:56:12
   |
35 | impl ProjectManagementModel {
   | --------------------------- methods in this implementation
...
56 |     pub fn upsert_project(&mut self, path: PathBuf, ctx: &mut ModelContext<Self>) {
   |            ^^^^^^^^^^^^^^
...
77 |     pub fn all_projects(&self) -> impl Iterator<Item = &Project> {
   |            ^^^^^^^^^^^^
...
82 |     fn save_project(&self, project: Project) {
   |        ^^^^^^^^^^^^

error: variant `Tabs` is never constructed
  --> app/src/quit_warning/mod.rs:31:5
   |
24 | enum QuitScope<'a> {
   |      --------- variant in this enum
...
31 |     Tabs(Vec<WeakViewHandle<PaneGroup>>),
   |     ^^^^
   |
   = note: `QuitScope` has a derived impl for the trait `Clone`, but this is intentionally ignored during dead code analysis

error: field `terminal_sessions` is never read
  --> app/src/quit_warning/mod.rs:53:5
   |
42 | pub struct UnsavedStateSummary<'a> {
   |            ------------------- field in this struct
...
53 |     terminal_sessions: Vec<SessionNavigationData>,
   |     ^^^^^^^^^^^^^^^^^

error: method `close_target` is never used
   --> app/src/quit_warning/mod.rs:245:8
    |
 72 | impl QuitScope<'_> {
    | ------------------ method in this implementation
...
245 |     fn close_target(&self) -> CloseTarget {
    |        ^^^^^^^^^^^^

error: associated function `for_tabs` is never used
   --> app/src/quit_warning/mod.rs:265:12
    |
256 | impl UnsavedStateSummary<'static> {
    | --------------------------------- associated function in this implementation
...
265 |     pub fn for_tabs(tabs: Vec<WeakViewHandle<PaneGroup>>, ctx: &mut AppContext) -> Self {
    |            ^^^^^^^^

error: method `running_sessions` is never used
   --> app/src/quit_warning/mod.rs:361:12
    |
285 | impl<'a> UnsavedStateSummary<'a> {
    | -------------------------------- method in this implementation
...
361 |     pub fn running_sessions(&self) -> RunningSessionSummary<'_> {
    |            ^^^^^^^^^^^^^^^^

error: struct `BootstrappingInfo` is never constructed
 --> app/src/server/telemetry/events.rs:7:12
  |
7 | pub struct BootstrappingInfo {
  |            ^^^^^^^^^^^^^^^^^

error: enum `CloseTarget` is never used
  --> app/src/server/telemetry/events.rs:22:10
   |
22 | pub enum CloseTarget {
   |          ^^^^^^^^^^^

error: enum `FindOption` is never used
  --> app/src/server/telemetry/events.rs:46:10
   |
46 | pub enum FindOption {
   |          ^^^^^^^^^^

error: enum `FileTreeSource` is never used
  --> app/src/server/telemetry/events.rs:66:10
   |
66 | pub enum FileTreeSource {
   |          ^^^^^^^^^^^^^^

error: enum `CodePanelsFileOpenEntrypoint` is never used
  --> app/src/server/telemetry/events.rs:74:10
   |
74 | pub enum CodePanelsFileOpenEntrypoint {
   |          ^^^^^^^^^^^^^^^^^^^^^^^^^^^^

error: enum `UndoCloseItemType` is never used
  --> app/src/server/telemetry/events.rs:86:10
   |
86 | pub enum UndoCloseItemType {
   |          ^^^^^^^^^^^^^^^^^

error: enum `PromptChoice` is never used
  --> app/src/server/telemetry/events.rs:93:10
   |
93 | pub enum PromptChoice {
   |          ^^^^^^^^^^^^

error: enum `ToggleBlockFilterSource` is never used
   --> app/src/server/telemetry/events.rs:100:10
    |
100 | pub enum ToggleBlockFilterSource {
    |          ^^^^^^^^^^^^^^^^^^^^^^^

error: enum `InteractionSource` is never used
   --> app/src/server/telemetry/events.rs:106:10
    |
106 | pub enum InteractionSource {
    |          ^^^^^^^^^^^^^^^^^

error: enum `CodeContextDestination` is never used
   --> app/src/server/telemetry/events.rs:118:10
    |
118 | pub enum CodeContextDestination {
    |          ^^^^^^^^^^^^^^^^^^^^^^

error: enum `InputUXChangeOrigin` is never used
   --> app/src/server/telemetry/events.rs:123:10
    |
123 | pub enum InputUXChangeOrigin {
    |          ^^^^^^^^^^^^^^^^^^^

error: enum `AutoReloadModalAction` is never used
   --> app/src/server/telemetry/events.rs:129:10
    |
129 | pub enum AutoReloadModalAction {
    |          ^^^^^^^^^^^^^^^^^^^^^

error: enum `SharingDialogSource` is never used
   --> app/src/server/telemetry/events.rs:135:10
    |
135 | pub enum SharingDialogSource {
    |          ^^^^^^^^^^^^^^^^^^^

error: enum `WarpDriveSource` is never used
   --> app/src/server/telemetry/events.rs:140:10
    |
140 | pub enum WarpDriveSource {
    |          ^^^^^^^^^^^^^^^

error: enum `AgentModeRewindEntrypoint` is never used
   --> app/src/server/telemetry/events.rs:145:10
    |
145 | pub enum AgentModeRewindEntrypoint {
    |          ^^^^^^^^^^^^^^^^^^^^^^^^^

error: enum `TelemetrySpace` is never used
   --> app/src/server/telemetry/events.rs:150:10
    |
150 | pub enum TelemetrySpace {
    |          ^^^^^^^^^^^^^^

error: struct `NotebookTelemetryMetadata` is never constructed
   --> app/src/server/telemetry/events.rs:155:12
    |
155 | pub struct NotebookTelemetryMetadata;
    |            ^^^^^^^^^^^^^^^^^^^^^^^^^

error: struct `NotebookActionEvent` is never constructed
   --> app/src/server/telemetry/events.rs:158:12
    |
158 | pub struct NotebookActionEvent;
    |            ^^^^^^^^^^^^^^^^^^^

error: function `num_shared_sessions` is never used
   --> app/src/session_management.rs:178:8
    |
178 | pub fn num_shared_sessions(_app: &AppContext) -> usize {
    |        ^^^^^^^^^^^^^^^^^^^

error: field `ignored_suggestions` is never read
  --> app/src/suggestions/ignored_suggestions_model.rs:40:5
   |
39 | pub struct IgnoredSuggestionsModel {
   |            ----------------------- field in this struct
40 |     ignored_suggestions: HashSet<IgnoredSuggestionKey>,
   |     ^^^^^^^^^^^^^^^^^^^

error: methods `add_ignored_suggestion`, `remove_ignored_suggestion`, `is_ignored`, and `get_ignored_suggestions_for_type` are never used
   --> app/src/suggestions/ignored_suggestions_model.rs:58:12
    |
 43 | impl IgnoredSuggestionsModel {
    | ---------------------------- methods in this implementation
...
 58 |     pub fn add_ignored_suggestion(
    |            ^^^^^^^^^^^^^^^^^^^^^^
...
 93 |     pub fn remove_ignored_suggestion(
    |            ^^^^^^^^^^^^^^^^^^^^^^^^^
...
126 |     pub fn is_ignored(&self, suggestion: &str, suggestion_type: SuggestionType) -> bool {
    |            ^^^^^^^^^^
...
135 |     pub fn get_ignored_suggestions_for_type(
    |            ^^^^^^^^^^^^^^^^^^^^^^^^^^^^^^^^

error: variant `SuggestionIgnored` is never constructed
   --> app/src/suggestions/ignored_suggestions_model.rs:149:5
    |
148 | pub enum IgnoredSuggestionsModelEvent {
    |          ---------------------------- variant in this enum
149 |     SuggestionIgnored,
    |     ^^^^^^^^^^^^^^^^^
    |
    = note: `IgnoredSuggestionsModelEvent` has derived impls for the traits `Clone` and `Debug`, but these are intentionally ignored during dead code analysis

error: function `long_os_version` is never used
  --> app/src/system.rs:40:8
   |
40 | pub fn long_os_version(ctx: &warpui::AppContext) -> Option<String> {
   |        ^^^^^^^^^^^^^^^

error: field `long_os_version` is never read
  --> app/src/system/info.rs:57:5
   |
43 | pub struct SystemInfo {
   |            ---------- field in this struct
...
57 |     long_os_version: Option<String>,
   |     ^^^^^^^^^^^^^^^

error: methods `handle_block_created` and `long_os_version` are never used
   --> app/src/system/info.rs:92:12
    |
 60 | impl SystemInfo {
    | --------------- methods in this implementation
...
 92 |     pub fn handle_block_created(&mut self) {
    |            ^^^^^^^^^^^^^^^^^^^^
...
128 |     pub fn long_os_version(&self) -> Option<&str> {
    |            ^^^^^^^^^^^^^^^

error: method `handle_block_created` is never used
   --> app/src/system/info.rs:318:8
    |
307 | impl ResourceUsageReporter {
    | -------------------------- method in this implementation
...
318 |     fn handle_block_created(&mut self) {
    |        ^^^^^^^^^^^^^^^^^^^^

error: fields `num_cpus`, `max_usage`, and `avg_usage` are never read
   --> app/src/system/info.rs:472:5
    |
469 | struct CpuUsageStats {
    |        ------------- fields in this struct
...
472 |     num_cpus: usize,
    |     ^^^^^^^^
...
475 |     max_usage: f32,
    |     ^^^^^^^^^
...
478 |     avg_usage: f32,
    |     ^^^^^^^^^

error: field `total_application_usage_bytes` is never read
   --> app/src/system/info.rs:483:5
    |
482 | struct MemoryUsageStats {
    |        ---------------- field in this struct
483 |     total_application_usage_bytes: usize,
    |     ^^^^^^^^^^^^^^^^^^^^^^^^^^^^^
    |
    = note: `MemoryUsageStats` has a derived impl for the trait `Clone`, but this is intentionally ignored during dead code analysis

error: enum `NewSessionMenuItem` is never used
  --> app/src/tab.rs:34:10
   |
34 | pub enum NewSessionMenuItem {
   |          ^^^^^^^^^^^^^^^^^^

error: enum `WelcomeTipFeature` is never used
  --> app/src/tips/mod.rs:13:10
   |
13 | pub enum WelcomeTipFeature {
   |          ^^^^^^^^^^^^^^^^^

error: constant `WELCOME_TIP_FEATURE_LENGTH` is never used
  --> app/src/tips/mod.rs:22:11
   |
22 | pub const WELCOME_TIP_FEATURE_LENGTH: usize = 6;
   |           ^^^^^^^^^^^^^^^^^^^^^^^^^^

error: methods `editable_binding_name` and `keyboard_shortcut` are never used
  --> app/src/tips/mod.rs:25:12
   |
24 | impl WelcomeTipFeature {
   | ---------------------- methods in this implementation
25 |     pub fn editable_binding_name(&self) -> &'static str {
   |            ^^^^^^^^^^^^^^^^^^^^^
...
36 |     pub fn keyboard_shortcut(&self, ctx: &mut AppContext) -> Option<Keystroke> {
   |            ^^^^^^^^^^^^^^^^^

error: constant `CHECK_MARK_WIDTH` is never used
  --> app/src/tips/tip_view.rs:24:7
   |
24 | const CHECK_MARK_WIDTH: f32 = 20.;
   |       ^^^^^^^^^^^^^^^^

error: constant `TIP_VIEW_WIDTH` is never used
  --> app/src/tips/tip_view.rs:25:7
   |
25 | const TIP_VIEW_WIDTH: f32 = 250.;
   |       ^^^^^^^^^^^^^^

error: constant `CHECK_SVG_PATH` is never used
  --> app/src/tips/tip_view.rs:26:7
   |
26 | const CHECK_SVG_PATH: &str = "bundled/svg/check-skinny.svg";
   |       ^^^^^^^^^^^^^^

error: constant `SKIP_BUTTON_OVERLAY_OPACITY` is never used
  --> app/src/tips/tip_view.rs:28:7
   |
28 | const SKIP_BUTTON_OVERLAY_OPACITY: u8 = 20;
   |       ^^^^^^^^^^^^^^^^^^^^^^^^^^^

error: constant `SCROLLABLE_AREA_HEIGHT` is never used
  --> app/src/tips/tip_view.rs:30:7
   |
30 | const SCROLLABLE_AREA_HEIGHT: f32 = 390.;
   |       ^^^^^^^^^^^^^^^^^^^^^^

error: constant `SKIP_BUTTON_HEIGHT` is never used
  --> app/src/tips/tip_view.rs:31:7
   |
31 | const SKIP_BUTTON_HEIGHT: f32 = 40.;
   |       ^^^^^^^^^^^^^^^^^^

error: constant `MODAL_WIDTH` is never used
  --> app/src/tips/tip_view.rs:32:7
   |
32 | const MODAL_WIDTH: f32 = 250.;
   |       ^^^^^^^^^^^

error: struct `TipItem` is never constructed
  --> app/src/tips/tip_view.rs:35:8
   |
35 | struct TipItem {
   |        ^^^^^^^

error: associated function `new` is never used
  --> app/src/tips/tip_view.rs:44:12
   |
43 | impl TipItem {
   | ------------ associated function in this implementation
44 |     pub fn new(
   |            ^^^

error: struct `TipsView` is never constructed
  --> app/src/tips/tip_view.rs:64:12
   |
64 | pub struct TipsView {
   |            ^^^^^^^^

error: struct `MouseStateHandles` is never constructed
  --> app/src/tips/tip_view.rs:74:8
   |
74 | struct MouseStateHandles {
   |        ^^^^^^^^^^^^^^^^^

error: variants `DismissTips`, `Click`, and `KeyDown` are never constructed
  --> app/src/tips/tip_view.rs:85:5
   |
81 | pub enum TipsAction {
   |          ---------- variants in this enum
...
85 |     DismissTips,
   |     ^^^^^^^^^^^
86 |     /// Action taken to perform the action associated with a tip
87 |     Click { index: usize },
   |     ^^^^^
88 |     /// Keydown on tips view.
89 |     KeyDown { keystroke: Keystroke },
   |     ^^^^^^^
   |
   = note: `TipsAction` has a derived impl for the trait `Debug`, but this is intentionally ignored during dead code analysis

error: enum `TipsEvent` is never used
   --> app/src/tips/tip_view.rs:103:10
    |
103 | pub enum TipsEvent {
    |          ^^^^^^^^^

error: multiple associated items are never used
   --> app/src/tips/tip_view.rs:111:8
    |
110 | impl TipsView {
    | ------------- associated items in this implementation
111 |     fn on_tips_model_changed(
    |        ^^^^^^^^^^^^^^^^^^^^^
...
119 |     pub fn new(
    |            ^^^
...
177 |     pub fn set_action_target(
    |            ^^^^^^^^^^^^^^^^^
...
192 |     fn dispatch_tip_action(&self, action: &dyn Action, ctx: &mut ViewContext<Self>) {
    |        ^^^^^^^^^^^^^^^^^^^
...
205 |     fn render_check_svg(&self) -> Box<dyn Element> {
    |        ^^^^^^^^^^^^^^^^
...
214 |     fn render_tip_item(
    |        ^^^^^^^^^^^^^^^
...
356 |     fn render_body(
    |        ^^^^^^^^^^^
...
438 |     fn render_completed_overlay(&self, appearance: &Appearance) -> Box<dyn Element> {
    |        ^^^^^^^^^^^^^^^^^^^^^^^^

error: enum `ActionTarget` is never used
   --> app/src/tips/tip_view.rs:528:6
    |
528 | enum ActionTarget {
    |      ^^^^^^^^^^^^

error: trait `Breadcrumb` is never used
  --> app/src/ui_components/breadcrumb.rs:13:11
   |
13 | pub trait Breadcrumb: Debug + 'static {
   |           ^^^^^^^^^^

error: struct `BreadcrumbState` is never constructed
  --> app/src/ui_components/breadcrumb.rs:45:12
   |
45 | pub struct BreadcrumbState<T: Breadcrumb> {
   |            ^^^^^^^^^^^^^^^

error: associated function `new` is never used
  --> app/src/ui_components/breadcrumb.rs:51:12
   |
50 | impl<T: Breadcrumb> BreadcrumbState<T> {
   | -------------------------------------- associated function in this implementation
51 |     pub fn new(breadcrumb: T) -> Self {
   |            ^^^

error: function `render_breadcrumb` is never used
  --> app/src/ui_components/breadcrumb.rs:60:4
   |
60 | fn render_breadcrumb<T: Breadcrumb>(
   |    ^^^^^^^^^^^^^^^^^

error: function `render_breadcrumbs` is never used
  --> app/src/ui_components/breadcrumb.rs:95:8
   |
95 | pub fn render_breadcrumbs<T, I>(
   |        ^^^^^^^^^^^^^^^^^^

error: function `combo_inner_button_styles` is never used
  --> app/src/ui_components/buttons.rs:88:4
   |
88 | fn combo_inner_button_styles(warp_theme: &WarpTheme, state: ButtonState) -> UiComponentStyles {
   |    ^^^^^^^^^^^^^^^^^^^^^^^^^

error: function `combo_inner_button` is never used
   --> app/src/ui_components/buttons.rs:117:8
    |
117 | pub fn combo_inner_button(
    |        ^^^^^^^^^^^^^^^^^^

error: function `accent_icon_button` is never used
   --> app/src/ui_components/buttons.rs:211:8
    |
211 | pub fn accent_icon_button(
    |        ^^^^^^^^^^^^^^^^^^

error: function `highlight` is never used
   --> app/src/ui_components/buttons.rs:231:8
    |
231 | pub fn highlight(button: Button, appearance: &Appearance) -> Button {
    |        ^^^^^^^^^

error: method `with_width` is never used
  --> app/src/ui_components/dialog.rs:90:12
   |
48 | impl Dialog {
   | ----------- method in this implementation
...
90 |     pub fn with_width(mut self, width: f32) -> Self {
   |            ^^^^^^^^^^

error: constant `CIRCLE_RATIO` is never used
 --> app/src/ui_components/icon_with_status.rs:6:18
  |
6 | pub(crate) const CIRCLE_RATIO: f32 = 0.76;
  |                  ^^^^^^^^^^^^

error: constant `NEUTRAL_GLYPH_RATIO` is never used
 --> app/src/ui_components/icon_with_status.rs:7:7
  |
7 | const NEUTRAL_GLYPH_RATIO: f32 = 16.0 / 24.0;
  |       ^^^^^^^^^^^^^^^^^^^

error: enum `IconWithStatusVariant` is never used
 --> app/src/ui_components/icon_with_status.rs:9:17
  |
9 | pub(crate) enum IconWithStatusVariant {
  |                 ^^^^^^^^^^^^^^^^^^^^^

error: function `render_icon_with_status` is never used
  --> app/src/ui_components/icon_with_status.rs:19:15
   |
19 | pub(crate) fn render_icon_with_status(
   |               ^^^^^^^^^^^^^^^^^^^^^^^

error: enum `MenuDirection` is never used
  --> app/src/ui_components/menu_button.rs:15:10
   |
15 | pub enum MenuDirection {
   |          ^^^^^^^^^^^^^

error: function `icon_button_with_context_menu` is never used
  --> app/src/ui_components/menu_button.rs:21:8
   |
21 | pub fn icon_button_with_context_menu<F, V: View>(
   |        ^^^^^^^^^^^^^^^^^^^^^^^^^^^^^

error: function `highlight_icon_button_with_context_menu` is never used
  --> app/src/ui_components/menu_button.rs:58:8
   |
58 | pub fn highlight_icon_button_with_context_menu<F, V: View>(
   |        ^^^^^^^^^^^^^^^^^^^^^^^^^^^^^^^^^^^^^^^

error: function `icon_button_with_context_menu_drive` is never used
  --> app/src/ui_components/menu_button.rs:92:8
   |
92 | pub fn icon_button_with_context_menu_drive<F, V: View>(
   |        ^^^^^^^^^^^^^^^^^^^^^^^^^^^^^^^^^^^

error: function `highlight_icon_button_with_context_menu_drive` is never used
   --> app/src/ui_components/menu_button.rs:127:8
    |
127 | pub fn highlight_icon_button_with_context_menu_drive<F, V: View>(
    |        ^^^^^^^^^^^^^^^^^^^^^^^^^^^^^^^^^^^^^^^^^^^^^

error: function `offset_positioning` is never used
   --> app/src/ui_components/menu_button.rs:162:4
    |
162 | fn offset_positioning(menu_direction: MenuDirection) -> OffsetPositioning {
    |    ^^^^^^^^^^^^^^^^^^

error: associated function `default_styles` is never used
  --> app/src/ui_components/red_notification_dot.rs:36:12
   |
14 | impl RedNotificationDot {
   | ----------------------- associated function in this implementation
...
36 |     pub fn default_styles(appearance: &Appearance) -> UiComponentStyles {
   |            ^^^^^^^^^^^^^^

error: struct `SettingsTab` is never constructed
  --> app/src/ui_components/tab_selector.rs:11:12
   |
11 | pub struct SettingsTab {
   |            ^^^^^^^^^^^

error: associated function `new` is never used
  --> app/src/ui_components/tab_selector.rs:17:12
   |
16 | impl SettingsTab {
   | ---------------- associated function in this implementation
17 |     pub fn new(label: impl Into<String>, mouse_state: MouseStateHandle) -> Self {
   |            ^^^

error: function `render_tab_selector` is never used
  --> app/src/ui_components/tab_selector.rs:26:8
   |
26 | pub fn render_tab_selector<F>(
   |        ^^^^^^^^^^^^^^^^^^^

error: variant `Tab` is never constructed
  --> app/src/undo_close/stack.rs:58:5
   |
56 | pub enum ClosedItem {
   |          ---------- variant in this enum
57 |     Window(Box<ClosedWindowData>),
58 |     Tab {
   |     ^^^

error: methods `is_pane_group_tab_in_stack`, `discard_pane_group_parent`, and `handle_tab_closed` are never used
   --> app/src/undo_close/stack.rs:126:12
    |
107 | impl UndoCloseStack {
    | ------------------- methods in this implementation
...
126 |     pub fn is_pane_group_tab_in_stack(&self, pane_group_id: EntityId) -> bool {
    |            ^^^^^^^^^^^^^^^^^^^^^^^^^^
...
133 |     pub fn discard_pane_group_parent(
    |            ^^^^^^^^^^^^^^^^^^^^^^^^^
...
161 |     pub fn handle_tab_closed(
    |            ^^^^^^^^^^^^^^^^^

error: field `0` is never read
  --> app/src/user_config/mod.rs:63:21
   |
63 |     TabConfigErrors(Vec<TabConfigError>),
   |     --------------- ^^^^^^^^^^^^^^^^^^^
   |     |
   |     field in this variant
   |
   = note: `WarpConfigUpdateEvent` has a derived impl for the trait `Clone`, but this is intentionally ignored during dead code analysis
help: consider changing the field to be of unit type to suppress this warning while preserving the field numbering, or remove the field
   |
63 -     TabConfigErrors(Vec<TabConfigError>),
63 +     TabConfigErrors(()),
   |

error: field `0` is never read
  --> app/src/user_config/mod.rs:69:20
   |
69 |     SettingsErrors(crate::settings::SettingsFileError),
   |     -------------- ^^^^^^^^^^^^^^^^^^^^^^^^^^^^^^^^^^
   |     |
   |     field in this variant
   |
   = note: `WarpConfigUpdateEvent` has a derived impl for the trait `Clone`, but this is intentionally ignored during dead code analysis
help: consider changing the field to be of unit type to suppress this warning while preserving the field numbering, or remove the field
   |
69 -     SettingsErrors(crate::settings::SettingsFileError),
69 +     SettingsErrors(()),
   |

error: methods `tab_configs`, `append_launch_config`, and `remove_tab_config_by_path` are never used
   --> app/src/user_config/mod.rs:109:12
    |
 96 | impl WarpConfig {
    | --------------- methods in this implementation
...
109 |     pub fn tab_configs(&self) -> &Vec<TabConfig> {
    |            ^^^^^^^^^^^
...
129 |     pub fn append_launch_config(
    |            ^^^^^^^^^^^^^^^^^^^^
...
163 |     pub fn remove_tab_config_by_path(&mut self, path: &Path, ctx: &mut ModelContext<Self>) {
    |            ^^^^^^^^^^^^^^^^^^^^^^^^^

error: function `ensure_default_worktree_config` is never used
   --> app/src/user_config/mod.rs:227:15
    |
227 | pub(crate) fn ensure_default_worktree_config() -> PathBuf {
    |               ^^^^^^^^^^^^^^^^^^^^^^^^^^^^^^

error: function `materialize_default_worktree_config` is never used
   --> app/src/user_config/mod.rs:249:15
    |
249 | pub(crate) fn materialize_default_worktree_config(
    |               ^^^^^^^^^^^^^^^^^^^^^^^^^^^^^^^^^^^

error: function `replace_default_worktree_placeholders` is never used
   --> app/src/user_config/mod.rs:290:4
    |
290 | fn replace_default_worktree_placeholders(
    |    ^^^^^^^^^^^^^^^^^^^^^^^^^^^^^^^^^^^^^

error: function `find_unused_tab_config_path` is never used
   --> app/src/user_config/mod.rs:327:15
    |
327 | pub(crate) fn find_unused_tab_config_path(dir: &Path) -> PathBuf {
    |               ^^^^^^^^^^^^^^^^^^^^^^^^^^^

error: function `sanitize_toml_base_name` is never used
   --> app/src/user_config/mod.rs:356:15
    |
356 | pub(crate) fn sanitize_toml_base_name(base_name: &str) -> String {
    |               ^^^^^^^^^^^^^^^^^^^^^^^

error: function `find_unused_worktree_config_path` is never used
   --> app/src/user_config/mod.rs:384:15
    |
384 | pub(crate) fn find_unused_worktree_config_path(dir: &Path, branch_name: &str) -> PathBuf {
    |               ^^^^^^^^^^^^^^^^^^^^^^^^^^^^^^^^

error: enum `DetectedLinkType` is never used
  --> app/src/util/link_detection.rs:20:17
   |
20 | pub(crate) enum DetectedLinkType {
   |                 ^^^^^^^^^^^^^^^^

error: type alias `SeparatorByteRange` is never used
  --> app/src/util/link_detection.rs:29:6
   |
29 | type SeparatorByteRange = Range<ByteOffset>;
   |      ^^^^^^^^^^^^^^^^^^

error: constant `MAX_WORD_LEN_FOR_FILE_PATH` is never used
  --> app/src/util/link_detection.rs:31:7
   |
31 | const MAX_WORD_LEN_FOR_FILE_PATH: usize = 96 * 1024;
   |       ^^^^^^^^^^^^^^^^^^^^^^^^^^

error: constant `MAX_SEPARATORS_PER_WORD` is never used
  --> app/src/util/link_detection.rs:32:7
   |
32 | const MAX_SEPARATORS_PER_WORD: usize = 256;
   |       ^^^^^^^^^^^^^^^^^^^^^^^

error: function `detect_urls` is never used
  --> app/src/util/link_detection.rs:35:4
   |
35 | fn detect_urls(text: &str) -> Vec<Range<usize>> {
   |    ^^^^^^^^^^^

error: function `addr_of` is never used
  --> app/src/util/link_detection.rs:89:4
   |
89 | fn addr_of(s: &str) -> usize {
   |    ^^^^^^^

error: function `separator_byte_ranges_for_file_path_search` is never used
  --> app/src/util/link_detection.rs:96:4
   |
96 | fn separator_byte_ranges_for_file_path_search(word: &str) -> Vec<SeparatorByteRange> {
   |    ^^^^^^^^^^^^^^^^^^^^^^^^^^^^^^^^^^^^^^^^^^

error: function `possible_file_paths_in_word` is never used
   --> app/src/util/link_detection.rs:137:4
    |
137 | fn possible_file_paths_in_word(word: &str) -> impl Iterator<Item = &str> {
    |    ^^^^^^^^^^^^^^^^^^^^^^^^^^^

error: function `compute_valid_file_path` is never used
   --> app/src/util/link_detection.rs:158:4
    |
158 | fn compute_valid_file_path(
    |    ^^^^^^^^^^^^^^^^^^^^^^^

error: function `get_files_and_folders_in_directory` is never used
   --> app/src/util/link_detection.rs:197:4
    |
197 | fn get_files_and_folders_in_directory(directory: &Path) -> HashSet<PathBuf> {
    |    ^^^^^^^^^^^^^^^^^^^^^^^^^^^^^^^^^^

error: function `detect_file_paths` is never used
   --> app/src/util/link_detection.rs:213:15
    |
213 | pub(crate) fn detect_file_paths(
    |               ^^^^^^^^^^^^^^^^^

error: function `parse_line_range` is never used
   --> app/src/util/link_detection.rs:330:4
    |
330 | fn parse_line_range(
    |    ^^^^^^^^^^^^^^^^

error: function `detect_line_ranges_after_file_path` is never used
   --> app/src/util/link_detection.rs:361:4
    |
361 | fn detect_line_ranges_after_file_path(
    |    ^^^^^^^^^^^^^^^^^^^^^^^^^^^^^^^^^^

error: method `are_traffic_lights_hovered` is never used
   --> app/src/util/traffic_lights.rs:115:12
    |
113 | impl TrafficLightMouseStates {
    | ---------------------------- method in this implementation
114 |     /// True if any of the traffic light buttons are hovered.
115 |     pub fn are_traffic_lights_hovered(&self) -> bool {
    |            ^^^^^^^^^^^^^^^^^^^^^^^^^^

error: method `render` is never used
   --> app/src/util/traffic_lights.rs:453:12
    |
138 | impl TrafficLightData {
    | --------------------- method in this implementation
...
453 |     pub fn render(
    |            ^^^^^^

error: function `truncate_from_end` is never used
 --> app/src/util/truncation.rs:3:8
  |
3 | pub fn truncate_from_end(text: &str, max_length: usize) -> String {
  |        ^^^^^^^^^^^^^^^^^

error: function `truncate_from_beginning` is never used
  --> app/src/util/truncation.rs:16:8
   |
16 | pub fn truncate_from_beginning(text: &str, max_length: usize) -> String {
   |        ^^^^^^^^^^^^^^^^^^^^^^^

error: struct `DangerSecondaryTheme` is never constructed
    --> app/src/view_components/action_button.rs:1022:12
     |
1022 | pub struct DangerSecondaryTheme;
     |            ^^^^^^^^^^^^^^^^^^^^

error: constant `AGENT_TOAST_WIDTH` is never used
  --> app/src/view_components/agent_toast.rs:26:7
   |
26 | const AGENT_TOAST_WIDTH: f32 = 260.;
   |       ^^^^^^^^^^^^^^^^^

error: constant `AGENT_TOAST_PADDING` is never used
  --> app/src/view_components/agent_toast.rs:27:7
   |
27 | const AGENT_TOAST_PADDING: f32 = 12.;
   |       ^^^^^^^^^^^^^^^^^^^

error: constant `AGENT_TOAST_CORNER_RADIUS` is never used
  --> app/src/view_components/agent_toast.rs:28:7
   |
28 | const AGENT_TOAST_CORNER_RADIUS: f32 = 4.;
   |       ^^^^^^^^^^^^^^^^^^^^^^^^^

error: constant `CLOSE_BUTTON_SIZE` is never used
  --> app/src/view_components/agent_toast.rs:29:7
   |
29 | const CLOSE_BUTTON_SIZE: f32 = 20.;
   |       ^^^^^^^^^^^^^^^^^

error: struct `AgentToastData` is never constructed
  --> app/src/view_components/agent_toast.rs:32:8
   |
32 | struct AgentToastData {
   |        ^^^^^^^^^^^^^^

error: struct `AgentToastStack` is never constructed
  --> app/src/view_components/agent_toast.rs:42:12
   |
42 | pub struct AgentToastStack {
   |            ^^^^^^^^^^^^^^^

error: multiple associated items are never used
   --> app/src/view_components/agent_toast.rs:52:12
    |
 51 | impl AgentToastStack {
    | -------------------- associated items in this implementation
 52 |     pub fn new(timeout: Duration, ctx: &mut ViewContext<Self>) -> Self {
    |            ^^^
...
 81 |     pub fn add_toast(&mut self, toast: AgentToast, ctx: &mut ViewContext<Self>) {
    |            ^^^^^^^^^
...
102 |     pub fn dismiss_toast_by_uuid(&mut self, uuid: &Uuid, ctx: &mut ViewContext<Self>) {
    |            ^^^^^^^^^^^^^^^^^^^^^
...
113 |     pub fn cancel_dismissal_timeout(&mut self, uuid: &Uuid) {
    |            ^^^^^^^^^^^^^^^^^^^^^^^^
...
122 |     pub fn start_dismissal_timeout(&mut self, uuid: Uuid, ctx: &mut ViewContext<Self>) {
    |            ^^^^^^^^^^^^^^^^^^^^^^^
...
141 |     pub fn latest_toast_uuid(&self) -> Option<Uuid> {
    |            ^^^^^^^^^^^^^^^^^
...
145 |     pub fn get_latest_toast_navigation_data(&self) -> Option<(WindowId, usize, EntityId)> {
    |            ^^^^^^^^^^^^^^^^^^^^^^^^^^^^^^^^

error: enum `AgentToastAction` is never used
   --> app/src/view_components/agent_toast.rs:190:10
    |
190 | pub enum AgentToastAction {
    |          ^^^^^^^^^^^^^^^^

error: struct `AgentToast` is never constructed
   --> app/src/view_components/agent_toast.rs:249:12
    |
249 | pub struct AgentToast {
    |            ^^^^^^^^^^

error: multiple associated items are never used
   --> app/src/view_components/agent_toast.rs:261:12
    |
260 | impl AgentToast {
    | --------------- associated items in this implementation
261 |     pub fn new(
    |            ^^^
...
280 |     fn text_color(&self, appearance: &Appearance) -> ColorU {
    |        ^^^^^^^^^^
...
287 |     fn position_id(&self, uuid: Uuid) -> String {
    |        ^^^^^^^^^^^
...
291 |     pub fn render(
    |            ^^^^^^
...
366 |     fn render_container(
    |        ^^^^^^^^^^^^^^^^
...
428 |     fn render_keyboard_shortcut(
    |        ^^^^^^^^^^^^^^^^^^^^^^^^
...
464 |     fn render_close_button(&self, appearance: &Appearance, uuid: Uuid) -> Box<dyn Element> {
    |        ^^^^^^^^^^^^^^^^^^^

error: constant `ALERT_CORNER_RADIUS` is never used
  --> app/src/view_components/alert.rs:13:7
   |
13 | const ALERT_CORNER_RADIUS: f32 = 4.;
   |       ^^^^^^^^^^^^^^^^^^^

error: constant `ALERT_VERTICAL_PADDING` is never used
  --> app/src/view_components/alert.rs:14:7
   |
14 | const ALERT_VERTICAL_PADDING: f32 = 8.;
   |       ^^^^^^^^^^^^^^^^^^^^^^

error: constant `ALERT_HORIZONTAL_PADDING` is never used
  --> app/src/view_components/alert.rs:15:7
   |
15 | const ALERT_HORIZONTAL_PADDING: f32 = 12.;
   |       ^^^^^^^^^^^^^^^^^^^^^^^^

error: constant `ALERT_ICON_RIGHT_MARGIN` is never used
  --> app/src/view_components/alert.rs:16:7
   |
16 | const ALERT_ICON_RIGHT_MARGIN: f32 = 8.;
   |       ^^^^^^^^^^^^^^^^^^^^^^^

error: constant `ALERT_ICON_SIZE` is never used
  --> app/src/view_components/alert.rs:17:7
   |
17 | const ALERT_ICON_SIZE: f32 = 16.;
   |       ^^^^^^^^^^^^^^^

error: constant `DEFAULT_MAIN_AXIS_SIZE` is never used
  --> app/src/view_components/alert.rs:19:7
   |
19 | const DEFAULT_MAIN_AXIS_SIZE: MainAxisSize = MainAxisSize::Min;
   |       ^^^^^^^^^^^^^^^^^^^^^^

error: constant `SUCCESS_ICON_PATH` is never used
  --> app/src/view_components/alert.rs:21:7
   |
21 | const SUCCESS_ICON_PATH: &str = "bundled/svg/check-skinny.svg";
   |       ^^^^^^^^^^^^^^^^^

error: constant `ERROR_ICON_PATH` is never used
  --> app/src/view_components/alert.rs:22:7
   |
22 | const ERROR_ICON_PATH: &str = "bundled/svg/alert-circle.svg";
   |       ^^^^^^^^^^^^^^^

error: variants `Error` and `Warning` are never constructed
  --> app/src/view_components/alert.rs:30:5
   |
26 | pub enum AlertFlavor {
   |          ----------- variants in this enum
...
30 |     Error,
   |     ^^^^^
31 |     Warning,
   |     ^^^^^^^
   |
   = note: `AlertFlavor` has derived impls for the traits `Debug` and `Clone`, but these are intentionally ignored during dead code analysis

error: methods `icon_path`, `text_color`, `bg_color`, and `border_color` are never used
  --> app/src/view_components/alert.rs:35:12
   |
34 | impl AlertFlavor {
   | ---------------- methods in this implementation
35 |     pub fn icon_path(&self) -> Option<&'static str> {
   |            ^^^^^^^^^
...
43 |     pub fn text_color(&self, appearance: &Appearance) -> ColorU {
   |            ^^^^^^^^^^
...
52 |     pub fn bg_color(&self, appearance: &Appearance) -> Fill {
   |            ^^^^^^^^
...
62 |     pub fn border_color(&self, appearance: &Appearance) -> Fill {
   |            ^^^^^^^^^^^^

error: fields `flavor`, `message`, and `main_axis_size` are never read
  --> app/src/view_components/alert.rs:76:9
   |
75 | pub struct AlertConfig {
   |            ----------- fields in this struct
76 |     pub flavor: AlertFlavor,
   |         ^^^^^^
77 |     pub message: String,
   |         ^^^^^^^
78 |     pub main_axis_size: Option<MainAxisSize>,
   |         ^^^^^^^^^^^^^^

error: struct `Alert` is never constructed
  --> app/src/view_components/alert.rs:83:12
   |
83 | pub struct Alert;
   |            ^^^^^

error: associated items `new`, `basic`, `render`, and `render_simple` are never used
   --> app/src/view_components/alert.rs:86:12
    |
 85 | impl Alert {
    | ---------- associated items in this implementation
 86 |     pub fn new() -> Self {
    |            ^^^
...
 92 |     pub fn basic() -> Self {
    |            ^^^^^
...
 96 |     pub fn render(&self, config: AlertConfig, appearance: &Appearance) -> Box<dyn Element> {
    |            ^^^^^^
...
108 |     fn render_simple(&self, config: &AlertConfig, appearance: &Appearance) -> Box<dyn Element> {
    |        ^^^^^^^^^^^^^

error: associated items `error`, `warning`, and `with_main_axis_size` are never used
   --> app/src/view_components/alert.rs:159:12
    |
150 | impl AlertConfig {
    | ---------------- associated items in this implementation
...
159 |     pub fn error(message: String) -> Self {
    |            ^^^^^
...
168 |     pub fn warning(message: String) -> Self {
    |            ^^^^^^^
...
172 |     pub fn with_main_axis_size(mut self, main_axis_size: MainAxisSize) -> Self {
    |            ^^^^^^^^^^^^^^^^^^^

error: enum `CalloutArrowDirection` is never used
  --> app/src/view_components/callout_bubble.rs:17:10
   |
17 | pub enum CalloutArrowDirection {
   |          ^^^^^^^^^^^^^^^^^^^^^

error: enum `CalloutArrowPosition` is never used
  --> app/src/view_components/callout_bubble.rs:24:10
   |
24 | pub enum CalloutArrowPosition {
   |          ^^^^^^^^^^^^^^^^^^^^

error: struct `CalloutBubbleConfig` is never constructed
  --> app/src/view_components/callout_bubble.rs:37:12
   |
37 | pub struct CalloutBubbleConfig {
   |            ^^^^^^^^^^^^^^^^^^^

error: function `callout_background_fill` is never used
  --> app/src/view_components/callout_bubble.rs:72:8
   |
72 | pub fn callout_background_fill(appearance: &Appearance) -> Fill {
   |        ^^^^^^^^^^^^^^^^^^^^^^^

error: function `callout_border_color` is never used
  --> app/src/view_components/callout_bubble.rs:78:8
   |
78 | pub fn callout_border_color(appearance: &Appearance) -> ColorU {
   |        ^^^^^^^^^^^^^^^^^^^^

error: function `render_callout_bubble` is never used
  --> app/src/view_components/callout_bubble.rs:88:8
   |
88 | pub fn render_callout_bubble(
   |        ^^^^^^^^^^^^^^^^^^^^^

error: function `callout_title_color` is never used
   --> app/src/view_components/callout_bubble.rs:180:8
    |
180 | pub fn callout_title_color(appearance: &Appearance) -> ColorU {
    |        ^^^^^^^^^^^^^^^^^^^

error: function `callout_body_color` is never used
   --> app/src/view_components/callout_bubble.rs:186:8
    |
186 | pub fn callout_body_color(appearance: &Appearance) -> ColorU {
    |        ^^^^^^^^^^^^^^^^^^

error: struct `ClickableTextInput` is never constructed
  --> app/src/view_components/clickable_text_input.rs:17:12
   |
17 | pub struct ClickableTextInput {
   |            ^^^^^^^^^^^^^^^^^^

error: associated items `new`, `set_placeholder_text`, `submit_input`, and `handle_editor_event` are never used
  --> app/src/view_components/clickable_text_input.rs:25:12
   |
24 | impl ClickableTextInput {
   | ----------------------- associated items in this implementation
25 |     pub fn new(text: String, ctx: &mut ViewContext<Self>) -> Self {
   |            ^^^
...
46 |     pub fn set_placeholder_text(&mut self, text: impl Into<String>, ctx: &mut ViewContext<Self>) {
   |            ^^^^^^^^^^^^^^^^^^^^
...
52 |     fn submit_input(&mut self, ctx: &mut ViewContext<Self>) {
   |        ^^^^^^^^^^^^
...
63 |     fn handle_editor_event(
   |        ^^^^^^^^^^^^^^^^^^^

error: enum `ClickableTextInputEvent` is never used
   --> app/src/view_components/clickable_text_input.rs:143:10
    |
143 | pub enum ClickableTextInputEvent {
    |          ^^^^^^^^^^^^^^^^^^^^^^^

error: enum `ClickableTextInputAction` is never used
   --> app/src/view_components/clickable_text_input.rs:152:10
    |
152 | pub enum ClickableTextInputAction {
    |          ^^^^^^^^^^^^^^^^^^^^^^^^

error: struct `CompactDropdown` is never constructed
  --> app/src/view_components/compact_dropdown.rs:32:12
   |
32 | pub struct CompactDropdown<A: DropdownItemAction = ()> {
   |            ^^^^^^^^^^^^^^^

error: struct `CompactDropdownItem` is never constructed
  --> app/src/view_components/compact_dropdown.rs:44:12
   |
44 | pub struct CompactDropdownItem<A: DropdownItemAction = ()> {
   |            ^^^^^^^^^^^^^^^^^^^

error: multiple associated items are never used
   --> app/src/view_components/compact_dropdown.rs:58:12
    |
 55 | impl<A: DropdownItemAction> CompactDropdown<A> {
    | ---------------------------------------------- associated items in this implementation
...
 58 |     pub fn new(menu_variant: MenuVariant, ctx: &mut ViewContext<Self>) -> Self {
    |            ^^^
...
 82 |     pub fn set_icon_size(&mut self, icon_size: f32) {
    |            ^^^^^^^^^^^^^
...
 87 |     pub fn set_items(
    |            ^^^^^^^^^
...
 99 |     pub fn set_selected_by_name(
    |            ^^^^^^^^^^^^^^^^^^^^
...
112 |     fn render_sized_icon(&self, appearance: &Appearance, icon: WarpUiIcon) -> Box<dyn Element> {
    |        ^^^^^^^^^^^^^^^^^
...
121 |     fn render_top_bar(&self, app: &AppContext) -> Box<dyn Element> {
    |        ^^^^^^^^^^^^^^
...
174 |     fn top_bar_label(&self) -> String {
    |        ^^^^^^^^^^^^^
...
178 |     fn handle_menu_event(&mut self, event: &MenuEvent, ctx: &mut ViewContext<Self>) {
    |        ^^^^^^^^^^^^^^^^^
...
191 |     fn toggle_expanded(&mut self, ctx: &mut ViewContext<Self>) {
    |        ^^^^^^^^^^^^^^^
...
199 |     fn focus(&mut self, ctx: &mut ViewContext<Self>) {
    |        ^^^^^
...
207 |     fn select_action_and_close(
    |        ^^^^^^^^^^^^^^^^^^^^^^^
...
217 |     fn close(&mut self, ctx: &mut ViewContext<Self>) {
    |        ^^^^^

error: associated items `new`, `with_icon_color`, and `menu_item` are never used
   --> app/src/view_components/compact_dropdown.rs:275:12
    |
274 | impl<A: DropdownItemAction> CompactDropdownItem<A> {
    | -------------------------------------------------- associated items in this implementation
275 |     pub fn new(icon: Icon, display_text: impl Into<String>, action: A) -> Self {
    |            ^^^
...
286 |     pub fn with_icon_color(mut self, color: Fill) -> Self {
    |            ^^^^^^^^^^^^^^^
...
291 |     fn menu_item(self) -> MenuItem<DropdownAction> {
    |        ^^^^^^^^^

error: enum `CompactDropdownEvent` is never used
   --> app/src/view_components/compact_dropdown.rs:303:10
    |
303 | pub enum CompactDropdownEvent {
    |          ^^^^^^^^^^^^^^^^^^^^

error: constant `BUTTON_MARGIN` is never used
  --> app/src/view_components/compactible_action_button.rs:14:7
   |
14 | const BUTTON_MARGIN: f32 = 8.;
   |       ^^^^^^^^^^^^^

error: constant `SMALL_SIZE_SWITCH_THRESHOLD` is never used
  --> app/src/view_components/compactible_action_button.rs:17:11
   |
17 | pub const SMALL_SIZE_SWITCH_THRESHOLD: f32 = 400.0;
   |           ^^^^^^^^^^^^^^^^^^^^^^^^^^^

error: constant `MEDIUM_SIZE_SWITCH_THRESHOLD` is never used
  --> app/src/view_components/compactible_action_button.rs:18:11
   |
18 | pub const MEDIUM_SIZE_SWITCH_THRESHOLD: f32 = 500.0;
   |           ^^^^^^^^^^^^^^^^^^^^^^^^^^^^

error: constant `LARGE_SIZE_SWITCH_THRESHOLD` is never used
  --> app/src/view_components/compactible_action_button.rs:19:11
   |
19 | pub const LARGE_SIZE_SWITCH_THRESHOLD: f32 = 600.0;
   |           ^^^^^^^^^^^^^^^^^^^^^^^^^^^

error: constant `XLARGE_SIZE_SWITCH_THRESHOLD` is never used
  --> app/src/view_components/compactible_action_button.rs:20:11
   |
20 | pub const XLARGE_SIZE_SWITCH_THRESHOLD: f32 = 650.0;
   |           ^^^^^^^^^^^^^^^^^^^^^^^^^^^^

error: trait `RenderCompactibleActionButton` is never used
  --> app/src/view_components/compactible_action_button.rs:30:11
   |
30 | pub trait RenderCompactibleActionButton {
   |           ^^^^^^^^^^^^^^^^^^^^^^^^^^^^^

error: methods `set_label`, `set_keybinding`, `set_disabled`, `set_tooltip`, `compact_button`, and `expanded_button` are never used
   --> app/src/view_components/compactible_action_button.rs:86:12
    |
 35 | impl CompactibleActionButton {
    | ---------------------------- methods in this implementation
...
 86 |     pub fn set_label<T: View>(&mut self, label: String, ctx: &mut ViewContext<T>) {
    |            ^^^^^^^^^
...
 95 |     pub fn set_keybinding<T: View>(
    |            ^^^^^^^^^^^^^^
...
127 |     pub fn set_disabled<T: View>(&mut self, disabled: bool, ctx: &mut ViewContext<T>) {
    |            ^^^^^^^^^^^^
...
139 |     pub fn set_tooltip<T: View>(&mut self, tooltip: Option<String>, ctx: &mut ViewContext<T>) {
    |            ^^^^^^^^^^^
...
150 |     pub fn compact_button(&self) -> &ViewHandle<ActionButton> {
    |            ^^^^^^^^^^^^^^
...
154 |     pub fn expanded_button(&self) -> &ViewHandle<ActionButton> {
    |            ^^^^^^^^^^^^^^^

error: function `render_compact_and_regular_button_rows` is never used
   --> app/src/view_components/compactible_action_button.rs:170:8
    |
170 | pub fn render_compact_and_regular_button_rows(
    |        ^^^^^^^^^^^^^^^^^^^^^^^^^^^^^^^^^^^^^^

error: function `render_button_row` is never used
   --> app/src/view_components/compactible_action_button.rs:208:4
    |
208 | fn render_button_row(buttons: Vec<Box<dyn Element>>) -> Flex {
    |    ^^^^^^^^^^^^^^^^^

error: function `render_expansion_icon` is never used
   --> app/src/view_components/compactible_action_button.rs:225:8
    |
225 | pub fn render_expansion_icon(
    |        ^^^^^^^^^^^^^^^^^^^^^

error: methods `render_button`, `set_keybinding`, `set_disabled`, and `set_tooltip` are never used
   --> app/src/view_components/compactible_split_action_button.rs:85:8
    |
 26 | impl CompactibleSplitActionButton {
    | --------------------------------- methods in this implementation
...
 85 |     fn render_button(&self, is_expanded: bool) -> Box<dyn Element> {
    |        ^^^^^^^^^^^^^
...
101 |     pub fn set_keybinding<T: View>(
    |            ^^^^^^^^^^^^^^
...
110 |     pub fn set_disabled<T: View>(&mut self, disabled: bool, ctx: &mut ViewContext<T>) {
    |            ^^^^^^^^^^^^
...
118 |     pub fn set_tooltip<T: View>(&mut self, tooltip: Option<String>, ctx: &mut ViewContext<T>) {
    |            ^^^^^^^^^^^

error: constant `COPY_FEEDBACK_DURATION` is never used
  --> app/src/view_components/copyable_text_field.rs:20:11
   |
20 | pub const COPY_FEEDBACK_DURATION: Duration = Duration::from_secs(2);
   |           ^^^^^^^^^^^^^^^^^^^^^^

error: struct `CopyableTextFieldConfig` is never constructed
  --> app/src/view_components/copyable_text_field.rs:23:12
   |
23 | pub struct CopyableTextFieldConfig<'a> {
   |            ^^^^^^^^^^^^^^^^^^^^^^^

error: enum `CopyButtonPlacement` is never used
  --> app/src/view_components/copyable_text_field.rs:47:10
   |
47 | pub enum CopyButtonPlacement {
   |          ^^^^^^^^^^^^^^^^^^^

error: multiple associated items are never used
   --> app/src/view_components/copyable_text_field.rs:53:12
    |
 51 | impl<'a> CopyableTextFieldConfig<'a> {
    | ------------------------------------ associated items in this implementation
 52 |     /// Creates a new config with the given text.
 53 |     pub fn new(text: impl Into<String>) -> Self {
    |            ^^^
...
 69 |     pub fn with_font_size(mut self, font_size: f32) -> Self {
    |            ^^^^^^^^^^^^^^
...
 75 |     pub fn with_text_color(mut self, color: ColorU) -> Self {
    |            ^^^^^^^^^^^^^^^
...
 81 |     pub fn with_icon_size(mut self, icon_size: f32) -> Self {
    |            ^^^^^^^^^^^^^^
...
 87 |     pub fn with_wrap_text(mut self, wrap_text: bool) -> Self {
    |            ^^^^^^^^^^^^^^
...
 93 |     pub fn with_mouse_state(mut self, mouse_state: MouseStateHandle) -> Self {
    |            ^^^^^^^^^^^^^^^^
...
 99 |     pub fn with_last_copied_at(mut self, last_copied_at: Option<&'a Instant>) -> Self {
    |            ^^^^^^^^^^^^^^^^^^^
...
104 |     pub fn with_copy_button_placement(mut self, placement: CopyButtonPlacement) -> Self {
    |            ^^^^^^^^^^^^^^^^^^^^^^^^^^
...
110 |     pub fn with_cross_axis_alignment(mut self, alignment: CrossAxisAlignment) -> Self {
    |            ^^^^^^^^^^^^^^^^^^^^^^^^^
...
116 |     pub fn should_show_checkmark(&self) -> bool {
    |            ^^^^^^^^^^^^^^^^^^^^^

error: function `render_copyable_text_field` is never used
   --> app/src/view_components/copyable_text_field.rs:143:8
    |
143 | pub fn render_copyable_text_field<F>(
    |        ^^^^^^^^^^^^^^^^^^^^^^^^^^

error: variant `ActionButtonSecondary` is never constructed
  --> app/src/view_components/dropdown.rs:72:5
   |
63 | pub enum DropdownStyle {
   |          ------------- variant in this enum
...
72 |     ActionButtonSecondary,
   |     ^^^^^^^^^^^^^^^^^^^^^
   |
   = note: `DropdownStyle` has a derived impl for the trait `Clone`, but this is intentionally ignored during dead code analysis

error: field `self_handle` is never read
   --> app/src/view_components/dropdown.rs:114:5
    |
101 | pub struct Dropdown<A: DropdownItemAction = ()> {
    |            -------- field in this struct
...
114 |     self_handle: WeakViewHandle<Self>,
    |     ^^^^^^^^^^^

error: multiple methods are never used
   --> app/src/view_components/dropdown.rs:318:12
    |
267 | / impl<A> Dropdown<A>
268 | | where
269 | |     A: DropdownItemAction,
    | |__________________________- methods in this implementation
...
318 |       pub fn set_render_popup_externally(&mut self, value: bool, ctx: &mut ViewContext<Self>) {
    |              ^^^^^^^^^^^^^^^^^^^^^^^^^^^
...
326 |       pub fn render_menu_as_overlay(&self) -> Option<(Box<dyn Element>, OffsetPositioning)> {
    |              ^^^^^^^^^^^^^^^^^^^^^^
...
350 |       pub fn set_use_overlay_layer(&mut self, use_overlay_layer: bool, ctx: &mut ViewContext<Self>) {
    |              ^^^^^^^^^^^^^^^^^^^^^
...
355 |       pub fn set_background(&mut self, background: Fill, ctx: &mut ViewContext<Self>) {
    |              ^^^^^^^^^^^^^^
...
360 |       pub fn set_border_width(&mut self, border_width: f32, ctx: &mut ViewContext<Self>) {
    |              ^^^^^^^^^^^^^^^^
...
365 |       pub fn set_border_radius(&mut self, border_radius: CornerRadius, ctx: &mut ViewContext<Self>) {
    |              ^^^^^^^^^^^^^^^^^
...
370 |       pub fn with_drop_shadow(mut self) -> Self {
    |              ^^^^^^^^^^^^^^^^
...
375 |       pub fn set_font_color(&mut self, color: ColorU, ctx: &mut ViewContext<Self>) {
    |              ^^^^^^^^^^^^^^
...
380 |       pub fn set_font_size(&mut self, size: f32, ctx: &mut ViewContext<Self>) {
    |              ^^^^^^^^^^^^^
...
385 |       pub fn set_vertical_margin(&mut self, margin: f32, ctx: &mut ViewContext<Self>) {
    |              ^^^^^^^^^^^^^^^^^^^
...
390 |       pub fn set_top_bar_height(&mut self, height: f32, ctx: &mut ViewContext<Self>) {
    |              ^^^^^^^^^^^^^^^^^^
...
395 |       pub fn set_padding(&mut self, padding: Coords, ctx: &mut ViewContext<Self>) {
    |              ^^^^^^^^^^^
...
410 |       pub fn set_main_axis_size(
    |              ^^^^^^^^^^^^^^^^^^
...
419 |       pub fn set_menu_header_text_override<F>(&mut self, formatter: F)
    |              ^^^^^^^^^^^^^^^^^^^^^^^^^^^^^
...
426 |       pub fn set_menu_position(
    |              ^^^^^^^^^^^^^^^^^
...
440 |       pub fn set_match_menu_width_to_top_bar(
    |              ^^^^^^^^^^^^^^^^^^^^^^^^^^^^^^^
...
461 |       pub fn is_focused(&self, ctx: &AppContext) -> bool {
    |              ^^^^^^^^^^
...
489 |       pub fn set_rich_items(
    |              ^^^^^^^^^^^^^^
...
500 |       pub fn set_disabled(&mut self, ctx: &mut ViewContext<Self>) {
    |              ^^^^^^^^^^^^
...
505 |       pub fn set_enabled(&mut self, ctx: &mut ViewContext<Self>) {
    |              ^^^^^^^^^^^
...
548 |       pub fn set_selected_to_none(&mut self, ctx: &mut ViewContext<Self>) {
    |              ^^^^^^^^^^^^^^^^^^^^
...
561 |       pub fn selected_action(&self) -> Option<A>
    |              ^^^^^^^^^^^^^^^
...
587 |       pub fn set_menu_max_height(&mut self, height: f32, ctx: &mut ViewContext<Self>) {
    |              ^^^^^^^^^^^^^^^^^^^

error: enum `NewFeaturePopupLabel` is never used
  --> app/src/view_components/feature_popup.rs:11:10
   |
11 | pub enum NewFeaturePopupLabel {
   |          ^^^^^^^^^^^^^^^^^^^^

error: enum `FeaturePopupBadge` is never used
  --> app/src/view_components/feature_popup.rs:18:10
   |
18 | pub enum FeaturePopupBadge {
   |          ^^^^^^^^^^^^^^^^^

error: struct `FeaturePopup` is never constructed
  --> app/src/view_components/feature_popup.rs:26:12
   |
26 | pub struct FeaturePopup {
   |            ^^^^^^^^^^^^

error: enum `NewFeaturePopupAction` is never used
  --> app/src/view_components/feature_popup.rs:33:10
   |
33 | pub enum NewFeaturePopupAction {
   |          ^^^^^^^^^^^^^^^^^^^^^

error: associated items `new_feature`, `alert_icon`, and `render_badge` are never used
  --> app/src/view_components/feature_popup.rs:38:12
   |
37 | impl FeaturePopup {
   | ----------------- associated items in this implementation
38 |     pub fn new_feature(label: NewFeaturePopupLabel) -> Self {
   |            ^^^^^^^^^^^
...
46 |     pub fn alert_icon(label: NewFeaturePopupLabel) -> Self {
   |            ^^^^^^^^^^
...
54 |     fn render_badge(&self, appearance: &Appearance) -> Box<dyn Element> {
   |        ^^^^^^^^^^^^

error: enum `NewFeaturePopupEvent` is never used
   --> app/src/view_components/feature_popup.rs:168:10
    |
168 | pub enum NewFeaturePopupEvent {
    |          ^^^^^^^^^^^^^^^^^^^^

error: variant `Up` is never constructed
  --> app/src/view_components/filterable_dropdown.rs:40:5
   |
39 | pub enum FilterableDropdownOrientation {
   |          ----------------------------- variant in this enum
40 |     Up,
   |     ^^
   |
   = note: `FilterableDropdownOrientation` has a derived impl for the trait `Debug`, but this is intentionally ignored during dead code analysis

error: multiple methods are never used
   --> app/src/view_components/filterable_dropdown.rs:151:12
    |
 87 | / impl<A> FilterableDropdown<A>
 88 | | where
 89 | |     A: DropdownItemAction,
    | |__________________________- methods in this implementation
...
151 |       pub fn set_use_overlay_layer(&mut self, use_overlay_layer: bool, ctx: &mut ViewContext<Self>) {
    |              ^^^^^^^^^^^^^^^^^^^^^
...
160 |       pub fn set_top_bar_height(&mut self, height: f32, ctx: &mut ViewContext<Self>) {
    |              ^^^^^^^^^^^^^^^^^^
...
168 |       pub fn set_vertical_margin(&mut self, vertical_margin: f32, ctx: &mut ViewContext<Self>) {
    |              ^^^^^^^^^^^^^^^^^^^
...
173 |       pub fn set_menu_header_text_override<F>(&mut self, formatter: F)
    |              ^^^^^^^^^^^^^^^^^^^^^^^^^^^^^
...
184 |       pub fn set_placeholder(&mut self, placeholder: impl Into<String>, ctx: &mut ViewContext<Self>) {
    |              ^^^^^^^^^^^^^^^
...
202 |       pub fn clear_footer(&mut self, ctx: &mut ViewContext<Self>) {
    |              ^^^^^^^^^^^^
...
213 |       pub fn set_main_axis_size(
    |              ^^^^^^^^^^^^^^^^^^
...
226 |       pub fn set_button_variant(&mut self, button_variant: ButtonVariant) {
    |              ^^^^^^^^^^^^^^^^^^
...
230 |       pub fn set_orientation(&mut self, orientation: FilterableDropdownOrientation) {
    |              ^^^^^^^^^^^^^^^
...
268 |       pub fn set_rich_items(
    |              ^^^^^^^^^^^^^^
...
278 |       pub fn len(&self) -> usize {
    |              ^^^
...
351 |       pub fn set_match_menu_width_to_top_bar(
    |              ^^^^^^^^^^^^^^^^^^^^^^^^^^^^^^^

error: constant `REGEX_TOGGLE_LABEL` is never used
  --> app/src/view_components/find.rs:42:11
   |
42 | pub const REGEX_TOGGLE_LABEL: &str = ". *";
   |           ^^^^^^^^^^^^^^^^^^

error: constant `CASE_SENSITIVE_LABEL` is never used
  --> app/src/view_components/find.rs:45:11
   |
45 | pub const CASE_SENSITIVE_LABEL: &str = "Aa";
   |           ^^^^^^^^^^^^^^^^^^^^

error: field `value` is never read
  --> app/src/view_components/find.rs:82:25
   |
82 |     ToggleFindInBlock { value: bool },
   |     -----------------   ^^^^^
   |     |
   |     field in this variant

error: methods `editor` and `is_editor_focused` are never used
   --> app/src/view_components/find.rs:197:12
    |
156 | impl<T: FindModel + Entity<Event = FindEvent> + 'static> Find<T> {
    | ---------------------------------------------------------------- methods in this implementation
...
197 |     pub fn editor(&self) -> &ViewHandle<EditorView> {
    |            ^^^^^^
...
201 |     pub fn is_editor_focused(&self, ctx: &AppContext) -> bool {
    |            ^^^^^^^^^^^^^^^^^

error: variant `ModeSelected` is never constructed
  --> app/src/view_components/markdown_toggle_view.rs:16:5
   |
15 | pub enum MarkdownToggleEvent {
   |          ------------------- variant in this enum
16 |     ModeSelected(MarkdownDisplayMode),
   |     ^^^^^^^^^^^^
   |
   = note: `MarkdownToggleEvent` has derived impls for the traits `Clone` and `Debug`, but these are intentionally ignored during dead code analysis

error: associated items `new` and `set_selected_mode` are never used
  --> app/src/view_components/markdown_toggle_view.rs:24:12
   |
23 | impl MarkdownToggleView {
   | ----------------------- associated items in this implementation
24 |     pub fn new(default_mode: MarkdownDisplayMode, ctx: &mut ViewContext<Self>) -> Self {
   |            ^^^
...
75 |     pub fn set_selected_mode(&mut self, mode: MarkdownDisplayMode, ctx: &mut ViewContext<Self>) {
   |            ^^^^^^^^^^^^^^^^^

error: function `markdown_toggle_styles` is never used
   --> app/src/view_components/markdown_toggle_view.rs:105:4
    |
105 | fn markdown_toggle_styles(app: &AppContext) -> UiComponentStyles {
    |    ^^^^^^^^^^^^^^^^^^^^^^

error: struct `WarningBoxButtonConfig` is never constructed
  --> app/src/view_components/warning_box.rs:17:12
   |
17 | pub struct WarningBoxButtonConfig {
   |            ^^^^^^^^^^^^^^^^^^^^^^

error: associated function `new` is never used
  --> app/src/view_components/warning_box.rs:24:12
   |
23 | impl WarningBoxButtonConfig {
   | --------------------------- associated function in this implementation
24 |     pub fn new(
   |            ^^^

error: enum `WarningBoxTitle` is never used
  --> app/src/view_components/warning_box.rs:36:10
   |
36 | pub enum WarningBoxTitle {
   |          ^^^^^^^^^^^^^^^

error: struct `WarningBoxConfig` is never constructed
  --> app/src/view_components/warning_box.rs:41:12
   |
41 | pub struct WarningBoxConfig {
   |            ^^^^^^^^^^^^^^^^

error: multiple associated items are never used
  --> app/src/view_components/warning_box.rs:56:12
   |
55 | impl WarningBoxConfig {
   | --------------------- associated items in this implementation
56 |     pub fn new(title: impl Into<String>) -> Self {
   |            ^^^
...
60 |     pub fn formatted_title(title: FormattedTextInline) -> Self {
   |            ^^^^^^^^^^^^^^^
...
64 |     fn from_title(title: WarningBoxTitle) -> Self {
   |        ^^^^^^^^^^
...
75 |     pub fn with_description(mut self, description: impl Into<String>) -> Self {
   |            ^^^^^^^^^^^^^^^^
...
80 |     pub fn with_icon(mut self, icon: Icon) -> Self {
   |            ^^^^^^^^^
...
85 |     pub fn with_width(mut self, width: f32) -> Self {
   |            ^^^^^^^^^^
...
90 |     pub fn with_button(mut self, button: WarningBoxButtonConfig) -> Self {
   |            ^^^^^^^^^^^

error: function `render_warning_box` is never used
  --> app/src/view_components/warning_box.rs:95:8
   |
95 | pub fn render_warning_box(config: WarningBoxConfig, appearance: &Appearance) -> Box<dyn Element> {
   |        ^^^^^^^^^^^^^^^^^^

error: variant `Workflows` is never constructed
  --> app/src/voltron.rs:81:5
   |
80 | pub enum VoltronFeatureViewHandle {
   |          ------------------------ variant in this enum
81 |     Workflows(ViewHandle<CategoriesView>),
   |     ^^^^^^^^^
   |
   = note: `VoltronFeatureViewHandle` has a derived impl for the trait `Clone`, but this is intentionally ignored during dead code analysis

error: variants `AiCommands`, `Workflows`, and `History` are never constructed
  --> app/src/voltron.rs:87:5
   |
86 | pub enum VoltronItem {
   |          ----------- variants in this enum
87 |     AiCommands,
   |     ^^^^^^^^^^
88 |     Workflows,
   |     ^^^^^^^^^
89 |     History,
   |     ^^^^^^^
   |
   = note: `VoltronItem` has derived impls for the traits `Debug` and `Clone`, but these are intentionally ignored during dead code analysis

error: method `handle_editor_event` is never used
   --> app/src/voltron.rs:127:8
    |
120 | pub trait VoltronFeatureViewMeta {
    |           ---------------------- method in this trait
...
127 |     fn handle_editor_event(
    |        ^^^^^^^^^^^^^^^^^^^

error: associated function `new` is never used
   --> app/src/voltron.rs:176:12
    |
175 | impl VoltronFeatureView {
    | ----------------------- associated function in this implementation
176 |     pub fn new(name: VoltronItem, feature_view_handle: VoltronFeatureViewHandle) -> Self {
    |            ^^^

error: associated items `new`, `handle_menu_event`, and `handle_editor_event` are never used
   --> app/src/voltron.rs:185:12
    |
184 | impl Voltron {
    | ------------ associated items in this implementation
185 |     pub fn new(features: Vec1<VoltronFeatureView>, ctx: &mut ViewContext<Self>) -> Self {
    |            ^^^
...
235 |     fn handle_menu_event(&mut self, event: &MenuEvent, ctx: &mut ViewContext<Self>) {
    |        ^^^^^^^^^^^^^^^^^
...
246 |     fn handle_editor_event(&mut self, event: &EditorEvent, ctx: &mut ViewContext<Self>) {
    |        ^^^^^^^^^^^^^^^^^^^

error: struct `WordBlockEditorView` is never constructed
  --> app/src/word_block_editor.rs:21:12
   |
21 | pub struct WordBlockEditorView {
   |            ^^^^^^^^^^^^^^^^^^^

error: enum `WordBlockLayout` is never used
  --> app/src/word_block_editor.rs:35:10
   |
35 | pub enum WordBlockLayout {
   |          ^^^^^^^^^^^^^^^

error: struct `WordBlockEditorStyles` is never constructed
  --> app/src/word_block_editor.rs:43:12
   |
43 | pub struct WordBlockEditorStyles {
   |            ^^^^^^^^^^^^^^^^^^^^^

error: struct `WordBlockStyles` is never constructed
  --> app/src/word_block_editor.rs:51:12
   |
51 | pub struct WordBlockStyles {
   |            ^^^^^^^^^^^^^^^

error: struct `Word` is never constructed
  --> app/src/word_block_editor.rs:56:8
   |
56 | struct Word {
   |        ^^^^

error: struct `ChipEditorState` is never constructed
  --> app/src/word_block_editor.rs:61:12
   |
61 | pub struct ChipEditorState {
   |            ^^^^^^^^^^^^^^^

error: multiple associated items are never used
   --> app/src/word_block_editor.rs:71:12
    |
 70 | impl WordBlockEditorView {
    | ------------------------ associated items in this implementation
 71 |     pub fn new(
    |            ^^^
...
111 |     pub fn get_list_of_invalid_words(&self, ctx: &AppContext) -> Vec<String> {
    |            ^^^^^^^^^^^^^^^^^^^^^^^^^
...
127 |     pub fn get_list_of_words(&self, ctx: &AppContext) -> Vec<String> {
    |            ^^^^^^^^^^^^^^^^^
...
141 |     pub fn num_chips(&self) -> usize {
    |            ^^^^^^^^^
...
145 |     pub fn with_validator(
    |            ^^^^^^^^^^^^^^
...
155 |     pub fn with_layout(mut self, layout: WordBlockLayout) -> Self {
    |            ^^^^^^^^^^^
...
162 |     pub fn with_styles(
    |            ^^^^^^^^^^^
...
177 |     pub fn set_propagate_navigation_keys(
    |            ^^^^^^^^^^^^^^^^^^^^^^^^^^^^^
...
187 |     pub fn clear_list_of_words(&mut self, ctx: &mut ViewContext<Self>) {
    |            ^^^^^^^^^^^^^^^^^^^
...
195 |     pub fn add_word(&mut self, word: &String, ctx: &mut ViewContext<Self>) {
    |            ^^^^^^^^
...
204 |     pub fn set_editor_buffer_text(&mut self, word: &str, ctx: &mut ViewContext<Self>) {
    |            ^^^^^^^^^^^^^^^^^^^^^^
...
212 |     pub fn set_interaction_state(&mut self, state: InteractionState, ctx: &mut ViewContext<Self>) {
    |            ^^^^^^^^^^^^^^^^^^^^^
...
219 |     fn delete_word(&mut self, index: usize, ctx: &mut ViewContext<Self>) {
    |        ^^^^^^^^^^^
...
225 |     fn handle_editor_view_event(&mut self, event: &Event, ctx: &mut ViewContext<Self>) {
    |        ^^^^^^^^^^^^^^^^^^^^^^^^

error: enum `WordBlockEditorViewAction` is never used
   --> app/src/word_block_editor.rs:281:10
    |
281 | pub enum WordBlockEditorViewAction {
    |          ^^^^^^^^^^^^^^^^^^^^^^^^^

error: enum `WordBlockEditorViewEvent` is never used
   --> app/src/word_block_editor.rs:295:10
    |
295 | pub enum WordBlockEditorViewEvent {
    |          ^^^^^^^^^^^^^^^^^^^^^^^^

error: associated function `default_styles` is never used
   --> app/src/word_block_editor.rs:444:8
    |
443 | impl WordBlockEditorStyles {
    | -------------------------- associated function in this implementation
444 |     fn default_styles(app: &AppContext) -> WordBlockEditorStyles {
    |        ^^^^^^^^^^^^^^

error: method `render_menu_button_tooltip` is never used
    --> app/src/editor/view/mod.rs:7221:8
     |
2721 | impl EditorView {
     | --------------- method in this implementation
...
7221 |     fn render_menu_button_tooltip(
     |        ^^^^^^^^^^^^^^^^^^^^^^^^^^

error: constant `PNG_SIGNATURE` is never used
 --> app/src/editor/view/figma_utils/is_figma_png.rs:6:7
  |
6 | const PNG_SIGNATURE: &[u8] = b"\x89PNG\r\n\x1a\n";
  |       ^^^^^^^^^^^^^

error: function `is_figma_png` is never used
 --> app/src/editor/view/figma_utils/is_figma_png.rs:8:8
  |
8 | pub fn is_figma_png(bytes: &[u8]) -> bool {
  |        ^^^^^^^^^^^^

error: constant `WARP_SHELL_COMPATIBILITY_DOCS` is never used
   --> app/src/pane_group/mod.rs:180:7
    |
180 | const WARP_SHELL_COMPATIBILITY_DOCS: &str =
    |       ^^^^^^^^^^^^^^^^^^^^^^^^^^^^^

error: methods `close_panes`, `revert_swap_clearing_split_off`, `close_temporary_replacement_pane`, `handle_pane_link_updated`, and `focus_pane_preserving_maximized_state` are never used
    --> app/src/pane_group/mod.rs:1370:8
     |
 761 | impl PaneGroup {
     | -------------- methods in this implementation
...
1370 |     fn close_panes(&mut self, pane_ids: Vec<PaneId>, ctx: &mut ViewContext<Self>) {
     |        ^^^^^^^^^^^
...
2290 |     fn revert_swap_clearing_split_off(
     |        ^^^^^^^^^^^^^^^^^^^^^^^^^^^^^^
...
2369 |     fn close_temporary_replacement_pane(
     |        ^^^^^^^^^^^^^^^^^^^^^^^^^^^^^^^^
...
3593 |     fn handle_pane_link_updated(&self, pane_id: PaneId, url: Option<Url>, ctx: &AppContext) {
     |        ^^^^^^^^^^^^^^^^^^^^^^^^
...
3809 |     fn focus_pane_preserving_maximized_state(
     |        ^^^^^^^^^^^^^^^^^^^^^^^^^^^^^^^^^^^^^

error: associated items `deferred_placeholder_pane_id`, `pane_type`, and `creation_order_id` are never used
   --> app/src/pane_group/pane/mod.rs:255:19
    |
136 | impl PaneId {
    | ----------- associated items in this implementation
...
255 |     pub(super) fn deferred_placeholder_pane_id() -> Self {
    |                   ^^^^^^^^^^^^^^^^^^^^^^^^^^^^
...
280 |     pub(crate) fn pane_type(&self) -> IPaneType {
    |                   ^^^^^^^^^
...
284 |     pub(crate) fn creation_order_id(&self) -> EntityId {
    |                   ^^^^^^^^^^^^^^^^^

error: method `delete_blocks` is never used
  --> app/src/pane_group/pane/terminal_pane.rs:74:34
   |
27 | impl TerminalPane {
   | ----------------- method in this implementation
...
74 |     pub(in crate::pane_group) fn delete_blocks(&self) {
   |                                  ^^^^^^^^^^^^^

error: method `pane_flex_sum_along_axis` is never used
   --> app/src/pane_group/tree.rs:850:34
    |
613 | impl PaneNode {
    | ------------- method in this implementation
...
850 |     pub(in crate::pane_group) fn pane_flex_sum_along_axis(&self, axis: SplitDirection) -> f32 {
    |                                  ^^^^^^^^^^^^^^^^^^^^^^^^

error: methods `insert_code_review_comments` and `upsert_flattened_code_review_comments` are never used
   --> app/src/pane_group/working_directories.rs:885:19
    |
305 | impl WorkingDirectoriesModel {
    | ---------------------------- methods in this implementation
...
885 |     pub(crate) fn insert_code_review_comments(
    |                   ^^^^^^^^^^^^^^^^^^^^^^^^^^^
...
918 |     pub(crate) fn upsert_flattened_code_review_comments(
    |                   ^^^^^^^^^^^^^^^^^^^^^^^^^^^^^^^^^^^^^

error: field `window_id` is never read
   --> app/src/root_view.rs:138:5
    |
136 | pub struct RootView {
    |            -------- field in this struct
137 |     workspace: ViewHandle<Workspace>,
138 |     window_id: WindowId,
    |     ^^^^^^^^^

error: method `insert_subshell_command` is never used
   --> app/src/root_view.rs:242:8
    |
141 | impl RootView {
    | ------------- method in this implementation
...
242 |     fn insert_subshell_command(&mut self, arg: &SubshellCommandArg, ctx: &mut ViewContext<Self>) {
    |        ^^^^^^^^^^^^^^^^^^^^^^^

error: method `active_query_filter` is never used
   --> app/src/search/command_search/view.rs:355:8
    |
114 | impl CommandSearchView {
    | ---------------------- method in this implementation
...
355 |     fn active_query_filter(&self, app: &AppContext) -> Option<QueryFilter> {
    |        ^^^^^^^^^^^^^^^^^^^

error: method `interrupt_block` is never used
   --> app/src/settings/import/view.rs:879:19
    |
120 | impl SettingsImportView {
    | ----------------------- method in this implementation
...
879 |     pub(crate) fn interrupt_block(&mut self, ctx: &mut warpui::ViewContext<Self>) {
    |                   ^^^^^^^^^^^^^^^

error: function `editor_text_colors` is never used
   --> app/src/settings_view/mod.rs:138:15
    |
138 | pub(super) fn editor_text_colors(appearance: &Appearance) -> TextColors {
    |               ^^^^^^^^^^^^^^^^^^

error: function `render_beta_chip` is never used
   --> app/src/settings_view/mod.rs:149:15
    |
149 | pub(super) fn render_beta_chip(appearance: &Appearance) -> Box<dyn Element> {
    |               ^^^^^^^^^^^^^^^^

error: function `render_model_chips` is never used
   --> app/src/settings_view/mod.rs:168:15
    |
168 | pub(super) fn render_model_chips(
    |               ^^^^^^^^^^^^^^^^^^

error: field `local_only_icon_tooltip_states` is never read
   --> app/src/settings_view/appearance_page.rs:522:5
    |
519 | pub struct AppearanceSettingsPageView {
    |            -------------------------- field in this struct
...
522 |     local_only_icon_tooltip_states: RefCell<HashMap<String, MouseStateHandle>>,
    |     ^^^^^^^^^^^^^^^^^^^^^^^^^^^^^^

error: field `local_only_icon_states` is never read
  --> app/src/settings_view/features/external_editor.rs:45:5
   |
38 | pub struct ExternalEditorView {
   |            ------------------ field in this struct
...
45 |     local_only_icon_states: RefCell<HashMap<String, MouseStateHandle>>,
   |     ^^^^^^^^^^^^^^^^^^^^^^

error: variants `SearchForKeybinding` and `FocusModal` are never constructed
  --> app/src/settings_view/features_page.rs:29:5
   |
28 | pub enum FeaturesSettingsPageEvent {
   |          ------------------------- variants in this enum
29 |     SearchForKeybinding(String),
   |     ^^^^^^^^^^^^^^^^^^^
30 |     FocusModal,
   |     ^^^^^^^^^^

error: function `render_group` is never used
   --> app/src/settings_view/features_page.rs:147:15
    |
147 | pub(super) fn render_group(
    |               ^^^^^^^^^^^^

error: field `local_only_icon_mouse_state` is never read
   --> app/src/settings_view/keybindings.rs:962:5
    |
961 | struct KeybindingsWidget {
    |        ----------------- field in this struct
962 |     local_only_icon_mouse_state: MouseStateHandle,
    |     ^^^^^^^^^^^^^^^^^^^^^^^^^^^

error: constant `LABEL_FONT_SIZE` is never used
  --> app/src/settings_view/privacy/add_regex_modal.rs:20:7
   |
20 | const LABEL_FONT_SIZE: f32 = 12.;
   |       ^^^^^^^^^^^^^^^

error: struct `AddRegexModal` is never constructed
  --> app/src/settings_view/privacy/add_regex_modal.rs:22:12
   |
22 | pub struct AddRegexModal {
   |            ^^^^^^^^^^^^^

error: enum `AddRegexModalAction` is never used
  --> app/src/settings_view/privacy/add_regex_modal.rs:30:10
   |
30 | pub enum AddRegexModalAction {
   |          ^^^^^^^^^^^^^^^^^^^

error: enum `AddRegexModalEvent` is never used
  --> app/src/settings_view/privacy/add_regex_modal.rs:35:10
   |
35 | pub enum AddRegexModalEvent {
   |          ^^^^^^^^^^^^^^^^^^

error: multiple associated items are never used
   --> app/src/settings_view/privacy/add_regex_modal.rs:41:12
    |
 40 | impl AddRegexModal {
    | ------------------ associated items in this implementation
 41 |     pub fn new(ctx: &mut ViewContext<Self>) -> Self {
    |            ^^^
...
 90 |     fn submit(&mut self, ctx: &mut ViewContext<Self>) {
    |        ^^^^^^
...
100 |     fn cancel(&mut self, ctx: &mut ViewContext<Self>) {
    |        ^^^^^^
...
104 |     pub fn on_close(&mut self, ctx: &mut ViewContext<Self>) {
    |            ^^^^^^^^
...
113 |     pub fn on_open(&mut self, ctx: &mut ViewContext<Self>) {
    |            ^^^^^^^
...
117 |     fn handle_name_editor_event(&mut self, event: &EditorEvent, ctx: &mut ViewContext<Self>) {
    |        ^^^^^^^^^^^^^^^^^^^^^^^^
...
146 |     fn handle_pattern_editor_event(&mut self, event: &EditorEvent, ctx: &mut ViewContext<Self>) {
    |        ^^^^^^^^^^^^^^^^^^^^^^^^^^^

error: struct `AddRegexModalViewState` is never constructed
   --> app/src/settings_view/privacy/add_regex_modal.rs:313:12
    |
313 | pub struct AddRegexModalViewState {
    |            ^^^^^^^^^^^^^^^^^^^^^^

error: associated items `new`, `is_open`, `render`, `open`, and `close` are never used
   --> app/src/settings_view/privacy/add_regex_modal.rs:318:12
    |
317 | impl AddRegexModalViewState {
    | --------------------------- associated items in this implementation
318 |     pub fn new(state: ModalViewState<Modal<AddRegexModal>>) -> Self {
    |            ^^^
...
322 |     pub fn is_open(&self) -> bool {
    |            ^^^^^^^
...
326 |     pub fn render(&self) -> Box<dyn Element> {
    |            ^^^^^^
...
330 |     pub fn open<T: View>(&mut self, ctx: &mut ViewContext<T>) {
    |            ^^^^
...
339 |     pub fn close<T: View>(&mut self, ctx: &mut ViewContext<T>) {
    |            ^^^^^

error: enum `PrivacyPageViewEvent` is never used
  --> app/src/settings_view/privacy_page.rs:25:10
   |
25 | pub enum PrivacyPageViewEvent {
   |          ^^^^^^^^^^^^^^^^^^^^

error: field `local_only_icon_tooltip_states` is never read
  --> app/src/settings_view/scripting_page.rs:27:5
   |
25 | pub struct ScriptingSettingsPageView {
   |            ------------------------- field in this struct
26 |     page: PageType<Self>,
27 |     local_only_icon_tooltip_states: RefCell<HashMap<String, MouseStateHandle>>,
   |     ^^^^^^^^^^^^^^^^^^^^^^^^^^^^^^

error: constant `GREY_TEXT_OPACITY` is never used
  --> app/src/settings_view/settings_page.rs:57:7
   |
57 | const GREY_TEXT_OPACITY: u8 = 60;
   |       ^^^^^^^^^^^^^^^^^

error: variant `Pane` is never constructed
   --> app/src/settings_view/settings_page.rs:165:5
    |
163 | pub enum SettingsPageEvent {
    |          ----------------- variant in this enum
164 |     FocusModal,
165 |     Pane(PaneEventWrapper),
    |     ^^^^

error: variant `Close` is never constructed
   --> app/src/settings_view/settings_page.rs:172:5
    |
171 | pub enum PaneEventWrapper {
    |          ---------------- variant in this enum
172 |     Close,
    |     ^^^^^
    |
    = note: `PaneEventWrapper` has derived impls for the traits `Clone` and `Debug`, but these are intentionally ignored during dead code analysis

error: function `render_customer_type_badge` is never used
   --> app/src/settings_view/settings_page.rs:175:8
    |
175 | pub fn render_customer_type_badge(appearance: &Appearance, text: String) -> Box<dyn Element> {
    |        ^^^^^^^^^^^^^^^^^^^^^^^^^^

error: function `render_sub_sub_header` is never used
   --> app/src/settings_view/settings_page.rs:284:8
    |
284 | pub fn render_sub_sub_header(
    |        ^^^^^^^^^^^^^^^^^^^^^

error: function `render_custom_size_header` is never used
   --> app/src/settings_view/settings_page.rs:317:8
    |
317 | pub fn render_custom_size_header(
    |        ^^^^^^^^^^^^^^^^^^^^^^^^^

error: function `render_cta_line` is never used
   --> app/src/settings_view/settings_page.rs:353:8
    |
353 | pub fn render_cta_line<A: Action + Clone>(
    |        ^^^^^^^^^^^^^^^

error: function `render_cta_banner` is never used
   --> app/src/settings_view/settings_page.rs:386:8
    |
386 | pub fn render_cta_banner<A: Action + Clone>(
    |        ^^^^^^^^^^^^^^^^^

error: function `render_banner` is never used
   --> app/src/settings_view/settings_page.rs:403:8
    |
403 | pub fn render_banner(
    |        ^^^^^^^^^^^^^

error: function `render_full_pane_width_ai_button` is never used
   --> app/src/settings_view/settings_page.rs:429:8
    |
429 | pub fn render_full_pane_width_ai_button(
    |        ^^^^^^^^^^^^^^^^^^^^^^^^^^^^^^^^

error: function `render_body_item_label_with_icon` is never used
   --> app/src/settings_view/settings_page.rs:632:8
    |
632 | pub fn render_body_item_label_with_icon<T: Clone + Action>(
    |        ^^^^^^^^^^^^^^^^^^^^^^^^^^^^^^^^

error: function `render_filterable_dropdown_item` is never used
   --> app/src/settings_view/settings_page.rs:959:15
    |
959 | pub(crate) fn render_filterable_dropdown_item<T: DropdownItemAction>(
    |               ^^^^^^^^^^^^^^^^^^^^^^^^^^^^^^^

error: function `render_settings_info_banner` is never used
   --> app/src/settings_view/settings_page.rs:999:15
    |
999 | pub(crate) fn render_settings_info_banner(
    |               ^^^^^^^^^^^^^^^^^^^^^^^^^^^

error: function `render_alternating_color_list` is never used
    --> app/src/settings_view/settings_page.rs:1132:8
     |
1132 | pub fn render_alternating_color_list<
     |        ^^^^^^^^^^^^^^^^^^^^^^^^^^^^^

error: function `add_setting` is never used
    --> app/src/settings_view/settings_page.rs:1268:8
     |
1268 | pub fn add_setting<F>(
     |        ^^^^^^^^^^^

error: method `set_min_page_width` is never used
    --> app/src/settings_view/settings_page.rs:1612:12
     |
1444 | impl<V: warpui::View> PageType<V> {
     | --------------------------------- method in this implementation
...
1612 |     pub fn set_min_page_width(&mut self, width: f32) {
     |            ^^^^^^^^^^^^^^^^^^

error: method `with_subtitle` is never used
    --> app/src/settings_view/settings_page.rs:1976:19
     |
1967 | impl<V: warpui::View> CategoryHeader<V> {
     | --------------------------------------- method in this implementation
...
1976 |     pub(super) fn with_subtitle(mut self, subtitle: &'static str) -> Self {
     |                   ^^^^^^^^^^^^^

error: associated function `static_widget_id` is never used
    --> app/src/settings_view/settings_page.rs:2045:8
     |
2041 | pub(super) trait SettingsWidget {
     |                  -------------- associated function in this trait
...
2045 |     fn static_widget_id() -> &'static str
     |        ^^^^^^^^^^^^^^^^

error: variant `EnvironmentsPageOpened` is never constructed
 --> app/src/settings_view/telemetry.rs:8:5
  |
7 | pub enum SettingsTelemetryEvent {
  |          ---------------------- variant in this enum
8 |     EnvironmentsPageOpened,
  |     ^^^^^^^^^^^^^^^^^^^^^^
  |
  = note: `SettingsTelemetryEvent` has a derived impl for the trait `Debug`, but this is intentionally ignored during dead code analysis

error: function `init` is never used
  --> app/src/tab_configs/remove_confirmation_dialog.rs:22:15
   |
22 | pub(crate) fn init(app: &mut AppContext) {
   |               ^^^^

error: constant `DIALOG_WIDTH` is never used
  --> app/src/tab_configs/remove_confirmation_dialog.rs:39:7
   |
39 | const DIALOG_WIDTH: f32 = 460.;
   |       ^^^^^^^^^^^^

error: enum `RemoveTabConfigConfirmationEvent` is never used
  --> app/src/tab_configs/remove_confirmation_dialog.rs:42:17
   |
42 | pub(crate) enum RemoveTabConfigConfirmationEvent {
   |                 ^^^^^^^^^^^^^^^^^^^^^^^^^^^^^^^^

error: enum `RemoveTabConfigConfirmationAction` is never used
  --> app/src/tab_configs/remove_confirmation_dialog.rs:48:17
   |
48 | pub(crate) enum RemoveTabConfigConfirmationAction {
   |                 ^^^^^^^^^^^^^^^^^^^^^^^^^^^^^^^^^

error: struct `RemoveTabConfigConfirmationDialog` is never constructed
  --> app/src/tab_configs/remove_confirmation_dialog.rs:53:19
   |
53 | pub(crate) struct RemoveTabConfigConfirmationDialog {
   |                   ^^^^^^^^^^^^^^^^^^^^^^^^^^^^^^^^^

error: associated items `new` and `set_config` are never used
  --> app/src/tab_configs/remove_confirmation_dialog.rs:61:12
   |
60 | impl RemoveTabConfigConfirmationDialog {
   | -------------------------------------- associated items in this implementation
61 |     pub fn new(ctx: &mut ViewContext<Self>) -> Self {
   |            ^^^
...
85 |     pub fn set_config(&mut self, name: String, path: PathBuf) {
   |            ^^^^^^^^^^

error: function `contains_autogenerated_branch_name` is never used
  --> app/src/tab_configs/tab_config.rs:22:4
   |
22 | fn contains_autogenerated_branch_name(value: &str) -> bool {
   |    ^^^^^^^^^^^^^^^^^^^^^^^^^^^^^^^^^^

error: function `handlebars_placeholder` is never used
  --> app/src/tab_configs/tab_config.rs:38:4
   |
38 | fn handlebars_placeholder(name: &str) -> String {
   |    ^^^^^^^^^^^^^^^^^^^^^^

error: methods `is_worktree` and `uses_autogenerated_branch_name` are never used
   --> app/src/tab_configs/tab_config.rs:179:19
    |
166 | impl TabConfig {
    | -------------- methods in this implementation
...
179 |     pub(crate) fn is_worktree(&self) -> bool {
    |                   ^^^^^^^^^^^
...
189 |     pub(crate) fn uses_autogenerated_branch_name(&self) -> bool {
    |                   ^^^^^^^^^^^^^^^^^^^^^^^^^^^^^^

error: function `build_worktree_config_toml` is never used
   --> app/src/tab_configs/tab_config.rs:419:15
    |
419 | pub(crate) fn build_worktree_config_toml(
    |               ^^^^^^^^^^^^^^^^^^^^^^^^^^

error: function `element_size_at_last_frame` is never used
   --> app/src/terminal/mod.rs:145:15
    |
145 | pub(crate) fn element_size_at_last_frame(
    |               ^^^^^^^^^^^^^^^^^^^^^^^^^^

error: function `command_at_cursor_has_common_package_installer_prefix` is never used
  --> app/src/terminal/package_installers.rs:12:8
   |
12 | pub fn command_at_cursor_has_common_package_installer_prefix(
   |        ^^^^^^^^^^^^^^^^^^^^^^^^^^^^^^^^^^^^^^^^^^^^^^^^^^^^^

error: function `is_at_context_package_installer_prefix` is never used
  --> app/src/terminal/package_installers.rs:50:4
   |
50 | fn is_at_context_package_installer_prefix(buffer_text: &str) -> bool {
   |    ^^^^^^^^^^^^^^^^^^^^^^^^^^^^^^^^^^^^^^

error: struct `AliasedCommand` is never constructed
  --> app/src/terminal/alias.rs:10:12
   |
10 | pub struct AliasedCommand {
   |            ^^^^^^^^^^^^^^

error: function `is_expandable_alias` is never used
  --> app/src/terminal/alias.rs:24:8
   |
24 | pub fn is_expandable_alias(alias: &str, alias_value: &str) -> bool {
   |        ^^^^^^^^^^^^^^^^^^^

error: function `check_for_alias` is never used
  --> app/src/terminal/alias.rs:34:4
   |
34 | fn check_for_alias(source: &str, session: Arc<Session>) -> Option<AliasedCommand> {
   |    ^^^^^^^^^^^^^^^

error: function `check_for_alias_async` is never used
  --> app/src/terminal/alias.rs:47:14
   |
47 | pub async fn check_for_alias_async(source: &str, session: Arc<Session>) -> Option<AliasedCommand> {
   |              ^^^^^^^^^^^^^^^^^^^^^

error: function `should_intercept_scroll` is never used
  --> app/src/terminal/alt_screen/mod.rs:28:8
   |
28 | pub fn should_intercept_scroll(model: &TerminalModel, ctx: &AppContext) -> bool {
   |        ^^^^^^^^^^^^^^^^^^^^^^^

error: methods `with_ligature_rendering` and `with_hide_cursor_cell` are never used
   --> app/src/terminal/alt_screen/alt_screen_element.rs:156:12
    |
 87 | impl AltScreenElement {
    | --------------------- methods in this implementation
...
156 |     pub fn with_ligature_rendering(mut self) -> Self {
    |            ^^^^^^^^^^^^^^^^^^^^^^^
...
161 |     pub fn with_hide_cursor_cell(mut self) -> Self {
    |            ^^^^^^^^^^^^^^^^^^^^^

error: variant `DockerSandbox` is never constructed
  --> app/src/terminal/available_shells.rs:79:5
   |
60 | enum Config {
   |      ------ variant in this enum
...
79 |     DockerSandbox {
   |     ^^^^^^^^^^^^^
   |
   = note: `Config` has a derived impl for the trait `Debug`, but this is intentionally ignored during dead code analysis

error: associated function `new_docker_sandbox_shell` is never used
   --> app/src/terminal/available_shells.rs:331:19
    |
179 | impl AvailableShell {
    | ------------------- associated function in this implementation
...
331 |     pub(crate) fn new_docker_sandbox_shell(sbx_path: PathBuf, base_image: Option<String>) -> Self {
    |                   ^^^^^^^^^^^^^^^^^^^^^^^^

error: method `draw_cursor` is never used
  --> app/src/terminal/blockgrid_renderer.rs:78:8
   |
47 | pub trait BlockGridRenderer {
   |           ----------------- method in this trait
...
78 |     fn draw_cursor(
   |        ^^^^^^^^^^^

error: function `init_subshell_command` is never used
   --> app/src/terminal/bootstrap.rs:104:8
    |
104 | pub fn init_subshell_command(
    |        ^^^^^^^^^^^^^^^^^^^^^

error: function `init_subshell_script_for_shell` is never used
   --> app/src/terminal/bootstrap.rs:125:4
    |
125 | fn init_subshell_script_for_shell(
    |    ^^^^^^^^^^^^^^^^^^^^^^^^^^^^^^

error: function `init_subshell_script_for_unknown_shell` is never used
   --> app/src/terminal/bootstrap.rs:169:4
    |
169 | fn init_subshell_script_for_unknown_shell(
    |    ^^^^^^^^^^^^^^^^^^^^^^^^^^^^^^^^^^^^^^

error: function `run_dynamic_enum_command` is never used
 --> app/src/terminal/dynamic_enum_suggestions.rs:7:21
  |
7 | pub(crate) async fn run_dynamic_enum_command(
  |                     ^^^^^^^^^^^^^^^^^^^^^^^^

error: function `parse_dynamic_command` is never used
  --> app/src/terminal/dynamic_enum_suggestions.rs:18:4
   |
18 | fn parse_dynamic_command(output: &CommandOutput) -> anyhow::Result<Vec<String>> {
   |    ^^^^^^^^^^^^^^^^^^^^^

error: field `view` is never read
  --> app/src/terminal/mock_terminal_manager.rs:18:5
   |
16 | pub struct MockTerminalManager {
   |            ------------------- field in this struct
17 |     model: Arc<FairMutex<TerminalModel>>,
18 |     view: ViewHandle<TerminalView>,
   |     ^^^^

error: fields `manager` and `view` are never read
  --> app/src/terminal/mock_terminal_manager.rs:21:16
   |
20 | pub struct MockTerminalManagerInit {
   |            ----------------------- fields in this struct
21 |     pub(crate) manager: ModelHandle<Box<dyn TerminalManager>>,
   |                ^^^^^^^
22 |     pub(crate) view: ViewHandle<TerminalView>,
   |                ^^^^

error: method `enable_full_grid_clear_behavior` is never used
   --> app/src/terminal/model/block.rs:886:32
    |
747 | impl Block {
    | ---------- method in this implementation
...
886 |     pub(in crate::terminal) fn enable_full_grid_clear_behavior(&mut self) {
    |                                ^^^^^^^^^^^^^^^^^^^^^^^^^^^^^^^

error: struct `SharedSessionScrollbackBlocks` is never constructed
   --> app/src/terminal/model/blocks.rs:540:8
    |
540 | struct SharedSessionScrollbackBlocks<'a> {
    |        ^^^^^^^^^^^^^^^^^^^^^^^^^^^^^

error: associated function `new` is never used
   --> app/src/terminal/model/blocks.rs:546:8
    |
545 | impl<'a> SharedSessionScrollbackBlocks<'a> {
    | ------------------------------------------ associated function in this implementation
546 |     fn new(scrollback: &'a [SerializedBlock]) -> Self {
    |        ^^^

error: multiple methods are never used
    --> app/src/terminal/model/blocks.rs:701:19
     |
 560 | impl BlockList {
     | -------------- methods in this implementation
...
 701 |     pub(super) fn load_shared_session_scrollback(&mut self, scrollback: &[SerializedBlock]) {
     |                   ^^^^^^^^^^^^^^^^^^^^^^^^^^^^^^
...
 732 |     pub(super) fn append_followup_shared_session_scrollback(
     |                   ^^^^^^^^^^^^^^^^^^^^^^^^^^^^^^^^^^^^^^^^^
...
 769 |     fn finish_active_block_before_followup_append(&mut self) {
     |        ^^^^^^^^^^^^^^^^^^^^^^^^^^^^^^^^^^^^^^^^^^
...
 776 |     fn ensure_active_block_after_shared_session_scrollback(&mut self) {
     |        ^^^^^^^^^^^^^^^^^^^^^^^^^^^^^^^^^^^^^^^^^^^^^^^^^^^
...
1388 |     fn remove_block_at_index(&mut self, block_index: BlockIndex) -> Option<Block> {
     |        ^^^^^^^^^^^^^^^^^^^^^
...
1419 |     fn remove_command_blocks_at_indices(&mut self, indices_to_remove: Vec<BlockIndex>) {
     |        ^^^^^^^^^^^^^^^^^^^^^^^^^^^^^^^^
...
2452 |     pub(super) fn set_obfuscate_secrets_for_subsequent_blocks(
     |                   ^^^^^^^^^^^^^^^^^^^^^^^^^^^^^^^^^^^^^^^^^^^
...
3085 |     pub(in crate::terminal) fn insert_rich_content_after_item(
     |                                ^^^^^^^^^^^^^^^^^^^^^^^^^^^^^^
...
3170 |     pub(crate) fn removable_blocklist_item_position(
     |                   ^^^^^^^^^^^^^^^^^^^^^^^^^^^^^^^^^

error: method `reset_unknown` is never used
   --> app/src/terminal/model/lifecycle/mod.rs:158:19
    |
 66 | impl BlockLifecycleCoordinator {
    | ------------------------------ method in this implementation
...
158 |     pub(super) fn reset_unknown(&mut self) {
    |                   ^^^^^^^^^^^^^

error: variant `Recovery` is never constructed
   --> app/src/terminal/model/lifecycle/telemetry.rs:148:5
    |
146 | pub(in crate::terminal) enum LifecycleTelemetryEvent {
    |                              ----------------------- variant in this enum
147 |     /// Reports a conservative or recovery lifecycle transition.
148 |     Recovery(LifecycleRecoveryRecord),
    |     ^^^^^^^^
    |
    = note: `LifecycleTelemetryEvent` has a derived impl for the trait `Debug`, but this is intentionally ignored during dead code analysis

error: variant `SharedSession` is never constructed
  --> app/src/terminal/model/lifecycle/transition.rs:31:5
   |
27 | pub(in crate::terminal) enum CommandStartKind {
   |                              ---------------- variant in this enum
...
31 |     SharedSession,
   |     ^^^^^^^^^^^^^
   |
   = note: `CommandStartKind` has derived impls for the traits `Debug` and `Clone`, but these are intentionally ignored during dead code analysis

error: fields `colors`, `find_bar`, and `model_event_sender` are never read
   --> app/src/terminal/view.rs:217:5
    |
212 | pub struct TerminalView {
    |            ------------ fields in this struct
...
217 |     colors: List,
    |     ^^^^^^
...
222 |     find_bar: ViewHandle<Find<TerminalFindModel>>,
    |     ^^^^^^^^
...
227 |     model_event_sender: Option<SyncSender<persistence::ModelEvent>>,
    |     ^^^^^^^^^^^^^^^^^^

error: method `should_show_env_var_selection` is never used
  --> app/src/workflows/mod.rs:89:19
   |
76 | impl WorkflowType {
   | ----------------- method in this implementation
...
89 |     pub(super) fn should_show_env_var_selection(&self) -> bool {
   |                   ^^^^^^^^^^^^^^^^^^^^^^^^^^^^^

error: methods `editor_up`, `editor_down`, and `editor_enter` are never used
   --> app/src/workflows/categories.rs:659:8
    |
358 | impl CategoriesView {
    | ------------------- methods in this implementation
...
659 |     fn editor_up(&mut self, ctx: &mut ViewContext<Self>) {
    |        ^^^^^^^^^
...
671 |     fn editor_down(&mut self, ctx: &mut ViewContext<Self>) {
    |        ^^^^^^^^^^^
...
722 |     fn editor_enter(&mut self, ctx: &mut ViewContext<Self>) {
    |        ^^^^^^^^^^^^

error: methods `set_session_state` and `close_workspace` are never used
   --> app/src/workspace/active_session.rs:88:19
    |
 38 | impl ActiveSession {
    | ------------------ methods in this implementation
...
 88 |     pub(super) fn set_session_state(
    |                   ^^^^^^^^^^^^^^^^^
...
124 |     pub(super) fn close_workspace(&mut self, window_id: WindowId) {
    |                   ^^^^^^^^^^^^^^^

error: method `ansi_color` is never used
   --> app/src/workspace/tab_settings.rs:162:19
    |
161 | impl DirectoryTabColor {
    | ---------------------- method in this implementation
162 |     pub(crate) fn ansi_color(self) -> Option<AnsiColorIdentifier> {
    |                   ^^^^^^^^^^

error: struct `WorkspaceMouseStates` is never constructed
  --> app/src/workspace/util.rs:20:19
   |
20 | pub(super) struct WorkspaceMouseStates {
   |                   ^^^^^^^^^^^^^^^^^^^^

error: writing `&PathBuf` instead of `&Path` involves a new object where a slice will do
   --> app/src/ai/persisted_workspace.rs:253:52
    |
253 |     pub fn navigated_to_path(&mut self, directory: &PathBuf) {
    |                                                    ^^^^^^^^ help: change this to: `&Path`
    |
    = help: for further information visit https://rust-lang.github.io/rust-clippy/rust-1.92.0/index.html#ptr_arg
    = note: `-D clippy::ptr-arg` implied by `-D warnings`
    = help: to override `-D warnings` add `#[allow(clippy::ptr_arg)]`

error[E0599]: no function or associated item named `mock` found for struct `notebooks::manager::NotebookManager` in the current scope
   --> app/src/search/command_palette/data_sources_tests.rs:157:46
    |
157 |     app.add_singleton_model(NotebookManager::mock);
    |                                              ^^^^ function or associated item not found in `notebooks::manager::NotebookManager`
    |
   ::: app/src/notebooks/manager.rs:10:1
    |
 10 | pub struct NotebookManager {
    | -------------------------- function or associated item `mock` not found for this struct

error: this async expression only awaits a single future
   --> app/src/ai/persisted_workspace.rs:433:19
    |
433 |         ctx.spawn(async move { path_future.await }, move |_, path_env, ctx| {
    |                   ^^^^^^^^^^^^^^^^^^^^^^^^^^^^^^^^ help: you can reduce it to: `path_future`
    |
    = help: for further information visit https://rust-lang.github.io/rust-clippy/rust-1.92.0/index.html#redundant_async_block
    = note: `-D clippy::redundant-async-block` implied by `-D warnings`
    = help: to override `-D warnings` add `#[allow(clippy::redundant_async_block)]`

error[E0282]: type annotations needed
   --> app/src/search/command_palette/data_sources_tests.rs:170:52
    |
170 |         CloudModel::handle(&app).update(&mut app, |model, ctx| {
    |                                                    ^^^^^
171 |             model.upsert_from_server_notebook(
    |             ----- type must be known at this point
    |
help: consider giving this closure parameter an explicit type
    |
170 |         CloudModel::handle(&app).update(&mut app, |model: /* Type */, ctx| {
    |                                                         ++++++++++++

error[E0277]: the trait bound `notebooks::model::NotebookId: std::convert::From<{integer}>` is not satisfied
   --> app/src/search/command_palette/data_sources_tests.rs:172:40
    |
172 |                 mock_server_notebook(1.into(), Owner::mock_current_user()),
    |                                        ^^^^ unsatisfied trait bound
    |
help: the trait `std::convert::From<{integer}>` is not implemented for `notebooks::model::NotebookId`
   --> app/src/notebooks/model.rs:6:1
    |
  6 | pub struct NotebookId(String);
    | ^^^^^^^^^^^^^^^^^^^^^
    = note: required for `{integer}` to implement `std::convert::Into<notebooks::model::NotebookId>`

error[E0277]: the trait bound `workflows::model::WorkflowId: std::convert::From<{integer}>` is not satisfied
   --> app/src/search/command_palette/data_sources_tests.rs:176:40
    |
176 |                 mock_server_workflow(2.into(), Owner::mock_current_user()),
    |                                        ^^^^ unsatisfied trait bound
    |
help: the trait `std::convert::From<{integer}>` is not implemented for `workflows::model::WorkflowId`
   --> app/src/workflows/model.rs:7:1
    |
  7 | pub struct WorkflowId(String);
    | ^^^^^^^^^^^^^^^^^^^^^
    = note: required for `{integer}` to implement `std::convert::Into<workflows::model::WorkflowId>`

error[E0282]: type annotations needed
   --> app/src/search/command_palette/data_sources_tests.rs:219:52
    |
219 |         CloudModel::handle(&app).update(&mut app, |model, ctx| {
    |                                                    ^^^^^
220 |             model.upsert_from_server_notebook(
    |             ----- type must be known at this point
    |
help: consider giving this closure parameter an explicit type
    |
219 |         CloudModel::handle(&app).update(&mut app, |model: /* Type */, ctx| {
    |                                                         ++++++++++++

error[E0277]: the trait bound `notebooks::model::NotebookId: std::convert::From<{integer}>` is not satisfied
   --> app/src/search/command_palette/data_sources_tests.rs:221:40
    |
221 |                 mock_server_notebook(1.into(), Owner::mock_current_user()),
    |                                        ^^^^ unsatisfied trait bound
    |
help: the trait `std::convert::From<{integer}>` is not implemented for `notebooks::model::NotebookId`
   --> app/src/notebooks/model.rs:6:1
    |
  6 | pub struct NotebookId(String);
    | ^^^^^^^^^^^^^^^^^^^^^
    = note: required for `{integer}` to implement `std::convert::Into<notebooks::model::NotebookId>`

error[E0277]: the trait bound `workflows::model::WorkflowId: std::convert::From<{integer}>` is not satisfied
   --> app/src/search/command_palette/data_sources_tests.rs:225:40
    |
225 |                 mock_server_workflow(2.into(), Owner::mock_current_user()),
    |                                        ^^^^ unsatisfied trait bound
    |
help: the trait `std::convert::From<{integer}>` is not implemented for `workflows::model::WorkflowId`
   --> app/src/workflows/model.rs:7:1
    |
  7 | pub struct WorkflowId(String);
    | ^^^^^^^^^^^^^^^^^^^^^
    = note: required for `{integer}` to implement `std::convert::Into<workflows::model::WorkflowId>`

error[E0282]: type annotations needed
   --> app/src/search/command_palette/data_sources_tests.rs:267:52
    |
267 |         CloudModel::handle(&app).update(&mut app, |model, ctx| {
    |                                                    ^^^^^
268 |             model.upsert_from_server_notebook(
    |             ----- type must be known at this point
    |
help: consider giving this closure parameter an explicit type
    |
267 |         CloudModel::handle(&app).update(&mut app, |model: /* Type */, ctx| {
    |                                                         ++++++++++++

error[E0277]: the trait bound `notebooks::model::NotebookId: std::convert::From<{integer}>` is not satisfied
   --> app/src/search/command_palette/data_sources_tests.rs:269:40
    |
269 |                 mock_server_notebook(1.into(), Owner::mock_current_user()),
    |                                        ^^^^ unsatisfied trait bound
    |
help: the trait `std::convert::From<{integer}>` is not implemented for `notebooks::model::NotebookId`
   --> app/src/notebooks/model.rs:6:1
    |
  6 | pub struct NotebookId(String);
    | ^^^^^^^^^^^^^^^^^^^^^
    = note: required for `{integer}` to implement `std::convert::Into<notebooks::model::NotebookId>`

error[E0277]: the trait bound `workflows::model::WorkflowId: std::convert::From<{integer}>` is not satisfied
   --> app/src/search/command_palette/data_sources_tests.rs:273:40
    |
273 |                 mock_server_workflow(2.into(), Owner::mock_current_user()),
    |                                        ^^^^ unsatisfied trait bound
    |
help: the trait `std::convert::From<{integer}>` is not implemented for `workflows::model::WorkflowId`
   --> app/src/workflows/model.rs:7:1
    |
  7 | pub struct WorkflowId(String);
    | ^^^^^^^^^^^^^^^^^^^^^
    = note: required for `{integer}` to implement `std::convert::Into<workflows::model::WorkflowId>`

error[E0282]: type annotations needed
   --> app/src/search/command_palette/data_sources_tests.rs:317:52
    |
317 |         CloudModel::handle(&app).update(&mut app, |model, ctx| {
    |                                                    ^^^^^
318 |             model.upsert_from_server_notebook(
    |             ----- type must be known at this point
    |
help: consider giving this closure parameter an explicit type
    |
317 |         CloudModel::handle(&app).update(&mut app, |model: /* Type */, ctx| {
    |                                                         ++++++++++++

error[E0277]: the trait bound `notebooks::model::NotebookId: std::convert::From<{integer}>` is not satisfied
   --> app/src/search/command_palette/data_sources_tests.rs:319:40
    |
319 |                 mock_server_notebook(1.into(), Owner::mock_current_user()),
    |                                        ^^^^ unsatisfied trait bound
    |
help: the trait `std::convert::From<{integer}>` is not implemented for `notebooks::model::NotebookId`
   --> app/src/notebooks/model.rs:6:1
    |
  6 | pub struct NotebookId(String);
    | ^^^^^^^^^^^^^^^^^^^^^
    = note: required for `{integer}` to implement `std::convert::Into<notebooks::model::NotebookId>`

error[E0277]: the trait bound `workflows::model::WorkflowId: std::convert::From<{integer}>` is not satisfied
   --> app/src/search/command_palette/data_sources_tests.rs:323:40
    |
323 |                 mock_server_workflow(2.into(), Owner::mock_current_user()),
    |                                        ^^^^ unsatisfied trait bound
    |
help: the trait `std::convert::From<{integer}>` is not implemented for `workflows::model::WorkflowId`
   --> app/src/workflows/model.rs:7:1
    |
  7 | pub struct WorkflowId(String);
    | ^^^^^^^^^^^^^^^^^^^^^
    = note: required for `{integer}` to implement `std::convert::Into<workflows::model::WorkflowId>`

error[E0282]: type annotations needed
   --> app/src/search/command_palette/data_sources_tests.rs:424:42
    |
424 |     CloudModel::handle(app).update(app, |model, ctx| {
    |                                          ^^^^^
425 |         model.upsert_from_server_workflow(
    |         ----- type must be known at this point
    |
help: consider giving this closure parameter an explicit type
    |
424 |     CloudModel::handle(app).update(app, |model: /* Type */, ctx| {
    |                                               ++++++++++++

error[E0277]: the trait bound `workflows::model::WorkflowId: std::convert::From<i64>` is not satisfied
   --> app/src/search/command_palette/data_sources_tests.rs:427:27
    |
427 |                 marker_id.into(),
    |                           ^^^^ unsatisfied trait bound
    |
help: the trait `std::convert::From<i64>` is not implemented for `workflows::model::WorkflowId`
   --> app/src/workflows/model.rs:7:1
    |
  7 | pub struct WorkflowId(String);
    | ^^^^^^^^^^^^^^^^^^^^^
    = note: required for `i64` to implement `std::convert::Into<workflows::model::WorkflowId>`

error[E0308]: mismatched types
   --> app/src/search/command_palette/data_sources_tests.rs:439:39
    |
439 |     SyncId::ServerId(WorkflowId::from(id).into()).uid()
    |                      ---------------- ^^ expected `WorkflowId`, found `i64`
    |                      |
    |                      arguments to this function are incorrect
    |
note: associated function defined here
   --> /rustc/ded5c06cf21d2b93bffd5d884aa6e96934ee4234/library/core/src/convert/mod.rs:592:8

error[E0282]: type annotations needed
   --> app/src/search/command_palette/data_sources_tests.rs:450:52
    |
450 |         CloudModel::handle(&app).update(&mut app, |model, ctx| {
    |                                                    ^^^^^
451 |             model.upsert_from_server_workflow(
    |             ----- type must be known at this point
    |
help: consider giving this closure parameter an explicit type
    |
450 |         CloudModel::handle(&app).update(&mut app, |model: /* Type */, ctx| {
    |                                                         ++++++++++++

error[E0277]: the trait bound `workflows::model::WorkflowId: std::convert::From<{integer}>` is not satisfied
   --> app/src/search/command_palette/data_sources_tests.rs:453:23
    |
453 |                     1.into(),
    |                       ^^^^ unsatisfied trait bound
    |
help: the trait `std::convert::From<{integer}>` is not implemented for `workflows::model::WorkflowId`
   --> app/src/workflows/model.rs:7:1
    |
  7 | pub struct WorkflowId(String);
    | ^^^^^^^^^^^^^^^^^^^^^
    = note: required for `{integer}` to implement `std::convert::Into<workflows::model::WorkflowId>`

error[E0277]: the trait bound `workflows::model::WorkflowId: std::convert::From<{integer}>` is not satisfied
   --> app/src/search/command_palette/data_sources_tests.rs:464:23
    |
464 |                     2.into(),
    |                       ^^^^ unsatisfied trait bound
    |
help: the trait `std::convert::From<{integer}>` is not implemented for `workflows::model::WorkflowId`
   --> app/src/workflows/model.rs:7:1
    |
  7 | pub struct WorkflowId(String);
    | ^^^^^^^^^^^^^^^^^^^^^
    = note: required for `{integer}` to implement `std::convert::Into<workflows::model::WorkflowId>`

error[E0277]: the trait bound `workflows::model::WorkflowId: std::convert::From<{integer}>` is not satisfied
   --> app/src/search/command_palette/data_sources_tests.rs:475:23
    |
475 |                     3.into(),
    |                       ^^^^ unsatisfied trait bound
    |
help: the trait `std::convert::From<{integer}>` is not implemented for `workflows::model::WorkflowId`
   --> app/src/workflows/model.rs:7:1
    |
  7 | pub struct WorkflowId(String);
    | ^^^^^^^^^^^^^^^^^^^^^
    = note: required for `{integer}` to implement `std::convert::Into<workflows::model::WorkflowId>`

error[E0282]: type annotations needed
   --> app/src/search/command_palette/data_sources_tests.rs:485:56
    |
485 |         UserWorkspaces::handle(&app).update(&mut app, |user_workspaces, ctx| {
    |                                                        ^^^^^^^^^^^^^^^
486 |             user_workspaces.set_team_for_window(window_id, selected_team.uid, ctx);
    |             --------------- type must be known at this point
    |
help: consider giving this closure parameter an explicit type
    |
485 |         UserWorkspaces::handle(&app).update(&mut app, |user_workspaces: /* Type */, ctx| {
    |                                                                       ++++++++++++

error[E0282]: type annotations needed
   --> app/src/search/command_palette/data_sources_tests.rs:520:56
    |
520 |         UserWorkspaces::handle(&app).update(&mut app, |user_workspaces, ctx| {
    |                                                        ^^^^^^^^^^^^^^^
521 |             user_workspaces.set_team_for_window(window_id, selected_team.uid, ctx);
    |             --------------- type must be known at this point
    |
help: consider giving this closure parameter an explicit type
    |
520 |         UserWorkspaces::handle(&app).update(&mut app, |user_workspaces: /* Type */, ctx| {
    |                                                                       ++++++++++++

error[E0282]: type annotations needed
   --> app/src/search/command_palette/data_sources_tests.rs:524:52
    |
524 |         CloudModel::handle(&app).update(&mut app, |model, ctx| {
    |                                                    ^^^^^
...
528 |                 model.upsert_from_server_workflow(
    |                 ----- type must be known at this point
    |
help: consider giving this closure parameter an explicit type
    |
524 |         CloudModel::handle(&app).update(&mut app, |model: /* Type */, ctx| {
    |                                                         ++++++++++++

error[E0277]: the trait bound `workflows::model::WorkflowId: std::convert::From<i64>` is not satisfied
   --> app/src/search/command_palette/data_sources_tests.rs:530:28
    |
530 |                         id.into(),
    |                            ^^^^ unsatisfied trait bound
    |
help: the trait `std::convert::From<i64>` is not implemented for `workflows::model::WorkflowId`
   --> app/src/workflows/model.rs:7:1
    |
  7 | pub struct WorkflowId(String);
    | ^^^^^^^^^^^^^^^^^^^^^
    = note: required for `i64` to implement `std::convert::Into<workflows::model::WorkflowId>`

error[E0277]: the trait bound `workflows::model::WorkflowId: std::convert::From<i64>` is not satisfied
   --> app/src/search/command_palette/data_sources_tests.rs:542:51
    |
542 |                     (CROWDING_WORKFLOW_COUNT + 1).into(),
    |                                                   ^^^^ unsatisfied trait bound
    |
help: the trait `std::convert::From<i64>` is not implemented for `workflows::model::WorkflowId`
   --> app/src/workflows/model.rs:7:1
    |
  7 | pub struct WorkflowId(String);
    | ^^^^^^^^^^^^^^^^^^^^^
    = note: required for `i64` to implement `std::convert::Into<workflows::model::WorkflowId>`

error[E0282]: type annotations needed
   --> app/src/search/command_palette/data_sources_tests.rs:579:56
    |
579 |         UserWorkspaces::handle(&app).update(&mut app, |user_workspaces, ctx| {
    |                                                        ^^^^^^^^^^^^^^^
580 |             user_workspaces.set_team_for_window(window_id, selected_team.uid, ctx);
    |             --------------- type must be known at this point
    |
help: consider giving this closure parameter an explicit type
    |
579 |         UserWorkspaces::handle(&app).update(&mut app, |user_workspaces: /* Type */, ctx| {
    |                                                                       ++++++++++++

error[E0282]: type annotations needed
   --> app/src/search/command_palette/data_sources_tests.rs:583:52
    |
583 |         CloudModel::handle(&app).update(&mut app, |model, ctx| {
    |                                                    ^^^^^
584 |             model.upsert_from_server_workflow(
    |             ----- type must be known at this point
    |
help: consider giving this closure parameter an explicit type
    |
583 |         CloudModel::handle(&app).update(&mut app, |model: /* Type */, ctx| {
    |                                                         ++++++++++++

error[E0277]: the trait bound `workflows::model::WorkflowId: std::convert::From<{integer}>` is not satisfied
   --> app/src/search/command_palette/data_sources_tests.rs:586:23
    |
586 |                     1.into(),
    |                       ^^^^ unsatisfied trait bound
    |
help: the trait `std::convert::From<{integer}>` is not implemented for `workflows::model::WorkflowId`
   --> app/src/workflows/model.rs:7:1
    |
  7 | pub struct WorkflowId(String);
    | ^^^^^^^^^^^^^^^^^^^^^
    = note: required for `{integer}` to implement `std::convert::Into<workflows::model::WorkflowId>`

error[E0282]: type annotations needed
   --> app/src/search/command_palette/data_sources_tests.rs:607:52
    |
607 |         CloudModel::handle(&app).update(&mut app, |model, ctx| {
    |                                                    ^^^^^
608 |             model.update_object_permissions(
    |             ----- type must be known at this point
    |
help: consider giving this closure parameter an explicit type
    |
607 |         CloudModel::handle(&app).update(&mut app, |model: /* Type */, ctx| {
    |                                                         ++++++++++++

error[E0282]: type annotations needed
   --> app/src/search/command_palette/data_sources_tests.rs:638:56
    |
638 |         UserWorkspaces::handle(&app).update(&mut app, |user_workspaces, ctx| {
    |                                                        ^^^^^^^^^^^^^^^
639 |             user_workspaces.set_team_for_window(window_id, selected_team.uid, ctx);
    |             --------------- type must be known at this point
    |
help: consider giving this closure parameter an explicit type
    |
638 |         UserWorkspaces::handle(&app).update(&mut app, |user_workspaces: /* Type */, ctx| {
    |                                                                       ++++++++++++

error[E0282]: type annotations needed
   --> app/src/search/command_palette/data_sources_tests.rs:642:52
    |
642 |         CloudModel::handle(&app).update(&mut app, |model, ctx| {
    |                                                    ^^^^^
643 |             model.upsert_from_server_workflow(
    |             ----- type must be known at this point
    |
help: consider giving this closure parameter an explicit type
    |
642 |         CloudModel::handle(&app).update(&mut app, |model: /* Type */, ctx| {
    |                                                         ++++++++++++

error[E0277]: the trait bound `workflows::model::WorkflowId: std::convert::From<{integer}>` is not satisfied
   --> app/src/search/command_palette/data_sources_tests.rs:645:23
    |
645 |                     1.into(),
    |                       ^^^^ unsatisfied trait bound
    |
help: the trait `std::convert::From<{integer}>` is not implemented for `workflows::model::WorkflowId`
   --> app/src/workflows/model.rs:7:1
    |
  7 | pub struct WorkflowId(String);
    | ^^^^^^^^^^^^^^^^^^^^^
    = note: required for `{integer}` to implement `std::convert::Into<workflows::model::WorkflowId>`

error[E0282]: type annotations needed
   --> app/src/search/command_palette/data_sources_tests.rs:670:52
    |
670 |         CloudModel::handle(&app).update(&mut app, |model, ctx| {
    |                                                    ^^^^^
671 |             model.update_object_location(
    |             ----- type must be known at this point
    |
help: consider giving this closure parameter an explicit type
    |
670 |         CloudModel::handle(&app).update(&mut app, |model: /* Type */, ctx| {
    |                                                         ++++++++++++

error[E0282]: type annotations needed
   --> app/src/search/command_palette/data_sources_tests.rs:696:52
    |
696 |         CloudModel::handle(&app).update(&mut app, |model, ctx| {
    |                                                    ^^^^^
697 |             model.upsert_from_server_workflow(
    |             ----- type must be known at this point
    |
help: consider giving this closure parameter an explicit type
    |
696 |         CloudModel::handle(&app).update(&mut app, |model: /* Type */, ctx| {
    |                                                         ++++++++++++

error[E0277]: the trait bound `workflows::model::WorkflowId: std::convert::From<{integer}>` is not satisfied
   --> app/src/search/command_palette/data_sources_tests.rs:699:23
    |
699 |                     1.into(),
    |                       ^^^^ unsatisfied trait bound
    |
help: the trait `std::convert::From<{integer}>` is not implemented for `workflows::model::WorkflowId`
   --> app/src/workflows/model.rs:7:1
    |
  7 | pub struct WorkflowId(String);
    | ^^^^^^^^^^^^^^^^^^^^^
    = note: required for `{integer}` to implement `std::convert::Into<workflows::model::WorkflowId>`

error: large size difference between variants
  --> app/src/app_state.rs:77:1
   |
77 | / pub enum PaneNodeSnapshot {
78 | |     Branch(BranchSnapshot),
   | |     ---------------------- the second-largest variant contains at least 32 bytes
79 | |     Leaf(LeafSnapshot),
   | |     ------------------ the largest variant contains at least 296 bytes
80 | | }
   | |_^ the entire enum is at least 296 bytes
   |
   = help: for further information visit https://rust-lang.github.io/rust-clippy/rust-1.92.0/index.html#large_enum_variant
   = note: `-D clippy::large-enum-variant` implied by `-D warnings`
   = help: to override `-D warnings` add `#[allow(clippy::large_enum_variant)]`
help: consider boxing the large fields or introducing indirection in some other way to reduce the total size of the enum
   |
79 -     Leaf(LeafSnapshot),
79 +     Leaf(Box<LeafSnapshot>),
   |

error[E0282]: type annotations needed
   --> app/src/search/command_palette/data_sources_tests.rs:721:56
    |
721 |         UserWorkspaces::handle(&app).update(&mut app, |user_workspaces, ctx| {
    |                                                        ^^^^^^^^^^^^^^^
722 |             user_workspaces.set_team_for_window(window_id, second_team.uid, ctx);
    |             --------------- type must be known at this point
    |
help: consider giving this closure parameter an explicit type
    |
721 |         UserWorkspaces::handle(&app).update(&mut app, |user_workspaces: /* Type */, ctx| {
    |                                                                       ++++++++++++

error[E0282]: type annotations needed
   --> app/src/search/command_palette/data_sources_tests.rs:742:52
    |
742 |         CloudModel::handle(&app).update(&mut app, |model, ctx| {
    |                                                    ^^^^^
743 |             model.upsert_from_server_workflow(
    |             ----- type must be known at this point
    |
help: consider giving this closure parameter an explicit type
    |
742 |         CloudModel::handle(&app).update(&mut app, |model: /* Type */, ctx| {
    |                                                         ++++++++++++

error[E0277]: the trait bound `workflows::model::WorkflowId: std::convert::From<{integer}>` is not satisfied
   --> app/src/search/command_palette/data_sources_tests.rs:745:23
    |
745 |                     1.into(),
    |                       ^^^^ unsatisfied trait bound
    |
help: the trait `std::convert::From<{integer}>` is not implemented for `workflows::model::WorkflowId`
   --> app/src/workflows/model.rs:7:1
    |
  7 | pub struct WorkflowId(String);
    | ^^^^^^^^^^^^^^^^^^^^^
    = note: required for `{integer}` to implement `std::convert::Into<workflows::model::WorkflowId>`

error[E0277]: the trait bound `workflows::model::WorkflowId: std::convert::From<{integer}>` is not satisfied
   --> app/src/search/command_palette/data_sources_tests.rs:756:23
    |
756 |                     2.into(),
    |                       ^^^^ unsatisfied trait bound
    |
help: the trait `std::convert::From<{integer}>` is not implemented for `workflows::model::WorkflowId`
   --> app/src/workflows/model.rs:7:1
    |
  7 | pub struct WorkflowId(String);
    | ^^^^^^^^^^^^^^^^^^^^^
    = note: required for `{integer}` to implement `std::convert::Into<workflows::model::WorkflowId>`

error[E0282]: type annotations needed
   --> app/src/search/command_palette/data_sources_tests.rs:769:56
    |
769 |         UserWorkspaces::handle(&app).update(&mut app, |user_workspaces, ctx| {
    |                                                        ^^^^^^^^^^^^^^^
770 |             user_workspaces.set_team_for_window(first_window_id, first_team.uid, ctx);
    |             --------------- type must be known at this point
    |
help: consider giving this closure parameter an explicit type
    |
769 |         UserWorkspaces::handle(&app).update(&mut app, |user_workspaces: /* Type */, ctx| {
    |                                                                       ++++++++++++

error[E0282]: type annotations needed
   --> app/src/search/command_palette/data_sources_tests.rs:838:56
    |
838 |         UserWorkspaces::handle(&app).update(&mut app, |user_workspaces, ctx| {
    |                                                        ^^^^^^^^^^^^^^^
839 |             user_workspaces.set_team_for_window(window_id, team.uid, ctx);
    |             --------------- type must be known at this point
    |
help: consider giving this closure parameter an explicit type
    |
838 |         UserWorkspaces::handle(&app).update(&mut app, |user_workspaces: /* Type */, ctx| {
    |                                                                       ++++++++++++

error[E0282]: type annotations needed
   --> app/src/search/command_palette/data_sources_tests.rs:852:52
    |
852 |         CloudModel::handle(&app).update(&mut app, |model, ctx| {
    |                                                    ^^^^^
853 |             model.upsert_from_server_workflow(
    |             ----- type must be known at this point
    |
help: consider giving this closure parameter an explicit type
    |
852 |         CloudModel::handle(&app).update(&mut app, |model: /* Type */, ctx| {
    |                                                         ++++++++++++

error[E0308]: mismatched types
   --> app/src/search/command_palette/data_sources_tests.rs:855:55
    |
855 |                     SyncId::ServerId(WorkflowId::from(1).into()),
    |                                      ---------------- ^ expected `WorkflowId`, found integer
    |                                      |
    |                                      arguments to this function are incorrect
    |
note: associated function defined here
   --> /rustc/ded5c06cf21d2b93bffd5d884aa6e96934ee4234/library/core/src/convert/mod.rs:592:8

error[E0282]: type annotations needed
   --> app/src/search/command_palette/data_sources_tests.rs:888:56
    |
888 |         UserWorkspaces::handle(&app).update(&mut app, |user_workspaces, ctx| {
    |                                                        ^^^^^^^^^^^^^^^
889 |             user_workspaces.set_team_for_window(window_id, window_team.uid, ctx);
    |             --------------- type must be known at this point
    |
help: consider giving this closure parameter an explicit type
    |
888 |         UserWorkspaces::handle(&app).update(&mut app, |user_workspaces: /* Type */, ctx| {
    |                                                                       ++++++++++++

error[E0282]: type annotations needed
   --> app/src/search/command_palette/data_sources_tests.rs:895:52
    |
895 |         CloudModel::handle(&app).update(&mut app, |model, ctx| {
    |                                                    ^^^^^
896 |             model.upsert_from_server_workflow(
    |             ----- type must be known at this point
    |
help: consider giving this closure parameter an explicit type
    |
895 |         CloudModel::handle(&app).update(&mut app, |model: /* Type */, ctx| {
    |                                                         ++++++++++++

error[E0308]: mismatched types
   --> app/src/search/command_palette/data_sources_tests.rs:898:55
    |
898 |                     SyncId::ServerId(WorkflowId::from(1).into()),
    |                                      ---------------- ^ expected `WorkflowId`, found integer
    |                                      |
    |                                      arguments to this function are incorrect
    |
note: associated function defined here
   --> /rustc/ded5c06cf21d2b93bffd5d884aa6e96934ee4234/library/core/src/convert/mod.rs:592:8

error[E0277]: the trait bound `workflows::model::WorkflowId: std::convert::From<{integer}>` is not satisfied
   --> app/src/search/command_palette/data_sources_tests.rs:907:23
    |
907 |                     2.into(),
    |                       ^^^^ unsatisfied trait bound
    |
help: the trait `std::convert::From<{integer}>` is not implemented for `workflows::model::WorkflowId`
   --> app/src/workflows/model.rs:7:1
    |
  7 | pub struct WorkflowId(String);
    | ^^^^^^^^^^^^^^^^^^^^^
    = note: required for `{integer}` to implement `std::convert::Into<workflows::model::WorkflowId>`

error[E0282]: type annotations needed
   --> app/src/search/command_palette/data_sources_tests.rs:930:56
    |
930 |         UserWorkspaces::handle(&app).update(&mut app, |user_workspaces, ctx| {
    |                                                        ^^^^^^^^^^^^^^^
931 |             user_workspaces.update_workspaces(vec![workspace_for_test(vec![window_team])], ctx);
    |             --------------- type must be known at this point
    |
help: consider giving this closure parameter an explicit type
    |
930 |         UserWorkspaces::handle(&app).update(&mut app, |user_workspaces: /* Type */, ctx| {
    |                                                                       ++++++++++++

error[E0433]: failed to resolve: use of undeclared type `AuthManager`
  --> app/src/search/command_search/view_tests.rs:23:29
   |
23 |     app.add_singleton_model(AuthManager::new_for_test);
   |                             ^^^^^^^^^^^ use of undeclared type `AuthManager`

error[E0061]: this function takes 1 argument but 2 arguments were supplied
   --> app/src/search/command_search/view_tests.rs:46:13
    |
 46 |             CommandSearchView::new(ServerApiProvider::as_ref(ctx).get_ai_client(), ctx)
    |             ^^^^^^^^^^^^^^^^^^^^^^ ---------------------------------------------- unexpected argument #1
    |
note: associated function defined here
   --> app/src/search/command_search/view.rs:115:12
    |
115 |     pub fn new(ctx: &mut ViewContext<Self>) -> Self {
    |            ^^^
help: remove the extra argument
    |
 46 -             CommandSearchView::new(ServerApiProvider::as_ref(ctx).get_ai_client(), ctx)
 46 +             CommandSearchView::new(ctx)
    |

error: field assignment outside of initializer for an instance created with Default::default()
    --> app/src/code/editor/view.rs:2478:5
     |
2478 | /     block_spacings.text = BlockSpacing {
2479 | |         margin: Margin::uniform(0.).with_left(1.),
2480 | |         padding: Padding::uniform(0.),
2481 | |     };
     | |______^
     |
note: consider initializing the variable with `warp_editor::render::model::BlockSpacings { text: BlockSpacing {
              margin: Margin::uniform(0.).with_left(1.),
              padding: Padding::uniform(0.),
          }, ..Default::default() }` and removing relevant reassignments
    --> app/src/code/editor/view.rs:2477:5
     |
2477 |     let mut block_spacings = BlockSpacings::default();
     |     ^^^^^^^^^^^^^^^^^^^^^^^^^^^^^^^^^^^^^^^^^^^^^^^^^^
     = help: for further information visit https://rust-lang.github.io/rust-clippy/rust-1.92.0/index.html#field_reassign_with_default
     = note: `-D clippy::field-reassign-with-default` implied by `-D warnings`
     = help: to override `-D warnings` add `#[allow(clippy::field_reassign_with_default)]`

error: this `if` has identical blocks
    --> app/src/code_review/code_review_view.rs:2678:24
     |
2678 |           if is_existing {
     |  ________________________^
2679 | |             send_telemetry_from_ctx!(
2680 | |                 CodeReviewTelemetryEvent::CommentEdited {
2681 | |                     is_local: self.repo_is_local(),
...    |
2684 | |             );
2685 | |         } else {
     | |_________^
     |
note: same as this
    --> app/src/code_review/code_review_view.rs:2685:16
     |
2685 |           } else {
     |  ________________^
2686 | |             send_telemetry_from_ctx!(
2687 | |                 CodeReviewTelemetryEvent::CommentAdded {
2688 | |                     is_local: self.repo_is_local(),
...    |
2691 | |             );
2692 | |         }
     | |_________^
     = help: for further information visit https://rust-lang.github.io/rust-clippy/rust-1.92.0/index.html#if_same_then_else
     = note: `-D clippy::if-same-then-else` implied by `-D warnings`
     = help: to override `-D warnings` add `#[allow(clippy::if_same_then_else)]`

error: this loop could be written as a `while let` loop
   --> app/src/persistence/sqlite.rs:166:13
    |
166 | /             loop {
167 | |                 let first = match receiver.recv() {
168 | |                     Ok(event) => event,
169 | |                     Err(_) => break,
...   |
184 | |             }
    | |_____________^
    |
    = help: for further information visit https://rust-lang.github.io/rust-clippy/rust-1.92.0/index.html#while_let_loop
    = note: `-D clippy::while-let-loop` implied by `-D warnings`
    = help: to override `-D warnings` add `#[allow(clippy::while_let_loop)]`
help: try
    |
166 ~             while let Ok(event) = receiver.recv() {
167 +                 let first = event;
168 +                 ..
169 +             }
    |

error[E0425]: cannot find function `plan_header_presentation` in this scope
  --> app/src/settings_view/mod_tests.rs:27:24
   |
27 |     let presentation = plan_header_presentation(Some(&billing_metadata), false, false);
   |                        ^^^^^^^^^^^^^^^^^^^^^^^^ not found in this scope

error[E0425]: cannot find function `plan_header_presentation` in this scope
  --> app/src/settings_view/mod_tests.rs:37:24
   |
37 |     let presentation = plan_header_presentation(Some(&billing_metadata), false, false);
   |                        ^^^^^^^^^^^^^^^^^^^^^^^^ not found in this scope

error[E0425]: cannot find function `plan_header_presentation` in this scope
  --> app/src/settings_view/mod_tests.rs:47:24
   |
47 |     let presentation = plan_header_presentation(Some(&billing_metadata), true, false);
   |                        ^^^^^^^^^^^^^^^^^^^^^^^^ not found in this scope

error[E0425]: cannot find function `plan_header_presentation` in this scope
  --> app/src/settings_view/mod_tests.rs:55:24
   |
55 |     let presentation = plan_header_presentation(None, false, true);
   |                        ^^^^^^^^^^^^^^^^^^^^^^^^ not found in this scope

error[E0425]: cannot find function `plan_header_presentation` in this scope
  --> app/src/settings_view/mod_tests.rs:63:24
   |
63 |     let presentation = plan_header_presentation(None, false, false);
   |                        ^^^^^^^^^^^^^^^^^^^^^^^^ not found in this scope

error[E0599]: no variant or associated item named `WarpAgent` found for enum `settings_view::SettingsSection` in the current scope
   --> app/src/settings_view/mod_tests.rs:96:33
    |
 96 |     assert_eq!(SettingsSection::WarpAgent.to_string(), "Warp Agent");
    |                                 ^^^^^^^^^ variant or associated item not found in `settings_view::SettingsSection`
    |
   ::: app/src/settings_view/mod.rs:208:1
    |
208 | pub enum SettingsSection {
    | ------------------------ variant or associated item `WarpAgent` not found for this enum

error[E0599]: no variant or associated item named `AgentProfiles` found for enum `settings_view::SettingsSection` in the current scope
   --> app/src/settings_view/mod_tests.rs:97:33
    |
 97 |     assert_eq!(SettingsSection::AgentProfiles.to_string(), "Profiles");
    |                                 ^^^^^^^^^^^^^ variant or associated item not found in `settings_view::SettingsSection`
    |
   ::: app/src/settings_view/mod.rs:208:1
    |
208 | pub enum SettingsSection {
    | ------------------------ variant or associated item `AgentProfiles` not found for this enum

error[E0599]: no variant or associated item named `Knowledge` found for enum `settings_view::SettingsSection` in the current scope
   --> app/src/settings_view/mod_tests.rs:98:33
    |
 98 |     assert_eq!(SettingsSection::Knowledge.to_string(), "Knowledge");
    |                                 ^^^^^^^^^ variant or associated item not found in `settings_view::SettingsSection`
    |
   ::: app/src/settings_view/mod.rs:208:1
    |
208 | pub enum SettingsSection {
    | ------------------------ variant or associated item `Knowledge` not found for this enum

error[E0599]: no variant or associated item named `ThirdPartyCLIAgents` found for enum `settings_view::SettingsSection` in the current scope
   --> app/src/settings_view/mod_tests.rs:100:26
    |
100 |         SettingsSection::ThirdPartyCLIAgents.to_string(),
    |                          ^^^^^^^^^^^^^^^^^^^ variant or associated item not found in `settings_view::SettingsSection`
    |
   ::: app/src/settings_view/mod.rs:208:1
    |
208 | pub enum SettingsSection {
    | ------------------------ variant or associated item `ThirdPartyCLIAgents` not found for this enum

error[E0599]: no variant or associated item named `CloudEnvironments` found for enum `settings_view::SettingsSection` in the current scope
   --> app/src/settings_view/mod_tests.rs:112:26
    |
112 |         SettingsSection::CloudEnvironments.to_string(),
    |                          ^^^^^^^^^^^^^^^^^ variant or associated item not found in `settings_view::SettingsSection`
    |
   ::: app/src/settings_view/mod.rs:208:1
    |
208 | pub enum SettingsSection {
    | ------------------------ variant or associated item `CloudEnvironments` not found for this enum

error[E0599]: no variant or associated item named `WarpCloudAgentAPIKeys` found for enum `settings_view::SettingsSection` in the current scope
   --> app/src/settings_view/mod_tests.rs:116:26
    |
116 |         SettingsSection::WarpCloudAgentAPIKeys.to_string(),
    |                          ^^^^^^^^^^^^^^^^^^^^^ variant or associated item not found in `settings_view::SettingsSection`
    |
   ::: app/src/settings_view/mod.rs:208:1
    |
208 | pub enum SettingsSection {
    | ------------------------ variant or associated item `WarpCloudAgentAPIKeys` not found for this enum

error[E0599]: no variant or associated item named `Account` found for enum `settings_view::SettingsSection` in the current scope
   --> app/src/settings_view/mod_tests.rs:129:22
    |
129 |     SettingsSection::Account,
    |                      ^^^^^^^ variant or associated item not found in `settings_view::SettingsSection`
    |
   ::: app/src/settings_view/mod.rs:208:1
    |
208 | pub enum SettingsSection {
    | ------------------------ variant or associated item `Account` not found for this enum

error[E0599]: no variant or associated item named `BillingAndUsage` found for enum `settings_view::SettingsSection` in the current scope
   --> app/src/settings_view/mod_tests.rs:130:22
    |
130 |     SettingsSection::BillingAndUsage,
    |                      ^^^^^^^^^^^^^^^ variant or associated item not found in `settings_view::SettingsSection`
    |
   ::: app/src/settings_view/mod.rs:208:1
    |
208 | pub enum SettingsSection {
    | ------------------------ variant or associated item `BillingAndUsage` not found for this enum

error[E0599]: no variant or associated item named `Referrals` found for enum `settings_view::SettingsSection` in the current scope
   --> app/src/settings_view/mod_tests.rs:135:22
    |
135 |     SettingsSection::Referrals,
    |                      ^^^^^^^^^ variant or associated item not found in `settings_view::SettingsSection`
    |
   ::: app/src/settings_view/mod.rs:208:1
    |
208 | pub enum SettingsSection {
    | ------------------------ variant or associated item `Referrals` not found for this enum

error[E0599]: no variant or associated item named `SharedBlocks` found for enum `settings_view::SettingsSection` in the current scope
   --> app/src/settings_view/mod_tests.rs:137:22
    |
137 |     SettingsSection::SharedBlocks,
    |                      ^^^^^^^^^^^^ variant or associated item not found in `settings_view::SettingsSection`
    |
   ::: app/src/settings_view/mod.rs:208:1
    |
208 | pub enum SettingsSection {
    | ------------------------ variant or associated item `SharedBlocks` not found for this enum

error[E0599]: no variant or associated item named `Teams` found for enum `settings_view::SettingsSection` in the current scope
   --> app/src/settings_view/mod_tests.rs:138:22
    |
138 |     SettingsSection::Teams,
    |                      ^^^^^ variant or associated item not found in `settings_view::SettingsSection`
    |
   ::: app/src/settings_view/mod.rs:208:1
    |
208 | pub enum SettingsSection {
    | ------------------------ variant or associated item `Teams` not found for this enum

error[E0599]: no variant or associated item named `WarpDrive` found for enum `settings_view::SettingsSection` in the current scope
   --> app/src/settings_view/mod_tests.rs:139:22
    |
139 |     SettingsSection::WarpDrive,
    |                      ^^^^^^^^^ variant or associated item not found in `settings_view::SettingsSection`
    |
   ::: app/src/settings_view/mod.rs:208:1
    |
208 | pub enum SettingsSection {
    | ------------------------ variant or associated item `WarpDrive` not found for this enum

error[E0599]: no variant or associated item named `Warpify` found for enum `settings_view::SettingsSection` in the current scope
   --> app/src/settings_view/mod_tests.rs:140:22
    |
140 |     SettingsSection::Warpify,
    |                      ^^^^^^^ variant or associated item not found in `settings_view::SettingsSection`
    |
   ::: app/src/settings_view/mod.rs:208:1
    |
208 | pub enum SettingsSection {
    | ------------------------ variant or associated item `Warpify` not found for this enum

error[E0599]: no variant or associated item named `WarpAgent` found for enum `settings_view::SettingsSection` in the current scope
   --> app/src/settings_view/mod_tests.rs:141:22
    |
141 |     SettingsSection::WarpAgent,
    |                      ^^^^^^^^^ variant or associated item not found in `settings_view::SettingsSection`
    |
   ::: app/src/settings_view/mod.rs:208:1
    |
208 | pub enum SettingsSection {
    | ------------------------ variant or associated item `WarpAgent` not found for this enum

error[E0599]: no variant or associated item named `AgentProfiles` found for enum `settings_view::SettingsSection` in the current scope
   --> app/src/settings_view/mod_tests.rs:142:22
    |
142 |     SettingsSection::AgentProfiles,
    |                      ^^^^^^^^^^^^^ variant or associated item not found in `settings_view::SettingsSection`
    |
   ::: app/src/settings_view/mod.rs:208:1
    |
208 | pub enum SettingsSection {
    | ------------------------ variant or associated item `AgentProfiles` not found for this enum

error[E0599]: no variant or associated item named `Knowledge` found for enum `settings_view::SettingsSection` in the current scope
   --> app/src/settings_view/mod_tests.rs:143:22
    |
143 |     SettingsSection::Knowledge,
    |                      ^^^^^^^^^ variant or associated item not found in `settings_view::SettingsSection`
    |
   ::: app/src/settings_view/mod.rs:208:1
    |
208 | pub enum SettingsSection {
    | ------------------------ variant or associated item `Knowledge` not found for this enum

error[E0599]: no variant or associated item named `ThirdPartyCLIAgents` found for enum `settings_view::SettingsSection` in the current scope
   --> app/src/settings_view/mod_tests.rs:144:22
    |
144 |     SettingsSection::ThirdPartyCLIAgents,
    |                      ^^^^^^^^^^^^^^^^^^^ variant or associated item not found in `settings_view::SettingsSection`
    |
   ::: app/src/settings_view/mod.rs:208:1
    |
208 | pub enum SettingsSection {
    | ------------------------ variant or associated item `ThirdPartyCLIAgents` not found for this enum

error[E0599]: no variant or associated item named `CloudEnvironments` found for enum `settings_view::SettingsSection` in the current scope
   --> app/src/settings_view/mod_tests.rs:147:22
    |
147 |     SettingsSection::CloudEnvironments,
    |                      ^^^^^^^^^^^^^^^^^ variant or associated item not found in `settings_view::SettingsSection`
    |
   ::: app/src/settings_view/mod.rs:208:1
    |
208 | pub enum SettingsSection {
    | ------------------------ variant or associated item `CloudEnvironments` not found for this enum

error[E0599]: no variant or associated item named `WarpCloudAgentAPIKeys` found for enum `settings_view::SettingsSection` in the current scope
   --> app/src/settings_view/mod_tests.rs:148:22
    |
148 |     SettingsSection::WarpCloudAgentAPIKeys,
    |                      ^^^^^^^^^^^^^^^^^^^^^ variant or associated item not found in `settings_view::SettingsSection`
    |
   ::: app/src/settings_view/mod.rs:208:1
    |
208 | pub enum SettingsSection {
    | ------------------------ variant or associated item `WarpCloudAgentAPIKeys` not found for this enum

error[E0599]: no variant or associated item named `WarpCloudAgentAPIKeys` found for enum `settings_view::SettingsSection` in the current scope
   --> app/src/settings_view/mod_tests.rs:155:24
    |
155 |     &[SettingsSection::WarpCloudAgentAPIKeys];
    |                        ^^^^^^^^^^^^^^^^^^^^^ variant or associated item not found in `settings_view::SettingsSection`
    |
   ::: app/src/settings_view/mod.rs:208:1
    |
208 | pub enum SettingsSection {
    | ------------------------ variant or associated item `WarpCloudAgentAPIKeys` not found for this enum

error[E0599]: no variant or associated item named `Account` found for enum `settings_view::SettingsSection` in the current scope
   --> app/src/settings_view/mod_tests.rs:162:32
    |
162 |             | SettingsSection::Account
    |                                ^^^^^^^ variant or associated item not found in `settings_view::SettingsSection`
    |
   ::: app/src/settings_view/mod.rs:208:1
    |
208 | pub enum SettingsSection {
    | ------------------------ variant or associated item `Account` not found for this enum

error[E0599]: no variant or associated item named `BillingAndUsage` found for enum `settings_view::SettingsSection` in the current scope
   --> app/src/settings_view/mod_tests.rs:163:32
    |
163 |             | SettingsSection::BillingAndUsage
    |                                ^^^^^^^^^^^^^^^ variant or associated item not found in `settings_view::SettingsSection`
    |
   ::: app/src/settings_view/mod.rs:208:1
    |
208 | pub enum SettingsSection {
    | ------------------------ variant or associated item `BillingAndUsage` not found for this enum

error[E0599]: no variant or associated item named `Referrals` found for enum `settings_view::SettingsSection` in the current scope
   --> app/src/settings_view/mod_tests.rs:168:32
    |
168 |             | SettingsSection::Referrals
    |                                ^^^^^^^^^ variant or associated item not found in `settings_view::SettingsSection`
    |
   ::: app/src/settings_view/mod.rs:208:1
    |
208 | pub enum SettingsSection {
    | ------------------------ variant or associated item `Referrals` not found for this enum

error[E0599]: no variant or associated item named `SharedBlocks` found for enum `settings_view::SettingsSection` in the current scope
   --> app/src/settings_view/mod_tests.rs:170:32
    |
170 |             | SettingsSection::SharedBlocks
    |                                ^^^^^^^^^^^^ variant or associated item not found in `settings_view::SettingsSection`
    |
   ::: app/src/settings_view/mod.rs:208:1
    |
208 | pub enum SettingsSection {
    | ------------------------ variant or associated item `SharedBlocks` not found for this enum

error[E0599]: no variant or associated item named `Teams` found for enum `settings_view::SettingsSection` in the current scope
   --> app/src/settings_view/mod_tests.rs:171:32
    |
171 |             | SettingsSection::Teams
    |                                ^^^^^ variant or associated item not found in `settings_view::SettingsSection`
    |
   ::: app/src/settings_view/mod.rs:208:1
    |
208 | pub enum SettingsSection {
    | ------------------------ variant or associated item `Teams` not found for this enum

error[E0599]: no variant or associated item named `WarpDrive` found for enum `settings_view::SettingsSection` in the current scope
   --> app/src/settings_view/mod_tests.rs:172:32
    |
172 |             | SettingsSection::WarpDrive
    |                                ^^^^^^^^^ variant or associated item not found in `settings_view::SettingsSection`
    |
   ::: app/src/settings_view/mod.rs:208:1
    |
208 | pub enum SettingsSection {
    | ------------------------ variant or associated item `WarpDrive` not found for this enum

error[E0599]: no variant or associated item named `Warpify` found for enum `settings_view::SettingsSection` in the current scope
   --> app/src/settings_view/mod_tests.rs:173:32
    |
173 |             | SettingsSection::Warpify
    |                                ^^^^^^^ variant or associated item not found in `settings_view::SettingsSection`
    |
   ::: app/src/settings_view/mod.rs:208:1
    |
208 | pub enum SettingsSection {
    | ------------------------ variant or associated item `Warpify` not found for this enum

error[E0599]: no variant or associated item named `WarpAgent` found for enum `settings_view::SettingsSection` in the current scope
   --> app/src/settings_view/mod_tests.rs:174:32
    |
174 |             | SettingsSection::WarpAgent
    |                                ^^^^^^^^^ variant or associated item not found in `settings_view::SettingsSection`
    |
   ::: app/src/settings_view/mod.rs:208:1
    |
208 | pub enum SettingsSection {
    | ------------------------ variant or associated item `WarpAgent` not found for this enum

error[E0599]: no variant or associated item named `AgentProfiles` found for enum `settings_view::SettingsSection` in the current scope
   --> app/src/settings_view/mod_tests.rs:175:32
    |
175 |             | SettingsSection::AgentProfiles
    |                                ^^^^^^^^^^^^^ variant or associated item not found in `settings_view::SettingsSection`
    |
   ::: app/src/settings_view/mod.rs:208:1
    |
208 | pub enum SettingsSection {
    | ------------------------ variant or associated item `AgentProfiles` not found for this enum

error[E0599]: no variant or associated item named `Knowledge` found for enum `settings_view::SettingsSection` in the current scope
   --> app/src/settings_view/mod_tests.rs:176:32
    |
176 |             | SettingsSection::Knowledge
    |                                ^^^^^^^^^ variant or associated item not found in `settings_view::SettingsSection`
    |
   ::: app/src/settings_view/mod.rs:208:1
    |
208 | pub enum SettingsSection {
    | ------------------------ variant or associated item `Knowledge` not found for this enum

error[E0599]: no variant or associated item named `ThirdPartyCLIAgents` found for enum `settings_view::SettingsSection` in the current scope
   --> app/src/settings_view/mod_tests.rs:177:32
    |
177 |             | SettingsSection::ThirdPartyCLIAgents
    |                                ^^^^^^^^^^^^^^^^^^^ variant or associated item not found in `settings_view::SettingsSection`
    |
   ::: app/src/settings_view/mod.rs:208:1
    |
208 | pub enum SettingsSection {
    | ------------------------ variant or associated item `ThirdPartyCLIAgents` not found for this enum

error[E0599]: no variant or associated item named `CloudEnvironments` found for enum `settings_view::SettingsSection` in the current scope
   --> app/src/settings_view/mod_tests.rs:180:32
    |
180 |             | SettingsSection::CloudEnvironments
    |                                ^^^^^^^^^^^^^^^^^ variant or associated item not found in `settings_view::SettingsSection`
    |
   ::: app/src/settings_view/mod.rs:208:1
    |
208 | pub enum SettingsSection {
    | ------------------------ variant or associated item `CloudEnvironments` not found for this enum

error[E0599]: no variant or associated item named `WarpCloudAgentAPIKeys` found for enum `settings_view::SettingsSection` in the current scope
   --> app/src/settings_view/mod_tests.rs:181:32
    |
181 |             | SettingsSection::WarpCloudAgentAPIKeys => section,
    |                                ^^^^^^^^^^^^^^^^^^^^^ variant or associated item not found in `settings_view::SettingsSection`
    |
   ::: app/src/settings_view/mod.rs:208:1
    |
208 | pub enum SettingsSection {
    | ------------------------ variant or associated item `WarpCloudAgentAPIKeys` not found for this enum

error[E0599]: no variant or associated item named `WarpCloudAgentAPIKeys` found for enum `settings_view::SettingsSection` in the current scope
   --> app/src/settings_view/mod_tests.rs:235:26
    |
235 |         SettingsSection::WarpCloudAgentAPIKeys.to_string(),
    |                          ^^^^^^^^^^^^^^^^^^^^^ variant or associated item not found in `settings_view::SettingsSection`
    |
   ::: app/src/settings_view/mod.rs:208:1
    |
208 | pub enum SettingsSection {
    | ------------------------ variant or associated item `WarpCloudAgentAPIKeys` not found for this enum

error[E0599]: no variant or associated item named `WarpCloudAgentAPIKeys` found for enum `settings_view::SettingsSection` in the current scope
   --> app/src/settings_view/mod_tests.rs:239:26
    |
239 |         SettingsSection::WarpCloudAgentAPIKeys.slug(),
    |                          ^^^^^^^^^^^^^^^^^^^^^ variant or associated item not found in `settings_view::SettingsSection`
    |
   ::: app/src/settings_view/mod.rs:208:1
    |
208 | pub enum SettingsSection {
    | ------------------------ variant or associated item `WarpCloudAgentAPIKeys` not found for this enum

error[E0599]: no variant or associated item named `WarpAgent` found for enum `settings_view::SettingsSection` in the current scope
   --> app/src/settings_view/mod_tests.rs:252:31
    |
252 |         Some(SettingsSection::WarpAgent)
    |                               ^^^^^^^^^ variant or associated item not found in `settings_view::SettingsSection`
    |
   ::: app/src/settings_view/mod.rs:208:1
    |
208 | pub enum SettingsSection {
    | ------------------------ variant or associated item `WarpAgent` not found for this enum

error[E0599]: no variant or associated item named `WarpDrive` found for enum `settings_view::SettingsSection` in the current scope
   --> app/src/settings_view/mod_tests.rs:256:31
    |
256 |         Some(SettingsSection::WarpDrive)
    |                               ^^^^^^^^^ variant or associated item not found in `settings_view::SettingsSection`
    |
   ::: app/src/settings_view/mod.rs:208:1
    |
208 | pub enum SettingsSection {
    | ------------------------ variant or associated item `WarpDrive` not found for this enum

error[E0599]: no variant or associated item named `AgentProfiles` found for enum `settings_view::SettingsSection` in the current scope
   --> app/src/settings_view/mod_tests.rs:260:31
    |
260 |         Some(SettingsSection::AgentProfiles)
    |                               ^^^^^^^^^^^^^ variant or associated item not found in `settings_view::SettingsSection`
    |
   ::: app/src/settings_view/mod.rs:208:1
    |
208 | pub enum SettingsSection {
    | ------------------------ variant or associated item `AgentProfiles` not found for this enum

error[E0599]: no variant or associated item named `ThirdPartyCLIAgents` found for enum `settings_view::SettingsSection` in the current scope
   --> app/src/settings_view/mod_tests.rs:264:31
    |
264 |         Some(SettingsSection::ThirdPartyCLIAgents)
    |                               ^^^^^^^^^^^^^^^^^^^ variant or associated item not found in `settings_view::SettingsSection`
    |
   ::: app/src/settings_view/mod.rs:208:1
    |
208 | pub enum SettingsSection {
    | ------------------------ variant or associated item `ThirdPartyCLIAgents` not found for this enum

error[E0599]: no variant or associated item named `CloudEnvironments` found for enum `settings_view::SettingsSection` in the current scope
   --> app/src/settings_view/mod_tests.rs:276:31
    |
276 |         Some(SettingsSection::CloudEnvironments)
    |                               ^^^^^^^^^^^^^^^^^ variant or associated item not found in `settings_view::SettingsSection`
    |
   ::: app/src/settings_view/mod.rs:208:1
    |
208 | pub enum SettingsSection {
    | ------------------------ variant or associated item `CloudEnvironments` not found for this enum

error[E0599]: no variant or associated item named `WarpCloudAgentAPIKeys` found for enum `settings_view::SettingsSection` in the current scope
   --> app/src/settings_view/mod_tests.rs:280:31
    |
280 |         Some(SettingsSection::WarpCloudAgentAPIKeys)
    |                               ^^^^^^^^^^^^^^^^^^^^^ variant or associated item not found in `settings_view::SettingsSection`
    |
   ::: app/src/settings_view/mod.rs:208:1
    |
208 | pub enum SettingsSection {
    | ------------------------ variant or associated item `WarpCloudAgentAPIKeys` not found for this enum

error[E0599]: no variant or associated item named `WarpCloudAgentAPIKeys` found for enum `settings_view::SettingsSection` in the current scope
   --> app/src/settings_view/mod_tests.rs:284:31
    |
284 |         Some(SettingsSection::WarpCloudAgentAPIKeys)
    |                               ^^^^^^^^^^^^^^^^^^^^^ variant or associated item not found in `settings_view::SettingsSection`
    |
   ::: app/src/settings_view/mod.rs:208:1
    |
208 | pub enum SettingsSection {
    | ------------------------ variant or associated item `WarpCloudAgentAPIKeys` not found for this enum

error[E0599]: no variant or associated item named `WarpAgent` found for enum `settings_view::SettingsSection` in the current scope
   --> app/src/settings_view/mod_tests.rs:292:31
    |
292 |         Some(SettingsSection::WarpAgent)
    |                               ^^^^^^^^^ variant or associated item not found in `settings_view::SettingsSection`
    |
   ::: app/src/settings_view/mod.rs:208:1
    |
208 | pub enum SettingsSection {
    | ------------------------ variant or associated item `WarpAgent` not found for this enum

error[E0599]: no variant or associated item named `WarpAgent` found for enum `settings_view::SettingsSection` in the current scope
   --> app/src/settings_view/mod_tests.rs:317:22
    |
317 |     SettingsSection::WarpAgent,
    |                      ^^^^^^^^^ variant or associated item not found in `settings_view::SettingsSection`
    |
   ::: app/src/settings_view/mod.rs:208:1
    |
208 | pub enum SettingsSection {
    | ------------------------ variant or associated item `WarpAgent` not found for this enum

error[E0599]: no variant or associated item named `AgentProfiles` found for enum `settings_view::SettingsSection` in the current scope
   --> app/src/settings_view/mod_tests.rs:318:22
    |
318 |     SettingsSection::AgentProfiles,
    |                      ^^^^^^^^^^^^^ variant or associated item not found in `settings_view::SettingsSection`
    |
   ::: app/src/settings_view/mod.rs:208:1
    |
208 | pub enum SettingsSection {
    | ------------------------ variant or associated item `AgentProfiles` not found for this enum

error[E0599]: no variant or associated item named `Knowledge` found for enum `settings_view::SettingsSection` in the current scope
   --> app/src/settings_view/mod_tests.rs:319:22
    |
319 |     SettingsSection::Knowledge,
    |                      ^^^^^^^^^ variant or associated item not found in `settings_view::SettingsSection`
    |
   ::: app/src/settings_view/mod.rs:208:1
    |
208 | pub enum SettingsSection {
    | ------------------------ variant or associated item `Knowledge` not found for this enum

error[E0599]: no variant or associated item named `ThirdPartyCLIAgents` found for enum `settings_view::SettingsSection` in the current scope
   --> app/src/settings_view/mod_tests.rs:320:22
    |
320 |     SettingsSection::ThirdPartyCLIAgents,
    |                      ^^^^^^^^^^^^^^^^^^^ variant or associated item not found in `settings_view::SettingsSection`
    |
   ::: app/src/settings_view/mod.rs:208:1
    |
208 | pub enum SettingsSection {
    | ------------------------ variant or associated item `ThirdPartyCLIAgents` not found for this enum

error[E0599]: no variant or associated item named `Account` found for enum `settings_view::SettingsSection` in the current scope
   --> app/src/settings_view/mod_tests.rs:327:48
    |
327 |         SettingsNavItem::Page(SettingsSection::Account),
    |                                                ^^^^^^^ variant or associated item not found in `settings_view::SettingsSection`
    |
   ::: app/src/settings_view/mod.rs:208:1
    |
208 | pub enum SettingsSection {
    | ------------------------ variant or associated item `Account` not found for this enum

error: large size difference between variants
   --> app/src/pane_group/mod.rs:411:1
    |
411 | /   pub enum Event {
412 | |       AppStateChanged,
413 | |       Exited {
414 | |           add_to_undo_stack: bool,
...   |
513 | | /     InsertCodeReviewComments {
514 | | |         repo_path: LocalOrRemotePath,
515 | | |         comments: Vec<PendingImportedReviewComment>,
516 | | |         diff_mode: DiffMode,
517 | | |         open_code_review: Option<CodeReviewPanelArg>,
518 | | |     },
    | | |_____- the second-largest variant contains at least 176 bytes
519 | | /     OpenCodeReviewPaneAndScrollToComment {
520 | | |         open_code_review: CodeReviewPanelArg,
521 | | |         comment: AttachedReviewComment,
522 | | |         diff_mode: DiffMode,
523 | | |     },
    | | |_____- the largest variant contains at least 456 bytes
...   |
531 | |       },
532 | |   }
    | |___^ the entire enum is at least 456 bytes
    |
    = help: for further information visit https://rust-lang.github.io/rust-clippy/rust-1.92.0/index.html#large_enum_variant
help: consider boxing the large fields or introducing indirection in some other way to reduce the total size of the enum
    |
521 -         comment: AttachedReviewComment,
521 +         comment: Box<AttachedReviewComment>,
    |

error[E0599]: no variant or associated item named `BillingAndUsage` found for enum `settings_view::SettingsSection` in the current scope
   --> app/src/settings_view/mod_tests.rs:329:48
    |
329 |         SettingsNavItem::Page(SettingsSection::BillingAndUsage),
    |                                                ^^^^^^^^^^^^^^^ variant or associated item not found in `settings_view::SettingsSection`
    |
   ::: app/src/settings_view/mod.rs:208:1
    |
208 | pub enum SettingsSection {
    | ------------------------ variant or associated item `BillingAndUsage` not found for this enum

error[E0599]: no variant or associated item named `CloudEnvironments` found for enum `settings_view::SettingsSection` in the current scope
   --> app/src/settings_view/mod_tests.rs:340:34
    |
340 |                 SettingsSection::CloudEnvironments,
    |                                  ^^^^^^^^^^^^^^^^^ variant or associated item not found in `settings_view::SettingsSection`
    |
   ::: app/src/settings_view/mod.rs:208:1
    |
208 | pub enum SettingsSection {
    | ------------------------ variant or associated item `CloudEnvironments` not found for this enum

error[E0599]: no variant or associated item named `WarpCloudAgentAPIKeys` found for enum `settings_view::SettingsSection` in the current scope
   --> app/src/settings_view/mod_tests.rs:341:34
    |
341 |                 SettingsSection::WarpCloudAgentAPIKeys,
    |                                  ^^^^^^^^^^^^^^^^^^^^^ variant or associated item not found in `settings_view::SettingsSection`
    |
   ::: app/src/settings_view/mod.rs:208:1
    |
208 | pub enum SettingsSection {
    | ------------------------ variant or associated item `WarpCloudAgentAPIKeys` not found for this enum

error[E0599]: no variant or associated item named `Teams` found for enum `settings_view::SettingsSection` in the current scope
   --> app/src/settings_view/mod_tests.rs:344:48
    |
344 |         SettingsNavItem::Page(SettingsSection::Teams),
    |                                                ^^^^^ variant or associated item not found in `settings_view::SettingsSection`
    |
   ::: app/src/settings_view/mod.rs:208:1
    |
208 | pub enum SettingsSection {
    | ------------------------ variant or associated item `Teams` not found for this enum

error[E0599]: no variant or associated item named `Account` found for enum `settings_view::SettingsSection` in the current scope
   --> app/src/settings_view/mod_tests.rs:368:43
    |
368 |         NavStop::Section(SettingsSection::Account)
    |                                           ^^^^^^^ variant or associated item not found in `settings_view::SettingsSection`
    |
   ::: app/src/settings_view/mod.rs:208:1
    |
208 | pub enum SettingsSection {
    | ------------------------ variant or associated item `Account` not found for this enum

error[E0599]: no variant or associated item named `WarpAgent` found for enum `settings_view::SettingsSection` in the current scope
   --> app/src/settings_view/mod_tests.rs:374:45
    |
374 |             first_subpage: SettingsSection::WarpAgent,
    |                                             ^^^^^^^^^ variant or associated item not found in `settings_view::SettingsSection`
    |
   ::: app/src/settings_view/mod.rs:208:1
    |
208 | pub enum SettingsSection {
    | ------------------------ variant or associated item `WarpAgent` not found for this enum

error[E0599]: no variant or associated item named `ThirdPartyCLIAgents` found for enum `settings_view::SettingsSection` in the current scope
   --> app/src/settings_view/mod_tests.rs:375:44
    |
375 |             last_subpage: SettingsSection::ThirdPartyCLIAgents,
    |                                            ^^^^^^^^^^^^^^^^^^^ variant or associated item not found in `settings_view::SettingsSection`
    |
   ::: app/src/settings_view/mod.rs:208:1
    |
208 | pub enum SettingsSection {
    | ------------------------ variant or associated item `ThirdPartyCLIAgents` not found for this enum

error[E0599]: no variant or associated item named `BillingAndUsage` found for enum `settings_view::SettingsSection` in the current scope
   --> app/src/settings_view/mod_tests.rs:380:43
    |
380 |         NavStop::Section(SettingsSection::BillingAndUsage)
    |                                           ^^^^^^^^^^^^^^^ variant or associated item not found in `settings_view::SettingsSection`
    |
   ::: app/src/settings_view/mod.rs:208:1
    |
208 | pub enum SettingsSection {
    | ------------------------ variant or associated item `BillingAndUsage` not found for this enum

error[E0599]: no variant or associated item named `CloudEnvironments` found for enum `settings_view::SettingsSection` in the current scope
   --> app/src/settings_view/mod_tests.rs:394:45
    |
394 |             first_subpage: SettingsSection::CloudEnvironments,
    |                                             ^^^^^^^^^^^^^^^^^ variant or associated item not found in `settings_view::SettingsSection`
    |
   ::: app/src/settings_view/mod.rs:208:1
    |
208 | pub enum SettingsSection {
    | ------------------------ variant or associated item `CloudEnvironments` not found for this enum

error[E0599]: no variant or associated item named `WarpCloudAgentAPIKeys` found for enum `settings_view::SettingsSection` in the current scope
   --> app/src/settings_view/mod_tests.rs:395:44
    |
395 |             last_subpage: SettingsSection::WarpCloudAgentAPIKeys,
    |                                            ^^^^^^^^^^^^^^^^^^^^^ variant or associated item not found in `settings_view::SettingsSection`
    |
   ::: app/src/settings_view/mod.rs:208:1
    |
208 | pub enum SettingsSection {
    | ------------------------ variant or associated item `WarpCloudAgentAPIKeys` not found for this enum

error[E0599]: no variant or associated item named `Teams` found for enum `settings_view::SettingsSection` in the current scope
   --> app/src/settings_view/mod_tests.rs:398:66
    |
398 |     assert!(matches!(stops[5], NavStop::Section(SettingsSection::Teams)));
    |                                                                  ^^^^^ variant or associated item not found in `settings_view::SettingsSection`
    |
   ::: app/src/settings_view/mod.rs:208:1
    |
208 | pub enum SettingsSection {
    | ------------------------ variant or associated item `Teams` not found for this enum

error[E0599]: no variant or associated item named `WarpAgent` found for enum `settings_view::SettingsSection` in the current scope
   --> app/src/settings_view/mod_tests.rs:443:37
    |
443 |         section != SettingsSection::WarpAgent
    |                                     ^^^^^^^^^ variant or associated item not found in `settings_view::SettingsSection`
    |
   ::: app/src/settings_view/mod.rs:208:1
    |
208 | pub enum SettingsSection {
    | ------------------------ variant or associated item `WarpAgent` not found for this enum

error[E0599]: no variant or associated item named `AgentProfiles` found for enum `settings_view::SettingsSection` in the current scope
   --> app/src/settings_view/mod_tests.rs:459:34
    |
459 |                 SettingsSection::AgentProfiles,
    |                                  ^^^^^^^^^^^^^ variant or associated item not found in `settings_view::SettingsSection`
    |
   ::: app/src/settings_view/mod.rs:208:1
    |
208 | pub enum SettingsSection {
    | ------------------------ variant or associated item `AgentProfiles` not found for this enum

error[E0599]: no variant or associated item named `ThirdPartyCLIAgents` found for enum `settings_view::SettingsSection` in the current scope
   --> app/src/settings_view/mod_tests.rs:464:34
    |
464 |                 SettingsSection::ThirdPartyCLIAgents,
    |                                  ^^^^^^^^^^^^^^^^^^^ variant or associated item not found in `settings_view::SettingsSection`
    |
   ::: app/src/settings_view/mod.rs:208:1
    |
208 | pub enum SettingsSection {
    | ------------------------ variant or associated item `ThirdPartyCLIAgents` not found for this enum

error[E0599]: no variant or associated item named `Teams` found for enum `settings_view::SettingsSection` in the current scope
   --> app/src/settings_view/mod_tests.rs:503:83
    |
503 |     let stops = build_nav_stops(&nav_items, |section| section != SettingsSection::Teams);
    |                                                                                   ^^^^^ variant or associated item not found in `settings_view::SettingsSection`
    |
   ::: app/src/settings_view/mod.rs:208:1
    |
208 | pub enum SettingsSection {
    | ------------------------ variant or associated item `Teams` not found for this enum

error[E0599]: no variant or associated item named `Teams` found for enum `settings_view::SettingsSection` in the current scope
   --> app/src/settings_view/mod_tests.rs:508:68
    |
508 |             .any(|s| matches!(s, NavStop::Section(SettingsSection::Teams))),
    |                                                                    ^^^^^ variant or associated item not found in `settings_view::SettingsSection`
    |
   ::: app/src/settings_view/mod.rs:208:1
    |
208 | pub enum SettingsSection {
    | ------------------------ variant or associated item `Teams` not found for this enum

error[E0599]: no variant or associated item named `Account` found for enum `settings_view::SettingsSection` in the current scope
   --> app/src/settings_view/mod_tests.rs:515:68
    |
515 |             .any(|s| matches!(s, NavStop::Section(SettingsSection::Account)))
    |                                                                    ^^^^^^^ variant or associated item not found in `settings_view::SettingsSection`
    |
   ::: app/src/settings_view/mod.rs:208:1
    |
208 | pub enum SettingsSection {
    | ------------------------ variant or associated item `Account` not found for this enum

error[E0599]: no variant or associated item named `BillingAndUsage` found for enum `settings_view::SettingsSection` in the current scope
   --> app/src/settings_view/mod_tests.rs:526:71
    |
526 |     let idx = current_stop_index(&stops, &nav_items, SettingsSection::BillingAndUsage);
    |                                                                       ^^^^^^^^^^^^^^^ variant or associated item not found in `settings_view::SettingsSection`
    |
   ::: app/src/settings_view/mod.rs:208:1
    |
208 | pub enum SettingsSection {
    | ------------------------ variant or associated item `BillingAndUsage` not found for this enum

error[E0599]: no variant or associated item named `Knowledge` found for enum `settings_view::SettingsSection` in the current scope
   --> app/src/settings_view/mod_tests.rs:538:71
    |
538 |     let idx = current_stop_index(&stops, &nav_items, SettingsSection::Knowledge);
    |                                                                       ^^^^^^^^^ variant or associated item not found in `settings_view::SettingsSection`
    |
   ::: app/src/settings_view/mod.rs:208:1
    |
208 | pub enum SettingsSection {
    | ------------------------ variant or associated item `Knowledge` not found for this enum

error[E0599]: no variant or associated item named `Knowledge` found for enum `settings_view::SettingsSection` in the current scope
   --> app/src/settings_view/mod_tests.rs:555:65
    |
555 |         current_stop_index(&stops, &nav_items, SettingsSection::Knowledge),
    |                                                                 ^^^^^^^^^ variant or associated item not found in `settings_view::SettingsSection`
    |
   ::: app/src/settings_view/mod.rs:208:1
    |
208 | pub enum SettingsSection {
    | ------------------------ variant or associated item `Knowledge` not found for this enum

error[E0599]: no variant or associated item named `Account` found for enum `settings_view::SettingsSection` in the current scope
   --> app/src/settings_view/mod_tests.rs:616:26
    |
616 |         SettingsSection::Account,
    |                          ^^^^^^^ variant or associated item not found in `settings_view::SettingsSection`
    |
   ::: app/src/settings_view/mod.rs:208:1
    |
208 | pub enum SettingsSection {
    | ------------------------ variant or associated item `Account` not found for this enum

error[E0599]: no variant or associated item named `WarpAgent` found for enum `settings_view::SettingsSection` in the current scope
   --> app/src/settings_view/mod_tests.rs:619:39
    |
619 |     assert_eq!(next, SettingsSection::WarpAgent);
    |                                       ^^^^^^^^^ variant or associated item not found in `settings_view::SettingsSection`
    |
   ::: app/src/settings_view/mod.rs:208:1
    |
208 | pub enum SettingsSection {
    | ------------------------ variant or associated item `WarpAgent` not found for this enum

error[E0599]: no variant or associated item named `BillingAndUsage` found for enum `settings_view::SettingsSection` in the current scope
   --> app/src/settings_view/mod_tests.rs:634:26
    |
634 |         SettingsSection::BillingAndUsage,
    |                          ^^^^^^^^^^^^^^^ variant or associated item not found in `settings_view::SettingsSection`
    |
   ::: app/src/settings_view/mod.rs:208:1
    |
208 | pub enum SettingsSection {
    | ------------------------ variant or associated item `BillingAndUsage` not found for this enum

error[E0599]: no variant or associated item named `ThirdPartyCLIAgents` found for enum `settings_view::SettingsSection` in the current scope
   --> app/src/settings_view/mod_tests.rs:637:39
    |
637 |     assert_eq!(next, SettingsSection::ThirdPartyCLIAgents);
    |                                       ^^^^^^^^^^^^^^^^^^^ variant or associated item not found in `settings_view::SettingsSection`
    |
   ::: app/src/settings_view/mod.rs:208:1
    |
208 | pub enum SettingsSection {
    | ------------------------ variant or associated item `ThirdPartyCLIAgents` not found for this enum

error[E0599]: no variant or associated item named `Knowledge` found for enum `settings_view::SettingsSection` in the current scope
   --> app/src/settings_view/mod_tests.rs:647:30
    |
647 |             SettingsSection::Knowledge | SettingsSection::ThirdPartyCLIAgents
    |                              ^^^^^^^^^ variant or associated item not found in `settings_view::SettingsSection`
    |
   ::: app/src/settings_view/mod.rs:208:1
    |
208 | pub enum SettingsSection {
    | ------------------------ variant or associated item `Knowledge` not found for this enum

error[E0599]: no variant or associated item named `ThirdPartyCLIAgents` found for enum `settings_view::SettingsSection` in the current scope
   --> app/src/settings_view/mod_tests.rs:647:59
    |
647 |             SettingsSection::Knowledge | SettingsSection::ThirdPartyCLIAgents
    |                                                           ^^^^^^^^^^^^^^^^^^^ variant or associated item not found in `settings_view::SettingsSection`
    |
   ::: app/src/settings_view/mod.rs:208:1
    |
208 | pub enum SettingsSection {
    | ------------------------ variant or associated item `ThirdPartyCLIAgents` not found for this enum

error[E0599]: no variant or associated item named `BillingAndUsage` found for enum `settings_view::SettingsSection` in the current scope
   --> app/src/settings_view/mod_tests.rs:656:26
    |
656 |         SettingsSection::BillingAndUsage,
    |                          ^^^^^^^^^^^^^^^ variant or associated item not found in `settings_view::SettingsSection`
    |
   ::: app/src/settings_view/mod.rs:208:1
    |
208 | pub enum SettingsSection {
    | ------------------------ variant or associated item `BillingAndUsage` not found for this enum

error[E0599]: no variant or associated item named `AgentProfiles` found for enum `settings_view::SettingsSection` in the current scope
   --> app/src/settings_view/mod_tests.rs:659:39
    |
659 |     assert_eq!(next, SettingsSection::AgentProfiles);
    |                                       ^^^^^^^^^^^^^ variant or associated item not found in `settings_view::SettingsSection`
    |
   ::: app/src/settings_view/mod.rs:208:1
    |
208 | pub enum SettingsSection {
    | ------------------------ variant or associated item `AgentProfiles` not found for this enum

error[E0599]: no variant or associated item named `ThirdPartyCLIAgents` found for enum `settings_view::SettingsSection` in the current scope
   --> app/src/settings_view/mod_tests.rs:673:26
    |
673 |         SettingsSection::ThirdPartyCLIAgents,
    |                          ^^^^^^^^^^^^^^^^^^^ variant or associated item not found in `settings_view::SettingsSection`
    |
   ::: app/src/settings_view/mod.rs:208:1
    |
208 | pub enum SettingsSection {
    | ------------------------ variant or associated item `ThirdPartyCLIAgents` not found for this enum

error[E0599]: no variant or associated item named `BillingAndUsage` found for enum `settings_view::SettingsSection` in the current scope
   --> app/src/settings_view/mod_tests.rs:676:39
    |
676 |     assert_eq!(next, SettingsSection::BillingAndUsage);
    |                                       ^^^^^^^^^^^^^^^ variant or associated item not found in `settings_view::SettingsSection`
    |
   ::: app/src/settings_view/mod.rs:208:1
    |
208 | pub enum SettingsSection {
    | ------------------------ variant or associated item `BillingAndUsage` not found for this enum

error[E0599]: no variant or associated item named `BillingAndUsage` found for enum `settings_view::SettingsSection` in the current scope
   --> app/src/settings_view/mod_tests.rs:690:26
    |
690 |         SettingsSection::BillingAndUsage,
    |                          ^^^^^^^^^^^^^^^ variant or associated item not found in `settings_view::SettingsSection`
    |
   ::: app/src/settings_view/mod.rs:208:1
    |
208 | pub enum SettingsSection {
    | ------------------------ variant or associated item `BillingAndUsage` not found for this enum

error[E0599]: no variant or associated item named `CloudEnvironments` found for enum `settings_view::SettingsSection` in the current scope
   --> app/src/settings_view/mod_tests.rs:704:50
    |
704 |     assert_eq!(next_after_code, SettingsSection::CloudEnvironments);
    |                                                  ^^^^^^^^^^^^^^^^^ variant or associated item not found in `settings_view::SettingsSection`
    |
   ::: app/src/settings_view/mod.rs:208:1
    |
208 | pub enum SettingsSection {
    | ------------------------ variant or associated item `CloudEnvironments` not found for this enum

error[E0599]: no variant or associated item named `WarpAgent` found for enum `settings_view::SettingsSection` in the current scope
   --> app/src/settings_view/mod_tests.rs:714:30
    |
714 |             SettingsSection::WarpAgent | SettingsSection::AgentProfiles
    |                              ^^^^^^^^^ variant or associated item not found in `settings_view::SettingsSection`
    |
   ::: app/src/settings_view/mod.rs:208:1
    |
208 | pub enum SettingsSection {
    | ------------------------ variant or associated item `WarpAgent` not found for this enum

error[E0599]: no variant or associated item named `AgentProfiles` found for enum `settings_view::SettingsSection` in the current scope
   --> app/src/settings_view/mod_tests.rs:714:59
    |
714 |             SettingsSection::WarpAgent | SettingsSection::AgentProfiles
    |                                                           ^^^^^^^^^^^^^ variant or associated item not found in `settings_view::SettingsSection`
    |
   ::: app/src/settings_view/mod.rs:208:1
    |
208 | pub enum SettingsSection {
    | ------------------------ variant or associated item `AgentProfiles` not found for this enum

error[E0599]: no variant or associated item named `Account` found for enum `settings_view::SettingsSection` in the current scope
   --> app/src/settings_view/mod_tests.rs:723:26
    |
723 |         SettingsSection::Account,
    |                          ^^^^^^^ variant or associated item not found in `settings_view::SettingsSection`
    |
   ::: app/src/settings_view/mod.rs:208:1
    |
208 | pub enum SettingsSection {
    | ------------------------ variant or associated item `Account` not found for this enum

error[E0599]: no variant or associated item named `Knowledge` found for enum `settings_view::SettingsSection` in the current scope
   --> app/src/settings_view/mod_tests.rs:726:39
    |
726 |     assert_eq!(next, SettingsSection::Knowledge);
    |                                       ^^^^^^^^^ variant or associated item not found in `settings_view::SettingsSection`
    |
   ::: app/src/settings_view/mod.rs:208:1
    |
208 | pub enum SettingsSection {
    | ------------------------ variant or associated item `Knowledge` not found for this enum

error[E0599]: no variant or associated item named `Oz` found for enum `tab_configs::session_config::SessionType` in the current scope
  --> app/src/tab_configs/session_config_tests.rs:21:29
   |
21 |     assert_eq!(SessionType::Oz.command_prefix(), None);
   |                             ^^ variant or associated item not found in `tab_configs::session_config::SessionType`
   |
  ::: app/src/tab_configs/session_config.rs:17:1
   |
17 | pub enum SessionType {
   | -------------------- variant or associated item `Oz` not found for this enum

error[E0599]: no variant or associated item named `CliAgent` found for enum `tab_configs::session_config::SessionType` in the current scope
  --> app/src/tab_configs/session_config_tests.rs:27:22
   |
27 |         SessionType::CliAgent(CLIAgent::Claude).command_prefix(),
   |                      ^^^^^^^^ variant or associated item not found in `tab_configs::session_config::SessionType`
   |
  ::: app/src/tab_configs/session_config.rs:17:1
   |
17 | pub enum SessionType {
   | -------------------- variant or associated item `CliAgent` not found for this enum

error[E0599]: no variant or associated item named `CliAgent` found for enum `tab_configs::session_config::SessionType` in the current scope
  --> app/src/tab_configs/session_config_tests.rs:31:22
   |
31 |         SessionType::CliAgent(CLIAgent::Codex).command_prefix(),
   |                      ^^^^^^^^ variant or associated item not found in `tab_configs::session_config::SessionType`
   |
  ::: app/src/tab_configs/session_config.rs:17:1
   |
17 | pub enum SessionType {
   | -------------------- variant or associated item `CliAgent` not found for this enum

error[E0599]: no variant or associated item named `CliAgent` found for enum `tab_configs::session_config::SessionType` in the current scope
  --> app/src/tab_configs/session_config_tests.rs:35:22
   |
35 |         SessionType::CliAgent(CLIAgent::Gemini).command_prefix(),
   |                      ^^^^^^^^ variant or associated item not found in `tab_configs::session_config::SessionType`
   |
  ::: app/src/tab_configs/session_config.rs:17:1
   |
17 | pub enum SessionType {
   | -------------------- variant or associated item `CliAgent` not found for this enum

error[E0599]: no variant or associated item named `CliAgent` found for enum `tab_configs::session_config::SessionType` in the current scope
  --> app/src/tab_configs/session_config_tests.rs:65:23
   |
65 |         &SessionType::CliAgent(CLIAgent::Claude),
   |                       ^^^^^^^^ variant or associated item not found in `tab_configs::session_config::SessionType`
   |
  ::: app/src/tab_configs/session_config.rs:17:1
   |
17 | pub enum SessionType {
   | -------------------- variant or associated item `CliAgent` not found for this enum

error[E0599]: no variant or associated item named `CliAgent` found for enum `tab_configs::session_config::SessionType` in the current scope
   --> app/src/tab_configs/session_config_tests.rs:108:23
    |
108 |         &SessionType::CliAgent(CLIAgent::Gemini),
    |                       ^^^^^^^^ variant or associated item not found in `tab_configs::session_config::SessionType`
    |
   ::: app/src/tab_configs/session_config.rs:17:1
    |
 17 | pub enum SessionType {
    | -------------------- variant or associated item `CliAgent` not found for this enum

error[E0599]: no variant or associated item named `Oz` found for enum `tab_configs::session_config::SessionType` in the current scope
   --> app/src/tab_configs/session_config_tests.rs:135:23
    |
135 |         &SessionType::Oz,
    |                       ^^ variant or associated item not found in `tab_configs::session_config::SessionType`
    |
   ::: app/src/tab_configs/session_config.rs:17:1
    |
 17 | pub enum SessionType {
    | -------------------- variant or associated item `Oz` not found for this enum

error[E0599]: no variant or associated item named `Oz` found for enum `tab_configs::session_config::SessionType` in the current scope
   --> app/src/tab_configs/session_config_tests.rs:154:49
    |
154 |     let config = build_tab_config(&SessionType::Oz, Path::new("/home/user/repo"), true, false);
    |                                                 ^^ variant or associated item not found in `tab_configs::session_config::SessionType`
    |
   ::: app/src/tab_configs/session_config.rs:17:1
    |
 17 | pub enum SessionType {
    | -------------------- variant or associated item `Oz` not found for this enum

error[E0599]: no variant or associated item named `CliAgent` found for enum `tab_configs::session_config::SessionType` in the current scope
   --> app/src/tab_configs/session_config_tests.rs:208:23
    |
208 |         &SessionType::CliAgent(CLIAgent::Claude),
    |                       ^^^^^^^^ variant or associated item not found in `tab_configs::session_config::SessionType`
    |
   ::: app/src/tab_configs/session_config.rs:17:1
    |
 17 | pub enum SessionType {
    | -------------------- variant or associated item `CliAgent` not found for this enum

error[E0599]: no variant or associated item named `CliAgent` found for enum `tab_configs::session_config::SessionType` in the current scope
   --> app/src/tab_configs/session_config_tests.rs:256:23
    |
256 |         &SessionType::CliAgent(CLIAgent::Claude),
    |                       ^^^^^^^^ variant or associated item not found in `tab_configs::session_config::SessionType`
    |
   ::: app/src/tab_configs/session_config.rs:17:1
    |
 17 | pub enum SessionType {
    | -------------------- variant or associated item `CliAgent` not found for this enum

error[E0599]: no variant or associated item named `CliAgent` found for enum `tab_configs::session_config::SessionType` in the current scope
   --> app/src/tab_configs/session_config_tests.rs:327:23
    |
327 |         &SessionType::CliAgent(CLIAgent::Claude),
    |                       ^^^^^^^^ variant or associated item not found in `tab_configs::session_config::SessionType`
    |
   ::: app/src/tab_configs/session_config.rs:17:1
    |
 17 | pub enum SessionType {
    | -------------------- variant or associated item `CliAgent` not found for this enum

error[E0560]: struct `app_state::TerminalPaneSnapshot` has no field named `is_read_only`
   --> app/src/tab_configs/session_config_tests.rs:410:13
    |
410 |             is_read_only: false,
    |             ^^^^^^^^^^^^ `app_state::TerminalPaneSnapshot` does not have this field
    |
    = note: all struct fields are already assigned

error[E0560]: struct `app_state::TerminalPaneSnapshot` has no field named `input_config`
   --> app/src/tab_configs/session_config_tests.rs:411:13
    |
411 |             input_config: None,
    |             ^^^^^^^^^^^^ `app_state::TerminalPaneSnapshot` does not have this field
    |
    = note: all struct fields are already assigned

error[E0560]: struct `app_state::TerminalPaneSnapshot` has no field named `llm_model_override`
   --> app/src/tab_configs/session_config_tests.rs:412:13
    |
412 |             llm_model_override: None,
    |             ^^^^^^^^^^^^^^^^^^ `app_state::TerminalPaneSnapshot` does not have this field
    |
    = note: all struct fields are already assigned

error[E0560]: struct `app_state::TerminalPaneSnapshot` has no field named `active_profile_id`
   --> app/src/tab_configs/session_config_tests.rs:413:13
    |
413 |             active_profile_id: None,
    |             ^^^^^^^^^^^^^^^^^ `app_state::TerminalPaneSnapshot` does not have this field
    |
    = note: all struct fields are already assigned

error[E0560]: struct `app_state::TerminalPaneSnapshot` has no field named `conversation_ids_to_restore`
   --> app/src/tab_configs/session_config_tests.rs:414:13
    |
414 |             conversation_ids_to_restore: vec![],
    |             ^^^^^^^^^^^^^^^^^^^^^^^^^^^ `app_state::TerminalPaneSnapshot` does not have this field
    |
    = note: all struct fields are already assigned

error[E0560]: struct `app_state::TerminalPaneSnapshot` has no field named `active_conversation_id`
   --> app/src/tab_configs/session_config_tests.rs:415:13
    |
415 |             active_conversation_id: None,
    |             ^^^^^^^^^^^^^^^^^^^^^^ `app_state::TerminalPaneSnapshot` does not have this field
    |
    = note: all struct fields are already assigned

error[E0599]: no variant named `CloudNotebook` found for enum `app_state::NotebookPaneSnapshot`
   --> app/src/tab_configs/session_config_tests.rs:530:64
    |
530 |         contents: LeafContents::Notebook(NotebookPaneSnapshot::CloudNotebook {
    |                                                                ^^^^^^^^^^^^^ variant not found in `app_state::NotebookPaneSnapshot`
    |
   ::: app/src/app_state.rs:137:1
    |
137 | pub enum NotebookPaneSnapshot {
    | ----------------------------- variant `CloudNotebook` not found here

error[E0560]: struct `app_state::TerminalPaneSnapshot` has no field named `is_read_only`
   --> app/src/tab_configs/session_config_tests.rs:612:13
    |
612 |             is_read_only: false,
    |             ^^^^^^^^^^^^ `app_state::TerminalPaneSnapshot` does not have this field
    |
    = note: all struct fields are already assigned

error[E0560]: struct `app_state::TerminalPaneSnapshot` has no field named `input_config`
   --> app/src/tab_configs/session_config_tests.rs:613:13
    |
613 |             input_config: None,
    |             ^^^^^^^^^^^^ `app_state::TerminalPaneSnapshot` does not have this field
    |
    = note: all struct fields are already assigned

error[E0560]: struct `app_state::TerminalPaneSnapshot` has no field named `llm_model_override`
   --> app/src/tab_configs/session_config_tests.rs:614:13
    |
614 |             llm_model_override: None,
    |             ^^^^^^^^^^^^^^^^^^ `app_state::TerminalPaneSnapshot` does not have this field
    |
    = note: all struct fields are already assigned

error[E0560]: struct `app_state::TerminalPaneSnapshot` has no field named `active_profile_id`
   --> app/src/tab_configs/session_config_tests.rs:615:13
    |
615 |             active_profile_id: None,
    |             ^^^^^^^^^^^^^^^^^ `app_state::TerminalPaneSnapshot` does not have this field
    |
    = note: all struct fields are already assigned

error[E0560]: struct `app_state::TerminalPaneSnapshot` has no field named `conversation_ids_to_restore`
   --> app/src/tab_configs/session_config_tests.rs:616:13
    |
616 |             conversation_ids_to_restore: vec![],
    |             ^^^^^^^^^^^^^^^^^^^^^^^^^^^ `app_state::TerminalPaneSnapshot` does not have this field
    |
    = note: all struct fields are already assigned

error[E0560]: struct `app_state::TerminalPaneSnapshot` has no field named `active_conversation_id`
   --> app/src/tab_configs/session_config_tests.rs:617:13
    |
617 |             active_conversation_id: Some(AIConversationId::new()),
    |             ^^^^^^^^^^^^^^^^^^^^^^ `app_state::TerminalPaneSnapshot` does not have this field
    |
    = note: all struct fields are already assigned

error[E0599]: no variant or associated item named `AmbientAgent` found for enum `app_state::LeafContents` in the current scope
   --> app/src/tab_configs/session_config_tests.rs:626:33
    |
626 |         contents: LeafContents::AmbientAgent(AmbientAgentPaneSnapshot {
    |                                 ^^^^^^^^^^^^ variant or associated item not found in `app_state::LeafContents`
    |
   ::: app/src/app_state.rs:111:1
    |
111 | pub enum LeafContents {
    | --------------------- variant or associated item `AmbientAgent` not found for this enum

error: this match could be replaced by its body itself
   --> app/src/settings_view/mod.rs:269:5
    |
269 | /     match slug {
270 | |         _ => None,
271 | |     }
    | |_____^ help: consider using the match body instead: `None`
    |
    = help: for further information visit https://rust-lang.github.io/rust-clippy/rust-1.92.0/index.html#match_single_binding
    = note: `-D clippy::match-single-binding` implied by `-D warnings`
    = help: to override `-D warnings` add `#[allow(clippy::match_single_binding)]`

error: this `if` statement can be collapsed
    --> app/src/settings_view/mod.rs:1548:9
     |
1548 | /         if let Some(current_page) = self.current_settings_page() {
1549 | |             if let SettingsPageViewHandle::Keybindings(view_handle) = &current_page.view_handle {
1550 | |                 view_handle.update(ctx, |view, ctx| view.on_tab_pressed(ctx));
1551 | |             }
1552 | |         }
     | |_________^
     |
     = help: for further information visit https://rust-lang.github.io/rust-clippy/rust-1.92.0/index.html#collapsible_if
     = note: `-D clippy::collapsible-if` implied by `-D warnings`
     = help: to override `-D warnings` add `#[allow(clippy::collapsible_if)]`
help: collapse nested if block
     |
1548 ~         if let Some(current_page) = self.current_settings_page()
1549 ~             && let SettingsPageViewHandle::Keybindings(view_handle) = &current_page.view_handle {
1550 |                 view_handle.update(ctx, |view, ctx| view.on_tab_pressed(ctx));
1551 ~             }
     |

error[E0560]: struct `terminal::history::HistoryEntry` has no field named `workflow_id`
  --> app/src/terminal/history_tests.rs:70:13
   |
70 |             workflow_id: None,
   |             ^^^^^^^^^^^ `terminal::history::HistoryEntry` does not have this field
   |
   = note: all struct fields are already assigned

error[E0560]: struct `terminal::history::HistoryEntry` has no field named `is_agent_executed`
  --> app/src/terminal/history_tests.rs:77:13
   |
77 |             is_agent_executed: false,
   |             ^^^^^^^^^^^^^^^^^ `terminal::history::HistoryEntry` does not have this field
   |
   = note: all struct fields are already assigned

error[E0560]: struct `terminal::history::HistoryEntry` has no field named `workflow_id`
  --> app/src/terminal/history_tests.rs:91:13
   |
91 |             workflow_id: None,
   |             ^^^^^^^^^^^ `terminal::history::HistoryEntry` does not have this field
   |
   = note: all struct fields are already assigned

error[E0560]: struct `terminal::history::HistoryEntry` has no field named `is_agent_executed`
  --> app/src/terminal/history_tests.rs:98:13
   |
98 |             is_agent_executed: false,
   |             ^^^^^^^^^^^^^^^^^ `terminal::history::HistoryEntry` does not have this field
   |
   = note: all struct fields are already assigned

error[E0599]: no method named `set_agent_interaction_mode_for_requested_command` found for struct `terminal::model::block::Block` in the current scope
   --> app/src/terminal/history_tests.rs:109:11
    |
109 |     block.set_agent_interaction_mode_for_requested_command(
    |     ------^^^^^^^^^^^^^^^^^^^^^^^^^^^^^^^^^^^^^^^^^^^^^^^^ method not found in `terminal::model::block::Block`
    |
   ::: app/src/terminal/model/block.rs:139:1
    |
139 | pub struct Block {
    | ---------------- method `set_agent_interaction_mode_for_requested_command` not found for this struct

error[E0609]: no field `is_agent_executed` on type `terminal::history::HistoryEntry`
   --> app/src/terminal/history_tests.rs:117:19
    |
117 |     assert!(entry.is_agent_executed);
    |                   ^^^^^^^^^^^^^^^^^ unknown field
    |
    = note: available fields are: `session_id`, `command`, `pwd`, `start_ts`, `completed_ts` ... and 5 others

error[E0599]: no method named `set_agent_interaction_mode` found for struct `terminal::model::block::Block` in the current scope
   --> app/src/terminal/history_tests.rs:125:11
    |
125 |     block.set_agent_interaction_mode(AgentInteractionMetadata::new(
    |     ------^^^^^^^^^^^^^^^^^^^^^^^^^^ method not found in `terminal::model::block::Block`
    |
   ::: app/src/terminal/model/block.rs:139:1
    |
139 | pub struct Block {
    | ---------------- method `set_agent_interaction_mode` not found for this struct

error[E0609]: no field `is_agent_executed` on type `terminal::history::HistoryEntry`
   --> app/src/terminal/history_tests.rs:136:20
    |
136 |     assert!(!entry.is_agent_executed);
    |                    ^^^^^^^^^^^^^^^^^ unknown field
    |
    = note: available fields are: `session_id`, `command`, `pwd`, `start_ts`, `completed_ts` ... and 5 others

error[E0560]: struct `terminal::model::block::serialized_block::SerializedBlock` has no field named `ai_metadata`
   --> app/src/terminal/history_tests.rs:149:9
    |
149 |         ai_metadata: Some(ai_metadata),
    |         ^^^^^^^^^^^ `terminal::model::block::serialized_block::SerializedBlock` does not have this field
    |
    = note: available fields are: `id`, `stylized_command`, `stylized_output`, `pwd`, `git_head` ... and 18 others

error[E0609]: no field `is_agent_executed` on type `terminal::history::HistoryEntry`
   --> app/src/terminal/history_tests.rs:155:19
    |
155 |     assert!(entry.is_agent_executed);
    |                   ^^^^^^^^^^^^^^^^^ unknown field
    |
    = note: available fields are: `session_id`, `command`, `pwd`, `start_ts`, `completed_ts` ... and 5 others

error[E0560]: struct `terminal::model::block::serialized_block::SerializedBlock` has no field named `ai_metadata`
   --> app/src/terminal/history_tests.rs:165:9
    |
165 |         ai_metadata: Some(ai_metadata),
    |         ^^^^^^^^^^^ `terminal::model::block::serialized_block::SerializedBlock` does not have this field
    |
    = note: available fields are: `id`, `stylized_command`, `stylized_output`, `pwd`, `git_head` ... and 18 others

error[E0609]: no field `is_agent_executed` on type `terminal::history::HistoryEntry`
   --> app/src/terminal/history_tests.rs:171:20
    |
171 |     assert!(!entry.is_agent_executed);
    |                    ^^^^^^^^^^^^^^^^^ unknown field
    |
    = note: available fields are: `session_id`, `command`, `pwd`, `start_ts`, `completed_ts` ... and 5 others

error[E0560]: struct `terminal::history::PersistedCommand` has no field named `workflow_id`
   --> app/src/terminal/history_tests.rs:774:17
    |
774 |                 workflow_id: None,
    |                 ^^^^^^^^^^^ `terminal::history::PersistedCommand` does not have this field
    |
    = note: all struct fields are already assigned

error[E0560]: struct `terminal::history::PersistedCommand` has no field named `is_agent_executed`
   --> app/src/terminal/history_tests.rs:776:17
    |
776 |                 is_agent_executed: false,
    |                 ^^^^^^^^^^^^^^^^^ `terminal::history::PersistedCommand` does not have this field
    |
    = note: all struct fields are already assigned

error[E0560]: struct `terminal::history::PersistedCommand` has no field named `workflow_id`
   --> app/src/terminal/history_tests.rs:788:17
    |
788 |                 workflow_id: None,
    |                 ^^^^^^^^^^^ `terminal::history::PersistedCommand` does not have this field
    |
    = note: all struct fields are already assigned

error[E0560]: struct `terminal::history::PersistedCommand` has no field named `is_agent_executed`
   --> app/src/terminal/history_tests.rs:790:17
    |
790 |                 is_agent_executed: false,
    |                 ^^^^^^^^^^^^^^^^^ `terminal::history::PersistedCommand` does not have this field
    |
    = note: all struct fields are already assigned

error[E0560]: struct `terminal::history::HistoryEntry` has no field named `workflow_id`
   --> app/src/terminal/history_tests.rs:820:25
    |
820 |                         workflow_id: None,
    |                         ^^^^^^^^^^^ `terminal::history::HistoryEntry` does not have this field
    |
    = note: all struct fields are already assigned

error[E0560]: struct `terminal::history::HistoryEntry` has no field named `is_agent_executed`
   --> app/src/terminal/history_tests.rs:825:25
    |
825 |                         is_agent_executed: false,
    |                         ^^^^^^^^^^^^^^^^^ `terminal::history::HistoryEntry` does not have this field
    |
    = note: all struct fields are already assigned

error[E0560]: struct `terminal::history::HistoryEntry` has no field named `workflow_id`
   --> app/src/terminal/history_tests.rs:834:25
    |
834 |                         workflow_id: None,
    |                         ^^^^^^^^^^^ `terminal::history::HistoryEntry` does not have this field
    |
    = note: all struct fields are already assigned

error[E0560]: struct `terminal::history::HistoryEntry` has no field named `is_agent_executed`
   --> app/src/terminal/history_tests.rs:839:25
    |
839 |                         is_agent_executed: false,
    |                         ^^^^^^^^^^^^^^^^^ `terminal::history::HistoryEntry` does not have this field
    |
    = note: all struct fields are already assigned

error[E0560]: struct `terminal::history::HistoryEntry` has no field named `workflow_id`
   --> app/src/terminal/history_tests.rs:857:25
    |
857 |                         workflow_id: None,
    |                         ^^^^^^^^^^^ `terminal::history::HistoryEntry` does not have this field
    |
    = note: all struct fields are already assigned

error[E0560]: struct `terminal::history::HistoryEntry` has no field named `is_agent_executed`
   --> app/src/terminal/history_tests.rs:862:25
    |
862 |                         is_agent_executed: false,
    |                         ^^^^^^^^^^^^^^^^^ `terminal::history::HistoryEntry` does not have this field
    |
    = note: all struct fields are already assigned

error[E0560]: struct `terminal::history::HistoryEntry` has no field named `workflow_id`
   --> app/src/terminal/history_tests.rs:871:25
    |
871 |                         workflow_id: None,
    |                         ^^^^^^^^^^^ `terminal::history::HistoryEntry` does not have this field
    |
    = note: all struct fields are already assigned

error[E0560]: struct `terminal::history::HistoryEntry` has no field named `is_agent_executed`
   --> app/src/terminal/history_tests.rs:876:25
    |
876 |                         is_agent_executed: false,
    |                         ^^^^^^^^^^^^^^^^^ `terminal::history::HistoryEntry` does not have this field
    |
    = note: all struct fields are already assigned

error[E0560]: struct `terminal::history::HistoryEntry` has no field named `workflow_id`
   --> app/src/terminal/history_tests.rs:885:25
    |
885 |                         workflow_id: None,
    |                         ^^^^^^^^^^^ `terminal::history::HistoryEntry` does not have this field
    |
    = note: all struct fields are already assigned

error[E0560]: struct `terminal::history::HistoryEntry` has no field named `is_agent_executed`
   --> app/src/terminal/history_tests.rs:890:25
    |
890 |                         is_agent_executed: false,
    |                         ^^^^^^^^^^^^^^^^^ `terminal::history::HistoryEntry` does not have this field
    |
    = note: all struct fields are already assigned

error[E0560]: struct `terminal::history::PersistedCommand` has no field named `workflow_id`
   --> app/src/terminal/history_tests.rs:924:13
    |
924 |             workflow_id: None,
    |             ^^^^^^^^^^^ `terminal::history::PersistedCommand` does not have this field
    |
    = note: all struct fields are already assigned

error[E0560]: struct `terminal::history::PersistedCommand` has no field named `is_agent_executed`
   --> app/src/terminal/history_tests.rs:926:13
    |
926 |             is_agent_executed: false,
    |             ^^^^^^^^^^^^^^^^^ `terminal::history::PersistedCommand` does not have this field
    |
    = note: all struct fields are already assigned

error[E0560]: struct `terminal::history::HistoryEntry` has no field named `workflow_id`
   --> app/src/terminal/history_tests.rs:947:21
    |
947 |                     workflow_id: None,
    |                     ^^^^^^^^^^^ `terminal::history::HistoryEntry` does not have this field
    |
    = note: all struct fields are already assigned

error[E0560]: struct `terminal::history::HistoryEntry` has no field named `is_agent_executed`
   --> app/src/terminal/history_tests.rs:952:21
    |
952 |                     is_agent_executed: false,
    |                     ^^^^^^^^^^^^^^^^^ `terminal::history::HistoryEntry` does not have this field
    |
    = note: all struct fields are already assigned

error[E0560]: struct `terminal::history::HistoryEntry` has no field named `workflow_id`
   --> app/src/terminal/history_tests.rs:969:25
    |
969 |                         workflow_id: None,
    |                         ^^^^^^^^^^^ `terminal::history::HistoryEntry` does not have this field
    |
    = note: all struct fields are already assigned

error[E0560]: struct `terminal::history::HistoryEntry` has no field named `is_agent_executed`
   --> app/src/terminal/history_tests.rs:974:25
    |
974 |                         is_agent_executed: false,
    |                         ^^^^^^^^^^^^^^^^^ `terminal::history::HistoryEntry` does not have this field
    |
    = note: all struct fields are already assigned

error: this `impl` can be derived
  --> app/src/terminal/input.rs:32:1
   |
32 | / impl Default for MenuPositioning {
33 | |     fn default() -> Self {
34 | |         Self::BelowInputBox
35 | |     }
36 | | }
   | |_^
   |
   = help: for further information visit https://rust-lang.github.io/rust-clippy/rust-1.92.0/index.html#derivable_impls
   = note: `-D clippy::derivable-impls` implied by `-D warnings`
   = help: to override `-D warnings` add `#[allow(clippy::derivable_impls)]`
help: replace the manual implementation with a derive attribute and mark the default variant
   |
27 + #[derive(Default)]
28 | pub enum MenuPositioning {
29 |     AboveInputBox,
30 ~     #[default]
31 ~     BelowInputBox,
   |

error[E0560]: struct `pane_group::TerminalViewResources` has no field named `server_api`
   --> app/src/terminal/mock_terminal_manager.rs:156:21
    |
156 |                     server_api,
    |                     ^^^^^^^^^^ `pane_group::TerminalViewResources` does not have this field
    |
    = note: all struct fields are already assigned

error[E0061]: this function takes 6 arguments but 7 arguments were supplied
   --> app/src/terminal/mock_terminal_manager.rs:159:37
    |
159 |                 let terminal_init = MockTerminalManager::create_model(
    |                                     ^^^^^^^^^^^^^^^^^^^^^^^^^^^^^^^^^
...
167 |                     None,
    |                     ---- unexpected argument #4 of type `std::option::Option<_>`
    |
note: associated function defined here
   --> app/src/terminal/mock_terminal_manager.rs:26:12
    |
 26 |     pub fn create_model(
    |            ^^^^^^^^^^^^
help: remove the extra argument
    |
166 -                     restored_blocks.map(|blocks| blocks.to_vec()).as_ref(),
167 -                     None,
166 +                     restored_blocks.map(|blocks| blocks.to_vec()).as_ref(),
    |

error[E0599]: no function or associated item named `new` found for struct `terminal::model::blocks::InlineBannerItem` in the current scope
    --> app/src/terminal/model/blocks_tests.rs:1203:27
     |
1203 |         InlineBannerItem::new(0, InlineBannerType::NotificationsDiscovery),
     |                           ^^^ function or associated item not found in `terminal::model::blocks::InlineBannerItem`
     |
    ::: app/src/terminal/model/blocks.rs:60:1
     |
  60 | pub struct InlineBannerItem {
     | --------------------------- function or associated item `new` not found for this struct
     |
     = help: items from traits can only be used if the trait is implemented and in scope
     = note: the following traits define an item `new`, perhaps you need to implement one of them:
             candidate #1: `ahash::HashMapExt`
             candidate #2: `ahash::HashSetExt`
             candidate #3: `aws_lc_rs::aead::BoundKey`
             candidate #4: `bitpacking::BitPacker`
             candidate #5: `brotli::enc::backward_references::hash_to_binary_tree::Allocable`
             candidate #6: `brotli::enc::threading::AnyBoxConstructor`
             candidate #7: `cocoa::appkit::NSMenu`
             candidate #8: `cocoa::appkit::NSMenuItem`
             candidate #9: `cocoa::appkit::NSTabView`
             candidate #10: `cocoa::appkit::NSTabViewItem`
             candidate #11: `cocoa_foundation::foundation::NSAutoreleasePool`
             candidate #12: `fluent_uri::imp::RiMaybeRef`
             candidate #13: `fluent_uri::internal::Pointer`
             candidate #14: `gimli::read::lookup::PubStuffEntry`
             candidate #15: `itertools::adaptors::coalesce::CountItem`
             candidate #16: `notify_debouncer_full::notify::Watcher`
             candidate #17: `parking_lot_core::thread_parker::ThreadParkerT`
             candidate #18: `qrcode::render::Canvas`
             candidate #19: `rand::distr::uniform::UniformSampler`
             candidate #20: `rand::distributions::uniform::UniformSampler`
             candidate #21: `rstar::point::PointExt`
             candidate #22: `rustybuzz::hb::set_digest::hb_set_digest_ext`
             candidate #23: `serde_with::duplicate_key_impls::error_on_duplicate::PreventDuplicateInsertsMap`
             candidate #24: `serde_with::duplicate_key_impls::error_on_duplicate::PreventDuplicateInsertsSet`
             candidate #25: `serde_with::duplicate_key_impls::first_value_wins::DuplicateInsertsFirstWinsMap`
             candidate #26: `serde_with::duplicate_key_impls::last_value_wins::DuplicateInsertsLastWinsSet`
             candidate #27: `settings::Setting`
             candidate #28: `sha2::Digest`
             candidate #29: `sha2::digest::KeyInit`
             candidate #30: `sha2::digest::Mac`
             candidate #31: `sha2::digest::VariableOutput`
             candidate #32: `sha2::digest::core_api::VariableOutputCore`
             candidate #33: `sha2::digest::crypto_common::KeyIvInit`
             candidate #34: `sha2::digest::typenum::Bit`
             candidate #35: `tendril::tendril::Atomicity`
             candidate #36: `vsimd::isa::InstructionSet`
             candidate #37: `warp_search_core::tantivy::aggregation::cached_sub_aggs::SubAggCache`
             candidate #38: `websocket::WebsocketMessage`
             candidate #39: `zip::read::magic_finder::FinderDirection`
help: there is a method `ne` with a similar name, but with different arguments
    --> /rustc/ded5c06cf21d2b93bffd5d884aa6e96934ee4234/library/core/src/cmp.rs:264:5

error[E0599]: no function or associated item named `new` found for struct `terminal::model::blocks::InlineBannerItem` in the current scope
    --> app/src/terminal/model/blocks_tests.rs:1207:27
     |
1207 |         InlineBannerItem::new(1, InlineBannerType::NotificationsDiscovery),
     |                           ^^^ function or associated item not found in `terminal::model::blocks::InlineBannerItem`
     |
    ::: app/src/terminal/model/blocks.rs:60:1
     |
  60 | pub struct InlineBannerItem {
     | --------------------------- function or associated item `new` not found for this struct
     |
     = help: items from traits can only be used if the trait is implemented and in scope
     = note: the following traits define an item `new`, perhaps you need to implement one of them:
             candidate #1: `ahash::HashMapExt`
             candidate #2: `ahash::HashSetExt`
             candidate #3: `aws_lc_rs::aead::BoundKey`
             candidate #4: `bitpacking::BitPacker`
             candidate #5: `brotli::enc::backward_references::hash_to_binary_tree::Allocable`
             candidate #6: `brotli::enc::threading::AnyBoxConstructor`
             candidate #7: `cocoa::appkit::NSMenu`
             candidate #8: `cocoa::appkit::NSMenuItem`
             candidate #9: `cocoa::appkit::NSTabView`
             candidate #10: `cocoa::appkit::NSTabViewItem`
             candidate #11: `cocoa_foundation::foundation::NSAutoreleasePool`
             candidate #12: `fluent_uri::imp::RiMaybeRef`
             candidate #13: `fluent_uri::internal::Pointer`
             candidate #14: `gimli::read::lookup::PubStuffEntry`
             candidate #15: `itertools::adaptors::coalesce::CountItem`
             candidate #16: `notify_debouncer_full::notify::Watcher`
             candidate #17: `parking_lot_core::thread_parker::ThreadParkerT`
             candidate #18: `qrcode::render::Canvas`
             candidate #19: `rand::distr::uniform::UniformSampler`
             candidate #20: `rand::distributions::uniform::UniformSampler`
             candidate #21: `rstar::point::PointExt`
             candidate #22: `rustybuzz::hb::set_digest::hb_set_digest_ext`
             candidate #23: `serde_with::duplicate_key_impls::error_on_duplicate::PreventDuplicateInsertsMap`
             candidate #24: `serde_with::duplicate_key_impls::error_on_duplicate::PreventDuplicateInsertsSet`
             candidate #25: `serde_with::duplicate_key_impls::first_value_wins::DuplicateInsertsFirstWinsMap`
             candidate #26: `serde_with::duplicate_key_impls::last_value_wins::DuplicateInsertsLastWinsSet`
             candidate #27: `settings::Setting`
             candidate #28: `sha2::Digest`
             candidate #29: `sha2::digest::KeyInit`
             candidate #30: `sha2::digest::Mac`
             candidate #31: `sha2::digest::VariableOutput`
             candidate #32: `sha2::digest::core_api::VariableOutputCore`
             candidate #33: `sha2::digest::crypto_common::KeyIvInit`
             candidate #34: `sha2::digest::typenum::Bit`
             candidate #35: `tendril::tendril::Atomicity`
             candidate #36: `vsimd::isa::InstructionSet`
             candidate #37: `warp_search_core::tantivy::aggregation::cached_sub_aggs::SubAggCache`
             candidate #38: `websocket::WebsocketMessage`
             candidate #39: `zip::read::magic_finder::FinderDirection`
help: there is a method `ne` with a similar name, but with different arguments
    --> /rustc/ded5c06cf21d2b93bffd5d884aa6e96934ee4234/library/core/src/cmp.rs:264:5

error[E0599]: no function or associated item named `new` found for struct `terminal::model::blocks::InlineBannerItem` in the current scope
    --> app/src/terminal/model/blocks_tests.rs:1210:55
     |
1210 |     block_list.append_inline_banner(InlineBannerItem::new(
     |                                                       ^^^ function or associated item not found in `terminal::model::blocks::InlineBannerItem`
     |
    ::: app/src/terminal/model/blocks.rs:60:1
     |
  60 | pub struct InlineBannerItem {
     | --------------------------- function or associated item `new` not found for this struct
     |
     = help: items from traits can only be used if the trait is implemented and in scope
     = note: the following traits define an item `new`, perhaps you need to implement one of them:
             candidate #1: `ahash::HashMapExt`
             candidate #2: `ahash::HashSetExt`
             candidate #3: `aws_lc_rs::aead::BoundKey`
             candidate #4: `bitpacking::BitPacker`
             candidate #5: `brotli::enc::backward_references::hash_to_binary_tree::Allocable`
             candidate #6: `brotli::enc::threading::AnyBoxConstructor`
             candidate #7: `cocoa::appkit::NSMenu`
             candidate #8: `cocoa::appkit::NSMenuItem`
             candidate #9: `cocoa::appkit::NSTabView`
             candidate #10: `cocoa::appkit::NSTabViewItem`
             candidate #11: `cocoa_foundation::foundation::NSAutoreleasePool`
             candidate #12: `fluent_uri::imp::RiMaybeRef`
             candidate #13: `fluent_uri::internal::Pointer`
             candidate #14: `gimli::read::lookup::PubStuffEntry`
             candidate #15: `itertools::adaptors::coalesce::CountItem`
             candidate #16: `notify_debouncer_full::notify::Watcher`
             candidate #17: `parking_lot_core::thread_parker::ThreadParkerT`
             candidate #18: `qrcode::render::Canvas`
             candidate #19: `rand::distr::uniform::UniformSampler`
             candidate #20: `rand::distributions::uniform::UniformSampler`
             candidate #21: `rstar::point::PointExt`
             candidate #22: `rustybuzz::hb::set_digest::hb_set_digest_ext`
             candidate #23: `serde_with::duplicate_key_impls::error_on_duplicate::PreventDuplicateInsertsMap`
             candidate #24: `serde_with::duplicate_key_impls::error_on_duplicate::PreventDuplicateInsertsSet`
             candidate #25: `serde_with::duplicate_key_impls::first_value_wins::DuplicateInsertsFirstWinsMap`
             candidate #26: `serde_with::duplicate_key_impls::last_value_wins::DuplicateInsertsLastWinsSet`
             candidate #27: `settings::Setting`
             candidate #28: `sha2::Digest`
             candidate #29: `sha2::digest::KeyInit`
             candidate #30: `sha2::digest::Mac`
             candidate #31: `sha2::digest::VariableOutput`
             candidate #32: `sha2::digest::core_api::VariableOutputCore`
             candidate #33: `sha2::digest::crypto_common::KeyIvInit`
             candidate #34: `sha2::digest::typenum::Bit`
             candidate #35: `tendril::tendril::Atomicity`
             candidate #36: `vsimd::isa::InstructionSet`
             candidate #37: `warp_search_core::tantivy::aggregation::cached_sub_aggs::SubAggCache`
             candidate #38: `websocket::WebsocketMessage`
             candidate #39: `zip::read::magic_finder::FinderDirection`
help: there is a method `ne` with a similar name, but with different arguments
    --> /rustc/ded5c06cf21d2b93bffd5d884aa6e96934ee4234/library/core/src/cmp.rs:264:5

error[E0599]: no function or associated item named `new` found for struct `terminal::model::blocks::InlineBannerItem` in the current scope
    --> app/src/terminal/model/blocks_tests.rs:1286:55
     |
1286 |     block_list.append_inline_banner(InlineBannerItem::new(
     |                                                       ^^^ function or associated item not found in `terminal::model::blocks::InlineBannerItem`
     |
    ::: app/src/terminal/model/blocks.rs:60:1
     |
  60 | pub struct InlineBannerItem {
     | --------------------------- function or associated item `new` not found for this struct
     |
     = help: items from traits can only be used if the trait is implemented and in scope
     = note: the following traits define an item `new`, perhaps you need to implement one of them:
             candidate #1: `ahash::HashMapExt`
             candidate #2: `ahash::HashSetExt`
             candidate #3: `aws_lc_rs::aead::BoundKey`
             candidate #4: `bitpacking::BitPacker`
             candidate #5: `brotli::enc::backward_references::hash_to_binary_tree::Allocable`
             candidate #6: `brotli::enc::threading::AnyBoxConstructor`
             candidate #7: `cocoa::appkit::NSMenu`
             candidate #8: `cocoa::appkit::NSMenuItem`
             candidate #9: `cocoa::appkit::NSTabView`
             candidate #10: `cocoa::appkit::NSTabViewItem`
             candidate #11: `cocoa_foundation::foundation::NSAutoreleasePool`
             candidate #12: `fluent_uri::imp::RiMaybeRef`
             candidate #13: `fluent_uri::internal::Pointer`
             candidate #14: `gimli::read::lookup::PubStuffEntry`
             candidate #15: `itertools::adaptors::coalesce::CountItem`
             candidate #16: `notify_debouncer_full::notify::Watcher`
             candidate #17: `parking_lot_core::thread_parker::ThreadParkerT`
             candidate #18: `qrcode::render::Canvas`
             candidate #19: `rand::distr::uniform::UniformSampler`
             candidate #20: `rand::distributions::uniform::UniformSampler`
             candidate #21: `rstar::point::PointExt`
             candidate #22: `rustybuzz::hb::set_digest::hb_set_digest_ext`
             candidate #23: `serde_with::duplicate_key_impls::error_on_duplicate::PreventDuplicateInsertsMap`
             candidate #24: `serde_with::duplicate_key_impls::error_on_duplicate::PreventDuplicateInsertsSet`
             candidate #25: `serde_with::duplicate_key_impls::first_value_wins::DuplicateInsertsFirstWinsMap`
             candidate #26: `serde_with::duplicate_key_impls::last_value_wins::DuplicateInsertsLastWinsSet`
             candidate #27: `settings::Setting`
             candidate #28: `sha2::Digest`
             candidate #29: `sha2::digest::KeyInit`
             candidate #30: `sha2::digest::Mac`
             candidate #31: `sha2::digest::VariableOutput`
             candidate #32: `sha2::digest::core_api::VariableOutputCore`
             candidate #33: `sha2::digest::crypto_common::KeyIvInit`
             candidate #34: `sha2::digest::typenum::Bit`
             candidate #35: `tendril::tendril::Atomicity`
             candidate #36: `vsimd::isa::InstructionSet`
             candidate #37: `warp_search_core::tantivy::aggregation::cached_sub_aggs::SubAggCache`
             candidate #38: `websocket::WebsocketMessage`
             candidate #39: `zip::read::magic_finder::FinderDirection`
help: there is a method `ne` with a similar name, but with different arguments
    --> /rustc/ded5c06cf21d2b93bffd5d884aa6e96934ee4234/library/core/src/cmp.rs:264:5

error[E0599]: no function or associated item named `new` found for struct `terminal::model::blocks::InlineBannerItem` in the current scope
    --> app/src/terminal/model/blocks_tests.rs:1376:55
     |
1376 |     block_list.append_inline_banner(InlineBannerItem::new(
     |                                                       ^^^ function or associated item not found in `terminal::model::blocks::InlineBannerItem`
     |
    ::: app/src/terminal/model/blocks.rs:60:1
     |
  60 | pub struct InlineBannerItem {
     | --------------------------- function or associated item `new` not found for this struct
     |
     = help: items from traits can only be used if the trait is implemented and in scope
     = note: the following traits define an item `new`, perhaps you need to implement one of them:
             candidate #1: `ahash::HashMapExt`
             candidate #2: `ahash::HashSetExt`
             candidate #3: `aws_lc_rs::aead::BoundKey`
             candidate #4: `bitpacking::BitPacker`
             candidate #5: `brotli::enc::backward_references::hash_to_binary_tree::Allocable`
             candidate #6: `brotli::enc::threading::AnyBoxConstructor`
             candidate #7: `cocoa::appkit::NSMenu`
             candidate #8: `cocoa::appkit::NSMenuItem`
             candidate #9: `cocoa::appkit::NSTabView`
             candidate #10: `cocoa::appkit::NSTabViewItem`
             candidate #11: `cocoa_foundation::foundation::NSAutoreleasePool`
             candidate #12: `fluent_uri::imp::RiMaybeRef`
             candidate #13: `fluent_uri::internal::Pointer`
             candidate #14: `gimli::read::lookup::PubStuffEntry`
             candidate #15: `itertools::adaptors::coalesce::CountItem`
             candidate #16: `notify_debouncer_full::notify::Watcher`
             candidate #17: `parking_lot_core::thread_parker::ThreadParkerT`
             candidate #18: `qrcode::render::Canvas`
             candidate #19: `rand::distr::uniform::UniformSampler`
             candidate #20: `rand::distributions::uniform::UniformSampler`
             candidate #21: `rstar::point::PointExt`
             candidate #22: `rustybuzz::hb::set_digest::hb_set_digest_ext`
             candidate #23: `serde_with::duplicate_key_impls::error_on_duplicate::PreventDuplicateInsertsMap`
             candidate #24: `serde_with::duplicate_key_impls::error_on_duplicate::PreventDuplicateInsertsSet`
             candidate #25: `serde_with::duplicate_key_impls::first_value_wins::DuplicateInsertsFirstWinsMap`
             candidate #26: `serde_with::duplicate_key_impls::last_value_wins::DuplicateInsertsLastWinsSet`
             candidate #27: `settings::Setting`
             candidate #28: `sha2::Digest`
             candidate #29: `sha2::digest::KeyInit`
             candidate #30: `sha2::digest::Mac`
             candidate #31: `sha2::digest::VariableOutput`
             candidate #32: `sha2::digest::core_api::VariableOutputCore`
             candidate #33: `sha2::digest::crypto_common::KeyIvInit`
             candidate #34: `sha2::digest::typenum::Bit`
             candidate #35: `tendril::tendril::Atomicity`
             candidate #36: `vsimd::isa::InstructionSet`
             candidate #37: `warp_search_core::tantivy::aggregation::cached_sub_aggs::SubAggCache`
             candidate #38: `websocket::WebsocketMessage`
             candidate #39: `zip::read::magic_finder::FinderDirection`
help: there is a method `ne` with a similar name, but with different arguments
    --> /rustc/ded5c06cf21d2b93bffd5d884aa6e96934ee4234/library/core/src/cmp.rs:264:5

error[E0599]: no function or associated item named `new` found for struct `terminal::model::blocks::InlineBannerItem` in the current scope
    --> app/src/terminal/model/blocks_tests.rs:1535:27
     |
1535 |         InlineBannerItem::new(0, InlineBannerType::NotificationsDiscovery),
     |                           ^^^ function or associated item not found in `terminal::model::blocks::InlineBannerItem`
     |
    ::: app/src/terminal/model/blocks.rs:60:1
     |
  60 | pub struct InlineBannerItem {
     | --------------------------- function or associated item `new` not found for this struct
     |
     = help: items from traits can only be used if the trait is implemented and in scope
     = note: the following traits define an item `new`, perhaps you need to implement one of them:
             candidate #1: `ahash::HashMapExt`
             candidate #2: `ahash::HashSetExt`
             candidate #3: `aws_lc_rs::aead::BoundKey`
             candidate #4: `bitpacking::BitPacker`
             candidate #5: `brotli::enc::backward_references::hash_to_binary_tree::Allocable`
             candidate #6: `brotli::enc::threading::AnyBoxConstructor`
             candidate #7: `cocoa::appkit::NSMenu`
             candidate #8: `cocoa::appkit::NSMenuItem`
             candidate #9: `cocoa::appkit::NSTabView`
             candidate #10: `cocoa::appkit::NSTabViewItem`
             candidate #11: `cocoa_foundation::foundation::NSAutoreleasePool`
             candidate #12: `fluent_uri::imp::RiMaybeRef`
             candidate #13: `fluent_uri::internal::Pointer`
             candidate #14: `gimli::read::lookup::PubStuffEntry`
             candidate #15: `itertools::adaptors::coalesce::CountItem`
             candidate #16: `notify_debouncer_full::notify::Watcher`
             candidate #17: `parking_lot_core::thread_parker::ThreadParkerT`
             candidate #18: `qrcode::render::Canvas`
             candidate #19: `rand::distr::uniform::UniformSampler`
             candidate #20: `rand::distributions::uniform::UniformSampler`
             candidate #21: `rstar::point::PointExt`
             candidate #22: `rustybuzz::hb::set_digest::hb_set_digest_ext`
             candidate #23: `serde_with::duplicate_key_impls::error_on_duplicate::PreventDuplicateInsertsMap`
             candidate #24: `serde_with::duplicate_key_impls::error_on_duplicate::PreventDuplicateInsertsSet`
             candidate #25: `serde_with::duplicate_key_impls::first_value_wins::DuplicateInsertsFirstWinsMap`
             candidate #26: `serde_with::duplicate_key_impls::last_value_wins::DuplicateInsertsLastWinsSet`
             candidate #27: `settings::Setting`
             candidate #28: `sha2::Digest`
             candidate #29: `sha2::digest::KeyInit`
             candidate #30: `sha2::digest::Mac`
             candidate #31: `sha2::digest::VariableOutput`
             candidate #32: `sha2::digest::core_api::VariableOutputCore`
             candidate #33: `sha2::digest::crypto_common::KeyIvInit`
             candidate #34: `sha2::digest::typenum::Bit`
             candidate #35: `tendril::tendril::Atomicity`
             candidate #36: `vsimd::isa::InstructionSet`
             candidate #37: `warp_search_core::tantivy::aggregation::cached_sub_aggs::SubAggCache`
             candidate #38: `websocket::WebsocketMessage`
             candidate #39: `zip::read::magic_finder::FinderDirection`
help: there is a method `ne` with a similar name, but with different arguments
    --> /rustc/ded5c06cf21d2b93bffd5d884aa6e96934ee4234/library/core/src/cmp.rs:264:5

error[E0061]: this function takes 2 arguments but 3 arguments were supplied
    --> app/src/terminal/model/blocks_tests.rs:1595:36
     |
1595 |     block_list.append_rich_content(RichContentItem::new_for_test(None, view_id_a, None), false);
     |                                    ^^^^^^^^^^^^^^^^^^^^^^^^^^^^^                  ---- unexpected argument #3 of type `std::option::Option<_>`
     |
note: associated function defined here
    --> app/src/terminal/model/blocks.rs:96:12
     |
  96 |     pub fn new_for_test(content_type: Option<RichContentType>, view_id: EntityId) -> Self {
     |            ^^^^^^^^^^^^
help: remove the extra argument
     |
1595 -     block_list.append_rich_content(RichContentItem::new_for_test(None, view_id_a, None), false);
1595 +     block_list.append_rich_content(RichContentItem::new_for_test(None, view_id_a), false);
     |

error[E0599]: no function or associated item named `new` found for struct `terminal::model::blocks::InlineBannerItem` in the current scope
    --> app/src/terminal/model/blocks_tests.rs:1601:27
     |
1601 |         InlineBannerItem::new(0, InlineBannerType::NotificationsDiscovery),
     |                           ^^^ function or associated item not found in `terminal::model::blocks::InlineBannerItem`
     |
    ::: app/src/terminal/model/blocks.rs:60:1
     |
  60 | pub struct InlineBannerItem {
     | --------------------------- function or associated item `new` not found for this struct
     |
     = help: items from traits can only be used if the trait is implemented and in scope
     = note: the following traits define an item `new`, perhaps you need to implement one of them:
             candidate #1: `ahash::HashMapExt`
             candidate #2: `ahash::HashSetExt`
             candidate #3: `aws_lc_rs::aead::BoundKey`
             candidate #4: `bitpacking::BitPacker`
             candidate #5: `brotli::enc::backward_references::hash_to_binary_tree::Allocable`
             candidate #6: `brotli::enc::threading::AnyBoxConstructor`
             candidate #7: `cocoa::appkit::NSMenu`
             candidate #8: `cocoa::appkit::NSMenuItem`
             candidate #9: `cocoa::appkit::NSTabView`
             candidate #10: `cocoa::appkit::NSTabViewItem`
             candidate #11: `cocoa_foundation::foundation::NSAutoreleasePool`
             candidate #12: `fluent_uri::imp::RiMaybeRef`
             candidate #13: `fluent_uri::internal::Pointer`
             candidate #14: `gimli::read::lookup::PubStuffEntry`
             candidate #15: `itertools::adaptors::coalesce::CountItem`
             candidate #16: `notify_debouncer_full::notify::Watcher`
             candidate #17: `parking_lot_core::thread_parker::ThreadParkerT`
             candidate #18: `qrcode::render::Canvas`
             candidate #19: `rand::distr::uniform::UniformSampler`
             candidate #20: `rand::distributions::uniform::UniformSampler`
             candidate #21: `rstar::point::PointExt`
             candidate #22: `rustybuzz::hb::set_digest::hb_set_digest_ext`
             candidate #23: `serde_with::duplicate_key_impls::error_on_duplicate::PreventDuplicateInsertsMap`
             candidate #24: `serde_with::duplicate_key_impls::error_on_duplicate::PreventDuplicateInsertsSet`
             candidate #25: `serde_with::duplicate_key_impls::first_value_wins::DuplicateInsertsFirstWinsMap`
             candidate #26: `serde_with::duplicate_key_impls::last_value_wins::DuplicateInsertsLastWinsSet`
             candidate #27: `settings::Setting`
             candidate #28: `sha2::Digest`
             candidate #29: `sha2::digest::KeyInit`
             candidate #30: `sha2::digest::Mac`
             candidate #31: `sha2::digest::VariableOutput`
             candidate #32: `sha2::digest::core_api::VariableOutputCore`
             candidate #33: `sha2::digest::crypto_common::KeyIvInit`
             candidate #34: `sha2::digest::typenum::Bit`
             candidate #35: `tendril::tendril::Atomicity`
             candidate #36: `vsimd::isa::InstructionSet`
             candidate #37: `warp_search_core::tantivy::aggregation::cached_sub_aggs::SubAggCache`
             candidate #38: `websocket::WebsocketMessage`
             candidate #39: `zip::read::magic_finder::FinderDirection`
help: there is a method `ne` with a similar name, but with different arguments
    --> /rustc/ded5c06cf21d2b93bffd5d884aa6e96934ee4234/library/core/src/cmp.rs:264:5

error[E0061]: this function takes 2 arguments but 3 arguments were supplied
    --> app/src/terminal/model/blocks_tests.rs:1606:36
     |
1606 |     block_list.append_rich_content(RichContentItem::new_for_test(None, view_id_b, None), false);
     |                                    ^^^^^^^^^^^^^^^^^^^^^^^^^^^^^                  ---- unexpected argument #3 of type `std::option::Option<_>`
     |
note: associated function defined here
    --> app/src/terminal/model/blocks.rs:96:12
     |
  96 |     pub fn new_for_test(content_type: Option<RichContentType>, view_id: EntityId) -> Self {
     |            ^^^^^^^^^^^^
help: remove the extra argument
     |
1606 -     block_list.append_rich_content(RichContentItem::new_for_test(None, view_id_b, None), false);
1606 +     block_list.append_rich_content(RichContentItem::new_for_test(None, view_id_b), false);
     |

error[E0061]: this function takes 2 arguments but 3 arguments were supplied
    --> app/src/terminal/model/blocks_tests.rs:1679:9
     |
1679 |         RichContentItem::new_for_test(None, view_id, Some(conversation_id)),
     |         ^^^^^^^^^^^^^^^^^^^^^^^^^^^^^                --------------------- unexpected argument #3
     |
note: associated function defined here
    --> app/src/terminal/model/blocks.rs:96:12
     |
  96 |     pub fn new_for_test(content_type: Option<RichContentType>, view_id: EntityId) -> Self {
     |            ^^^^^^^^^^^^
help: remove the extra argument
     |
1679 -         RichContentItem::new_for_test(None, view_id, Some(conversation_id)),
1679 +         RichContentItem::new_for_test(None, view_id),
     |

error[E0599]: no variant or associated item named `Conversation` found for enum `terminal::model::block::TranscriptScope` in the current scope
    --> app/src/terminal/model/blocks_tests.rs:1683:54
     |
1683 |     block_list.set_transcript_scope(TranscriptScope::Conversation(conversation_id));
     |                                                      ^^^^^^^^^^^^ variant or associated item not found in `terminal::model::block::TranscriptScope`
     |
    ::: app/src/terminal/model/block.rs:81:1
     |
  81 | pub enum TranscriptScope {
     | ------------------------ variant or associated item `Conversation` not found for this enum
     |
help: there is a method `is_conversation` with a similar name, but with different arguments
    --> app/src/terminal/model/block.rs:88:5
     |
  88 |     pub fn is_conversation(self) -> bool {
     |     ^^^^^^^^^^^^^^^^^^^^^^^^^^^^^^^^^^^^

error[E0599]: no method named `set_conversation_id` found for mutable reference `&mut terminal::model::block::Block` in the current scope
    --> app/src/terminal/model/blocks_tests.rs:1750:15
     |
1750 |         block.set_conversation_id(conversation_id);
     |               ^^^^^^^^^^^^^^^^^^^
     |
help: there is a method `set_session_id` with a similar name
     |
1750 -         block.set_conversation_id(conversation_id);
1750 +         block.set_session_id(conversation_id);
     |

error[E0599]: no method named `set_conversation_id` found for mutable reference `&mut terminal::model::block::Block` in the current scope
    --> app/src/terminal/model/blocks_tests.rs:1756:15
     |
1756 |         block.set_conversation_id(conversation_id);
     |               ^^^^^^^^^^^^^^^^^^^
     |
help: there is a method `set_session_id` with a similar name
     |
1756 -         block.set_conversation_id(conversation_id);
1756 +         block.set_session_id(conversation_id);
     |

error[E0599]: no method named `set_agent_interaction_mode` found for mutable reference `&mut terminal::model::block::Block` in the current scope
    --> app/src/terminal/model/blocks_tests.rs:1758:15
     |
1758 |         block.set_agent_interaction_mode(AgentInteractionMetadata::new_hidden(
     |         ------^^^^^^^^^^^^^^^^^^^^^^^^^^ method not found in `&mut terminal::model::block::Block`

error[E0061]: this function takes 2 arguments but 3 arguments were supplied
    --> app/src/terminal/model/blocks_tests.rs:1766:9
     |
1766 |         RichContentItem::new_for_test(None, view_id, Some(conversation_id)),
     |         ^^^^^^^^^^^^^^^^^^^^^^^^^^^^^                --------------------- unexpected argument #3
     |
note: associated function defined here
    --> app/src/terminal/model/blocks.rs:96:12
     |
  96 |     pub fn new_for_test(content_type: Option<RichContentType>, view_id: EntityId) -> Self {
     |            ^^^^^^^^^^^^
help: remove the extra argument
     |
1766 -         RichContentItem::new_for_test(None, view_id, Some(conversation_id)),
1766 +         RichContentItem::new_for_test(None, view_id),
     |

error: large size difference between variants
  --> app/src/workflows/manager.rs:15:1
   |
15 | /   pub enum WorkflowOpenSource {
16 | | /     Existing {
17 | | |         id: WorkflowId,
18 | | |         workflow: Workflow,
19 | | |     },
   | | |_____- the largest variant contains at least 264 bytes
20 | | /     New {
21 | | |         title: Option<String>,
22 | | |         command: Option<String>,
23 | | |     },
   | | |_____- the second-largest variant contains at least 48 bytes
...  |
26 | |       },
27 | |   }
   | |___^ the entire enum is at least 264 bytes
   |
   = help: for further information visit https://rust-lang.github.io/rust-clippy/rust-1.92.0/index.html#large_enum_variant
help: consider boxing the large fields or introducing indirection in some other way to reduce the total size of the enum
   |
18 -         workflow: Workflow,
18 +         workflow: Box<Workflow>,
   |

error: you should consider adding a `Default` implementation for `WorkflowId`
  --> app/src/workflows/model.rs:10:5
   |
10 | /     pub fn new() -> Self {
11 | |         Self(Uuid::new_v4().to_string())
12 | |     }
   | |_____^
   |
   = help: for further information visit https://rust-lang.github.io/rust-clippy/rust-1.92.0/index.html#new_without_default
   = note: `-D clippy::new-without-default` implied by `-D warnings`
   = help: to override `-D warnings` add `#[allow(clippy::new_without_default)]`
help: try adding this
   |
 9 + impl Default for WorkflowId {
10 +     fn default() -> Self {
11 +         Self::new()
12 +     }
13 + }
   |

error[E0599]: no variant or associated item named `Conversation` found for enum `terminal::model::block::TranscriptScope` in the current scope
    --> app/src/terminal/model/blocks_tests.rs:1770:54
     |
1770 |     block_list.set_transcript_scope(TranscriptScope::Conversation(conversation_id));
     |                                                      ^^^^^^^^^^^^ variant or associated item not found in `terminal::model::block::TranscriptScope`
     |
    ::: app/src/terminal/model/block.rs:81:1
     |
  81 | pub enum TranscriptScope {
     | ------------------------ variant or associated item `Conversation` not found for this enum
     |
help: there is a method `is_conversation` with a similar name, but with different arguments
    --> app/src/terminal/model/block.rs:88:5
     |
  88 |     pub fn is_conversation(self) -> bool {
     |     ^^^^^^^^^^^^^^^^^^^^^^^^^^^^^^^^^^^^

error[E0599]: no method named `clear_user_executed_command_blocks_for_conversation` found for struct `terminal::model::blocks::BlockList` in the current scope
    --> app/src/terminal/model/blocks_tests.rs:1784:16
     |
1784 |     block_list.clear_user_executed_command_blocks_for_conversation(conversation_id);
     |                ^^^^^^^^^^^^^^^^^^^^^^^^^^^^^^^^^^^^^^^^^^^^^^^^^^^ method not found in `terminal::model::blocks::BlockList`
     |
    ::: app/src/terminal/model/blocks.rs:218:1
     |
 218 | pub struct BlockList {
     | -------------------- method `clear_user_executed_command_blocks_for_conversation` not found for this struct

error[E0599]: no method named `enter_conversation_context` found for struct `terminal::model::blocks::BlockList` in the current scope
    --> app/src/terminal/model/blocks_tests.rs:1809:16
     |
1809 |     block_list.enter_conversation_context(expected_origin_conversation_id, false, false);
     |                ^^^^^^^^^^^^^^^^^^^^^^^^^^ method not found in `terminal::model::blocks::BlockList`
     |
    ::: app/src/terminal/model/blocks.rs:218:1
     |
 218 | pub struct BlockList {
     | -------------------- method `enter_conversation_context` not found for this struct

error[E0599]: no method named `associate_blocks_with_conversation` found for struct `terminal::model::blocks::BlockList` in the current scope
    --> app/src/terminal/model/blocks_tests.rs:1814:10
     |
1813 |       let associated = block_list
     |  ______________________-
1814 | |         .associate_blocks_with_conversation([&user_block_id].into_iter(), other_conversation_id);
     | |         -^^^^^^^^^^^^^^^^^^^^^^^^^^^^^^^^^^ method not found in `terminal::model::blocks::BlockList`
     | |_________|
     |
     |
    ::: app/src/terminal/model/blocks.rs:218:1
     |
 218 |   pub struct BlockList {
     |   -------------------- method `associate_blocks_with_conversation` not found for this struct

error[E0599]: no method named `enter_conversation_context` found for struct `terminal::model::blocks::BlockList` in the current scope
    --> app/src/terminal/model/blocks_tests.rs:1833:16
     |
1833 |     block_list.enter_conversation_context(other_conversation_id, false, false);
     |                ^^^^^^^^^^^^^^^^^^^^^^^^^^ method not found in `terminal::model::blocks::BlockList`
     |
    ::: app/src/terminal/model/blocks.rs:218:1
     |
 218 | pub struct BlockList {
     | -------------------- method `enter_conversation_context` not found for this struct

error[E0599]: no method named `promote_blocks_to_attached_from_conversation` found for struct `terminal::model::blocks::BlockList` in the current scope
    --> app/src/terminal/model/blocks_tests.rs:1838:31
     |
1838 |     let promoted = block_list.promote_blocks_to_attached_from_conversation(other_conversation_id);
     |                               ^^^^^^^^^^^^^^^^^^^^^^^^^^^^^^^^^^^^^^^^^^^^ method not found in `terminal::model::blocks::BlockList`
     |
    ::: app/src/terminal/model/blocks.rs:218:1
     |
 218 | pub struct BlockList {
     | -------------------- method `promote_blocks_to_attached_from_conversation` not found for this struct

error[E0599]: no method named `remove_pending_context_assocation_for_blocks` found for struct `terminal::model::blocks::BlockList` in the current scope
    --> app/src/terminal/model/blocks_tests.rs:1853:30
     |
1853 |     let removed = block_list.remove_pending_context_assocation_for_blocks(
     |                   -----------^^^^^^^^^^^^^^^^^^^^^^^^^^^^^^^^^^^^^^^^^^^^ method not found in `terminal::model::blocks::BlockList`
     |
    ::: app/src/terminal/model/blocks.rs:218:1
     |
 218 | pub struct BlockList {
     | -------------------- method `remove_pending_context_assocation_for_blocks` not found for this struct

error[E0599]: no method named `exit_conversation_context` found for struct `terminal::model::blocks::BlockList` in the current scope
    --> app/src/terminal/model/blocks_tests.rs:1859:16
     |
1859 |     block_list.exit_conversation_context();
     |                ^^^^^^^^^^^^^^^^^^^^^^^^^ method not found in `terminal::model::blocks::BlockList`
     |
    ::: app/src/terminal/model/blocks.rs:218:1
     |
 218 | pub struct BlockList {
     | -------------------- method `exit_conversation_context` not found for this struct

error[E0609]: no field `agent_view_visibility` on type `terminal::model::block::serialized_block::SerializedBlock`
    --> app/src/terminal/model/blocks_tests.rs:1872:22
     |
1872 |     serialized_block.agent_view_visibility =
     |                      ^^^^^^^^^^^^^^^^^^^^^ unknown field
     |
     = note: available fields are: `id`, `stylized_command`, `stylized_output`, `pwd`, `git_head` ... and 18 others

error[E0433]: failed to resolve: use of undeclared type `AgentViewVisibility`
    --> app/src/terminal/model/blocks_tests.rs:1873:14
     |
1873 |         Some(AgentViewVisibility::new_from_conversation(conversation_id).into());
     |              ^^^^^^^^^^^^^^^^^^^ use of undeclared type `AgentViewVisibility`

error[E0599]: no method named `agent_view_visibility` found for reference `&terminal::model::block::Block` in the current scope
    --> app/src/terminal/model/blocks_tests.rs:1882:24
     |
1882 |         restored_block.agent_view_visibility(),
     |                        ^^^^^^^^^^^^^^^^^^^^^ method not found in `&terminal::model::block::Block`

error[E0599]: no method named `enter_conversation_context` found for struct `terminal::model::blocks::BlockList` in the current scope
    --> app/src/terminal/model/blocks_tests.rs:1911:16
     |
1911 |     block_list.enter_conversation_context(conversation_id, false, true);
     |                ^^^^^^^^^^^^^^^^^^^^^^^^^^ method not found in `terminal::model::blocks::BlockList`
     |
    ::: app/src/terminal/model/blocks.rs:218:1
     |
 218 | pub struct BlockList {
     | -------------------- method `enter_conversation_context` not found for this struct

error[E0599]: no method named `finish_oz_environment_startup_commands_at_block` found for struct `terminal::model::blocks::BlockList` in the current scope
    --> app/src/terminal/model/blocks_tests.rs:1914:10
     |
1913 | /     block_list
1914 | |         .finish_oz_environment_startup_commands_at_block(&harness_block_id, Some(conversation_id));
     | |         -^^^^^^^^^^^^^^^^^^^^^^^^^^^^^^^^^^^^^^^^^^^^^^^ method not found in `terminal::model::blocks::BlockList`
     | |_________|
     |
     |
    ::: app/src/terminal/model/blocks.rs:218:1
     |
 218 |   pub struct BlockList {
     |   -------------------- method `finish_oz_environment_startup_commands_at_block` not found for this struct

error[E0599]: no method named `agent_view_visibility` found for reference `&terminal::model::block::Block` in the current scope
    --> app/src/terminal/model/blocks_tests.rs:1925:21
     |
1925 |         match block.agent_view_visibility() {
     |                     ^^^^^^^^^^^^^^^^^^^^^ method not found in `&terminal::model::block::Block`

error[E0599]: no method named `enter_conversation_context` found for struct `terminal::model::blocks::BlockList` in the current scope
    --> app/src/terminal/model/blocks_tests.rs:2545:16
     |
2545 |     block_list.enter_conversation_context(conversation_id, false, false);
     |                ^^^^^^^^^^^^^^^^^^^^^^^^^^ method not found in `terminal::model::blocks::BlockList`
     |
    ::: app/src/terminal/model/blocks.rs:218:1
     |
 218 | pub struct BlockList {
     | -------------------- method `enter_conversation_context` not found for this struct

error: this lint expectation is unfulfilled
  --> app/src/projects.rs:15:18
   |
15 |         #[expect(unused, reason = "TODO(jparker): #pod-code-mode wip")]
   |                  ^^^^^^
   |
   = note: TODO(jparker): #pod-code-mode wip
   = note: `-D unfulfilled-lint-expectations` implied by `-D warnings`
   = help: to override `-D warnings` add `#[allow(unfulfilled_lint_expectations)]`

error[E0599]: no function or associated item named `new_with_agent_transcript_user_query` found for struct `terminal::model::blocks::RichContentItem` in the current scope
    --> app/src/terminal/model/blocks_tests.rs:2549:46
     |
2549 |     let mut prompt_1_item = RichContentItem::new_with_agent_transcript_user_query(
     |                                              ^^^^^^^^^^^^^^^^^^^^^^^^^^^^^^^^^^^^ function or associated item not found in `terminal::model::blocks::RichContentItem`
     |
    ::: app/src/terminal/model/blocks.rs:74:1
     |
  74 | pub struct RichContentItem {
     | -------------------------- function or associated item `new_with_agent_transcript_user_query` not found for this struct
     |
note: if you're trying to build a new `terminal::model::blocks::RichContentItem` consider using one of the following associated functions:
      terminal::model::blocks::RichContentItem::new
      terminal::model::blocks::RichContentItem::new_for_test
    --> app/src/terminal/model/blocks.rs:82:5
     |
  82 | /     pub fn new(
  83 | |         content_type: Option<RichContentType>,
  84 | |         view_id: EntityId,
  85 | |         should_hide: bool,
  86 | |     ) -> Self {
     | |_____________^
...
  96 |       pub fn new_for_test(content_type: Option<RichContentType>, view_id: EntityId) -> Self {
     |       ^^^^^^^^^^^^^^^^^^^^^^^^^^^^^^^^^^^^^^^^^^^^^^^^^^^^^^^^^^^^^^^^^^^^^^^^^^^^^^^^^^^^^

error[E0599]: no method named `set_conversation_id` found for mutable reference `&mut terminal::model::block::Block` in the current scope
    --> app/src/terminal/model/blocks_tests.rs:2565:15
     |
2565 |         block.set_conversation_id(conversation_id);
     |               ^^^^^^^^^^^^^^^^^^^
     |
help: there is a method `set_session_id` with a similar name
     |
2565 -         block.set_conversation_id(conversation_id);
2565 +         block.set_session_id(conversation_id);
     |

error[E0599]: no method named `set_agent_interaction_mode` found for mutable reference `&mut terminal::model::block::Block` in the current scope
    --> app/src/terminal/model/blocks_tests.rs:2566:15
     |
2566 |         block.set_agent_interaction_mode(AgentInteractionMetadata::new_hidden(
     |         ------^^^^^^^^^^^^^^^^^^^^^^^^^^ method not found in `&mut terminal::model::block::Block`

error[E0599]: no method named `set_visibility_of_block_for_ai_action` found for struct `terminal::model::blocks::BlockList` in the current scope
    --> app/src/terminal/model/blocks_tests.rs:2571:16
     |
2571 |     block_list.set_visibility_of_block_for_ai_action(&tool_action_id, true);
     |                ^^^^^^^^^^^^^^^^^^^^^^^^^^^^^^^^^^^^^ method not found in `terminal::model::blocks::BlockList`
     |
    ::: app/src/terminal/model/blocks.rs:218:1
     |
 218 | pub struct BlockList {
     | -------------------- method `set_visibility_of_block_for_ai_action` not found for this struct

error[E0599]: no function or associated item named `new_with_agent_transcript_user_query` found for struct `terminal::model::blocks::RichContentItem` in the current scope
    --> app/src/terminal/model/blocks_tests.rs:2576:49
     |
2576 |     let mut agent_reply_item = RichContentItem::new_with_agent_transcript_user_query(
     |                                                 ^^^^^^^^^^^^^^^^^^^^^^^^^^^^^^^^^^^^ function or associated item not found in `terminal::model::blocks::RichContentItem`
     |
    ::: app/src/terminal/model/blocks.rs:74:1
     |
  74 | pub struct RichContentItem {
     | -------------------------- function or associated item `new_with_agent_transcript_user_query` not found for this struct
     |
note: if you're trying to build a new `terminal::model::blocks::RichContentItem` consider using one of the following associated functions:
      terminal::model::blocks::RichContentItem::new
      terminal::model::blocks::RichContentItem::new_for_test
    --> app/src/terminal/model/blocks.rs:82:5
     |
  82 | /     pub fn new(
  83 | |         content_type: Option<RichContentType>,
  84 | |         view_id: EntityId,
  85 | |         should_hide: bool,
  86 | |     ) -> Self {
     | |_____________^
...
  96 |       pub fn new_for_test(content_type: Option<RichContentType>, view_id: EntityId) -> Self {
     |       ^^^^^^^^^^^^^^^^^^^^^^^^^^^^^^^^^^^^^^^^^^^^^^^^^^^^^^^^^^^^^^^^^^^^^^^^^^^^^^^^^^^^^

error: could not compile `warp` (lib) due to 797 previous errors
warning: build failed, waiting for other jobs to finish...
error[E0599]: no method named `set_conversation_id` found for mutable reference `&mut terminal::model::block::Block` in the current scope
    --> app/src/terminal/model/blocks_tests.rs:2590:15
     |
2590 |         block.set_conversation_id(conversation_id);
     |               ^^^^^^^^^^^^^^^^^^^
     |
help: there is a method `set_session_id` with a similar name
     |
2590 -         block.set_conversation_id(conversation_id);
2590 +         block.set_session_id(conversation_id);
     |

error[E0599]: no method named `set_agent_interaction_mode` found for mutable reference `&mut terminal::model::block::Block` in the current scope
    --> app/src/terminal/model/blocks_tests.rs:2591:15
     |
2591 |         block.set_agent_interaction_mode(AgentInteractionMetadata::new(
     |         ------^^^^^^^^^^^^^^^^^^^^^^^^^^ method not found in `&mut terminal::model::block::Block`

error[E0599]: no method named `set_conversation_id` found for mutable reference `&mut terminal::model::block::Block` in the current scope
    --> app/src/terminal/model/blocks_tests.rs:2605:15
     |
2605 |         block.set_conversation_id(conversation_id);
     |               ^^^^^^^^^^^^^^^^^^^
     |
help: there is a method `set_session_id` with a similar name
     |
2605 -         block.set_conversation_id(conversation_id);
2605 +         block.set_session_id(conversation_id);
     |

error[E0599]: no function or associated item named `new_with_agent_transcript_user_query` found for struct `terminal::model::blocks::RichContentItem` in the current scope
    --> app/src/terminal/model/blocks_tests.rs:2609:46
     |
2609 |     let mut prompt_2_item = RichContentItem::new_with_agent_transcript_user_query(
     |                                              ^^^^^^^^^^^^^^^^^^^^^^^^^^^^^^^^^^^^ function or associated item not found in `terminal::model::blocks::RichContentItem`
     |
    ::: app/src/terminal/model/blocks.rs:74:1
     |
  74 | pub struct RichContentItem {
     | -------------------------- function or associated item `new_with_agent_transcript_user_query` not found for this struct
     |
note: if you're trying to build a new `terminal::model::blocks::RichContentItem` consider using one of the following associated functions:
      terminal::model::blocks::RichContentItem::new
      terminal::model::blocks::RichContentItem::new_for_test
    --> app/src/terminal/model/blocks.rs:82:5
     |
  82 | /     pub fn new(
  83 | |         content_type: Option<RichContentType>,
  84 | |         view_id: EntityId,
  85 | |         should_hide: bool,
  86 | |     ) -> Self {
     | |_____________^
...
  96 |       pub fn new_for_test(content_type: Option<RichContentType>, view_id: EntityId) -> Self {
     |       ^^^^^^^^^^^^^^^^^^^^^^^^^^^^^^^^^^^^^^^^^^^^^^^^^^^^^^^^^^^^^^^^^^^^^^^^^^^^^^^^^^^^^

error[E0599]: no function or associated item named `new_with_agent_transcript_user_query` found for struct `terminal::model::blocks::RichContentItem` in the current scope
    --> app/src/terminal/model/blocks_tests.rs:2621:51
     |
2621 |     let mut agent_reply_2_item = RichContentItem::new_with_agent_transcript_user_query(
     |                                                   ^^^^^^^^^^^^^^^^^^^^^^^^^^^^^^^^^^^^ function or associated item not found in `terminal::model::blocks::RichContentItem`
     |
    ::: app/src/terminal/model/blocks.rs:74:1
     |
  74 | pub struct RichContentItem {
     | -------------------------- function or associated item `new_with_agent_transcript_user_query` not found for this struct
     |
note: if you're trying to build a new `terminal::model::blocks::RichContentItem` consider using one of the following associated functions:
      terminal::model::blocks::RichContentItem::new
      terminal::model::blocks::RichContentItem::new_for_test
    --> app/src/terminal/model/blocks.rs:82:5
     |
  82 | /     pub fn new(
  83 | |         content_type: Option<RichContentType>,
  84 | |         view_id: EntityId,
  85 | |         should_hide: bool,
  86 | |     ) -> Self {
     | |_____________^
...
  96 |       pub fn new_for_test(content_type: Option<RichContentType>, view_id: EntityId) -> Self {
     |       ^^^^^^^^^^^^^^^^^^^^^^^^^^^^^^^^^^^^^^^^^^^^^^^^^^^^^^^^^^^^^^^^^^^^^^^^^^^^^^^^^^^^^

error[E0599]: no variant or associated item named `Conversation` found for enum `terminal::model::block::TranscriptScope` in the current scope
    --> app/src/terminal/model/blocks_tests.rs:2631:54
     |
2631 |     block_list.set_transcript_scope(TranscriptScope::Conversation(conversation_id));
     |                                                      ^^^^^^^^^^^^ variant or associated item not found in `terminal::model::block::TranscriptScope`
     |
    ::: app/src/terminal/model/block.rs:81:1
     |
  81 | pub enum TranscriptScope {
     | ------------------------ variant or associated item `Conversation` not found for this enum
     |
help: there is a method `is_conversation` with a similar name, but with different arguments
    --> app/src/terminal/model/block.rs:88:5
     |
  88 |     pub fn is_conversation(self) -> bool {
     |     ^^^^^^^^^^^^^^^^^^^^^^^^^^^^^^^^^^^^

error[E0599]: no method named `agent_transcript_navigable_items` found for struct `terminal::model::blocks::BlockList` in the current scope
    --> app/src/terminal/model/blocks_tests.rs:2633:28
     |
2633 |     let items = block_list.agent_transcript_navigable_items();
     |                            ^^^^^^^^^^^^^^^^^^^^^^^^^^^^^^^^ method not found in `terminal::model::blocks::BlockList`
     |
    ::: app/src/terminal/model/blocks.rs:218:1
     |
 218 | pub struct BlockList {
     | -------------------- method `agent_transcript_navigable_items` not found for this struct

error[E0614]: type `warp_terminal::model::BlockIndex` cannot be dereferenced
    --> app/src/terminal/model/blocks_tests.rs:2639:24
     |
2639 |                     if *idx == tool_block_index || *idx == monitored_block_index
     |                        ^^^^ can't be dereferenced

error[E0614]: type `warp_terminal::model::BlockIndex` cannot be dereferenced
    --> app/src/terminal/model/blocks_tests.rs:2639:52
     |
2639 |                     if *idx == tool_block_index || *idx == monitored_block_index
     |                                                    ^^^^ can't be dereferenced

error[E0614]: type `warpui_core::EntityId` cannot be dereferenced
    --> app/src/terminal/model/blocks_tests.rs:2643:24
     |
2643 |                     if *view_id == agent_reply || *view_id == agent_reply_2
     |                        ^^^^^^^^ can't be dereferenced

error[E0614]: type `warpui_core::EntityId` cannot be dereferenced
    --> app/src/terminal/model/blocks_tests.rs:2643:51
     |
2643 |                     if *view_id == agent_reply || *view_id == agent_reply_2
     |                                                   ^^^^^^^^ can't be dereferenced

error[E0560]: struct `terminal::model::block::serialized_block::SerializedBlock` has no field named `ai_metadata`
  --> app/src/terminal/model/terminal_model_tests.rs:53:9
   |
53 |         ai_metadata: None,
   |         ^^^^^^^^^^^ `terminal::model::block::serialized_block::SerializedBlock` does not have this field
   |
   = note: available fields are: `removed_feature_metadata`, `removed_feature_visibility`

error[E0560]: struct `terminal::model::block::serialized_block::SerializedBlock` has no field named `agent_view_visibility`
  --> app/src/terminal/model/terminal_model_tests.rs:55:9
   |
55 |         agent_view_visibility: None,
   |         ^^^^^^^^^^^^^^^^^^^^^ `terminal::model::block::serialized_block::SerializedBlock` does not have this field
   |
   = note: available fields are: `removed_feature_metadata`, `removed_feature_visibility`

error[E0599]: no method named `set_agent_interaction_mode` found for mutable reference `&mut terminal::model::block::Block` in the current scope
  --> app/src/terminal/model/terminal_model_tests.rs:93:10
   |
90 | /     model
91 | |         .block_list_mut()
92 | |         .active_block_mut()
93 | |         .set_agent_interaction_mode(AgentInteractionMetadata::new_hidden(
   | |         -^^^^^^^^^^^^^^^^^^^^^^^^^^ method not found in `&mut terminal::model::block::Block`
   | |_________|
   |

error[E0433]: failed to resolve: use of undeclared type `AgentInteractionMetadata`
  --> app/src/terminal/model/terminal_model_tests.rs:93:37
   |
93 |         .set_agent_interaction_mode(AgentInteractionMetadata::new_hidden(
   |                                     ^^^^^^^^^^^^^^^^^^^^^^^^ use of undeclared type `AgentInteractionMetadata`

error[E0599]: no function or associated item named `new_for_cloud_mode_shared_session_viewer` found for struct `terminal::model::terminal_model::TerminalModel` in the current scope
    --> app/src/terminal/model/terminal_model_tests.rs:113:36
     |
 113 |     let mut model = TerminalModel::new_for_cloud_mode_shared_session_viewer(
     |                                    ^^^^^^^^^^^^^^^^^^^^^^^^^^^^^^^^^^^^^^^^ function or associated item not found in `terminal::model::terminal_model::TerminalModel`
     |
    ::: app/src/terminal/model/terminal_model.rs:352:1
     |
 352 | pub struct TerminalModel {
     | ------------------------ function or associated item `new_for_cloud_mode_shared_session_viewer` not found for this struct
     |
note: if you're trying to build a new `terminal::model::terminal_model::TerminalModel` consider using one of the following associated functions:
      terminal::model::terminal_model::TerminalModel::new_for_test
      terminal::model::terminal_model::TerminalModel::new_internal
      terminal::model::terminal_model::TerminalModel::new
      terminal::model::test_utils::<impl terminal::model::terminal_model::TerminalModel>::mock
    --> app/src/terminal/model/terminal_model.rs:896:5
     |
 896 | /     pub(crate) fn new_for_test(
 897 | |         sizes: BlockSize,
 898 | |         colors: color::List,
 899 | |         event_proxy: ChannelEventListener,
...    |
 905 | |         session_startup_path: Option<PathBuf>,
 906 | |     ) -> Self {
     | |_____________^
...
 965 | /     fn new_internal(
 966 | |         restored_blocks: Option<&[SerializedBlockListItem]>,
 967 | |         sizes: BlockSize,
 968 | |         colors: color::List,
...    |
 979 | |         shell_state: ShellLaunchState,
 980 | |     ) -> Self {
     | |_____________^
...
1042 | /     pub fn new(
1043 | |         restored_blocks: Option<&[SerializedBlockListItem]>,
1044 | |         sizes: BlockSize,
1045 | |         colors: color::List,
...    |
1056 | |         shell_state: ShellLaunchState,
1057 | |     ) -> Self {
     | |_____________^
     |
    ::: app/src/terminal/model/test_utils.rs:322:5
     |
 322 | /     pub fn mock(
 323 | |         restored_blocks: Option<&[SerializedBlockListItem]>,
 324 | |         event_proxy: Option<ChannelEventListener>,
 325 | |     ) -> TerminalModel {
     | |______________________^

error[E0282]: type annotations needed
   --> app/src/terminal/model/terminal_model_tests.rs:153:16
    |
153 |         .find(|block| block.command_to_string() == "setup-looking-command")
    |                ^^^^^  ----- type must be known at this point
    |
help: consider giving this closure parameter an explicit type
    |
153 |         .find(|block: /* Type */| block.command_to_string() == "setup-looking-command")
    |                     ++++++++++++

error[E0599]: no function or associated item named `new_for_shared_session_viewer` found for struct `terminal::model::terminal_model::TerminalModel` in the current scope
    --> app/src/terminal/model/terminal_model_tests.rs:161:32
     |
 161 |     let model = TerminalModel::new_for_shared_session_viewer(
     |                                ^^^^^^^^^^^^^^^^^^^^^^^^^^^^^ function or associated item not found in `terminal::model::terminal_model::TerminalModel`
     |
    ::: app/src/terminal/model/terminal_model.rs:352:1
     |
 352 | pub struct TerminalModel {
     | ------------------------ function or associated item `new_for_shared_session_viewer` not found for this struct
     |
note: if you're trying to build a new `terminal::model::terminal_model::TerminalModel` consider using one of the following associated functions:
      terminal::model::terminal_model::TerminalModel::new_for_test
      terminal::model::terminal_model::TerminalModel::new_internal
      terminal::model::terminal_model::TerminalModel::new
      terminal::model::test_utils::<impl terminal::model::terminal_model::TerminalModel>::mock
    --> app/src/terminal/model/terminal_model.rs:896:5
     |
 896 | /     pub(crate) fn new_for_test(
 897 | |         sizes: BlockSize,
 898 | |         colors: color::List,
 899 | |         event_proxy: ChannelEventListener,
...    |
 905 | |         session_startup_path: Option<PathBuf>,
 906 | |     ) -> Self {
     | |_____________^
...
 965 | /     fn new_internal(
 966 | |         restored_blocks: Option<&[SerializedBlockListItem]>,
 967 | |         sizes: BlockSize,
 968 | |         colors: color::List,
...    |
 979 | |         shell_state: ShellLaunchState,
 980 | |     ) -> Self {
     | |_____________^
...
1042 | /     pub fn new(
1043 | |         restored_blocks: Option<&[SerializedBlockListItem]>,
1044 | |         sizes: BlockSize,
1045 | |         colors: color::List,
...    |
1056 | |         shell_state: ShellLaunchState,
1057 | |     ) -> Self {
     | |_____________^
     |
    ::: app/src/terminal/model/test_utils.rs:322:5
     |
 322 | /     pub fn mock(
 323 | |         restored_blocks: Option<&[SerializedBlockListItem]>,
 324 | |         event_proxy: Option<ChannelEventListener>,
 325 | |     ) -> TerminalModel {
     | |______________________^

error[E0599]: no function or associated item named `new_for_shared_session_viewer` found for struct `terminal::model::terminal_model::TerminalModel` in the current scope
    --> app/src/terminal/model/terminal_model_tests.rs:184:24
     |
 184 |         TerminalModel::new_for_shared_session_viewer(
     |                        ^^^^^^^^^^^^^^^^^^^^^^^^^^^^^ function or associated item not found in `terminal::model::terminal_model::TerminalModel`
     |
    ::: app/src/terminal/model/terminal_model.rs:352:1
     |
 352 | pub struct TerminalModel {
     | ------------------------ function or associated item `new_for_shared_session_viewer` not found for this struct
     |
note: if you're trying to build a new `terminal::model::terminal_model::TerminalModel` consider using one of the following associated functions:
      terminal::model::terminal_model::TerminalModel::new_for_test
      terminal::model::terminal_model::TerminalModel::new_internal
      terminal::model::terminal_model::TerminalModel::new
      terminal::model::test_utils::<impl terminal::model::terminal_model::TerminalModel>::mock
    --> app/src/terminal/model/terminal_model.rs:896:5
     |
 896 | /     pub(crate) fn new_for_test(
 897 | |         sizes: BlockSize,
 898 | |         colors: color::List,
 899 | |         event_proxy: ChannelEventListener,
...    |
 905 | |         session_startup_path: Option<PathBuf>,
 906 | |     ) -> Self {
     | |_____________^
...
 965 | /     fn new_internal(
 966 | |         restored_blocks: Option<&[SerializedBlockListItem]>,
 967 | |         sizes: BlockSize,
 968 | |         colors: color::List,
...    |
 979 | |         shell_state: ShellLaunchState,
 980 | |     ) -> Self {
     | |_____________^
...
1042 | /     pub fn new(
1043 | |         restored_blocks: Option<&[SerializedBlockListItem]>,
1044 | |         sizes: BlockSize,
1045 | |         colors: color::List,
...    |
1056 | |         shell_state: ShellLaunchState,
1057 | |     ) -> Self {
     | |_____________^
     |
    ::: app/src/terminal/model/test_utils.rs:322:5
     |
 322 | /     pub fn mock(
 323 | |         restored_blocks: Option<&[SerializedBlockListItem]>,
 324 | |         event_proxy: Option<ChannelEventListener>,
 325 | |     ) -> TerminalModel {
     | |______________________^

error[E0433]: failed to resolve: use of undeclared type `SharedSessionSource`
   --> app/src/terminal/model/terminal_model_tests.rs:204:37
    |
204 |     model.set_shared_session_source(SharedSessionSource::user(Some(task_id.to_owned())));
    |                                     ^^^^^^^^^^^^^^^^^^^ use of undeclared type `SharedSessionSource`

error[E0433]: failed to resolve: use of undeclared type `SharedSessionSource`
   --> app/src/terminal/model/terminal_model_tests.rs:208:37
    |
208 |     model.set_shared_session_source(SharedSessionSource::ambient_agent(Some(task_id.to_owned())));
    |                                     ^^^^^^^^^^^^^^^^^^^ use of undeclared type `SharedSessionSource`

error[E0433]: failed to resolve: use of undeclared type `ConversationTranscriptViewerStatus`
   --> app/src/terminal/model/terminal_model_tests.rs:214:9
    |
214 |         ConversationTranscriptViewerStatus::ViewingAmbientConversation(
    |         ^^^^^^^^^^^^^^^^^^^^^^^^^^^^^^^^^^ use of undeclared type `ConversationTranscriptViewerStatus`

error[E0560]: struct `terminal::model::block::serialized_block::SerializedBlock` has no field named `ai_metadata`
   --> app/src/terminal/model/terminal_model_tests.rs:530:13
    |
530 |             ai_metadata: None,
    |             ^^^^^^^^^^^ `terminal::model::block::serialized_block::SerializedBlock` does not have this field
    |
    = note: available fields are: `removed_feature_metadata`, `removed_feature_visibility`

error[E0560]: struct `terminal::model::block::serialized_block::SerializedBlock` has no field named `agent_view_visibility`
   --> app/src/terminal/model/terminal_model_tests.rs:532:13
    |
532 |             agent_view_visibility: None,
    |             ^^^^^^^^^^^^^^^^^^^^^ `terminal::model::block::serialized_block::SerializedBlock` does not have this field
    |
    = note: available fields are: `removed_feature_metadata`, `removed_feature_visibility`

error[E0560]: struct `terminal::model::block::serialized_block::SerializedBlock` has no field named `ai_metadata`
   --> app/src/terminal/model/terminal_model_tests.rs:568:13
    |
568 |             ai_metadata: None,
    |             ^^^^^^^^^^^ `terminal::model::block::serialized_block::SerializedBlock` does not have this field
    |
    = note: available fields are: `removed_feature_metadata`, `removed_feature_visibility`

error[E0560]: struct `terminal::model::block::serialized_block::SerializedBlock` has no field named `agent_view_visibility`
   --> app/src/terminal/model/terminal_model_tests.rs:570:13
    |
570 |             agent_view_visibility: None,
    |             ^^^^^^^^^^^^^^^^^^^^^ `terminal::model::block::serialized_block::SerializedBlock` does not have this field
    |
    = note: available fields are: `removed_feature_metadata`, `removed_feature_visibility`

error[E0560]: struct `terminal::model::block::serialized_block::SerializedBlock` has no field named `ai_metadata`
   --> app/src/terminal/model/terminal_model_tests.rs:606:13
    |
606 |             ai_metadata: None,
    |             ^^^^^^^^^^^ `terminal::model::block::serialized_block::SerializedBlock` does not have this field
    |
    = note: available fields are: `removed_feature_metadata`, `removed_feature_visibility`

error[E0560]: struct `terminal::model::block::serialized_block::SerializedBlock` has no field named `agent_view_visibility`
   --> app/src/terminal/model/terminal_model_tests.rs:608:13
    |
608 |             agent_view_visibility: None,
    |             ^^^^^^^^^^^^^^^^^^^^^ `terminal::model::block::serialized_block::SerializedBlock` does not have this field
    |
    = note: available fields are: `removed_feature_metadata`, `removed_feature_visibility`

error[E0560]: struct `terminal::model::block::serialized_block::SerializedBlock` has no field named `ai_metadata`
   --> app/src/terminal/model/terminal_model_tests.rs:640:13
    |
640 |             ai_metadata: None,
    |             ^^^^^^^^^^^ `terminal::model::block::serialized_block::SerializedBlock` does not have this field
    |
    = note: available fields are: `removed_feature_metadata`, `removed_feature_visibility`

error[E0560]: struct `terminal::model::block::serialized_block::SerializedBlock` has no field named `agent_view_visibility`
   --> app/src/terminal/model/terminal_model_tests.rs:642:13
    |
642 |             agent_view_visibility: None,
    |             ^^^^^^^^^^^^^^^^^^^^^ `terminal::model::block::serialized_block::SerializedBlock` does not have this field
    |
    = note: available fields are: `removed_feature_metadata`, `removed_feature_visibility`

error[E0599]: no method named `set_ordered_terminal_events_for_shared_session_tx` found for struct `terminal::model::terminal_model::TerminalModel` in the current scope
    --> app/src/terminal/model/terminal_model_tests.rs:1131:14
     |
1131 |     terminal.set_ordered_terminal_events_for_shared_session_tx(ordered_tx);
     |              ^^^^^^^^^^^^^^^^^^^^^^^^^^^^^^^^^^^^^^^^^^^^^^^^^ method not found in `terminal::model::terminal_model::TerminalModel`
     |
    ::: app/src/terminal/model/terminal_model.rs:352:1
     |
 352 | pub struct TerminalModel {
     | ------------------------ method `set_ordered_terminal_events_for_shared_session_tx` not found for this struct

error[E0599]: no method named `set_ordered_terminal_events_for_shared_session_tx` found for struct `terminal::model::terminal_model::TerminalModel` in the current scope
    --> app/src/terminal/model/terminal_model_tests.rs:1369:14
     |
1369 |     terminal.set_ordered_terminal_events_for_shared_session_tx(ordered_tx);
     |              ^^^^^^^^^^^^^^^^^^^^^^^^^^^^^^^^^^^^^^^^^^^^^^^^^ method not found in `terminal::model::terminal_model::TerminalModel`
     |
    ::: app/src/terminal/model/terminal_model.rs:352:1
     |
 352 | pub struct TerminalModel {
     | ------------------------ method `set_ordered_terminal_events_for_shared_session_tx` not found for this struct

error[E0599]: no method named `set_ordered_terminal_events_for_shared_session_tx` found for struct `terminal::model::terminal_model::TerminalModel` in the current scope
    --> app/src/terminal/model/terminal_model_tests.rs:1645:14
     |
1645 |     terminal.set_ordered_terminal_events_for_shared_session_tx(ordered_tx);
     |              ^^^^^^^^^^^^^^^^^^^^^^^^^^^^^^^^^^^^^^^^^^^^^^^^^ method not found in `terminal::model::terminal_model::TerminalModel`
     |
    ::: app/src/terminal/model/terminal_model.rs:352:1
     |
 352 | pub struct TerminalModel {
     | ------------------------ method `set_ordered_terminal_events_for_shared_session_tx` not found for this struct

error[E0599]: no method named `set_shared_session_status` found for struct `terminal::model::terminal_model::TerminalModel` in the current scope
    --> app/src/terminal/model/terminal_model_tests.rs:2151:14
     |
2151 |     terminal.set_shared_session_status(SharedSessionStatus::reader());
     |              ^^^^^^^^^^^^^^^^^^^^^^^^^ method not found in `terminal::model::terminal_model::TerminalModel`
     |
    ::: app/src/terminal/model/terminal_model.rs:352:1
     |
 352 | pub struct TerminalModel {
     | ------------------------ method `set_shared_session_status` not found for this struct

error[E0599]: no method named `set_shared_session_status` found for struct `terminal::model::terminal_model::TerminalModel` in the current scope
    --> app/src/terminal/model/terminal_model_tests.rs:2185:14
     |
2185 |     terminal.set_shared_session_status(SharedSessionStatus::ActiveSharer);
     |              ^^^^^^^^^^^^^^^^^^^^^^^^^ method not found in `terminal::model::terminal_model::TerminalModel`
     |
    ::: app/src/terminal/model/terminal_model.rs:352:1
     |
 352 | pub struct TerminalModel {
     | ------------------------ method `set_shared_session_status` not found for this struct

error[E0599]: no method named `set_shared_session_status` found for struct `terminal::model::terminal_model::TerminalModel` in the current scope
    --> app/src/terminal/model/terminal_model_tests.rs:2221:14
     |
2221 |     terminal.set_shared_session_status(SharedSessionStatus::ActiveSharer);
     |              ^^^^^^^^^^^^^^^^^^^^^^^^^ method not found in `terminal::model::terminal_model::TerminalModel`
     |
    ::: app/src/terminal/model/terminal_model.rs:352:1
     |
 352 | pub struct TerminalModel {
     | ------------------------ method `set_shared_session_status` not found for this struct

error[E0599]: no method named `set_ordered_terminal_events_for_shared_session_tx` found for struct `terminal::model::terminal_model::TerminalModel` in the current scope
    --> app/src/terminal/model/terminal_model_tests.rs:2223:14
     |
2223 |     terminal.set_ordered_terminal_events_for_shared_session_tx(tx);
     |              ^^^^^^^^^^^^^^^^^^^^^^^^^^^^^^^^^^^^^^^^^^^^^^^^^ method not found in `terminal::model::terminal_model::TerminalModel`
     |
    ::: app/src/terminal/model/terminal_model.rs:352:1
     |
 352 | pub struct TerminalModel {
     | ------------------------ method `set_ordered_terminal_events_for_shared_session_tx` not found for this struct

error[E0599]: no method named `set_shared_session_status` found for struct `terminal::model::terminal_model::TerminalModel` in the current scope
    --> app/src/terminal/model/terminal_model_tests.rs:2256:14
     |
2256 |     terminal.set_shared_session_status(SharedSessionStatus::ActiveSharer);
     |              ^^^^^^^^^^^^^^^^^^^^^^^^^ method not found in `terminal::model::terminal_model::TerminalModel`
     |
    ::: app/src/terminal/model/terminal_model.rs:352:1
     |
 352 | pub struct TerminalModel {
     | ------------------------ method `set_shared_session_status` not found for this struct

error[E0599]: no method named `set_ordered_terminal_events_for_shared_session_tx` found for struct `terminal::model::terminal_model::TerminalModel` in the current scope
    --> app/src/terminal/model/terminal_model_tests.rs:2258:14
     |
2258 |     terminal.set_ordered_terminal_events_for_shared_session_tx(tx);
     |              ^^^^^^^^^^^^^^^^^^^^^^^^^^^^^^^^^^^^^^^^^^^^^^^^^ method not found in `terminal::model::terminal_model::TerminalModel`
     |
    ::: app/src/terminal/model/terminal_model.rs:352:1
     |
 352 | pub struct TerminalModel {
     | ------------------------ method `set_ordered_terminal_events_for_shared_session_tx` not found for this struct

error[E0599]: no method named `set_shared_session_status` found for struct `terminal::model::terminal_model::TerminalModel` in the current scope
    --> app/src/terminal/model/terminal_model_tests.rs:2308:14
     |
2308 |     terminal.set_shared_session_status(SharedSessionStatus::ActiveSharer);
     |              ^^^^^^^^^^^^^^^^^^^^^^^^^ method not found in `terminal::model::terminal_model::TerminalModel`
     |
    ::: app/src/terminal/model/terminal_model.rs:352:1
     |
 352 | pub struct TerminalModel {
     | ------------------------ method `set_shared_session_status` not found for this struct

error[E0599]: no method named `set_ordered_terminal_events_for_shared_session_tx` found for struct `terminal::model::terminal_model::TerminalModel` in the current scope
    --> app/src/terminal/model/terminal_model_tests.rs:2310:14
     |
2310 |     terminal.set_ordered_terminal_events_for_shared_session_tx(tx);
     |              ^^^^^^^^^^^^^^^^^^^^^^^^^^^^^^^^^^^^^^^^^^^^^^^^^ method not found in `terminal::model::terminal_model::TerminalModel`
     |
    ::: app/src/terminal/model/terminal_model.rs:352:1
     |
 352 | pub struct TerminalModel {
     | ------------------------ method `set_ordered_terminal_events_for_shared_session_tx` not found for this struct

error[E0599]: no method named `send_cloud_mode_setup_phase_ended_for_shared_session` found for struct `terminal::model::terminal_model::TerminalModel` in the current scope
    --> app/src/terminal/model/terminal_model_tests.rs:2312:14
     |
2312 |     terminal.send_cloud_mode_setup_phase_ended_for_shared_session();
     |              ^^^^^^^^^^^^^^^^^^^^^^^^^^^^^^^^^^^^^^^^^^^^^^^^^^^^ method not found in `terminal::model::terminal_model::TerminalModel`
     |
    ::: app/src/terminal/model/terminal_model.rs:352:1
     |
 352 | pub struct TerminalModel {
     | ------------------------ method `send_cloud_mode_setup_phase_ended_for_shared_session` not found for this struct

error[E0599]: no method named `set_ordered_terminal_events_for_shared_session_tx` found for struct `terminal::model::terminal_model::TerminalModel` in the current scope
    --> app/src/terminal/model/terminal_model_tests.rs:2329:14
     |
2329 |     terminal.set_ordered_terminal_events_for_shared_session_tx(tx);
     |              ^^^^^^^^^^^^^^^^^^^^^^^^^^^^^^^^^^^^^^^^^^^^^^^^^ method not found in `terminal::model::terminal_model::TerminalModel`
     |
    ::: app/src/terminal/model/terminal_model.rs:352:1
     |
 352 | pub struct TerminalModel {
     | ------------------------ method `set_ordered_terminal_events_for_shared_session_tx` not found for this struct

error[E0599]: no method named `send_cloud_mode_setup_phase_ended_for_shared_session` found for struct `terminal::model::terminal_model::TerminalModel` in the current scope
    --> app/src/terminal/model/terminal_model_tests.rs:2331:14
     |
2331 |     terminal.send_cloud_mode_setup_phase_ended_for_shared_session();
     |              ^^^^^^^^^^^^^^^^^^^^^^^^^^^^^^^^^^^^^^^^^^^^^^^^^^^^ method not found in `terminal::model::terminal_model::TerminalModel`
     |
    ::: app/src/terminal/model/terminal_model.rs:352:1
     |
 352 | pub struct TerminalModel {
     | ------------------------ method `send_cloud_mode_setup_phase_ended_for_shared_session` not found for this struct

error[E0223]: ambiguous associated type
 --> app/src/workflows/categories_tests.rs:9:49
  |
9 |     let workflow = Arc::new(WorkflowType::Local(Workflow::Command {
  |                                                 ^^^^^^^^^^^^^^^^^
  |
help: if there were a trait named `Example` with associated type `Command` implemented for `workflows::model::Workflow`, you could use the fully-qualified path
  |
9 -     let workflow = Arc::new(WorkflowType::Local(Workflow::Command {
9 +     let workflow = Arc::new(WorkflowType::Local(<workflows::model::Workflow as Example>::Command {
  |

error[E0223]: ambiguous associated type
 --> app/src/workflows/command_parser_tests.rs:9:37
  |
9 |     static ref WORKFLOW: Workflow = Workflow::Command {
  |                                     ^^^^^^^^^^^^^^^^^
  |
help: if there were a trait named `Example` with associated type `Command` implemented for `workflows::model::Workflow`, you could use the fully-qualified path
  |
9 -     static ref WORKFLOW: Workflow = Workflow::Command {
9 +     static ref WORKFLOW: Workflow = <workflows::model::Workflow as Example>::Command {
  |

error[E0223]: ambiguous associated type
  --> app/src/workflows/command_parser_tests.rs:41:71
   |
41 |     static ref WORKFLOW_MULTIPLE_INSTANCES_SAME_PARAMETER: Workflow = Workflow::Command {
   |                                                                       ^^^^^^^^^^^^^^^^^
   |
help: if there were a trait named `Example` with associated type `Command` implemented for `workflows::model::Workflow`, you could use the fully-qualified path
   |
41 -     static ref WORKFLOW_MULTIPLE_INSTANCES_SAME_PARAMETER: Workflow = Workflow::Command {
41 +     static ref WORKFLOW_MULTIPLE_INSTANCES_SAME_PARAMETER: Workflow = <workflows::model::Workflow as Example>::Command {
   |

error[E0223]: ambiguous associated type
  --> app/src/workflows/command_parser_tests.rs:62:51
   |
62 |     static ref WORKFLOW_NO_PARAMETERS: Workflow = Workflow::Command {
   |                                                   ^^^^^^^^^^^^^^^^^
   |
help: if there were a trait named `Example` with associated type `Command` implemented for `workflows::model::Workflow`, you could use the fully-qualified path
   |
62 -     static ref WORKFLOW_NO_PARAMETERS: Workflow = Workflow::Command {
62 +     static ref WORKFLOW_NO_PARAMETERS: Workflow = <workflows::model::Workflow as Example>::Command {
   |

error[E0223]: ambiguous associated type
  --> app/src/workflows/command_parser_tests.rs:78:50
   |
78 |     static ref WORKFLOW_WITH_ESCAPES: Workflow = Workflow::Command {
   |                                                  ^^^^^^^^^^^^^^^^^
   |
help: if there were a trait named `Example` with associated type `Command` implemented for `workflows::model::Workflow`, you could use the fully-qualified path
   |
78 -     static ref WORKFLOW_WITH_ESCAPES: Workflow = Workflow::Command {
78 +     static ref WORKFLOW_WITH_ESCAPES: Workflow = <workflows::model::Workflow as Example>::Command {
   |

error[E0223]: ambiguous associated type
   --> app/src/workflows/command_parser_tests.rs:109:65
    |
109 |     static ref WORKFLOW_WITH_DUPLICATES_AND_ESCAPES: Workflow = Workflow::Command {
    |                                                                 ^^^^^^^^^^^^^^^^^
    |
help: if there were a trait named `Example` with associated type `Command` implemented for `workflows::model::Workflow`, you could use the fully-qualified path
    |
109 -     static ref WORKFLOW_WITH_DUPLICATES_AND_ESCAPES: Workflow = Workflow::Command {
109 +     static ref WORKFLOW_WITH_DUPLICATES_AND_ESCAPES: Workflow = <workflows::model::Workflow as Example>::Command {
    |

error[E0223]: ambiguous associated type
   --> app/src/workflows/command_parser_tests.rs:135:58
    |
135 |     static ref WORKFLOW_WITH_MULTIBYTE_CHARS: Workflow = Workflow::Command {
    |                                                          ^^^^^^^^^^^^^^^^^
    |
help: if there were a trait named `Example` with associated type `Command` implemented for `workflows::model::Workflow`, you could use the fully-qualified path
    |
135 -     static ref WORKFLOW_WITH_MULTIBYTE_CHARS: Workflow = Workflow::Command {
135 +     static ref WORKFLOW_WITH_MULTIBYTE_CHARS: Workflow = <workflows::model::Workflow as Example>::Command {
    |

error[E0599]: no variant or associated item named `NotificationsMailbox` found for enum `workspace::header_toolbar_item::HeaderToolbarItemKind` in the current scope
   --> app/src/workspace/tab_settings_tests.rs:102:44
    |
102 |         right: vec![HeaderToolbarItemKind::NotificationsMailbox],
    |                                            ^^^^^^^^^^^^^^^^^^^^ variant or associated item not found in `workspace::header_toolbar_item::HeaderToolbarItemKind`
    |
   ::: app/src/workspace/header_toolbar_item.rs:26:1
    |
 26 | pub enum HeaderToolbarItemKind {
    | ------------------------------ variant or associated item `NotificationsMailbox` not found for this enum

error[E0599]: no variant or associated item named `NotificationsMailbox` found for enum `workspace::header_toolbar_item::HeaderToolbarItemKind` in the current scope
   --> app/src/workspace/tab_settings_tests.rs:107:58
    |
107 |     assert!(config.contains_item(&HeaderToolbarItemKind::NotificationsMailbox));
    |                                                          ^^^^^^^^^^^^^^^^^^^^ variant or associated item not found in `workspace::header_toolbar_item::HeaderToolbarItemKind`
    |
   ::: app/src/workspace/header_toolbar_item.rs:26:1
    |
 26 | pub enum HeaderToolbarItemKind {
    | ------------------------------ variant or associated item `NotificationsMailbox` not found for this enum

error[E0599]: no variant or associated item named `AgentManagement` found for enum `workspace::header_toolbar_item::HeaderToolbarItemKind` in the current scope
   --> app/src/workspace/tab_settings_tests.rs:108:59
    |
108 |     assert!(!config.contains_item(&HeaderToolbarItemKind::AgentManagement));
    |                                                           ^^^^^^^^^^^^^^^ variant or associated item not found in `workspace::header_toolbar_item::HeaderToolbarItemKind`
    |
   ::: app/src/workspace/header_toolbar_item.rs:26:1
    |
 26 | pub enum HeaderToolbarItemKind {
    | ------------------------------ variant or associated item `AgentManagement` not found for this enum

error: unused import: `SingletonEntity`
  --> app/src/code_review/find_model_tests.rs:11:46
   |
11 | use warpui::{App, Element as _, ModelHandle, SingletonEntity, ViewHandle};
   |                                              ^^^^^^^^^^^^^^^

error: unused import: `Setting`
 --> app/src/settings/privacy_tests.rs:2:16
  |
2 | use settings::{Setting, SettingSurfaces, SettingsMode};
  |                ^^^^^^^

error: unused import: `SingletonEntity`
   --> app/src/terminal/mock_terminal_manager.rs:116:32
    |
116 |     use warpui::{App, Element, SingletonEntity};
    |                                ^^^^^^^^^^^^^^^

error[E0433]: failed to resolve: use of undeclared type `ImageContextOptions`
    --> app/src/editor/view/mod_tests.rs:4322:44
     |
4322 |             editor.image_context_options = ImageContextOptions::Enabled {
     |                                            ^^^^^^^^^^^^^^^^^^^ use of undeclared type `ImageContextOptions`

error[E0433]: failed to resolve: use of undeclared type `ImageContextOptions`
    --> app/src/editor/view/mod_tests.rs:4376:44
     |
4376 |             editor.image_context_options = ImageContextOptions::Enabled {
     |                                            ^^^^^^^^^^^^^^^^^^^ use of undeclared type `ImageContextOptions`

error[E0433]: failed to resolve: use of undeclared type `ImageContextOptions`
    --> app/src/editor/view/mod_tests.rs:4419:44
     |
4419 |             editor.image_context_options = ImageContextOptions::Enabled {
     |                                            ^^^^^^^^^^^^^^^^^^^ use of undeclared type `ImageContextOptions`

error[E0433]: failed to resolve: use of undeclared type `ImageContextOptions`
    --> app/src/editor/view/mod_tests.rs:4463:44
     |
4463 |             editor.image_context_options = ImageContextOptions::Enabled {
     |                                            ^^^^^^^^^^^^^^^^^^^ use of undeclared type `ImageContextOptions`

error[E0433]: failed to resolve: use of undeclared type `OrderedTerminalEventType`
    --> app/src/terminal/model/terminal_model_tests.rs:2319:9
     |
2319 |         OrderedTerminalEventType::CloudModeSetupPhaseEnded
     |         ^^^^^^^^^^^^^^^^^^^^^^^^ use of undeclared type `OrderedTerminalEventType`

error[E0433]: failed to resolve: use of undeclared type `OrderedTerminalEventType`
    --> app/src/terminal/model/terminal_model_tests.rs:2299:9
     |
2299 |     let OrderedTerminalEventType::PtyBytesRead { bytes } = &events[3] else {
     |         ^^^^^^^^^^^^^^^^^^^^^^^^ use of undeclared type `OrderedTerminalEventType`

error[E0433]: failed to resolve: use of undeclared type `SerializedAgentViewVisibility`
    --> app/src/terminal/model/block_tests.rs:1677:9
     |
1677 |         SerializedAgentViewVisibility::Agent {
     |         ^^^^^^^^^^^^^^^^^^^^^^^^^^^^^ use of undeclared type `SerializedAgentViewVisibility`

error[E0433]: failed to resolve: use of undeclared type `AgentViewVisibility`
    --> app/src/terminal/model/blocks_tests.rs:1818:9
     |
1818 |         AgentViewVisibility::Agent {
     |         ^^^^^^^^^^^^^^^^^^^ use of undeclared type `AgentViewVisibility`

error[E0433]: failed to resolve: use of undeclared type `AgentViewVisibility`
    --> app/src/terminal/model/blocks_tests.rs:1842:9
     |
1842 |         AgentViewVisibility::Agent {
     |         ^^^^^^^^^^^^^^^^^^^ use of undeclared type `AgentViewVisibility`

error[E0433]: failed to resolve: use of undeclared type `OrderedTerminalEventType`
    --> app/src/terminal/model/terminal_model_tests.rs:2294:9
     |
2294 |     let OrderedTerminalEventType::PtyBytesRead { bytes } = &events[2] else {
     |         ^^^^^^^^^^^^^^^^^^^^^^^^ use of undeclared type `OrderedTerminalEventType`

error[E0433]: failed to resolve: use of undeclared type `AgentViewVisibility`
    --> app/src/terminal/model/blocks_tests.rs:1883:9
     |
1883 |         AgentViewVisibility::Agent { .. }
     |         ^^^^^^^^^^^^^^^^^^^ use of undeclared type `AgentViewVisibility`

error[E0433]: failed to resolve: use of undeclared type `AgentViewVisibility`
    --> app/src/terminal/model/blocks_tests.rs:1926:13
     |
1926 |             AgentViewVisibility::Terminal {
     |             ^^^^^^^^^^^^^^^^^^^ use of undeclared type `AgentViewVisibility`

error[E0433]: failed to resolve: use of undeclared type `AgentViewVisibility`
    --> app/src/terminal/model/blocks_tests.rs:1933:13
     |
1933 |             AgentViewVisibility::Agent {
     |             ^^^^^^^^^^^^^^^^^^^ use of undeclared type `AgentViewVisibility`

error[E0433]: failed to resolve: use of undeclared type `OrderedTerminalEventType`
    --> app/src/terminal/model/terminal_model_tests.rs:2288:9
     |
2288 |     let OrderedTerminalEventType::PtyBytesRead { bytes } = &events[1] else {
     |         ^^^^^^^^^^^^^^^^^^^^^^^^ use of undeclared type `OrderedTerminalEventType`

error[E0433]: failed to resolve: use of undeclared type `OrderedTerminalEventType`
    --> app/src/terminal/model/terminal_model_tests.rs:2283:9
     |
2283 |     let OrderedTerminalEventType::PtyBytesRead { bytes } = &events[0] else {
     |         ^^^^^^^^^^^^^^^^^^^^^^^^ use of undeclared type `OrderedTerminalEventType`

error[E0433]: failed to resolve: use of undeclared type `OrderedTerminalEventType`
    --> app/src/terminal/model/terminal_model_tests.rs:2243:9
     |
2243 |     let OrderedTerminalEventType::PtyBytesRead { bytes } = &events[2] else {
     |         ^^^^^^^^^^^^^^^^^^^^^^^^ use of undeclared type `OrderedTerminalEventType`

error[E0433]: failed to resolve: use of undeclared type `OrderedTerminalEventType`
    --> app/src/terminal/model/terminal_model_tests.rs:2238:9
     |
2238 |     let OrderedTerminalEventType::PtyBytesRead { bytes } = &events[1] else {
     |         ^^^^^^^^^^^^^^^^^^^^^^^^ use of undeclared type `OrderedTerminalEventType`

error[E0433]: failed to resolve: use of undeclared type `OrderedTerminalEventType`
    --> app/src/terminal/model/terminal_model_tests.rs:1225:12
     |
1225 |         Ok(OrderedTerminalEventType::CommandExecutionFinished { .. })
     |            ^^^^^^^^^^^^^^^^^^^^^^^^ use of undeclared type `OrderedTerminalEventType`

error[E0433]: failed to resolve: use of undeclared type `OrderedTerminalEventType`
    --> app/src/terminal/model/terminal_model_tests.rs:1433:12
     |
1433 |         Ok(OrderedTerminalEventType::CommandExecutionFinished { .. })
     |            ^^^^^^^^^^^^^^^^^^^^^^^^ use of undeclared type `OrderedTerminalEventType`

error[E0433]: failed to resolve: use of undeclared type `OrderedTerminalEventType`
    --> app/src/terminal/model/terminal_model_tests.rs:2233:9
     |
2233 |     let OrderedTerminalEventType::PtyBytesRead { bytes } = &events[0] else {
     |         ^^^^^^^^^^^^^^^^^^^^^^^^ use of undeclared type `OrderedTerminalEventType`

Some errors have detailed explanations: E0061, E0223, E0277, E0282, E0308, E0412, E0422, E0425, E0432...
For more information about an error, try `rustc --explain E0061`.
error: could not compile `warp` (lib test) due to 1076 previous errors
