Running ./script/format...
Rust formatting succeeded...
Checking for inline Rust test modules...
Inline Rust test module check succeeded...
Checking license boundaries...
License boundary check succeeded...
Checking license config sync...
License config in sync.
License config sync succeeded...
Checking network boundaries...
OK: network constructors stay inside guarded boundary crates
Network boundary check succeeded...
Checking test inventory failure handling...
.........
----------------------------------------------------------------------
Ran 9 tests in 3.894s

OK
Test inventory failure handling succeeded...
Running clippy...
warning: patch `tink-core v0.3.0 (https://github.com/warpdotdev/tink-rust?rev=54b9ac9af93b0c08b446a7bc0582836c9403a71b#54b9ac9a)` was not used in the crate graph
warning: patch `tink-hybrid v0.3.0 (https://github.com/warpdotdev/tink-rust?rev=54b9ac9af93b0c08b446a7bc0582836c9403a71b#54b9ac9a)` was not used in the crate graph
warning: patch `tink-proto v0.3.0 (https://github.com/warpdotdev/tink-rust?rev=54b9ac9af93b0c08b446a7bc0582836c9403a71b#54b9ac9a)` was not used in the crate graph
help: Check that the patched package version and available features are compatible
      with the dependency requirements. If the patch has a different version from
      what is locked in the Cargo.lock file, run `cargo update` to use the new
      version. This may also occur with an optional dependency that is not enabled.
    Checking warp v0.1.0 (/Users/tedczj/workspace/term4u/app)
   Compiling command-signatures-v2 v0.1.0 (/Users/tedczj/workspace/term4u/crates/command-signatures-v2)
error[E0433]: failed to resolve: could not find `cloud_objects` in `server`
 --> app/src/integration_testing/assertions.rs:7:20
  |
7 | use crate::server::cloud_objects::listener::Listener;
  |                    ^^^^^^^^^^^^^ could not find `cloud_objects` in `server`

error[E0433]: failed to resolve: could not find `cloud_objects` in `server`
 --> app/src/integration_testing/assertions.rs:8:20
  |
8 | use crate::server::cloud_objects::update_manager::UpdateManager;
  |                    ^^^^^^^^^^^^^ could not find `cloud_objects` in `server`

error[E0433]: failed to resolve: could not find `index` in `ai`
 --> app/src/integration_testing/codebase_context/step.rs:4:9
  |
4 | use ai::index::full_source_code_embedding::manager::CodebaseIndexManager;
  |         ^^^^^ could not find `index` in `ai`

error[E0433]: failed to resolve: could not find `blocklist` in `ai`
 --> app/src/integration_testing/input/step.rs:6:16
  |
6 | use crate::ai::blocklist::agent_view::AgentInputFooterEvent;
  |                ^^^^^^^^^ could not find `blocklist` in `ai`

error[E0432]: unresolved import `crate::server::ids`
 --> app/src/integration_testing/assertions.rs:9:20
  |
9 | use crate::server::ids::ClientId;
  |                    ^^^ could not find `ids` in `server`

error[E0432]: unresolved import `crate::ai::blocklist`
 --> app/src/integration_testing/input/step.rs:7:16
  |
7 | use crate::ai::blocklist::{InputConfig, InputType};
  |                ^^^^^^^^^ could not find `blocklist` in `ai`

error[E0432]: unresolved import `crate::integration_testing::cloud_object`
 --> app/src/integration_testing/notebook/assertion.rs:9:33
  |
9 | use crate::integration_testing::cloud_object::assert_metadata_revision;
  |                                 ^^^^^^^^^^^^ could not find `cloud_object` in `integration_testing`

error[E0433]: failed to resolve: could not find `cloud_objects` in `server`
  --> app/src/integration_testing/notebook/step.rs:14:20
   |
14 | use crate::server::cloud_objects::update_manager::UpdateManager;
   |                    ^^^^^^^^^^^^^ could not find `cloud_objects` in `server`

error[E0432]: unresolved import `crate::server::ids`
  --> app/src/integration_testing/notebook/assertion.rs:15:20
   |
15 | use crate::server::ids::SyncId;
   |                    ^^^ could not find `ids` in `server`

error[E0432]: unresolved import `crate::server::ids`
  --> app/src/integration_testing/notebook/step.rs:15:20
   |
15 | use crate::server::ids::{ClientId, SyncId};
   |                    ^^^ could not find `ids` in `server`

error[E0433]: failed to resolve: could not find `facts` in `ai`
 --> app/src/integration_testing/rules/assertion.rs:5:16
  |
5 | use crate::ai::facts::view::AIFactPage;
  |                ^^^^^ could not find `facts` in `ai`

error[E0432]: unresolved import `crate::ai::facts`
 --> app/src/integration_testing/rules/assertion.rs:4:16
  |
4 | use crate::ai::facts::CloudAIFactModel;
  |                ^^^^^ could not find `facts` in `ai`

error[E0432]: unresolved import `crate::server::ids`
 --> app/src/integration_testing/rules/assertion.rs:9:20
  |
9 | use crate::server::ids::SyncId;
  |                    ^^^ could not find `ids` in `server`

error[E0433]: failed to resolve: could not find `facts` in `ai`
 --> app/src/integration_testing/rules/step.rs:8:16
  |
8 | use crate::ai::facts::view::AIFactPage;
  |                ^^^^^ could not find `facts` in `ai`

error[E0433]: failed to resolve: could not find `cloud_objects` in `server`
  --> app/src/integration_testing/rules/step.rs:12:20
   |
12 | use crate::server::cloud_objects::update_manager::UpdateManager;
   |                    ^^^^^^^^^^^^^ could not find `cloud_objects` in `server`

error[E0432]: unresolved import `crate::ai::facts`
 --> app/src/integration_testing/rules/step.rs:7:16
  |
7 | use crate::ai::facts::AIMemory;
  |                ^^^^^ could not find `facts` in `ai`

error[E0433]: failed to resolve: could not find `agent` in `ai`
 --> app/src/integration_testing/secret_redaction/assertion.rs:4:16
  |
4 | use crate::ai::agent::redaction::redact_secrets;
  |                ^^^^^ could not find `agent` in `ai`

error[E0433]: failed to resolve: could not find `blocklist` in `ai`
 --> app/src/integration_testing/secret_redaction/assertion.rs:5:16
  |
5 | use crate::ai::blocklist::block::secret_redaction::find_secrets_in_text;
  |                ^^^^^^^^^ could not find `blocklist` in `ai`

error[E0433]: failed to resolve: could not find `execution_profiles` in `ai`
 --> app/src/integration_testing/settings/execution_profiles.rs:5:16
  |
5 | use crate::ai::execution_profiles::profiles::AIExecutionProfilesModel;
  |                ^^^^^^^^^^^^^^^^^^ could not find `execution_profiles` in `ai`

error[E0432]: unresolved import `crate::server::ids`
  --> app/src/integration_testing/rules/step.rs:13:20
   |
13 | use crate::server::ids::{ClientId, SyncId};
   |                    ^^^ could not find `ids` in `server`

error[E0432]: unresolved import `crate::ai::execution_profiles`
 --> app/src/integration_testing/settings/execution_profiles.rs:6:16
  |
6 | use crate::ai::execution_profiles::{AIExecutionProfile, ActionPermission, ExecutionProfileId};
  |                ^^^^^^^^^^^^^^^^^^ could not find `execution_profiles` in `ai`

error[E0432]: unresolved import `crate::integration_testing::cloud_object`
 --> app/src/integration_testing/workflow/assertion.rs:4:33
  |
4 | use crate::integration_testing::cloud_object::assert_metadata_revision;
  |                                 ^^^^^^^^^^^^ could not find `cloud_object` in `integration_testing`

error[E0433]: failed to resolve: could not find `cloud_objects` in `server`
  --> app/src/integration_testing/workflow/step.rs:10:20
   |
10 | use crate::server::cloud_objects::update_manager::UpdateManager;
   |                    ^^^^^^^^^^^^^ could not find `cloud_objects` in `server`

error[E0432]: unresolved import `crate::server::ids`
 --> app/src/integration_testing/workflow/assertion.rs:6:20
  |
6 | use crate::server::ids::SyncId;
  |                    ^^^ could not find `ids` in `server`

error[E0433]: failed to resolve: could not find `server_api` in `server`
  --> app/src/code/editor/view/vim_handler_tests.rs:31:20
   |
31 | use crate::server::server_api::team::MockTeamClient;
   |                    ^^^^^^^^^^ could not find `server_api` in `server`

error[E0433]: failed to resolve: could not find `server_api` in `server`
  --> app/src/code/editor/view/vim_handler_tests.rs:32:20
   |
32 | use crate::server::server_api::workspace::MockWorkspaceClient;
   |                    ^^^^^^^^^^ could not find `server_api` in `server`

error[E0433]: failed to resolve: could not find `server_api` in `server`
  --> app/src/code/editor/view/view_tests.rs:16:20
   |
16 | use crate::server::server_api::team::MockTeamClient;
   |                    ^^^^^^^^^^ could not find `server_api` in `server`

error[E0433]: failed to resolve: could not find `server_api` in `server`
  --> app/src/code/editor/view/view_tests.rs:17:20
   |
17 | use crate::server::server_api::workspace::MockWorkspaceClient;
   |                    ^^^^^^^^^^ could not find `server_api` in `server`

error[E0433]: failed to resolve: could not find `server_api` in `server`
  --> app/src/code/file_tree/view/view_tests.rs:18:20
   |
18 | use crate::server::server_api::team::MockTeamClient;
   |                    ^^^^^^^^^^ could not find `server_api` in `server`

error[E0433]: failed to resolve: could not find `server_api` in `server`
  --> app/src/code/file_tree/view/view_tests.rs:19:20
   |
19 | use crate::server::server_api::workspace::MockWorkspaceClient;
   |                    ^^^^^^^^^^ could not find `server_api` in `server`

error[E0433]: failed to resolve: could not find `agent` in `ai`
 --> app/src/code_review/code_review_view_tests.rs:4:9
  |
4 | use ai::agent::action::InsertReviewComment;
  |         ^^^^^ could not find `agent` in `ai`

error[E0432]: unresolved import `crate::ai::request_usage_model`
  --> app/src/code_review/code_review_view_tests.rs:19:16
   |
19 | use crate::ai::request_usage_model::AIRequestUsageModel;
   |                ^^^^^^^^^^^^^^^^^^^ could not find `request_usage_model` in `ai`

error[E0433]: failed to resolve: could not find `server_api` in `server`
  --> app/src/code_review/code_review_view_tests.rs:37:20
   |
37 | use crate::server::server_api::team::MockTeamClient;
   |                    ^^^^^^^^^^ could not find `server_api` in `server`

error[E0433]: failed to resolve: could not find `server_api` in `server`
  --> app/src/code_review/code_review_view_tests.rs:38:20
   |
38 | use crate::server::server_api::workspace::MockWorkspaceClient;
   |                    ^^^^^^^^^^ could not find `server_api` in `server`

error[E0432]: unresolved import `crate::server::server_api`
  --> app/src/code_review/code_review_view_tests.rs:36:20
   |
36 | use crate::server::server_api::ServerApiProvider;
   |                    ^^^^^^^^^^ could not find `server_api` in `server`

error[E0432]: unresolved import `crate::ai::request_usage_model`
  --> app/src/code_review/find_model_tests.rs:15:16
   |
15 | use crate::ai::request_usage_model::AIRequestUsageModel;
   |                ^^^^^^^^^^^^^^^^^^^ could not find `request_usage_model` in `ai`

error[E0433]: failed to resolve: could not find `server_api` in `server`
  --> app/src/code_review/find_model_tests.rs:26:20
   |
26 | use crate::server::server_api::team::MockTeamClient;
   |                    ^^^^^^^^^^ could not find `server_api` in `server`

error[E0433]: failed to resolve: could not find `server_api` in `server`
  --> app/src/code_review/find_model_tests.rs:27:20
   |
27 | use crate::server::server_api::workspace::MockWorkspaceClient;
   |                    ^^^^^^^^^^ could not find `server_api` in `server`

error[E0433]: failed to resolve: could not find `orchestration` in `ai`
  --> app/src/test_util/settings.rs:29:20
   |
29 |     use crate::ai::orchestration::settings::OrchestrationSettings;
   |                    ^^^^^^^^^^^^^ could not find `orchestration` in `ai`

error[E0433]: failed to resolve: could not find `index` in `ai`
 --> app/src/test_util/terminal.rs:1:9
  |
1 | use ai::index::full_source_code_embedding::manager::CodebaseIndexManager;
  |         ^^^^^ could not find `index` in `ai`

error[E0432]: unresolved import `crate::server::server_api`
  --> app/src/code_review/find_model_tests.rs:25:20
   |
25 | use crate::server::server_api::ServerApiProvider;
   |                    ^^^^^^^^^^ could not find `server_api` in `server`

error[E0433]: failed to resolve: could not find `cloud_object` in the crate root
 --> app/src/integration_testing/assertions.rs:4:12
  |
4 | use crate::cloud_object::model::persistence::CloudModel;
  |            ^^^^^^^^^^^^ could not find `cloud_object` in the crate root

error[E0432]: unresolved import `crate::ai::AIRequestUsageModel`
  --> app/src/test_util/terminal.rs:16:5
   |
16 | use crate::ai::AIRequestUsageModel;
   |     ^^^^^^^^^^^^^^^^^^^^^^^^^^^^^^ no `AIRequestUsageModel` in `ai`

error[E0432]: unresolved import `crate::ai::active_agent_views_model`
  --> app/src/test_util/terminal.rs:17:16
   |
17 | use crate::ai::active_agent_views_model::ActiveAgentViewsModel;
   |                ^^^^^^^^^^^^^^^^^^^^^^^^ could not find `active_agent_views_model` in `ai`

error[E0432]: unresolved import `crate::ai::agent_conversations_model`
  --> app/src/test_util/terminal.rs:18:16
   |
18 | use crate::ai::agent_conversations_model::AgentConversationsModel;
   |                ^^^^^^^^^^^^^^^^^^^^^^^^^ could not find `agent_conversations_model` in `ai`

error[E0433]: failed to resolve: could not find `blocklist` in `ai`
  --> app/src/test_util/terminal.rs:20:16
   |
20 | use crate::ai::blocklist::agent_view::orchestration_pill_bar_model::OrchestrationPillBarModel;
   |                ^^^^^^^^^ could not find `blocklist` in `ai`

error[E0433]: failed to resolve: could not find `blocklist` in `ai`
  --> app/src/test_util/terminal.rs:21:16
   |
21 | use crate::ai::blocklist::local_agent_task_sync_model::LocalAgentTaskSyncModel;
   |                ^^^^^^^^^ could not find `blocklist` in `ai`

error[E0433]: failed to resolve: could not find `blocklist` in `ai`
  --> app/src/test_util/terminal.rs:22:16
   |
22 | use crate::ai::blocklist::orchestration_event_streamer::OrchestrationEventStreamer;
   |                ^^^^^^^^^ could not find `blocklist` in `ai`

error[E0433]: failed to resolve: could not find `blocklist` in `ai`
  --> app/src/test_util/terminal.rs:23:16
   |
23 | use crate::ai::blocklist::orchestration_events::OrchestrationEventService;
   |                ^^^^^^^^^ could not find `blocklist` in `ai`

error[E0432]: unresolved import `crate::ai::agent_tips`
  --> app/src/test_util/terminal.rs:19:16
   |
19 | use crate::ai::agent_tips::AITipModel;
   |                ^^^^^^^^^^ could not find `agent_tips` in `ai`

error[E0433]: failed to resolve: could not find `document` in `ai`
  --> app/src/test_util/terminal.rs:27:16
   |
27 | use crate::ai::document::ai_document_model::AIDocumentModel;
   |                ^^^^^^^^ could not find `document` in `ai`

error[E0433]: failed to resolve: could not find `execution_profiles` in `ai`
  --> app/src/test_util/terminal.rs:28:16
   |
28 | use crate::ai::execution_profiles::profiles::AIExecutionProfilesModel;
   |                ^^^^^^^^^^^^^^^^^^ could not find `execution_profiles` in `ai`

error[E0432]: unresolved import `crate::ai::blocklist`
  --> app/src/test_util/terminal.rs:24:16
   |
24 | use crate::ai::blocklist::{
   |                ^^^^^^^^^ could not find `blocklist` in `ai`

error[E0432]: unresolved import `crate::ai::harness_availability`
  --> app/src/test_util/terminal.rs:29:16
   |
29 | use crate::ai::harness_availability::HarnessAvailabilityModel;
   |                ^^^^^^^^^^^^^^^^^^^^ could not find `harness_availability` in `ai`

error[E0432]: unresolved import `crate::ai::llms`
  --> app/src/test_util/terminal.rs:30:16
   |
30 | use crate::ai::llms::LLMPreferences;
   |                ^^^^ could not find `llms` in `ai`

error[E0432]: unresolved import `crate::ai::outline`
  --> app/src/test_util/terminal.rs:31:16
   |
31 | use crate::ai::outline::RepoOutlines;
   |                ^^^^^^^ could not find `outline` in `ai`

error[E0432]: unresolved import `crate::ai::pricing_promotion`
  --> app/src/test_util/terminal.rs:33:16
   |
33 | use crate::ai::pricing_promotion::PricingPromotionState;
   |                ^^^^^^^^^^^^^^^^^ could not find `pricing_promotion` in `ai`

error[E0432]: unresolved import `crate::ai::restored_conversations`
  --> app/src/test_util/terminal.rs:34:16
   |
34 | use crate::ai::restored_conversations::RestoredAgentConversations;
   |                ^^^^^^^^^^^^^^^^^^^^^^ could not find `restored_conversations` in `ai`

error[E0433]: failed to resolve: could not find `cloud_objects` in `server`
  --> app/src/test_util/terminal.rs:45:20
   |
45 | use crate::server::cloud_objects::listener::Listener;
   |                    ^^^^^^^^^^^^^ could not find `cloud_objects` in `server`

error[E0433]: failed to resolve: could not find `cloud_objects` in `server`
  --> app/src/test_util/terminal.rs:46:20
   |
46 | use crate::server::cloud_objects::update_manager::UpdateManager;
   |                    ^^^^^^^^^^^^^ could not find `cloud_objects` in `server`

error[E0432]: unresolved import `crate::auth::auth_manager`
  --> app/src/test_util/terminal.rs:37:18
   |
37 | use crate::auth::auth_manager::AuthManager;
   |                  ^^^^^^^^^^^^ could not find `auth_manager` in `auth`

error[E0432]: unresolved import `crate::server::server_api`
  --> app/src/test_util/terminal.rs:47:20
   |
47 | use crate::server::server_api::ServerApiProvider;
   |                    ^^^^^^^^^^ could not find `server_api` in `server`

error[E0433]: failed to resolve: could not find `server_api` in `server`
 --> app/src/view_components/find_tests.rs:9:20
  |
9 | use crate::server::server_api::team::MockTeamClient;
  |                    ^^^^^^^^^^ could not find `server_api` in `server`

error[E0433]: failed to resolve: could not find `server_api` in `server`
  --> app/src/view_components/find_tests.rs:10:20
   |
10 | use crate::server::server_api::workspace::MockWorkspaceClient;
   |                    ^^^^^^^^^^ could not find `server_api` in `server`

error[E0433]: failed to resolve: could not find `server_api` in `server`
  --> app/src/editor/view/mod_tests.rs:18:20
   |
18 | use crate::server::server_api::team::MockTeamClient;
   |                    ^^^^^^^^^^ could not find `server_api` in `server`

error[E0433]: failed to resolve: could not find `server_api` in `server`
  --> app/src/editor/view/mod_tests.rs:19:20
   |
19 | use crate::server::server_api::workspace::MockWorkspaceClient;
   |                    ^^^^^^^^^^ could not find `server_api` in `server`

error[E0432]: unresolved import `crate::server::sync_queue`
  --> app/src/test_util/terminal.rs:48:20
   |
48 | use crate::server::sync_queue::SyncQueue;
   |                    ^^^^^^^^^^ could not find `sync_queue` in `server`

error[E0432]: unresolved import `crate::server::ids`
  --> app/src/integration_testing/workflow/step.rs:11:20
   |
11 | use crate::server::ids::{ClientId, SyncId};
   |                    ^^^ could not find `ids` in `server`

error[E0432]: unresolved import `crate::ai::blocklist`
  --> app/src/pane_group/pane/view/header/mod_tests.rs:10:16
   |
10 | use crate::ai::blocklist::BlocklistAIHistoryModel;
   |                ^^^^^^^^^ could not find `blocklist` in `ai`

error[E0433]: failed to resolve: could not find `server_api` in `server`
  --> app/src/pane_group/pane/view/header/mod_tests.rs:17:20
   |
17 | use crate::server::server_api::team::MockTeamClient;
   |                    ^^^^^^^^^^ could not find `server_api` in `server`

error[E0433]: failed to resolve: could not find `server_api` in `server`
  --> app/src/pane_group/pane/view/header/mod_tests.rs:18:20
   |
18 | use crate::server::server_api::workspace::MockWorkspaceClient;
   |                    ^^^^^^^^^^ could not find `server_api` in `server`

error[E0432]: unresolved import `crate::server::server_api`
  --> app/src/pane_group/pane/view/header/mod_tests.rs:16:20
   |
16 | use crate::server::server_api::ServerApiProvider;
   |                    ^^^^^^^^^^ could not find `server_api` in `server`

error[E0433]: failed to resolve: could not find `index` in `ai`
 --> app/src/pane_group/mod_tests.rs:4:9
  |
4 | use ai::index::full_source_code_embedding::manager::CodebaseIndexManager;
  |         ^^^^^ could not find `index` in `ai`

error[E0432]: unresolved import `crate::server::sync_queue`
  --> app/src/pane_group/pane/view/header/mod_tests.rs:19:20
   |
19 | use crate::server::sync_queue::SyncQueue;
   |                    ^^^^^^^^^^ could not find `sync_queue` in `server`

error[E0433]: failed to resolve: could not find `session_sharing_types` in `warp_terminal`
  --> app/src/pane_group/mod_tests.rs:17:20
   |
17 | use warp_terminal::session_sharing_types::common::SessionId;
   |                    ^^^^^^^^^^^^^^^^^^^^^ could not find `session_sharing_types` in `warp_terminal`

error[E0433]: failed to resolve: unresolved import
  --> app/src/integration_testing/assertions.rs:12:12
   |
12 | use crate::workspaces::team::{Team, TeamVisibility};
   |            ^^^^^^^^^^
   |            |
   |            unresolved import
   |            help: a similar path exists: `persistence::schema::workspaces`

error[E0432]: unresolved imports `persistence::model::AgentConversation`, `persistence::model::ConversationUsageMetadata`
 --> app/src/pane_group/mod_tests.rs:9:26
  |
9 | use persistence::model::{AgentConversation, ConversationUsageMetadata};
  |                          ^^^^^^^^^^^^^^^^^  ^^^^^^^^^^^^^^^^^^^^^^^^^ no `ConversationUsageMetadata` in `model`
  |                          |
  |                          no `AgentConversation` in `model`

error[E0432]: unresolved import `crate::ai::AIRequestUsageModel`
  --> app/src/pane_group/mod_tests.rs:30:5
   |
30 | use crate::ai::AIRequestUsageModel;
   |     ^^^^^^^^^^^^^^^^^^^^^^^^^^^^^^ no `AIRequestUsageModel` in `ai`

error[E0433]: failed to resolve: could not find `agent` in `ai`
  --> app/src/pane_group/mod_tests.rs:32:16
   |
32 | use crate::ai::agent::api::ServerConversationToken;
   |                ^^^^^ could not find `agent` in `ai`

error[E0433]: failed to resolve: could not find `agent` in `ai`
  --> app/src/pane_group/mod_tests.rs:33:16
   |
33 | use crate::ai::agent::conversation::{
   |                ^^^^^ could not find `agent` in `ai`

error[E0432]: unresolved import `crate::ai::active_agent_views_model`
  --> app/src/pane_group/mod_tests.rs:31:16
   |
31 | use crate::ai::active_agent_views_model::ActiveAgentViewsModel;
   |                ^^^^^^^^^^^^^^^^^^^^^^^^ could not find `active_agent_views_model` in `ai`

error[E0433]: failed to resolve: could not find `agent_tasks` in `ai`
  --> app/src/pane_group/mod_tests.rs:37:16
   |
37 | use crate::ai::agent_tasks::task::TaskPrincipalInfo;
   |                ^^^^^^^^^^^ could not find `agent_tasks` in `ai`

error[E0432]: unresolved import `crate::ai::agent_conversations_model`
  --> app/src/pane_group/mod_tests.rs:36:16
   |
36 | use crate::ai::agent_conversations_model::AgentConversationsModel;
   |                ^^^^^^^^^^^^^^^^^^^^^^^^^ could not find `agent_conversations_model` in `ai`

error[E0433]: failed to resolve: could not find `blocklist` in `ai`
  --> app/src/pane_group/mod_tests.rs:41:16
   |
41 | use crate::ai::blocklist::agent_view::AgentViewEntryOrigin;
   |                ^^^^^^^^^ could not find `blocklist` in `ai`

error[E0433]: failed to resolve: could not find `blocklist` in `ai`
  --> app/src/pane_group/mod_tests.rs:42:16
   |
42 | use crate::ai::blocklist::history_model::CloudConversationData;
   |                ^^^^^^^^^ could not find `blocklist` in `ai`

error[E0433]: failed to resolve: could not find `blocklist` in `ai`
  --> app/src/pane_group/mod_tests.rs:43:16
   |
43 | use crate::ai::blocklist::local_agent_task_sync_model::LocalAgentTaskSyncModel;
   |                ^^^^^^^^^ could not find `blocklist` in `ai`

error[E0433]: failed to resolve: could not find `blocklist` in `ai`
  --> app/src/pane_group/mod_tests.rs:44:16
   |
44 | use crate::ai::blocklist::orchestration_event_streamer::OrchestrationEventStreamer;
   |                ^^^^^^^^^ could not find `blocklist` in `ai`

error[E0433]: failed to resolve: could not find `blocklist` in `ai`
  --> app/src/pane_group/mod_tests.rs:45:16
   |
45 | use crate::ai::blocklist::orchestration_events::OrchestrationEventService;
   |                ^^^^^^^^^ could not find `blocklist` in `ai`

error[E0433]: failed to resolve: could not find `blocklist` in `ai`
  --> app/src/pane_group/mod_tests.rs:46:16
   |
46 | use crate::ai::blocklist::orchestration_topology::descendant_conversation_ids_in_spawn_order;
   |                ^^^^^^^^^ could not find `blocklist` in `ai`

error[E0432]: unresolved import `crate::ai::agent_tasks`
  --> app/src/pane_group/mod_tests.rs:38:16
   |
38 | use crate::ai::agent_tasks::{
   |                ^^^^^^^^^^^ could not find `agent_tasks` in `ai`

error[E0433]: failed to resolve: could not find `document` in `ai`
  --> app/src/pane_group/mod_tests.rs:48:16
   |
48 | use crate::ai::document::ai_document_model::AIDocumentModel;
   |                ^^^^^^^^ could not find `document` in `ai`

error[E0433]: failed to resolve: could not find `execution_profiles` in `ai`
  --> app/src/pane_group/mod_tests.rs:49:16
   |
49 | use crate::ai::execution_profiles::profiles::AIExecutionProfilesModel;
   |                ^^^^^^^^^^^^^^^^^^ could not find `execution_profiles` in `ai`

error[E0432]: unresolved import `crate::ai::blocklist`
  --> app/src/pane_group/mod_tests.rs:47:16
   |
47 | use crate::ai::blocklist::{BlocklistAIHistoryModel, QueuedQueryModel};
   |                ^^^^^^^^^ could not find `blocklist` in `ai`

error[E0432]: unresolved import `crate::ai::harness_availability`
  --> app/src/pane_group/mod_tests.rs:50:16
   |
50 | use crate::ai::harness_availability::HarnessAvailabilityModel;
   |                ^^^^^^^^^^^^^^^^^^^^ could not find `harness_availability` in `ai`

error[E0432]: unresolved import `crate::ai::llms`
  --> app/src/pane_group/mod_tests.rs:51:16
   |
51 | use crate::ai::llms::LLMPreferences;
   |                ^^^^ could not find `llms` in `ai`

error[E0432]: unresolved import `crate::ai::outline`
  --> app/src/pane_group/mod_tests.rs:52:16
   |
52 | use crate::ai::outline::RepoOutlines;
   |                ^^^^^^^ could not find `outline` in `ai`

error[E0432]: unresolved import `crate::ai::restored_conversations`
  --> app/src/pane_group/mod_tests.rs:54:16
   |
54 | use crate::ai::restored_conversations::RestoredAgentConversations;
   |                ^^^^^^^^^^^^^^^^^^^^^^ could not find `restored_conversations` in `ai`

error[E0432]: unresolved import `crate::auth::auth_manager`
  --> app/src/pane_group/mod_tests.rs:56:18
   |
56 | use crate::auth::auth_manager::AuthManager;
   |                  ^^^^^^^^^^^^ could not find `auth_manager` in `auth`

error[E0433]: failed to resolve: could not find `cloud_objects` in `server`
  --> app/src/pane_group/mod_tests.rs:69:20
   |
69 | use crate::server::cloud_objects::listener::Listener;
   |                    ^^^^^^^^^^^^^ could not find `cloud_objects` in `server`

error[E0433]: failed to resolve: could not find `cloud_objects` in `server`
  --> app/src/pane_group/mod_tests.rs:70:20
   |
70 | use crate::server::cloud_objects::update_manager::UpdateManager;
   |                    ^^^^^^^^^^^^^ could not find `cloud_objects` in `server`

error[E0432]: unresolved import `crate::auth::user`
  --> app/src/pane_group/mod_tests.rs:57:18
   |
57 | use crate::auth::user::TEST_USER_UID;
   |                  ^^^^ could not find `user` in `auth`

error[E0432]: unresolved import `crate::server::ids`
  --> app/src/pane_group/mod_tests.rs:71:20
   |
71 | use crate::server::ids::ServerId;
   |                    ^^^ could not find `ids` in `server`

error[E0433]: failed to resolve: could not find `server_api` in `server`
  --> app/src/pane_group/mod_tests.rs:73:20
   |
73 | use crate::server::server_api::presigned_upload::HttpStatusError;
   |                    ^^^^^^^^^^ could not find `server_api` in `server`

error[E0432]: unresolved import `crate::server::server_api`
  --> app/src/pane_group/mod_tests.rs:72:20
   |
72 | use crate::server::server_api::ServerApiProvider;
   |                    ^^^^^^^^^^ could not find `server_api` in `server`

error[E0433]: failed to resolve: could not find `cloud_objects` in `server`
  --> app/src/search/command_palette/data_sources_tests.rs:24:20
   |
24 | use crate::server::cloud_objects::update_manager::UpdateManager;
   |                    ^^^^^^^^^^^^^ could not find `cloud_objects` in `server`

error[E0432]: unresolved import `crate::server::sync_queue`
  --> app/src/pane_group/mod_tests.rs:74:20
   |
74 | use crate::server::sync_queue::SyncQueue;
   |                    ^^^^^^^^^^ could not find `sync_queue` in `server`

error[E0432]: unresolved import `crate::server::ids`
  --> app/src/search/command_palette/data_sources_tests.rs:25:20
   |
25 | use crate::server::ids::SyncId::{self};
   |                    ^^^ could not find `ids` in `server`

error[E0432]: unresolved import `crate::server::ids`
  --> app/src/search/command_palette/data_sources_tests.rs:26:20
   |
26 | use crate::server::ids::{ObjectUid, ServerId};
   |                    ^^^ could not find `ids` in `server`

error[E0433]: failed to resolve: could not find `server_api` in `server`
  --> app/src/search/command_palette/data_sources_tests.rs:28:20
   |
28 | use crate::server::server_api::team::MockTeamClient;
   |                    ^^^^^^^^^^ could not find `server_api` in `server`

error[E0433]: failed to resolve: could not find `server_api` in `server`
  --> app/src/search/command_palette/data_sources_tests.rs:29:20
   |
29 | use crate::server::server_api::workspace::MockWorkspaceClient;
   |                    ^^^^^^^^^^ could not find `server_api` in `server`

error[E0432]: unresolved import `crate::server::server_api`
  --> app/src/search/command_palette/data_sources_tests.rs:27:20
   |
27 | use crate::server::server_api::ServerApiProvider;
   |                    ^^^^^^^^^^ could not find `server_api` in `server`

error[E0432]: unresolved import `crate::server::sync_queue`
  --> app/src/search/command_palette/data_sources_tests.rs:30:20
   |
30 | use crate::server::sync_queue::SyncQueue;
   |                    ^^^^^^^^^^ could not find `sync_queue` in `server`

error[E0432]: unresolved import `crate::auth::auth_manager`
  --> app/src/search/command_search/searcher_tests.rs:13:18
   |
13 | use crate::auth::auth_manager::AuthManager;
   |                  ^^^^^^^^^^^^ could not find `auth_manager` in `auth`

error[E0433]: failed to resolve: could not find `cloud_objects` in `server`
 --> app/src/search/command_search/view_tests.rs:7:20
  |
7 | use crate::server::cloud_objects::listener::Listener;
  |                    ^^^^^^^^^^^^^ could not find `cloud_objects` in `server`

error[E0433]: failed to resolve: could not find `cloud_objects` in `server`
 --> app/src/search/command_search/view_tests.rs:8:20
  |
8 | use crate::server::cloud_objects::update_manager::UpdateManager;
  |                    ^^^^^^^^^^^^^ could not find `cloud_objects` in `server`

error[E0432]: unresolved import `crate::server::server_api`
  --> app/src/search/command_search/searcher_tests.rs:23:20
   |
23 | use crate::server::server_api::ServerApiProvider;
   |                    ^^^^^^^^^^ could not find `server_api` in `server`

error[E0432]: unresolved import `crate::server::server_api`
 --> app/src/search/command_search/view_tests.rs:9:20
  |
9 | use crate::server::server_api::ServerApiProvider;
  |                    ^^^^^^^^^^ could not find `server_api` in `server`

error[E0433]: failed to resolve: could not find `agent` in `ai`
   --> app/src/tab_configs/session_config_tests.rs:600:16
    |
600 | use crate::ai::agent::conversation::AIConversationId;
    |                ^^^^^ could not find `agent` in `ai`

error[E0433]: failed to resolve: could not find `agent` in `ai`
  --> app/src/terminal/history_tests.rs:14:16
   |
14 | use crate::ai::agent::conversation::AIConversationId;
   |                ^^^^^ could not find `agent` in `ai`

error[E0432]: unresolved import `crate::server::sync_queue`
  --> app/src/search/command_search/view_tests.rs:10:20
   |
10 | use crate::server::sync_queue::SyncQueue;
   |                    ^^^^^^^^^^ could not find `sync_queue` in `server`

error[E0432]: unresolved import `crate::server::server_api`
   --> app/src/terminal/mock_terminal_manager.rs:119:24
    |
119 |     use crate::server::server_api::ServerApiProvider;
    |                        ^^^^^^^^^^ could not find `server_api` in `server`

error[E0433]: failed to resolve: could not find `agent` in `ai`
  --> app/src/terminal/model/terminal_model_tests.rs:15:16
   |
15 | use crate::ai::agent::conversation::AIConversationId;
   |                ^^^^^ could not find `agent` in `ai`

error[E0433]: failed to resolve: unresolved import
  --> app/src/integration_testing/assertions.rs:13:12
   |
13 | use crate::workspaces::user_workspaces::UserWorkspaces;
   |            ^^^^^^^^^^
   |            |
   |            unresolved import
   |            help: a similar path exists: `persistence::schema::workspaces`

error[E0433]: failed to resolve: could not find `cloud_object` in the crate root
  --> app/src/code/editor/view/vim_handler_tests.rs:26:12
   |
26 | use crate::cloud_object::model::persistence::CloudModel;
   |            ^^^^^^^^^^^^ could not find `cloud_object` in the crate root

error[E0433]: failed to resolve: could not find `editor` in `notebooks`
  --> app/src/code/editor/view/vim_handler_tests.rs:30:23
   |
30 | use crate::notebooks::editor::keys::NotebookKeybindings;
   |                       ^^^^^^ could not find `editor` in `notebooks`

error[E0433]: failed to resolve: unresolved import
  --> app/src/integration_testing/assertions.rs:14:12
   |
14 | use crate::workspaces::workspace::Workspace;
   |            ^^^^^^^^^^
   |            |
   |            unresolved import
   |            help: a similar path exists: `persistence::schema::workspaces`

error[E0432]: unresolved import `crate::cloud_object`
 --> app/src/integration_testing/assertions.rs:5:12
  |
5 | use crate::cloud_object::{CloudObjectEventEntrypoint, CloudObjectLocation, Space};
  |            ^^^^^^^^^^^^ could not find `cloud_object` in the crate root

error[E0432]: unresolved import `crate::terminal::block_list_viewport`
  --> app/src/integration_testing/block/assertions.rs:11:22
   |
11 | use crate::terminal::block_list_viewport::ViewportState;
   |                      ^^^^^^^^^^^^^^^^^^^ could not find `block_list_viewport` in `terminal`

error[E0433]: failed to resolve: unresolved import
  --> app/src/code/editor/view/vim_handler_tests.rs:39:12
   |
39 | use crate::workspaces::user_workspaces::UserWorkspaces;
   |            ^^^^^^^^^^
   |            |
   |            unresolved import
   |            help: a similar path exists: `persistence::schema::workspaces`

error[E0432]: unresolved import `crate::terminal::view::BlockVisibilityMode`
  --> app/src/integration_testing/block/assertions.rs:13:5
   |
13 | use crate::terminal::view::BlockVisibilityMode;
   |     ^^^^^^^^^^^^^^^^^^^^^^^^^^^^^^^^^^^^^^^^^^ no `BlockVisibilityMode` in `terminal::view`

error[E0433]: failed to resolve: could not find `cloud_object` in the crate root
  --> app/src/code/editor/view/view_tests.rs:13:12
   |
13 | use crate::cloud_object::model::persistence::CloudModel;
   |            ^^^^^^^^^^^^ could not find `cloud_object` in the crate root

error[E0433]: failed to resolve: could not find `editor` in `notebooks`
  --> app/src/code/editor/view/view_tests.rs:15:23
   |
15 | use crate::notebooks::editor::keys::NotebookKeybindings;
   |                       ^^^^^^ could not find `editor` in `notebooks`

error[E0432]: unresolved import `crate::context_chips`
 --> app/src/integration_testing/context_chips/assertions.rs:4:12
  |
4 | use crate::context_chips::ContextChipKind;
  |            ^^^^^^^^^^^^^
  |            |
  |            unresolved import
  |            help: a similar path exists: `integration_testing::context_chips`

error[E0433]: failed to resolve: unresolved import
  --> app/src/code/editor/view/view_tests.rs:23:12
   |
23 | use crate::workspaces::user_workspaces::UserWorkspaces;
   |            ^^^^^^^^^^
   |            |
   |            unresolved import
   |            help: a similar path exists: `persistence::schema::workspaces`

error[E0432]: unresolved import `crate::terminal::input::InputSuggestionsMode`
 --> app/src/integration_testing/input/assertions.rs:5:5
  |
5 | use crate::terminal::input::InputSuggestionsMode;
  |     ^^^^^^^^^^^^^^^^^^^^^^^^^^^^^^^^^^^^^^^^^^^^ no `InputSuggestionsMode` in `terminal::input`

error[E0432]: unresolved import `crate::terminal::CLIAgent`
  --> app/src/integration_testing/input/step.rs:14:5
   |
14 | use crate::terminal::CLIAgent;
   |     ^^^^^^^^^^^^^^^^^^^^^^^^^ no `CLIAgent` in `terminal`

error[E0432]: unresolved import `crate::terminal::cli_agent_sessions`
  --> app/src/integration_testing/input/step.rs:15:22
   |
15 | use crate::terminal::cli_agent_sessions::{
   |                      ^^^^^^^^^^^^^^^^^^ could not find `cli_agent_sessions` in `terminal`

error[E0433]: failed to resolve: unresolved import
  --> app/src/code/file_tree/view/view_tests.rs:26:12
   |
26 | use crate::workspaces::user_workspaces::UserWorkspaces;
   |            ^^^^^^^^^^
   |            |
   |            unresolved import
   |            help: a similar path exists: `persistence::schema::workspaces`

error[E0433]: failed to resolve: could not find `cloud_object` in the crate root
 --> app/src/integration_testing/notebook/assertion.rs:7:12
  |
7 | use crate::cloud_object::model::generic_string_model::GenericStringObjectId;
  |            ^^^^^^^^^^^^ could not find `cloud_object` in the crate root

error[E0433]: failed to resolve: could not find `cloud_object` in the crate root
 --> app/src/integration_testing/notebook/assertion.rs:8:12
  |
8 | use crate::cloud_object::model::persistence::CloudModel;
  |            ^^^^^^^^^^^^ could not find `cloud_object` in the crate root

error[E0432]: unresolved import `crate::ai::agent`
 --> app/src/terminal/model/blocks_tests.rs:9:16
  |
9 | use crate::ai::agent::AIAgentActionId;
  |                ^^^^^ could not find `agent` in `ai`

error[E0432]: unresolved import `crate::terminal::input::models`
  --> app/src/integration_testing/input/step.rs:19:29
   |
19 | use crate::terminal::input::models::InlineModelSelectorTab;
   |                             ^^^^^^ could not find `models` in `input`

error[E0433]: failed to resolve: could not find `cloud_object` in the crate root
  --> app/src/code_review/code_review_view_tests.rs:21:12
   |
21 | use crate::cloud_object::model::persistence::CloudModel;
   |            ^^^^^^^^^^^^ could not find `cloud_object` in the crate root

error[E0432]: unresolved import `crate::notebooks::CloudNotebookModel`
  --> app/src/integration_testing/notebook/assertion.rs:13:24
   |
13 | use crate::notebooks::{CloudNotebookModel, NotebookId};
   |                        ^^^^^^^^^^^^^^^^^^ no `CloudNotebookModel` in `notebooks`

error[E0433]: failed to resolve: unresolved import
  --> app/src/code_review/code_review_view_tests.rs:45:12
   |
45 | use crate::workspaces::user_workspaces::UserWorkspaces;
   |            ^^^^^^^^^^
   |            |
   |            unresolved import
   |            help: a similar path exists: `persistence::schema::workspaces`

error[E0432]: unresolved import `crate::NotebookKeybindings`
  --> app/src/code_review/code_review_view_tests.rs:17:5
   |
17 | use crate::NotebookKeybindings;
   |     ^^^^^^^^^^^^^^^^^^^^^^^^^^ no `NotebookKeybindings` in the root

error[E0433]: failed to resolve: could not find `cloud_object` in the crate root
 --> app/src/integration_testing/notebook/step.rs:9:12
  |
9 | use crate::cloud_object::model::persistence::CloudModel;
  |            ^^^^^^^^^^^^ could not find `cloud_object` in the crate root

error[E0433]: failed to resolve: could not find `cloud_object` in the crate root
  --> app/src/code_review/find_model_tests.rs:17:12
   |
17 | use crate::cloud_object::model::persistence::CloudModel;
   |            ^^^^^^^^^^^^ could not find `cloud_object` in the crate root

error[E0432]: unresolved imports `crate::settings::CloudPreferenceModel`, `crate::settings::Preference`
  --> app/src/integration_testing/notebook/assertion.rs:16:23
   |
16 | use crate::settings::{CloudPreferenceModel, Preference};
   |                       ^^^^^^^^^^^^^^^^^^^^  ^^^^^^^^^^ no `Preference` in `settings`
   |                       |
   |                       no `CloudPreferenceModel` in `settings`

error[E0433]: failed to resolve: unresolved import
  --> app/src/code_review/find_model_tests.rs:33:12
   |
33 | use crate::workspaces::user_workspaces::UserWorkspaces;
   |            ^^^^^^^^^^
   |            |
   |            unresolved import
   |            help: a similar path exists: `persistence::schema::workspaces`

error[E0432]: unresolved import `crate::NotebookKeybindings`
  --> app/src/code_review/find_model_tests.rs:14:5
   |
14 | use crate::NotebookKeybindings;
   |     ^^^^^^^^^^^^^^^^^^^^^^^^^^ no `NotebookKeybindings` in the root

error[E0432]: unresolved import `crate::cloud_object`
  --> app/src/integration_testing/notebook/step.rs:10:12
   |
10 | use crate::cloud_object::{CloudObjectEventEntrypoint, Space};
   |            ^^^^^^^^^^^^ could not find `cloud_object` in the crate root

error[E0432]: unresolved import `crate::workspace::view::tests`
 --> app/src/local_control/handlers/layout_tests.rs:7:29
  |
7 | use crate::workspace::view::tests::{initialize_app, mock_workspace};
  |                             ^^^^^ could not find `tests` in `view`

error[E0433]: failed to resolve: unresolved import
  --> app/src/integration_testing/notebook/step.rs:16:12
   |
16 | use crate::workspaces::user_workspaces::UserWorkspaces;
   |            ^^^^^^^^^^
   |            |
   |            unresolved import
   |            help: a similar path exists: `persistence::schema::workspaces`

error[E0433]: failed to resolve: could not find `drive` in the crate root
  --> app/src/test_util/settings.rs:30:16
   |
30 |     use crate::drive::settings::WarpDriveSettings;
   |                ^^^^^ could not find `drive` in the crate root

error[E0433]: failed to resolve: could not find `cloud_object` in the crate root
 --> app/src/integration_testing/rules/assertion.rs:6:12
  |
6 | use crate::cloud_object::model::generic_string_model::GenericStringObjectId;
  |            ^^^^^^^^^^^^ could not find `cloud_object` in the crate root

error[E0432]: unresolved import `warp_multi_agent_api`
 --> app/src/test_util/ai_agent_tasks.rs:1:5
  |
1 | use warp_multi_agent_api as api;
  |     ^^^^^^^^^^^^^^^^^^^^^^^^^^^ no external crate `warp_multi_agent_api`

error[E0433]: failed to resolve: could not find `cloud_object` in the crate root
 --> app/src/integration_testing/rules/assertion.rs:7:12
  |
7 | use crate::cloud_object::model::persistence::CloudModel;
  |            ^^^^^^^^^^^^ could not find `cloud_object` in the crate root

error[E0432]: unresolved import `crate::drive`
  --> app/src/integration_testing/notebook/step.rs:11:12
   |
11 | use crate::drive::OpenWarpDriveObjectSettings;
   |            ^^^^^ could not find `drive` in the crate root

error[E0433]: failed to resolve: could not find `warpify` in `terminal`
  --> app/src/test_util/settings.rs:50:26
   |
50 |     use crate::terminal::warpify::settings::WarpifySettings;
   |                          ^^^^^^^ could not find `warpify` in `terminal`

error[E0433]: failed to resolve: could not find `cloud_object` in the crate root
  --> app/src/integration_testing/rules/step.rs:10:12
   |
10 | use crate::cloud_object::model::persistence::CloudModel;
   |            ^^^^^^^^^^^^ could not find `cloud_object` in the crate root

error[E0433]: failed to resolve: use of unresolved module or unlinked crate `warp_server_client`
 --> app/src/test_util/terminal.rs:9:5
  |
9 | use warp_server_client::iap::IapManager;
  |     ^^^^^^^^^^^^^^^^^^ use of unresolved module or unlinked crate `warp_server_client`
  |
  = help: if you wanted to use a crate named `warp_server_client`, use `cargo add warp_server_client` to add it to your `Cargo.toml`

error[E0433]: failed to resolve: unresolved import
  --> app/src/integration_testing/rules/step.rs:14:12
   |
14 | use crate::workspaces::user_workspaces::UserWorkspaces;
   |            ^^^^^^^^^^
   |            |
   |            unresolved import
   |            help: a similar path exists: `persistence::schema::workspaces`

error[E0432]: unresolved imports `crate::settings::AISettings`, `crate::settings::CloudPreferencesSettings`, `crate::settings::SharedObjectLimitBannerSettings`
  --> app/src/test_util/settings.rs:35:9
   |
35 |         AISettings, AccessibilitySettings, AliasExpansionSettings, AppEditorSettings,
   |         ^^^^^^^^^^ no `AISettings` in `settings`
36 |         BlockVisibilitySettings, ChangelogSettings, CloudPreferencesSettings, CodeSettings,
   |                                                     ^^^^^^^^^^^^^^^^^^^^^^^^ no `CloudPreferencesSettings` in `settings`
...
40 |         SharedObjectLimitBannerSettings, SshSettings, ThemeSettings, TuiVoiceSettings,
   |         ^^^^^^^^^^^^^^^^^^^^^^^^^^^^^^^ no `SharedObjectLimitBannerSettings` in `settings`
   |
help: a similar name exists in the module
   |
35 -         AISettings, AccessibilitySettings, AliasExpansionSettings, AppEditorSettings,
35 +         Settings, AccessibilitySettings, AliasExpansionSettings, AppEditorSettings,
   |
help: a similar name exists in the module
   |
36 -         BlockVisibilitySettings, ChangelogSettings, CloudPreferencesSettings, CodeSettings,
36 +         BlockVisibilitySettings, ChangelogSettings, NativePreferenceSettings, CodeSettings,
   |

error[E0432]: unresolved import `crate::cloud_object`
 --> app/src/integration_testing/rules/step.rs:9:12
  |
9 | use crate::cloud_object::Space;
  |            ^^^^^^^^^^^^ could not find `cloud_object` in the crate root

error[E0432]: unresolved import `crate::terminal::view::WithinBlockBanner`
  --> app/src/integration_testing/subshell/step.rs:17:5
   |
17 | use crate::terminal::view::WithinBlockBanner;
   |     ^^^^^^^^^^^^^^^^^^^^^^^^^^^^^^^^^^^^^^^^ no `WithinBlockBanner` in `terminal::view`

error[E0433]: failed to resolve: could not find `cloud_object` in the crate root
  --> app/src/test_util/terminal.rs:39:12
   |
39 | use crate::cloud_object::model::persistence::CloudModel;
   |            ^^^^^^^^^^^^ could not find `cloud_object` in the crate root

error[E0432]: unresolved import `crate::terminal::block_list_viewport`
  --> app/src/integration_testing/terminal/assertion.rs:16:22
   |
16 | use crate::terminal::block_list_viewport::{InputMode, ScrollPosition};
   |                      ^^^^^^^^^^^^^^^^^^^ could not find `block_list_viewport` in `terminal`

error[E0433]: failed to resolve: unresolved import
  --> app/src/test_util/terminal.rs:41:12
   |
41 | use crate::context_chips::prompt::Prompt;
   |            ^^^^^^^^^^^^^
   |            |
   |            unresolved import
   |            help: a similar path exists: `integration_testing::context_chips`

error[E0432]: unresolved import `crate::terminal::view::TerminalViewState`
  --> app/src/integration_testing/terminal/assertion.rs:22:5
   |
22 | use crate::terminal::view::TerminalViewState;
   |     ^^^^^^^^^^^^^^^^^^^^^^^^^^^^^^^^^^^^^^^^ no `TerminalViewState` in `terminal::view`
   |
help: a similar name exists in the module
   |
22 - use crate::terminal::view::TerminalViewState;
22 + use crate::terminal::view::TerminalInputState;
   |
help: consider importing this enum instead
   |
22 - use crate::terminal::view::TerminalViewState;
22 + use crate::pane_group::TerminalViewState;
   |

error[E0432]: unresolved import `crate::AgentNotificationsModel`
  --> app/src/test_util/terminal.rs:15:5
   |
15 | use crate::AgentNotificationsModel;
   |     ^^^^^^^^^^^^^^^^^^^^^^^^^^^^^^ no `AgentNotificationsModel` in the root

error[E0432]: unresolved import `crate::pricing`
  --> app/src/test_util/terminal.rs:43:12
   |
43 | use crate::pricing::PricingInfoModel;
   |            ^^^^^^^ could not find `pricing` in the crate root

error[E0432]: unresolved import `crate::terminal::cli_agent_sessions`
  --> app/src/test_util/terminal.rs:54:22
   |
54 | use crate::terminal::cli_agent_sessions::CLIAgentSessionsModel;
   |                      ^^^^^^^^^^^^^^^^^^ could not find `cli_agent_sessions` in `terminal`

error[E0433]: failed to resolve: could not find `ai_assistant` in the crate root
  --> app/src/integration_testing/view_getters.rs:11:12
   |
11 | use crate::ai_assistant::panel::AIAssistantPanelView;
   |            ^^^^^^^^^^^^ could not find `ai_assistant` in the crate root

error[E0432]: unresolved import `crate::terminal::input::InputSuggestionsMode`
  --> app/src/integration_testing/terminal/step.rs:30:5
   |
30 | use crate::terminal::input::InputSuggestionsMode;
   |     ^^^^^^^^^^^^^^^^^^^^^^^^^^^^^^^^^^^^^^^^^^^^ no `InputSuggestionsMode` in `terminal::input`

error[E0432]: unresolved import `crate::terminal::keys`
  --> app/src/test_util/terminal.rs:55:22
   |
55 | use crate::terminal::keys::TerminalKeybindings;
   |                      ^^^^ could not find `keys` in `terminal`

error[E0432]: unresolved import `crate::input_suggestions`
  --> app/src/integration_testing/view_getters.rs:12:12
   |
12 | use crate::input_suggestions::InputSuggestions;
   |            ^^^^^^^^^^^^^^^^^ could not find `input_suggestions` in the crate root

error[E0433]: failed to resolve: unresolved import
  --> app/src/test_util/terminal.rs:63:12
   |
63 | use crate::workspaces::team_tester::TeamTesterStatus;
   |            ^^^^^^^^^^
   |            |
   |            unresolved import
   |            help: a similar path exists: `persistence::schema::workspaces`

error[E0433]: failed to resolve: could not find `cloud_object` in the crate root
 --> app/src/integration_testing/workflow/step.rs:6:12
  |
6 | use crate::cloud_object::model::persistence::CloudModel;
  |            ^^^^^^^^^^^^ could not find `cloud_object` in the crate root

error[E0433]: failed to resolve: unresolved import
  --> app/src/test_util/terminal.rs:64:12
   |
64 | use crate::workspaces::update_manager::TeamUpdateManager;
   |            ^^^^^^^^^^
   |            |
   |            unresolved import
   |            help: a similar path exists: `persistence::schema::workspaces`

error[E0432]: unresolved import `crate::workflows::CloudWorkflowModel`
 --> app/src/integration_testing/workflow/assertion.rs:8:24
  |
8 | use crate::workflows::{CloudWorkflowModel, WorkflowId};
  |                        ^^^^^^^^^^^^^^^^^^ no `CloudWorkflowModel` in `workflows`

error[E0433]: failed to resolve: unresolved import
  --> app/src/test_util/terminal.rs:65:12
   |
65 | use crate::workspaces::user_workspaces::UserWorkspaces;
   |            ^^^^^^^^^^
   |            |
   |            unresolved import
   |            help: a similar path exists: `persistence::schema::workspaces`

error[E0432]: unresolved import `crate::cloud_object`
 --> app/src/integration_testing/workflow/step.rs:7:12
  |
7 | use crate::cloud_object::{CloudObjectEventEntrypoint, Space};
  |            ^^^^^^^^^^^^ could not find `cloud_object` in the crate root

error[E0433]: failed to resolve: unresolved import
  --> app/src/view_components/find_tests.rs:15:12
   |
15 | use crate::workspaces::user_workspaces::UserWorkspaces;
   |            ^^^^^^^^^^
   |            |
   |            unresolved import
   |            help: a similar path exists: `persistence::schema::workspaces`

error[E0433]: failed to resolve: unresolved import
  --> app/src/integration_testing/workflow/step.rs:15:12
   |
15 | use crate::workspaces::user_workspaces::UserWorkspaces;
   |            ^^^^^^^^^^
   |            |
   |            unresolved import
   |            help: a similar path exists: `persistence::schema::workspaces`

error[E0433]: failed to resolve: unresolved import
  --> app/src/editor/view/mod_tests.rs:24:12
   |
24 | use crate::workspaces::user_workspaces::UserWorkspaces;
   |            ^^^^^^^^^^
   |            |
   |            unresolved import
   |            help: a similar path exists: `persistence::schema::workspaces`

error[E0432]: unresolved import `crate::drive`
 --> app/src/integration_testing/workflow/step.rs:8:12
  |
8 | use crate::drive::OpenWarpDriveObjectSettings;
  |            ^^^^^ could not find `drive` in the crate root

error[E0432]: unresolved import `crate::workspace::OneTimeModalModel`
  --> app/src/test_util/terminal.rs:62:39
   |
62 | use crate::workspace::{ActiveSession, OneTimeModalModel, WorkspaceRegistry};
   |                                       ^^^^^^^^^^^^^^^^^ no `OneTimeModalModel` in `workspace`

error[E0433]: failed to resolve: could not find `editor` in `notebooks`
  --> app/src/integration_testing/notebook/step.rs:23:35
   |
23 | ) -> ViewHandle<crate::notebooks::editor::view::RichTextEditorView> {
   |                                   ^^^^^^ could not find `editor` in `notebooks`

error[E0433]: failed to resolve: could not find `facts` in `ai`
  --> app/src/integration_testing/rules/assertion.rs:25:32
   |
25 |                     crate::ai::facts::AIFact::Memory(memory) => &memory.content,
   |                                ^^^^^ could not find `facts` in `ai`

error[E0432]: unresolved import `crate::drive`
 --> app/src/launch_configs/launch_config_tests.rs:8:12
  |
8 | use crate::drive::OpenWarpDriveObjectSettings;
  |            ^^^^^ could not find `drive` in the crate root

error[E0433]: failed to resolve: could not find `facts` in `ai`
  --> app/src/integration_testing/rules/step.rs:30:42
   |
30 |                 let ai_fact = crate::ai::facts::AIFact::Memory(AIMemory {
   |                                          ^^^^^ could not find `facts` in `ai`

error[E0433]: failed to resolve: could not find `cloud_object` in the crate root
  --> app/src/pane_group/pane/view/header/mod_tests.rs:12:12
   |
12 | use crate::cloud_object::model::persistence::CloudModel;
   |            ^^^^^^^^^^^^ could not find `cloud_object` in the crate root

error[E0433]: failed to resolve: unresolved import
  --> app/src/pane_group/pane/view/header/mod_tests.rs:22:12
   |
22 | use crate::workspaces::team_tester::TeamTesterStatus;
   |            ^^^^^^^^^^
   |            |
   |            unresolved import
   |            help: a similar path exists: `persistence::schema::workspaces`

error[E0433]: failed to resolve: could not find `facts` in `ai`
  --> app/src/integration_testing/rules/step.rs:92:38
   |
92 |             let ai_fact = crate::ai::facts::AIFact::Memory(AIMemory {
   |                                      ^^^^^ could not find `facts` in `ai`

error[E0432]: unresolved import `cloud_object_client`
 --> app/src/pane_group/pane/view/header/mod_tests.rs:3:5
  |
3 | use cloud_object_client::MockObjectClient;
  |     ^^^^^^^^^^^^^^^^^^^ use of unresolved module or unlinked crate `cloud_object_client`
  |
  = help: if you wanted to use a crate named `cloud_object_client`, use `cargo add cloud_object_client` to add it to your `Cargo.toml`

error[E0433]: failed to resolve: use of unresolved module or unlinked crate `warp_server_client`
  --> app/src/pane_group/mod_tests.rs:16:5
   |
16 | use warp_server_client::iap::IapManager;
   |     ^^^^^^^^^^^^^^^^^^ use of unresolved module or unlinked crate `warp_server_client`
   |
   = help: if you wanted to use a crate named `warp_server_client`, use `cargo add warp_server_client` to add it to your `Cargo.toml`

error[E0433]: failed to resolve: could not find `child_agent` in `super`
  --> app/src/pane_group/mod_tests.rs:24:12
   |
24 | use super::child_agent::restoration::is_stale_ancestor_list_completion;
   |            ^^^^^^^^^^^ could not find `child_agent` in `super`

error[E0432]: unresolved imports `crate::UpdateManager`, `crate::UserProfiles`, `crate::UserWorkspaces`
  --> app/src/pane_group/pane/view/header/mod_tests.rs:23:28
   |
23 | use crate::{NetworkStatus, UpdateManager, UserProfiles, UserWorkspaces};
   |                            ^^^^^^^^^^^^^  ^^^^^^^^^^^^  ^^^^^^^^^^^^^^ no `UserWorkspaces` in the root
   |                            |              |
   |                            |              no `UserProfiles` in the root
   |                            no `UpdateManager` in the root
   |                            help: a similar name exists in the module: `CodeManager`
   |
   = note: unresolved item `crate::editor::view::tests::vim_handler_tests::UserWorkspaces` exists but is inaccessible

error[E0433]: failed to resolve: could not find `cloud_object` in the crate root
  --> app/src/pane_group/mod_tests.rs:59:12
   |
59 | use crate::cloud_object::model::persistence::CloudModel;
   |            ^^^^^^^^^^^^ could not find `cloud_object` in the crate root

error[E0432]: unresolved import `super::child_agent`
  --> app/src/pane_group/mod_tests.rs:25:12
   |
25 | use super::child_agent::{
   |            ^^^^^^^^^^^ could not find `child_agent` in `super`

error[E0433]: failed to resolve: unresolved import
  --> app/src/pane_group/mod_tests.rs:61:12
   |
61 | use crate::context_chips::prompt::Prompt;
   |            ^^^^^^^^^^^^^
   |            |
   |            unresolved import
   |            help: a similar path exists: `integration_testing::context_chips`

error[E0433]: failed to resolve: could not find `editor` in `notebooks`
  --> app/src/pane_group/mod_tests.rs:63:23
   |
63 | use crate::notebooks::editor::keys::NotebookKeybindings;
   |                       ^^^^^^ could not find `editor` in `notebooks`

error[E0432]: unresolved import `crate::cloud_object`
  --> app/src/pane_group/mod_tests.rs:60:12
   |
60 | use crate::cloud_object::{Owner, Revision, ServerMetadata, ServerPermissions};
   |            ^^^^^^^^^^^^ could not find `cloud_object` in the crate root

error[E0432]: unresolved import `crate::pricing`
  --> app/src/pane_group/mod_tests.rs:66:12
   |
66 | use crate::pricing::PricingInfoModel;
   |            ^^^^^^^ could not find `pricing` in the crate root

error[E0432]: unresolved import `crate::terminal::cli_agent_sessions`
  --> app/src/pane_group/mod_tests.rs:80:22
   |
80 | use crate::terminal::cli_agent_sessions::CLIAgentSessionsModel;
   |                      ^^^^^^^^^^^^^^^^^^ could not find `cli_agent_sessions` in `terminal`

error[E0432]: unresolved import `crate::terminal::keys`
  --> app/src/pane_group/mod_tests.rs:82:22
   |
82 | use crate::terminal::keys::TerminalKeybindings;
   |                      ^^^^ could not find `keys` in `terminal`

error[E0432]: unresolved import `crate::terminal::model::terminal_model::ConversationTranscriptViewerStatus`
  --> app/src/pane_group/mod_tests.rs:84:5
   |
84 | use crate::terminal::model::terminal_model::ConversationTranscriptViewerStatus;
   |     ^^^^^^^^^^^^^^^^^^^^^^^^^^^^^^^^^^^^^^^^^^^^^^^^^^^^^^^^^^^^^^^^^^^^^^^^^^ no `ConversationTranscriptViewerStatus` in `terminal::model::terminal_model`

error[E0432]: unresolved import `crate::terminal::session_sharing`
  --> app/src/pane_group/mod_tests.rs:86:22
   |
86 | use crate::terminal::session_sharing::{
   |                      ^^^^^^^^^^^^^^^ could not find `session_sharing` in `terminal`

error[E0433]: failed to resolve: unresolved import
  --> app/src/pane_group/mod_tests.rs:95:12
   |
95 | use crate::workspaces::team_tester::TeamTesterStatus;
   |            ^^^^^^^^^^
   |            |
   |            unresolved import
   |            help: a similar path exists: `persistence::schema::workspaces`

error[E0433]: failed to resolve: unresolved import
  --> app/src/pane_group/mod_tests.rs:96:12
   |
96 | use crate::workspaces::update_manager::TeamUpdateManager;
   |            ^^^^^^^^^^
   |            |
   |            unresolved import
   |            help: a similar path exists: `persistence::schema::workspaces`

error[E0433]: failed to resolve: unresolved import
  --> app/src/pane_group/mod_tests.rs:97:12
   |
97 | use crate::workspaces::user_profiles::UserProfiles;
   |            ^^^^^^^^^^
   |            |
   |            unresolved import
   |            help: a similar path exists: `persistence::schema::workspaces`

error[E0433]: failed to resolve: unresolved import
  --> app/src/pane_group/mod_tests.rs:98:12
   |
98 | use crate::workspaces::user_workspaces::UserWorkspaces;
   |            ^^^^^^^^^^
   |            |
   |            unresolved import
   |            help: a similar path exists: `persistence::schema::workspaces`

error[E0432]: unresolved import `crate::workspace::OneTimeModalModel`
  --> app/src/pane_group/mod_tests.rs:94:39
   |
94 | use crate::workspace::{ActiveSession, OneTimeModalModel, WorkspaceRegistry};
   |                                       ^^^^^^^^^^^^^^^^^ no `OneTimeModalModel` in `workspace`

error[E0432]: unresolved import `crate::AgentNotificationsModel`
  --> app/src/pane_group/mod_tests.rs:99:13
   |
99 | use crate::{AgentNotificationsModel, GlobalResourceHandles, GlobalResourceHandlesProvider};
   |             ^^^^^^^^^^^^^^^^^^^^^^^ no `AgentNotificationsModel` in the root

error[E0433]: failed to resolve: use of unresolved module or unlinked crate `warp_graphql`
 --> app/src/search/command_palette/data_sources_tests.rs:8:5
  |
8 | use warp_graphql::object_permissions::AccessLevel;
  |     ^^^^^^^^^^^^ use of unresolved module or unlinked crate `warp_graphql`
  |
  = help: if you wanted to use a crate named `warp_graphql`, use `cargo add warp_graphql` to add it to your `Cargo.toml`

error[E0433]: failed to resolve: could not find `cloud_object` in the crate root
  --> app/src/search/command_palette/data_sources_tests.rs:13:12
   |
13 | use crate::cloud_object::model::persistence::{CloudModel, UpdateSource};
   |            ^^^^^^^^^^^^ could not find `cloud_object` in the crate root

error[E0433]: failed to resolve: could not find `cloud_object` in the crate root
  --> app/src/search/command_palette/data_sources_tests.rs:14:12
   |
14 | use crate::cloud_object::model::view::CloudViewModel;
   |            ^^^^^^^^^^^^ could not find `cloud_object` in the crate root

error[E0432]: unresolved import `cloud_object_client`
 --> app/src/search/command_palette/data_sources_tests.rs:5:5
  |
5 | use cloud_object_client::MockObjectClient;
  |     ^^^^^^^^^^^^^^^^^^^ use of unresolved module or unlinked crate `cloud_object_client`
  |
  = help: if you wanted to use a crate named `cloud_object_client`, use `cargo add cloud_object_client` to add it to your `Cargo.toml`

error[E0432]: unresolved import `crate::cloud_object`
  --> app/src/search/command_palette/data_sources_tests.rs:15:12
   |
15 | use crate::cloud_object::{
   |            ^^^^^^^^^^^^ could not find `cloud_object` in the crate root

error[E0432]: unresolved import `crate::notebooks::CloudNotebookModel`
  --> app/src/search/command_palette/data_sources_tests.rs:22:24
   |
22 | use crate::notebooks::{CloudNotebookModel, NotebookId};
   |                        ^^^^^^^^^^^^^^^^^^ no `CloudNotebookModel` in `notebooks`

error[E0432]: unresolved import `crate::settings::AISettings`
  --> app/src/search/command_palette/data_sources_tests.rs:31:23
   |
31 | use crate::settings::{AISettings, PrivacySettings};
   |                       ^^^^^^^^^^
   |                       |
   |                       no `AISettings` in `settings`
   |                       help: a similar name exists in the module: `Settings`

error[E0433]: failed to resolve: unresolved import
  --> app/src/search/command_palette/data_sources_tests.rs:35:12
   |
35 | use crate::workspaces::team::{Team, TeamVisibility};
   |            ^^^^^^^^^^
   |            |
   |            unresolved import
   |            help: a similar path exists: `persistence::schema::workspaces`

error[E0433]: failed to resolve: unresolved import
  --> app/src/search/command_palette/data_sources_tests.rs:36:12
   |
36 | use crate::workspaces::team_tester::TeamTesterStatus;
   |            ^^^^^^^^^^
   |            |
   |            unresolved import
   |            help: a similar path exists: `persistence::schema::workspaces`

error[E0433]: failed to resolve: unresolved import
  --> app/src/search/command_palette/data_sources_tests.rs:37:12
   |
37 | use crate::workspaces::user_profiles::UserProfiles;
   |            ^^^^^^^^^^
   |            |
   |            unresolved import
   |            help: a similar path exists: `persistence::schema::workspaces`

error[E0433]: failed to resolve: unresolved import
  --> app/src/search/command_palette/data_sources_tests.rs:38:12
   |
38 | use crate::workspaces::user_workspaces::UserWorkspaces;
   |            ^^^^^^^^^^
   |            |
   |            unresolved import
   |            help: a similar path exists: `persistence::schema::workspaces`

error[E0433]: failed to resolve: unresolved import
  --> app/src/search/command_palette/data_sources_tests.rs:39:12
   |
39 | use crate::workspaces::workspace::Workspace;
   |            ^^^^^^^^^^
   |            |
   |            unresolved import
   |            help: a similar path exists: `persistence::schema::workspaces`

error[E0433]: failed to resolve: could not find `cloud_object` in the crate root
 --> app/src/search/command_search/view_tests.rs:5:12
  |
5 | use crate::cloud_object::model::persistence::CloudModel;
  |            ^^^^^^^^^^^^ could not find `cloud_object` in the crate root

error[E0433]: failed to resolve: unresolved import
  --> app/src/search/command_search/view_tests.rs:14:12
   |
14 | use crate::workspaces::team_tester::TeamTesterStatus;
   |            ^^^^^^^^^^
   |            |
   |            unresolved import
   |            help: a similar path exists: `persistence::schema::workspaces`

error[E0433]: failed to resolve: unresolved import
  --> app/src/search/command_search/view_tests.rs:15:12
   |
15 | use crate::workspaces::update_manager::TeamUpdateManager;
   |            ^^^^^^^^^^
   |            |
   |            unresolved import
   |            help: a similar path exists: `persistence::schema::workspaces`

error[E0433]: failed to resolve: unresolved import
  --> app/src/search/command_search/view_tests.rs:16:12
   |
16 | use crate::workspaces::user_workspaces::UserWorkspaces;
   |            ^^^^^^^^^^
   |            |
   |            unresolved import
   |            help: a similar path exists: `persistence::schema::workspaces`

error[E0432]: unresolved import `crate::workflows::CloudWorkflowModel`
  --> app/src/search/command_palette/data_sources_tests.rs:34:24
   |
34 | use crate::workflows::{CloudWorkflowModel, WorkflowId};
   |                        ^^^^^^^^^^^^^^^^^^ no `CloudWorkflowModel` in `workflows`

error: unused import: `SkillTelemetryEvent`
 --> app/src/ai/skills/mod.rs:7:38
  |
7 | pub use telemetry::{SkillOpenOrigin, SkillTelemetryEvent};
  |                                      ^^^^^^^^^^^^^^^^^^^
  |
  = note: `-D unused-imports` implied by `-D warnings`
  = help: to override `-D warnings` add `#[allow(unused_imports)]`

error: unused import: `skill_utils::skill_path_from_location`
  --> app/src/ai/skills/mod.rs:53:9
   |
53 | pub use skill_utils::skill_path_from_location;
   |         ^^^^^^^^^^^^^^^^^^^^^^^^^^^^^^^^^^^^^

error[E0433]: failed to resolve: unresolved import
  --> app/src/settings_view/mod_tests.rs:14:12
   |
14 | use crate::workspaces::workspace::{BillingMetadata, CustomerType};
   |            ^^^^^^^^^^
   |            |
   |            unresolved import
   |            help: a similar path exists: `persistence::schema::workspaces`

error: unused imports: `SkillWatcher` and `read_skills_from_directories`
  --> app/src/ai/skills/mod.rs:80:13
   |
80 |             read_skills_from_directories, SkillManager, SkillWatcher,
   |             ^^^^^^^^^^^^^^^^^^^^^^^^^^^^                ^^^^^^^^^^^^

error: unused import: `ai::paths`
 --> app/src/ai/mod.rs:6:16
  |
6 | pub(crate) use ai::paths;
  |                ^^^^^^^^^

error[E0432]: unresolved imports `super::IsCloudConversationStorageEnabled`, `super::IsCrashReportingEnabled`, `super::IsTelemetryEnabled`
 --> app/src/settings/privacy_tests.rs:4:13
  |
4 | use super::{IsCloudConversationStorageEnabled, IsCrashReportingEnabled, IsTelemetryEnabled};
  |             ^^^^^^^^^^^^^^^^^^^^^^^^^^^^^^^^^  ^^^^^^^^^^^^^^^^^^^^^^^  ^^^^^^^^^^^^^^^^^^ no `IsTelemetryEnabled` in `settings::privacy`
  |             |                                  |
  |             |                                  no `IsCrashReportingEnabled` in `settings::privacy`
  |             no `IsCloudConversationStorageEnabled` in `settings::privacy`

error: unused imports: `AuthState` and `LocalAuthStateProvider`
 --> app/src/auth/mod.rs:4:22
  |
4 | pub use auth_state::{AuthState, AuthStateProvider, LocalAuthStateProvider};
  |                      ^^^^^^^^^                     ^^^^^^^^^^^^^^^^^^^^^^

error[E0432]: unresolved import `crate::terminal::cli_agent`
 --> app/src/tab_configs/session_config_tests.rs:4:22
  |
4 | use crate::terminal::cli_agent::CLIAgent;
  |                      ^^^^^^^^^ could not find `cli_agent` in `terminal`

error: unused import: `super::lsp_telemetry::LspTelemetryEvent`
  --> app/src/code/language_server_extension.rs:20:5
   |
20 | use super::lsp_telemetry::LspTelemetryEvent;
   |     ^^^^^^^^^^^^^^^^^^^^^^^^^^^^^^^^^^^^^^^

error: unused import: `warp_core::features::FeatureFlag`
  --> app/src/code/local_code_editor.rs:32:5
   |
32 | use warp_core::features::FeatureFlag;
   |     ^^^^^^^^^^^^^^^^^^^^^^^^^^^^^^^^

error: unused import: `super::lsp_telemetry::LspTelemetryEvent`
  --> app/src/code/local_code_editor.rs:95:5
   |
95 | use super::lsp_telemetry::LspTelemetryEvent;
   |     ^^^^^^^^^^^^^^^^^^^^^^^^^^^^^^^^^^^^^^^

error[E0432]: unresolved import `crate::app_state::AmbientAgentPaneSnapshot`
   --> app/src/tab_configs/session_config_tests.rs:601:5
    |
601 | use crate::app_state::AmbientAgentPaneSnapshot;
    |     ^^^^^^^^^^^^^^^^^^^^^^^^^^^^^^^^^^^^^^^^^^ no `AmbientAgentPaneSnapshot` in `app_state`

error[E0432]: unresolved imports `crate::terminal::model::block::AgentInteractionMetadata`, `crate::terminal::model::block::SerializedAIMetadata`
  --> app/src/terminal/history_tests.rs:17:5
   |
17 |     AgentInteractionMetadata, SerializedAIMetadata, SerializedBlock,
   |     ^^^^^^^^^^^^^^^^^^^^^^^^  ^^^^^^^^^^^^^^^^^^^^ no `SerializedAIMetadata` in `terminal::model::block`
   |     |
   |     no `AgentInteractionMetadata` in `terminal::model::block`

error: unused imports: `FindOption` and `TelemetryEvent`
  --> app/src/code/editor/find/view.rs:32:32
   |
32 | use crate::server::telemetry::{FindOption, TelemetryEvent};
   |                                ^^^^^^^^^^  ^^^^^^^^^^^^^^

error[E0432]: unresolved import `crate::terminal::model::block::AgentInteractionMetadata`
  --> app/src/terminal/model/blocks_tests.rs:13:5
   |
13 | use crate::terminal::model::block::AgentInteractionMetadata;
   |     ^^^^^^^^^^^^^^^^^^^^^^^^^^^^^^^^^^^^^^^^^^^^^^^^^^^^^^^ no `AgentInteractionMetadata` in `terminal::model::block`

error[E0432]: unresolved imports `crate::terminal::view::InlineBannerItem`, `crate::terminal::view::InlineBannerType`
  --> app/src/terminal/model/blocks_tests.rs:16:29
   |
16 | use crate::terminal::view::{InlineBannerItem, InlineBannerType};
   |                             ^^^^^^^^^^^^^^^^  ^^^^^^^^^^^^^^^^ no `InlineBannerType` in `terminal::view`
   |                             |
   |                             no `InlineBannerItem` in `terminal::view`
   |
   = help: consider importing this struct instead:
           crate::terminal::model::blocks::InlineBannerItem

error[E0432]: unresolved import `crate::terminal::session_sharing`
  --> app/src/terminal/model/terminal_model_tests.rs:27:22
   |
27 | use crate::terminal::session_sharing::SharedSessionStatus;
   |                      ^^^^^^^^^^^^^^^ could not find `session_sharing` in `terminal`

error: unused import: `compute_unified_diff`
  --> app/src/code/editor/mod.rs:19:34
   |
19 | pub(crate) use diff::{add_color, compute_unified_diff, remove_color};
   |                                  ^^^^^^^^^^^^^^^^^^^^

error: unused import: `ModelContext`
 --> app/src/code/editor_management.rs:8:44
  |
8 | use warpui::{AppContext, Entity, EntityId, ModelContext, SingletonEntity, ViewHandle, WindowId};
  |                                            ^^^^^^^^^^^^

error[E0432]: unresolved import `crate::settings::AISettings`
  --> app/src/ai/skills/skill_manager_tests.rs:19:5
   |
19 | use crate::settings::AISettings;
   |     ^^^^^^^^^^^^^^^^^----------
   |     |                |
   |     |                help: a similar name exists in the module: `Settings`
   |     no `AISettings` in `settings`

error[E0432]: unresolved import `crate::drive`
   --> app/src/tab_configs/session_config_tests.rs:525:16
    |
525 |     use crate::drive::OpenWarpDriveObjectSettings;
    |                ^^^^^ could not find `drive` in the crate root

error: unused import: `crate::server::telemetry::CodePanelsFileOpenEntrypoint`
  --> app/src/code/file_tree/view.rs:47:5
   |
47 | use crate::server::telemetry::CodePanelsFileOpenEntrypoint;
   |     ^^^^^^^^^^^^^^^^^^^^^^^^^^^^^^^^^^^^^^^^^^^^^^^^^^^^^^

error: unused import: `crate::server::telemetry::TelemetryEvent`
  --> app/src/code/file_tree/view.rs:48:5
   |
48 | use crate::server::telemetry::TelemetryEvent;
   |     ^^^^^^^^^^^^^^^^^^^^^^^^^^^^^^^^^^^^^^^^

error: unused import: `crate::server::telemetry::TelemetryEvent`
  --> app/src/code/file_tree/view/editing.rs:20:5
   |
20 | use crate::server::telemetry::TelemetryEvent;
   |     ^^^^^^^^^^^^^^^^^^^^^^^^^^^^^^^^^^^^^^^^

error: unused imports: `LspControlActionType`, `LspEnablementSource`, and `LspTelemetryEvent`
  --> app/src/code/footer.rs:38:34
   |
38 | use crate::code::lsp_telemetry::{LspControlActionType, LspEnablementSource, LspTelemetryEvent};
   |                                  ^^^^^^^^^^^^^^^^^^^^  ^^^^^^^^^^^^^^^^^^^  ^^^^^^^^^^^^^^^^^

error: unused import: `warp_core::features::FeatureFlag`
 --> app/src/code/view.rs:9:5
  |
9 | use warp_core::features::FeatureFlag;
  |     ^^^^^^^^^^^^^^^^^^^^^^^^^^^^^^^^

error: unused import: `CodeManager`
  --> app/src/code/view.rs:36:32
   |
36 | use super::editor_management::{CodeManager, CodeSource};
   |                                ^^^^^^^^^^^

error: unused import: `WorkspaceAction`
  --> app/src/code/view.rs:66:73
   |
66 | use crate::workspace::{ActiveSession, TabBarDropTargetData, ToastStack, WorkspaceAction};
   |                                                                         ^^^^^^^^^^^^^^^

error: unused import: `TelemetryEvent`
  --> app/src/code/view.rs:67:13
   |
67 | use crate::{TelemetryEvent, send_telemetry_from_ctx};
   |             ^^^^^^^^^^^^^^

error: unused import: `crate::TelemetryEvent`
  --> app/src/code_review/code_review_view.rs:63:5
   |
63 | use crate::TelemetryEvent;
   |     ^^^^^^^^^^^^^^^^^^^^^

error: unused import: `convert_file_diffs_to_diffset_hunks`
  --> app/src/code_review/code_review_view.rs:86:58
   |
86 | use crate::code_review::context::{CurrentHead, DiffBase, convert_file_diffs_to_diffset_hunks};
   |                                                          ^^^^^^^^^^^^^^^^^^^^^^^^^^^^^^^^^^^

error: unused import: `crate::code_review::telemetry_event::DiffSetContextScope`
  --> app/src/code_review/code_review_view.rs:98:5
   |
98 | use crate::code_review::telemetry_event::DiffSetContextScope;
   |     ^^^^^^^^^^^^^^^^^^^^^^^^^^^^^^^^^^^^^^^^^^^^^^^^^^^^^^^^

error: unused imports: `AddToContextOrigin`, `CodeReviewContextDestination`, `CodeReviewTelemetryEvent`, and `GitButtonKind`
   --> app/src/code_review/code_review_view.rs:100:5
    |
100 |     AddToContextOrigin, CodeReviewContextDestination, CodeReviewTelemetryEvent, GitButtonKind,
    |     ^^^^^^^^^^^^^^^^^^  ^^^^^^^^^^^^^^^^^^^^^^^^^^^^  ^^^^^^^^^^^^^^^^^^^^^^^^  ^^^^^^^^^^^^^

error: unused import: `crate::server::telemetry::CodePanelsFileOpenEntrypoint`
   --> app/src/code_review/code_review_view.rs:112:5
    |
112 | use crate::server::telemetry::CodePanelsFileOpenEntrypoint;
    |     ^^^^^^^^^^^^^^^^^^^^^^^^^^^^^^^^^^^^^^^^^^^^^^^^^^^^^^

error: unused import: `crate::view_components::DismissibleToast`
   --> app/src/code_review/code_review_view.rs:133:5
    |
133 | use crate::view_components::DismissibleToast;
    |     ^^^^^^^^^^^^^^^^^^^^^^^^^^^^^^^^^^^^^^^^

error: empty lines after doc comment
    --> app/src/code_review/code_review_view.rs:4068:5
     |
4068 | /     /// them to an available terminal.
4069 | |
4070 | |     /// Called by the routing layer (RightPanelView) after attempting to submit review
4071 | |     /// comments to a terminal.
4072 | |
4073 | |     /// TODO(CODE-1649): de-duplicate entries in the diff set.
4074 | |
     | |_^
4075 |       /// Renders additions and deletions counts
4076 |       pub fn render_additions_and_deletions(
     |       ------------------------------------- the comment documents this function
     |
     = help: for further information visit https://rust-lang.github.io/rust-clippy/rust-1.92.0/index.html#empty_line_after_doc_comments
     = note: `-D clippy::empty-line-after-doc-comments` implied by `-D warnings`
     = help: to override `-D warnings` add `#[allow(clippy::empty_line_after_doc_comments)]`
     = help: if the empty lines are unintentional, remove them
help: if the documentation should include the empty lines include them in the comment
     |
4069 +     ///
4070 |     /// Called by the routing layer (RightPanelView) after attempting to submit review
4071 |     /// comments to a terminal.
4072 +     ///
4073 |     /// TODO(CODE-1649): de-duplicate entries in the diff set.
4074 +     ///
     |

error: empty line after doc comment
    --> app/src/code_review/code_review_view.rs:5485:5
     |
5485 | /     /// Insert diff hunk as an inline attachment in the terminal input
5486 | |
     | |_^
5487 |       /// Extract diff hunk data for the given file and line range
5488 |       fn extract_diff_hunk_data(
     |       ------------------------- the comment documents this function
     |
     = help: for further information visit https://rust-lang.github.io/rust-clippy/rust-1.92.0/index.html#empty_line_after_doc_comments
     = help: if the empty line is unintentional, remove it
help: if the documentation should include the empty line include it in the comment
     |
5486 |     ///
     |

error: unused import: `string_offset::CharOffset`
 --> app/src/code_review/comment_list_view.rs:6:5
  |
6 | use string_offset::CharOffset;
  |     ^^^^^^^^^^^^^^^^^^^^^^^^^

error: unused import: `vec1::vec1`
 --> app/src/code_review/comment_list_view.rs:7:5
  |
7 | use vec1::vec1;
  |     ^^^^^^^^^^

error: unused import: `warpui::keymap::Keystroke`
  --> app/src/code_review/comment_list_view.rs:28:5
   |
28 | use warpui::keymap::Keystroke;
   |     ^^^^^^^^^^^^^^^^^^^^^^^^^

error: unused import: `warpui::units::Pixels`
  --> app/src/code_review/comment_list_view.rs:32:5
   |
32 | use warpui::units::Pixels;
   |     ^^^^^^^^^^^^^^^^^^^^^

error: unused import: `crate::code::editor::comment_editor::DEFAULT_COMMENT_MAX_WIDTH`
  --> app/src/code_review/comment_list_view.rs:40:5
   |
40 | use crate::code::editor::comment_editor::DEFAULT_COMMENT_MAX_WIDTH;
   |     ^^^^^^^^^^^^^^^^^^^^^^^^^^^^^^^^^^^^^^^^^^^^^^^^^^^^^^^^^^^^^^

error: unused import: `crate::code_review::telemetry_event::CodeReviewTelemetryEvent`
  --> app/src/code_review/comment_list_view.rs:48:5
   |
48 | use crate::code_review::telemetry_event::CodeReviewTelemetryEvent;
   |     ^^^^^^^^^^^^^^^^^^^^^^^^^^^^^^^^^^^^^^^^^^^^^^^^^^^^^^^^^^^^^

error: unused imports: `KeystrokeSource` and `PrimaryTheme`
  --> app/src/code_review/comment_list_view.rs:54:50
   |
54 |     ActionButton, ActionButtonTheme, ButtonSize, KeystrokeSource, NakedTheme, PrimaryTheme,
   |                                                  ^^^^^^^^^^^^^^^              ^^^^^^^^^^^^

error: empty lines after doc comment
   --> app/src/code_review/comment_list_view.rs:835:5
    |
835 | /     /// Whether the queued review comments can currently be sent to an agent.
836 | |
837 | |     /// Keep the stored "Send to Agent" button's enabled state and tooltip in sync with the current
838 | |     /// destination / comment / AI-availability state.
839 | |
840 | |     /// Computes the tooltip text for the send button based on current state.
841 | |
    | |_^
842 |       fn render_comment(
    |       ----------------- the comment documents this function
    |
    = help: for further information visit https://rust-lang.github.io/rust-clippy/rust-1.92.0/index.html#empty_line_after_doc_comments
    = help: if the empty lines are unintentional, remove them

error: unused import: `CodeReviewTelemetryEvent`
  --> app/src/code_review/diff_state/local.rs:36:26
   |
36 | use crate::code_review::{CodeReviewTelemetryEvent, git_actions, is_file_autogenerated};
   |                          ^^^^^^^^^^^^^^^^^^^^^^^^

error: unused import: `super::DiffOperation`
  --> app/src/code_review/diff_state/local.rs:66:5
   |
66 | use super::DiffOperation;
   |     ^^^^^^^^^^^^^^^^^^^^

error: empty line after doc comment
    --> app/src/code_review/diff_state/local.rs:1373:5
     |
1373 | /     /// Generates an AI commit message for the working tree and emits `CommitMessageGenerated`.
1374 | |
     | |_^
...
1378 |       fn interactive_path_future(
     |       -------------------------- the comment documents this function
     |
     = help: for further information visit https://rust-lang.github.io/rust-clippy/rust-1.92.0/index.html#empty_line_after_doc_comments
     = help: if the empty line is unintentional, remove it
help: if the documentation should include the empty line include it in the comment
     |
1374 |     ///
     |

error: unused import: `crate::code_review::telemetry_event::CodeReviewTelemetryEvent`
  --> app/src/code_review/find_model.rs:20:5
   |
20 | use crate::code_review::telemetry_event::CodeReviewTelemetryEvent;
   |     ^^^^^^^^^^^^^^^^^^^^^^^^^^^^^^^^^^^^^^^^^^^^^^^^^^^^^^^^^^^^^

error: unused import: `warp_core::features::FeatureFlag`
  --> app/src/code_review/git_dialog/mod.rs:13:5
   |
13 | use warp_core::features::FeatureFlag;
   |     ^^^^^^^^^^^^^^^^^^^^^^^^^^^^^^^^

error: unused imports: `CodeReviewTelemetryEvent` and `GitDialogStatus`
  --> app/src/code_review/git_dialog/mod.rs:36:5
   |
36 |     CodeReviewTelemetryEvent, GitDialogStatus, GitOperationKind,
   |     ^^^^^^^^^^^^^^^^^^^^^^^^  ^^^^^^^^^^^^^^^

error: unused import: `CodeReviewTelemetryEvent`
  --> app/src/code_review/git_dialog/commit.rs:25:5
   |
25 |     CodeReviewTelemetryEvent, GitDialogStatus, GitOperationKind,
   |     ^^^^^^^^^^^^^^^^^^^^^^^^

error: unused imports: `CodeReviewTelemetryEvent` and `GitOperationKind`
  --> app/src/code_review/git_dialog/pr.rs:20:5
   |
20 |     CodeReviewTelemetryEvent, GitDialogStatus, GitOperationKind,
   |     ^^^^^^^^^^^^^^^^^^^^^^^^                   ^^^^^^^^^^^^^^^^

error: unused imports: `CodeReviewTelemetryEvent` and `GitOperationKind`
  --> app/src/code_review/git_dialog/push.rs:28:5
   |
28 |     CodeReviewTelemetryEvent, GitDialogStatus, GitOperationKind,
   |     ^^^^^^^^^^^^^^^^^^^^^^^^                   ^^^^^^^^^^^^^^^^

error: unused import: `warpui::units::Pixels`
  --> app/src/code_review/comment_rendering.rs:22:5
   |
22 | use warpui::units::Pixels;
   |     ^^^^^^^^^^^^^^^^^^^^^

error: unused import: `PendingImportedReviewCommentTarget`
  --> app/src/code_review/comments/mod.rs:14:35
   |
14 |     PendingImportedReviewComment, PendingImportedReviewCommentTarget,
   |                                   ^^^^^^^^^^^^^^^^^^^^^^^^^^^^^^^^^^

error: unused import: `SingletonEntity`
  --> app/src/completer/mod.rs:22:26
   |
22 | use warpui::{AppContext, SingletonEntity};
   |                          ^^^^^^^^^^^^^^^

error: unused import: `EnvVarCommand`
 --> app/src/env_vars/mod.rs:6:43
  |
6 | pub use model::{EnvVar, EnvVarCollection, EnvVarCommand, EnvVarValue};
  |                                           ^^^^^^^^^^^^^

error: unused import: `Notebook`
 --> app/src/notebooks/mod.rs:5:17
  |
5 | pub use model::{Notebook, NotebookId, NotebookLocation};
  |                 ^^^^^^^^

error: unused import: `crate::util::openable_file_type::renders_in_warp_notebook_viewer`
 --> app/src/notebooks/mod.rs:7:9
  |
7 | pub use crate::util::openable_file_type::renders_in_warp_notebook_viewer;
  |         ^^^^^^^^^^^^^^^^^^^^^^^^^^^^^^^^^^^^^^^^^^^^^^^^^^^^^^^^^^^^^^^^

error: unused import: `sqlite::database_file_path_for_current_scope`
  --> app/src/persistence/mod.rs:30:9
   |
30 | pub use sqlite::database_file_path_for_current_scope;
   |         ^^^^^^^^^^^^^^^^^^^^^^^^^^^^^^^^^^^^^^^^^^^^

error: unused import: `sqlite::establish_ro_connection`
  --> app/src/persistence/mod.rs:37:9
   |
37 | pub use sqlite::establish_ro_connection;
   |         ^^^^^^^^^^^^^^^^^^^^^^^^^^^^^^^

error: unused import: `crate::workspace::Workspace`
  --> app/src/quit_warning/mod.rs:19:5
   |
19 | use crate::workspace::Workspace;
   |     ^^^^^^^^^^^^^^^^^^^^^^^^^^^

error: unused import: `TelemetryEvent`
  --> app/src/quit_warning/mod.rs:20:13
   |
20 | use crate::{TelemetryEvent, send_telemetry_from_app_ctx};
   |             ^^^^^^^^^^^^^^

error: unused import: `TelemetryEvent`
  --> app/src/system/info.rs:16:13
   |
16 | use crate::{TelemetryEvent, send_telemetry_from_app_ctx, send_telemetry_sync_from_ctx};
   |             ^^^^^^^^^^^^^^

error: unused imports: `TipsEvent` and `TipsView`
 --> app/src/tips/mod.rs:6:20
  |
6 | pub use tip_view::{TipsEvent, TipsView};
  |                    ^^^^^^^^^  ^^^^^^^^

error: unused import: `ParentElement`
 --> app/src/ui_components/icon_with_status.rs:4:60
  |
4 | use warpui::elements::{ConstrainedBox, Container, Element, ParentElement};
  |                                                            ^^^^^^^^^^^^^

error: unused import: `ModelHandle`
 --> app/src/undo_close/stack.rs:5:67
  |
5 |     AppContext, ClosedWindowData, Entity, EntityId, ModelContext, ModelHandle, SingletonEntity,
  |                                                                   ^^^^^^^^^^^

error: unused imports: `TelemetryEvent` and `UndoCloseItemType`
  --> app/src/undo_close/stack.rs:13:32
   |
13 | use crate::server::telemetry::{TelemetryEvent, UndoCloseItemType};
   |                                ^^^^^^^^^^^^^^  ^^^^^^^^^^^^^^^^^

error: unused import: `Workspace`
  --> app/src/uri/mod.rs:16:41
   |
16 | use crate::workspace::{PaneViewLocator, Workspace, WorkspaceAction, WorkspaceRegistry};
   |                                         ^^^^^^^^^

error: empty lines after outer attribute
   --> app/src/user_config/native.rs:145:5
    |
145 | /     #[cfg(feature = "local_fs")]
146 | |
147 | |     /// Deletes a custom model router file from disk.
148 | |     /// The filesystem watcher in [`Self::handle_warp_managed_paths_event`] will
149 | |     /// pick up the deletion and reload `custom_model_routers`.
150 | |     #[cfg(feature = "local_fs")]
151 | |
    | |_^
...
155 |       pub fn save_new_launch_config(
    |       ----------------------------- the attribute applies to this function
    |
    = help: for further information visit https://rust-lang.github.io/rust-clippy/rust-1.92.0/index.html#empty_line_after_outer_attr
    = note: `-D clippy::empty-line-after-outer-attr` implied by `-D warnings`
    = help: to override `-D warnings` add `#[allow(clippy::empty_line_after_outer_attr)]`
    = help: if the empty lines are unintentional, remove them

error: unused import: `imp::load_tab_configs`
  --> app/src/user_config/mod.rs:11:16
   |
11 | pub(crate) use imp::load_tab_configs;
   |                ^^^^^^^^^^^^^^^^^^^^^

error: empty lines after outer attribute
   --> app/src/user_config/mod.rs:122:5
    |
122 | /     #[cfg_attr(target_family = "wasm", allow(dead_code))]
123 | |
124 | |     /// Parse errors for `custom_model_routers/` files that failed to load.
125 | |     #[cfg_attr(target_family = "wasm", allow(dead_code))]
126 | |
    | |_^
...
129 |       pub fn append_launch_config(
    |       --------------------------- the attribute applies to this function
    |
    = help: for further information visit https://rust-lang.github.io/rust-clippy/rust-1.92.0/index.html#empty_line_after_outer_attr
    = help: if the empty lines are unintentional, remove them

error[E0433]: failed to resolve: could not find `api_keys` in `ai`
   --> app/src/test_util/settings.rs:126:37
    |
126 |         ctx.add_singleton_model(ai::api_keys::ApiKeyManager::new);
    |                                     ^^^^^^^^ could not find `api_keys` in `ai`

error: unused import: `warpui::text::char_slice`
  --> app/src/util/link_detection.rs:13:5
   |
13 | use warpui::text::char_slice;
   |     ^^^^^^^^^^^^^^^^^^^^^^^^

error: unused import: `crate::settings::PrivacySettings`
  --> app/src/util/tooltips.rs:13:5
   |
13 | use crate::settings::PrivacySettings;
   |     ^^^^^^^^^^^^^^^^^^^^^^^^^^^^^^^^

error: unused import: `crate::ui_components::blended_colors`
  --> app/src/util/tooltips.rs:15:5
   |
15 | use crate::ui_components::blended_colors;
   |     ^^^^^^^^^^^^^^^^^^^^^^^^^^^^^^^^^^^^

error: unused imports: `FindOption` and `TelemetryEvent`
  --> app/src/view_components/find.rs:26:32
   |
26 | use crate::server::telemetry::{FindOption, TelemetryEvent};
   |                                ^^^^^^^^^^  ^^^^^^^^^^^^^^

error: unused import: `agent_toast::*`
  --> app/src/view_components/mod.rs:21:9
   |
21 | pub use agent_toast::*;
   |         ^^^^^^^^^^^^^^

error: unused import: `alert::Alert`
  --> app/src/view_components/mod.rs:22:9
   |
22 | pub use alert::Alert;
   |         ^^^^^^^^^^^^

error: unused import: `clickable_text_input::*`
  --> app/src/view_components/mod.rs:23:9
   |
23 | pub use clickable_text_input::*;
   |         ^^^^^^^^^^^^^^^^^^^^^^^

error: unused imports: `CompactDropdownEvent`, `CompactDropdownItem`, and `CompactDropdown`
  --> app/src/view_components/mod.rs:24:28
   |
24 | pub use compact_dropdown::{CompactDropdown, CompactDropdownEvent, CompactDropdownItem};
   |                            ^^^^^^^^^^^^^^^  ^^^^^^^^^^^^^^^^^^^^  ^^^^^^^^^^^^^^^^^^^

error: unused import: `copyable_text_field::*`
  --> app/src/view_components/mod.rs:25:9
   |
25 | pub use copyable_text_field::*;
   |         ^^^^^^^^^^^^^^^^^^^^^^

error: unused imports: `DropdownAction` and `DropdownEvent`
  --> app/src/view_components/mod.rs:27:30
   |
27 | pub use dropdown::{Dropdown, DropdownAction, DropdownEvent, DropdownItem, DropdownItemAction};
   |                              ^^^^^^^^^^^^^^  ^^^^^^^^^^^^^

error: unused import: `feature_popup::*`
  --> app/src/view_components/mod.rs:28:9
   |
28 | pub use feature_popup::*;
   |         ^^^^^^^^^^^^^^^^

error: unused imports: `FilterableDropdownEvent` and `FilterableDropdownOrientation`
  --> app/src/view_components/mod.rs:30:25
   |
30 |     FilterableDropdown, FilterableDropdownEvent, FilterableDropdownOrientation,
   |                         ^^^^^^^^^^^^^^^^^^^^^^^  ^^^^^^^^^^^^^^^^^^^^^^^^^^^^^

error: unused import: `MarkdownToggleEvent`
  --> app/src/view_components/mod.rs:32:32
   |
32 | pub use markdown_toggle_view::{MarkdownToggleEvent, MarkdownToggleView};
   |                                ^^^^^^^^^^^^^^^^^^^

error: unused import: `warning_box::*`
  --> app/src/view_components/mod.rs:34:9
   |
34 | pub use warning_box::*;
   |         ^^^^^^^^^^^^^^

error: unused import: `std::path::Path`
  --> app/src/editor/view/mod.rs:15:5
   |
15 | use std::path::Path;
   |     ^^^^^^^^^^^^^^^

error: unused import: `async_fs`
  --> app/src/editor/view/mod.rs:21:5
   |
21 | use async_fs;
   |     ^^^^^^^^

error: unused import: `base64::engine::general_purpose`
  --> app/src/editor/view/mod.rs:23:5
   |
23 | use base64::engine::general_purpose;
   |     ^^^^^^^^^^^^^^^^^^^^^^^^^^^^^^^

error: unused import: `figma_utils::is_figma_png`
  --> app/src/editor/view/mod.rs:25:5
   |
25 | use figma_utils::is_figma_png;
   |     ^^^^^^^^^^^^^^^^^^^^^^^^^

error: unused import: `mime_guess::from_path`
  --> app/src/editor/view/mod.rs:27:5
   |
27 | use mime_guess::from_path;
   |     ^^^^^^^^^^^^^^^^^^^^^

error: unused imports: `safe_error` and `send_telemetry_from_ctx`
  --> app/src/editor/view/mod.rs:53:17
   |
53 | use warp_core::{safe_error, send_telemetry_from_ctx};
   |                 ^^^^^^^^^^  ^^^^^^^^^^^^^^^^^^^^^^^

error: unused import: `SpawnedFutureHandle`
  --> app/src/editor/view/mod.rs:59:23
   |
59 | use warpui::r#async::{SpawnedFutureHandle, Timer};
   |                       ^^^^^^^^^^^^^^^^^^^

error: unused imports: `ChildView` and `Container`
  --> app/src/editor/view/mod.rs:62:5
   |
62 |     ChildView, Container, CornerRadius, CrossAxisAlignment, DEFAULT_UI_LINE_HEIGHT_RATIO, Flex,
   |     ^^^^^^^^^  ^^^^^^^^^

error: unused import: `warpui::platform::keyboard::KeyCode`
  --> app/src/editor/view/mod.rs:67:5
   |
67 | use warpui::platform::keyboard::KeyCode;
   |     ^^^^^^^^^^^^^^^^^^^^^^^^^^^^^^^^^^^

error: unused import: `FilePickerConfiguration`
  --> app/src/editor/view/mod.rs:68:32
   |
68 | use warpui::platform::{Cursor, FilePickerConfiguration, OperatingSystem};
   |                                ^^^^^^^^^^^^^^^^^^^^^^^

error: unused import: `warpui::ui_components::button::ButtonTooltipPosition`
  --> app/src/editor/view/mod.rs:72:5
   |
72 | use warpui::ui_components::button::ButtonTooltipPosition;
   |     ^^^^^^^^^^^^^^^^^^^^^^^^^^^^^^^^^^^^^^^^^^^^^^^^^^^^

error: unused import: `Coords`
  --> app/src/editor/view/mod.rs:73:41
   |
73 | use warpui::ui_components::components::{Coords, UiComponent, UiComponentStyles};
   |                                         ^^^^^^

error: unused import: `crate::server::telemetry::TelemetryEvent`
   --> app/src/editor/view/mod.rs:101:5
    |
101 | use crate::server::telemetry::TelemetryEvent;
    |     ^^^^^^^^^^^^^^^^^^^^^^^^^^^^^^^^^^^^^^^^

error: unused import: `InputSettings`
   --> app/src/editor/view/mod.rs:104:5
    |
104 |     InputSettings, SelectionSettings,
    |     ^^^^^^^^^^^^^

error: unused imports: `IgnoredSuggestionsModel` and `SuggestionType`
   --> app/src/editor/view/mod.rs:107:53
    |
107 | use crate::suggestions::ignored_suggestions_model::{IgnoredSuggestionsModel, SuggestionType};
    |                                                     ^^^^^^^^^^^^^^^^^^^^^^^  ^^^^^^^^^^^^^^

error: unused import: `crate::ui_components::buttons::icon_button`
   --> app/src/editor/view/mod.rs:111:5
    |
111 | use crate::ui_components::buttons::icon_button;
    |     ^^^^^^^^^^^^^^^^^^^^^^^^^^^^^^^^^^^^^^^^^^

error: unused import: `crate::ui_components::icons`
   --> app/src/editor/view/mod.rs:112:5
    |
112 | use crate::ui_components::icons;
    |     ^^^^^^^^^^^^^^^^^^^^^^^^^^^

error: unused import: `crate::view_components::DismissibleToast`
   --> app/src/editor/view/mod.rs:117:5
    |
117 | use crate::view_components::DismissibleToast;
    |     ^^^^^^^^^^^^^^^^^^^^^^^^^^^^^^^^^^^^^^^^

error: unused import: `crate::workspace::ToastStack`
   --> app/src/editor/view/mod.rs:121:5
    |
121 | use crate::workspace::ToastStack;
    |     ^^^^^^^^^^^^^^^^^^^^^^^^^^^^

error: empty line after doc comment
    --> app/src/editor/view/mod.rs:3191:5
     |
3191 | /     /// If there's an empty buffer, populates the input with an intelligent autosuggestion for the input_type.
3192 | |
     | |_^
...
3195 |       pub fn set_placeholder_text_with_prefix(
     |       --------------------------------------- the comment documents this function
     |
     = help: for further information visit https://rust-lang.github.io/rust-clippy/rust-1.92.0/index.html#empty_line_after_doc_comments
     = help: if the empty line is unintentional, remove it
help: if the documentation should include the empty line include it in the comment
     |
3192 |     ///
     |

error: empty line after doc comment
    --> app/src/editor/view/mod.rs:3258:5
     |
3258 | /     /// Clears any next command state. Autosuggestion (ghosted text) is not cleared.
3259 | |
     | |_^
3260 |       /// Remove a specific placeholder by prefix.
3261 |       pub fn clear_placeholder_text_with_prefix(
     |       ----------------------------------------- the comment documents this function
     |
     = help: for further information visit https://rust-lang.github.io/rust-clippy/rust-1.92.0/index.html#empty_line_after_doc_comments
     = help: if the empty line is unintentional, remove it
help: if the documentation should include the empty line include it in the comment
     |
3259 |     ///
     |

error: empty lines after doc comment
    --> app/src/editor/view/mod.rs:4576:5
     |
4576 | /     /// and processes them for AI context attachment via `process_and_attach_images_as_ai_context`.
4577 | |
4578 | |     /// Processes and attaches images to the AI context model.
4579 | |     ///
...    |
4583 | |     /// Stores non-image files selected via the file picker into the pending files context.
4584 | |
     | |_^
...
4587 |       fn vim_user_insert(&mut self, text: &str, ctx: &mut ViewContext<Self>) {
     |       ------------------ the comment documents this function
     |
     = help: for further information visit https://rust-lang.github.io/rust-clippy/rust-1.92.0/index.html#empty_line_after_doc_comments
     = help: if the empty lines are unintentional, remove them
help: if the documentation should include the empty lines include them in the comment
     |
4577 +     ///
4578 |     /// Processes and attaches images to the AI context model.
 ...
4581 |     /// updating the context model and UI state accordingly.
4582 +     ///
4583 |     /// Stores non-image files selected via the file picker into the pending files context.
4584 +     ///
     |

error: unexpected `cfg` condition value: `warp_managed_secrets`
   --> app/src/features.rs:324:15
    |
324 |         #[cfg(feature = "warp_managed_secrets")]
    |               ^^^^^^^^^^^^^^^^^^^^^^^^^^^^^^^^
    |
    = note: expected values for `feature` are: `account_first_onboarding`, `active_conversation_requires_interaction`, `agent_cli_launch_modal`, `agent_decides_command_execution`, `agent_harness`, `agent_management_details_view`, `agent_management_popup`, `agent_management_view`, `agent_mode`, `agent_mode_computer_use`, `agent_mode_debug`, `agent_mode_evals`, `agent_mode_pre_plan_xml`, `agent_mode_primary_xml`, `agent_onboarding`, `agent_shared_sessions`, `agent_tips`, `agent_toolbar_editor`, `agent_view`, `agent_view_block_context`, `agent_view_conversation_list_view`, `agent_view_prompt_chip`, `ai_context_menu`, `ai_context_menu_code`, `ai_context_menu_commands`, `ai_resume_button`, `ai_rules`, `alacritty_settings_import`, `allow_ignoring_input_suggestions`, `allow_opening_file_links_using_editor_env`, `am_workflows`, `ambient_agents_command_line`, `ambient_agents_image_upload`, `ambient_agents_rtc`, and `api_key_management` and 262 more
    = help: consider adding `warp_managed_secrets` as a feature in `Cargo.toml`
    = note: see <https://doc.rust-lang.org/nightly/rustc/check-cfg/cargo-specifics.html> for more information about checking conditional configuration
    = note: `-D unexpected-cfgs` implied by `-D warnings`
    = help: to override `-D warnings` add `#[allow(unexpected_cfgs)]`

error: unused import: `SingletonEntity`
 --> app/src/integration_testing/rules/assertion.rs:2:26
  |
2 | use warpui::{AppContext, SingletonEntity, async_assert, async_assert_eq};
  |                          ^^^^^^^^^^^^^^^

error: unused import: `crate::server::telemetry::TelemetryEvent`
  --> app/src/launch_configs/save_modal.rs:29:5
   |
29 | use crate::server::telemetry::TelemetryEvent;
   |     ^^^^^^^^^^^^^^^^^^^^^^^^^^^^^^^^^^^^^^^^

error: unused import: `std::cell::RefCell`
 --> app/src/pane_group/mod.rs:2:5
  |
2 | use std::cell::RefCell;
  |     ^^^^^^^^^^^^^^^^^^

error: unused import: `HashSet`
 --> app/src/pane_group/mod.rs:3:33
  |
3 | use std::collections::{HashMap, HashSet};
  |                                 ^^^^^^^

error: unused import: `std::rc::Rc`
 --> app/src/pane_group/mod.rs:6:5
  |
6 | use std::rc::Rc;
  |     ^^^^^^^^^^^

error: unused import: `instant::Instant`
  --> app/src/pane_group/mod.rs:10:5
   |
10 | use instant::Instant;
   |     ^^^^^^^^^^^^^^^^

error: unused import: `tree::DEFAULT_FLEX_VALUE`
  --> app/src/pane_group/mod.rs:19:5
   |
19 | use tree::DEFAULT_FLEX_VALUE;
   |     ^^^^^^^^^^^^^^^^^^^^^^^^

error: unused import: `warp_core::command::ExitCode`
  --> app/src/pane_group/mod.rs:23:5
   |
23 | use warp_core::command::ExitCode;
   |     ^^^^^^^^^^^^^^^^^^^^^^^^^^^^

error: unused imports: `ShellName` and `ShellType`
  --> app/src/pane_group/mod.rs:27:28
   |
27 | use warp_terminal::shell::{ShellName, ShellType};
   |                            ^^^^^^^^^  ^^^^^^^^^

error: unused import: `warpui::r#async::SpawnedFutureHandle`
  --> app/src/pane_group/mod.rs:31:5
   |
31 | use warpui::r#async::SpawnedFutureHandle;
   |     ^^^^^^^^^^^^^^^^^^^^^^^^^^^^^^^^^^^^

error: unused imports: `Clipped` and `Stack`
  --> app/src/pane_group/mod.rs:33:16
   |
33 |     ChildView, Clipped, CrossAxisAlignment, DispatchEventResult, Element, EventHandler, Flex,
   |                ^^^^^^^
34 |     MainAxisSize, ParentElement, Shrinkable, Stack,
   |                                              ^^^^^

error: unused import: `WeakViewHandle`
  --> app/src/pane_group/mod.rs:41:17
   |
41 |     ViewHandle, WeakViewHandle, WindowId,
   |                 ^^^^^^^^^^^^^^

error: unused import: `PaneMode`
  --> app/src/pane_group/mod.rs:61:50
   |
61 | use crate::launch_configs::launch_config::{self, PaneMode, PaneTemplateType};
   |                                                  ^^^^^^^^

error: unused import: `TelemetryEvent`
  --> app/src/pane_group/mod.rs:71:47
   |
71 | use crate::server::telemetry::{PaletteSource, TelemetryEvent};
   |                                               ^^^^^^^^^^^^^^

error: unused import: `GeneralSettingsChangedEvent`
  --> app/src/pane_group/mod.rs:77:58
   |
77 | use crate::terminal::general_settings::{GeneralSettings, GeneralSettingsChangedEvent};
   |                                                          ^^^^^^^^^^^^^^^^^^^^^^^^^^^

error: unused imports: `MockTerminalManager` and `ShellLaunchState`
  --> app/src/pane_group/mod.rs:89:5
   |
89 |     MockTerminalManager, ShellLaunchData, ShellLaunchState, TerminalManager, TerminalModel,
   |     ^^^^^^^^^^^^^^^^^^^                   ^^^^^^^^^^^^^^^^

error: unused import: `WorkspaceAction`
   --> app/src/pane_group/mod.rs:101:66
    |
101 |     self, CommandSearchOptions, PaneViewLocator, TabBarLocation, WorkspaceAction,
    |                                                                  ^^^^^^^^^^^^^^^

error: unused import: `crate::server::telemetry::TelemetryEvent`
  --> app/src/pane_group/pane/view/header/mod.rs:33:5
   |
33 | use crate::server::telemetry::TelemetryEvent;
   |     ^^^^^^^^^^^^^^^^^^^^^^^^^^^^^^^^^^^^^^^^

error: unused import: `std::collections::HashMap`
 --> app/src/pane_group/pane/workflow_pane.rs:1:5
  |
1 | use std::collections::HashMap;
  |     ^^^^^^^^^^^^^^^^^^^^^^^^^

error: unused import: `std::sync::Arc`
 --> app/src/pane_group/pane/workflow_pane.rs:2:5
  |
2 | use std::sync::Arc;
  |     ^^^^^^^^^^^^^^

error: unused imports: `WorkflowSource` and `WorkflowType`
  --> app/src/pane_group/pane/workflow_pane.rs:14:52
   |
14 |     Workflow, WorkflowId, WorkflowSelectionSource, WorkflowSource, WorkflowType, WorkflowViewMode,
   |                                                    ^^^^^^^^^^^^^^  ^^^^^^^^^^^^

error: empty lines after doc comment
   --> app/src/pane_group/pane/mod.rs:162:5
    |
162 | /     /// Creates a [`PaneId`] from a [`ViewContext<PaneView<EnvVarCollectionView>>`]
163 | |
164 | |     /// Creates a [`PaneId`] from a [`ViewContext<PaneView<EnvironmentsPageView>>`]
165 | |
    | |_^
166 |       /// Creates a [`PaneId`] from a [`ViewContext<PaneView<WorkflowView>>`]
167 |       pub fn from_workflow_pane_ctx(ctx: &ViewContext<PaneView<WorkflowView>>) -> Self {
    |       ----------------------------- the comment documents this function
    |
    = help: for further information visit https://rust-lang.github.io/rust-clippy/rust-1.92.0/index.html#empty_line_after_doc_comments
    = help: if the empty lines are unintentional, remove them
help: if the documentation should include the empty lines include them in the comment
    |
163 +     ///
164 |     /// Creates a [`PaneId`] from a [`ViewContext<PaneView<EnvironmentsPageView>>`]
165 +     ///
    |

error: empty line after doc comment
   --> app/src/pane_group/pane/mod.rs:176:5
    |
176 | /     /// Creates a [`PaneId`] from a [`ViewContext<PaneView<CodeDiffView>>`]
177 | |
    | |_^
178 |       /// Creates a [`PaneId`] from a [`ViewContext<PaneView<SettingsView>>`]
179 |       pub fn from_settings_pane_ctx(ctx: &ViewContext<PaneView<SettingsView>>) -> Self {
    |       ----------------------------- the comment documents this function
    |
    = help: for further information visit https://rust-lang.github.io/rust-clippy/rust-1.92.0/index.html#empty_line_after_doc_comments
    = help: if the empty line is unintentional, remove it
help: if the documentation should include the empty line include it in the comment
    |
177 |     ///
    |

error: empty lines after doc comment
   --> app/src/pane_group/pane/mod.rs:183:5
    |
183 | /     /// Creates a [`PaneId`] from a [`ViewContext<PaneView<AIFactView>>`]
184 | |
185 | |     /// Creates a [`PaneId`] from a [`ViewContext<PaneView<AIDocumentView>>`]
...   |
189 | |     /// Creates a [`PaneId`] from a [`ViewContext<PaneView<ExecutionProfileEditorView>>`]
190 | |
    | |_^
191 |       pub fn from_get_started_pane_ctx(ctx: &ViewContext<PaneView<GetStartedView>>) -> Self {
    |       -------------------------------- the comment documents this function
    |
    = help: for further information visit https://rust-lang.github.io/rust-clippy/rust-1.92.0/index.html#empty_line_after_doc_comments
    = help: if the empty lines are unintentional, remove them

error: empty line after doc comment
   --> app/src/pane_group/pane/mod.rs:195:5
    |
195 | /     /// Creates a [`PaneId`] from a [`ViewContext<PaneView<NetworkLogView>>`].
196 | |
    | |_^
197 |       /// Creates a [`PaneId`] from a [`PaneView<TerminalView>`] entity ID.
198 |       pub fn from_terminal_pane_view(
    |       ------------------------------ the comment documents this function
    |
    = help: for further information visit https://rust-lang.github.io/rust-clippy/rust-1.92.0/index.html#empty_line_after_doc_comments
    = help: if the empty line is unintentional, remove it
help: if the documentation should include the empty line include it in the comment
    |
196 |     ///
    |

error: empty line after doc comment
   --> app/src/pane_group/pane/mod.rs:211:5
    |
211 | /     /// Creates a [`PaneId`] from a [`PaneView<FileNotebookView>`] entity ID.
212 | |
    | |_^
213 |       /// Creates a [`PaneId`] from a [`PaneView<TextView>`] entity ID.
214 |       pub fn from_code_pane_view(code_pane_view: &ViewHandle<PaneView<CodeView>>) -> Self {
    |       -------------------------- the comment documents this function
    |
    = help: for further information visit https://rust-lang.github.io/rust-clippy/rust-1.92.0/index.html#empty_line_after_doc_comments
    = help: if the empty line is unintentional, remove it
help: if the documentation should include the empty line include it in the comment
    |
212 |     ///
    |

error: empty lines after doc comment
   --> app/src/pane_group/pane/mod.rs:218:5
    |
218 | /     /// Creates a [`PaneId`] from a [`PaneView<CodeDiffView>`] entity ID.
219 | |
220 | |     /// Creates a [`PaneId`] from a [`PaneView<EnvVarCollection>`] entity ID.
...   |
223 | |
    | |_^
224 |       /// Creates a [`PaneId`] from a [`PaneView<WorkflowView>`] entity ID.
225 |       pub fn from_workflow_pane_view(
    |       ------------------------------ the comment documents this function
    |
    = help: for further information visit https://rust-lang.github.io/rust-clippy/rust-1.92.0/index.html#empty_line_after_doc_comments
    = help: if the empty lines are unintentional, remove them
help: if the documentation should include the empty lines include them in the comment
    |
219 +     ///
220 |     /// Creates a [`PaneId`] from a [`PaneView<EnvVarCollection>`] entity ID.
221 +     ///
222 |     /// Creates a [`PaneId`] from a [`PaneView<EnvironmentsPageView>`] entity ID.
223 +     ///
    |

error: empty lines after doc comment
   --> app/src/pane_group/pane/mod.rs:238:5
    |
238 | /     /// Creates a [`PaneId`] from a [`PaneView<AIFactView>`] entity ID.
239 | |
240 | |     /// Creates a [`PaneId`] from a [`PaneView<AIDocumentView>`] entity ID.
...   |
244 | |     /// Creates a [`PaneId`] from a [`PaneView<ExecutionProfileEditorView>`] entity ID.
245 | |
    | |_^
246 |       pub fn from_get_started_pane_view(
    |       --------------------------------- the comment documents this function
    |
    = help: for further information visit https://rust-lang.github.io/rust-clippy/rust-1.92.0/index.html#empty_line_after_doc_comments
    = help: if the empty lines are unintentional, remove them

error: empty line after doc comment
   --> app/src/pane_group/pane/mod.rs:252:5
    |
252 | /     /// Creates a [`PaneId`] from a [`PaneView<NetworkLogView>`] entity ID.
253 | |
    | |_^
254 |       #[cfg_attr(not(feature = "local_fs"), allow(dead_code))]
255 |       pub(super) fn deferred_placeholder_pane_id() -> Self {
    |       ------------------------------------------ the comment documents this function
    |
    = help: for further information visit https://rust-lang.github.io/rust-clippy/rust-1.92.0/index.html#empty_line_after_doc_comments
    = help: if the empty line is unintentional, remove it

error: empty line after doc comment
   --> app/src/pane_group/pane/mod.rs:304:5
    |
304 | /     /// Returns true if this pane contains a Warp Drive object (notebook, workflow, etc.).
305 | |
    | |_^
306 |       /// Renders the child view backing this pane.
307 |       pub fn render(self, app: &AppContext) -> Box<dyn Element> {
    |       ------------- the comment documents this function
    |
    = help: for further information visit https://rust-lang.github.io/rust-clippy/rust-1.92.0/index.html#empty_line_after_doc_comments
    = help: if the empty line is unintentional, remove it
help: if the documentation should include the empty line include it in the comment
    |
305 |     ///
    |

error: empty line after doc comment
   --> app/src/pane_group/pane/mod.rs:650:5
    |
650 | /     /// Sets the shareable object in the current pane. If `None`, the share button is removed.
651 | |
    | |_^
...
655 |       pub fn notify_header_content_changed(&mut self, ctx: &mut ModelContext<Self>) {
    |       ------------------------------------ the comment documents this function
    |
    = help: for further information visit https://rust-lang.github.io/rust-clippy/rust-1.92.0/index.html#empty_line_after_doc_comments
    = help: if the empty line is unintentional, remove it
help: if the documentation should include the empty line include it in the comment
    |
651 |     ///
    |

error: empty line after doc comment
   --> app/src/pane_group/mod.rs:818:5
    |
818 | /     /// Returns true iff one of the terminal panes in this group is being shared.
819 | |
    | |_^
820 |       pub fn smart_split_direction(
    |       ---------------------------- the comment documents this function
    |
    = help: for further information visit https://rust-lang.github.io/rust-clippy/rust-1.92.0/index.html#empty_line_after_doc_comments
    = help: if the empty line is unintentional, remove it

error: empty line after doc comment
    --> app/src/pane_group/mod.rs:1368:5
     |
1368 | /     /// Iterate over the file notebook panes in this pane group.
1369 | |
     | |_^
1370 |       fn close_panes(&mut self, pane_ids: Vec<PaneId>, ctx: &mut ViewContext<Self>) {
     |       -------------- the comment documents this function
     |
     = help: for further information visit https://rust-lang.github.io/rust-clippy/rust-1.92.0/index.html#empty_line_after_doc_comments
     = help: if the empty line is unintentional, remove it

error: empty lines after doc comment
    --> app/src/pane_group/mod.rs:1376:5
     |
1376 | /     /// Checks if this pane group contains a visible AI document pane with the given document ID.
1377 | |
1378 | |     /// Closes all visible AI document panes that are *not* for `document_id`, then applies the
1379 | |     /// requested `action` to the pane for `document_id`.
...    |
1383 | |     /// Closes any other ai document panes, and opens the specified document_id.
1384 | |
     | |_^
...
1389 |       pub fn has_active_code_pane_with_unsaved_indicator(&self, ctx: &AppContext) -> bool {
     |       -------------------------------------------------- the comment documents this function
     |
     = help: for further information visit https://rust-lang.github.io/rust-clippy/rust-1.92.0/index.html#empty_line_after_doc_comments
     = help: if the empty lines are unintentional, remove them
help: if the documentation should include the empty lines include them in the comment
     |
1377 +     ///
1378 |     /// Closes all visible AI document panes that are *not* for `document_id`, then applies the
 ...
1381 |     /// This enforces the UI invariant that only one AI document pane should be visible at a time.
1382 +     ///
1383 |     /// Closes any other ai document panes, and opens the specified document_id.
1384 +     ///
     |

error: empty lines after doc comment
    --> app/src/pane_group/mod.rs:1520:5
     |
1520 | /     /// which element is focused.
1521 | |
1522 | |     /// If modal is already open, we update it with the new role request
...    |
1525 | |
     | |_^
1526 |       fn new_internal(
     |       --------------- the comment documents this function
     |
     = help: for further information visit https://rust-lang.github.io/rust-clippy/rust-1.92.0/index.html#empty_line_after_doc_comments
     = help: if the empty lines are unintentional, remove them

error: empty line after doc comment
    --> app/src/pane_group/mod.rs:1609:5
     |
1609 | /     /// that owner lives outside this pane group.
1610 | |
     | |_^
...
1613 |       fn terminal_pane_data(
     |       --------------------- the comment documents this function
     |
     = help: for further information visit https://rust-lang.github.io/rust-clippy/rust-1.92.0/index.html#empty_line_after_doc_comments
     = help: if the empty line is unintentional, remove it
help: if the documentation should include the empty line include it in the comment
     |
1610 |     ///
     |

error: empty lines after doc comment
    --> app/src/pane_group/mod.rs:1634:5
     |
1634 | /     /// Helper to create the terminal manager and view for an ambient agent pane.
1635 | |
1636 | |     /// Installs the long-lived AgentConversationsModel subscription used by
1637 | |     /// `pending_ambient_agent_conversation_restorations`,
...    |
1644 | |     /// Initial layout for a [`PaneGroup`] with a single ambient agent pane.
1645 | |
     | |_^
...
1648 |       fn initial_single_terminal_pane(
     |       ------------------------------- the comment documents this function
     |
     = help: for further information visit https://rust-lang.github.io/rust-clippy/rust-1.92.0/index.html#empty_line_after_doc_comments
     = help: if the empty lines are unintentional, remove them
help: if the documentation should include the empty lines include them in the comment
     |
1635 +     ///
1636 |     /// Installs the long-lived AgentConversationsModel subscription used by
 ...
1639 |     /// it has not been installed yet. Idempotent across multiple callers.
1640 +     ///
1641 |     /// Subscription handler that processes pending ambient agent pane restorations
1642 |     /// whenever task data is updated or conversations finish loading.
1643 +     ///
1644 |     /// Initial layout for a [`PaneGroup`] with a single ambient agent pane.
1645 +     ///
     |

error: empty lines after doc comment
    --> app/src/pane_group/mod.rs:1786:5
     |
1786 | /     /// Create a new pane group for a view-only cloud conversation.
1787 | |
1788 | |     /// Create a new pane group with a loading state for a conversation viewer.
1789 | |     /// The actual conversation data will be loaded asynchronously.
...    |
1794 | |     /// Load conversation data into a specific transcript viewer terminal view.
1795 | |
     | |_^
1796 |       fn handle_windowing_state_update(
     |       -------------------------------- the comment documents this function
     |
     = help: for further information visit https://rust-lang.github.io/rust-clippy/rust-1.92.0/index.html#empty_line_after_doc_comments
     = help: if the empty lines are unintentional, remove them

error: empty lines after doc comment
    --> app/src/pane_group/mod.rs:1887:5
     |
1887 | /     /// host's `StopSharingCurrentSession` cleans it up.
1888 | |
1889 | |     /// Dispatches a share on every direct child agent pane in this group
1890 | |     /// that isn't already sharing, mirroring
...    |
1911 | |     /// pill bar's swap or split-off paths.
1912 | |
     | |_^
...
1917 |       pub fn terminal_pane_view_at_pane_index(
     |       --------------------------------------- the comment documents this function
     |
     = help: for further information visit https://rust-lang.github.io/rust-clippy/rust-1.92.0/index.html#empty_line_after_doc_comments
     = help: if the empty lines are unintentional, remove them
help: if the documentation should include the empty lines include them in the comment
     |
1888 +     ///
1889 |     /// Dispatches a share on every direct child agent pane in this group
 ...
1893 |     #[cfg(not(target_family = "wasm"))]
1894 +     ///
1895 |     /// Stop the shared session on every child pane that was transitively
 ...
1899 |     #[cfg(not(target_family = "wasm"))]
1900 +     ///
1901 |     /// Removes `pane_id` from the transitive-share tracking map.
1902 +     ///
1903 |     /// Creates a cloud-mode pane that lives off-tree as a child agent pane.
 ...
1906 |     /// explicitly before the deferred shared-session viewer binds to it.
1907 +     ///
1908 |     /// Inserts `pane` into `pane_contents` and attaches it (so subscriptions,
 ...
1911 |     /// pill bar's swap or split-off paths.
1912 +     ///
     |

error: empty line after doc comment
    --> app/src/pane_group/mod.rs:2189:5
     |
2189 | /     /// no-ops otherwise.
2190 | |
     | |_^
...
2195 |       fn focus_next_terminal_pane_and_activate_session(
     |       ------------------------------------------------ the comment documents this function
     |
     = help: for further information visit https://rust-lang.github.io/rust-clippy/rust-1.92.0/index.html#empty_line_after_doc_comments
     = help: if the empty line is unintentional, remove it
help: if the documentation should include the empty line include it in the comment
     |
2190 |     ///
     |

error: empty lines after doc comment
    --> app/src/pane_group/mod.rs:2228:5
     |
2228 | /     /// Returns true if the given pane is a child agent pane tracked in `child_agent_panes`.
2229 | |
2230 | |     /// Collects the child agent pane IDs whose conversations are parented by
2231 | |     /// a conversation on the given terminal view.
...    |
2238 | |     /// Permanently discards the pane backing a child agent conversation.
2239 | |
     | |_^
2240 |       pub fn close_pane(&mut self, pane_id: PaneId, ctx: &mut ViewContext<Self>) {
     |       ----------------- the comment documents this function
     |
     = help: for further information visit https://rust-lang.github.io/rust-clippy/rust-1.92.0/index.html#empty_line_after_doc_comments
     = help: if the empty lines are unintentional, remove them

error: empty line after outer attribute
    --> app/src/pane_group/mod.rs:2387:5
     |
2387 | /     #[cfg(feature = "local_fs")]
2388 | |
     | |_^
2389 |       /// Handle a common pane event, such as splitting off another pane.
2390 |       pub(crate) fn handle_pane_event(
     |       ------------------------------- the attribute applies to this function
     |
     = help: for further information visit https://rust-lang.github.io/rust-clippy/rust-1.92.0/index.html#empty_line_after_outer_attr
     = help: if the empty line is unintentional, remove it

error: empty line after doc comment
    --> app/src/pane_group/mod.rs:2593:5
     |
2593 | /     /// `&mut self` use it to seed the parent's children from server data.
2594 | |
     | |_^
...
2597 |       fn clear_hidden_closed_panes(&mut self, ctx: &mut ViewContext<Self>) {
     |       ---------------------------- the comment documents this function
     |
     = help: for further information visit https://rust-lang.github.io/rust-clippy/rust-1.92.0/index.html#empty_line_after_doc_comments
     = help: if the empty line is unintentional, remove it
help: if the documentation should include the empty line include it in the comment
     |
2594 |     ///
     |

error: empty lines after outer attribute
    --> app/src/pane_group/mod.rs:3183:5
     |
3183 | /     #[allow(clippy::too_many_arguments)]
3184 | |
3185 | |     /// Builds a live-session pane for an orchestration child with its ambient
3186 | |     /// model wired up, so the pane gets ambient controls and `FailedToJoin`
...    |
3190 | |     /// This is used by both `new_for_conversation_transcript_viewer_loading` and `create_loading_terminal_pane`.
3191 | |
     | |_^
...
3196 |       fn should_ignore_custom_startup_directory(
     |       ----------------------------------------- the attribute applies to this function
     |
     = help: for further information visit https://rust-lang.github.io/rust-clippy/rust-1.92.0/index.html#empty_line_after_outer_attr
     = help: if the empty lines are unintentional, remove them

error: empty lines after doc comment
    --> app/src/pane_group/mod.rs:3221:5
     |
3221 | /     /// Returns the pane ID so it can be replaced later with the real terminal pane.
3222 | |
3223 | |     /// Replaces a loading pane with a real terminal pane that has a conversation restored.
3224 | |     /// Returns true if replacement was successful.
3225 | |
     | |_^
3226 |       #[allow(clippy::too_many_arguments)]
3227 |       pub fn add_session(
     |       ------------------ the comment documents this function
     |
     = help: for further information visit https://rust-lang.github.io/rust-clippy/rust-1.92.0/index.html#empty_line_after_doc_comments
     = help: if the empty lines are unintentional, remove them

error: empty line after outer attribute
    --> app/src/pane_group/mod.rs:3256:5
     |
3256 | /     #[allow(clippy::too_many_arguments)]
3257 | |
     | |_^
...
3262 |       fn create_terminal_pane_data(
     |       ---------------------------- the attribute applies to this function
     |
     = help: for further information visit https://rust-lang.github.io/rust-clippy/rust-1.92.0/index.html#empty_line_after_outer_attr
     = help: if the empty line is unintentional, remove it

error: empty lines after doc comment
    --> app/src/pane_group/mod.rs:3679:5
     |
3679 | /     /// reporting success leaves the user focused on a pane with no input box.
3680 | |
3681 | |     /// Resolve the pane id that owns a given conversation's `TerminalView`,
3682 | |     /// without applying any visibility filtering. Used by the pill-bar swap
...    |
3728 | |     /// remain in `pane_contents` even when they are not in the tree.
3729 | |
     | |_^
3730 |       /// Given a pane ID, retrieve its backing code view, if the pane is a code pane.
3731 |       pub fn code_view_from_pane_id(
     |       ----------------------------- the comment documents this function
     |
     = help: for further information visit https://rust-lang.github.io/rust-clippy/rust-1.92.0/index.html#empty_line_after_doc_comments
     = help: if the empty lines are unintentional, remove them
help: if the documentation should include the empty lines include them in the comment
     |
3680 +     ///
3681 |     /// Resolve the pane id that owns a given conversation's `TerminalView`,
 ...
3686 |     /// matches the history model's owner for `conversation_id`.
3687 +     ///
3688 |     /// Make the pane that owns `conversation_id` the visible one in the
3689 |     /// focused pane's slot via temporary replacement. The previous occupant
3690 |     /// is restored on revert (back-button, ESC, pill-click, close, split-off).
3691 +     ///
3692 |     /// Reveal the child agent pane for `conversation_id` as a visible
 ...
3696 |     /// orchestrators in the same group are left alone.
3697 +     ///
3698 |     /// Detach the child agent pane for `conversation_id` so it can be
3699 |     /// re-parented into a new tab ("Open in new tab"). Reuses the
3700 |     /// existing view to avoid cancelling in-flight commands.
3701 +     ///
3702 |     /// Stamp this pane group as the destination of a split-off child
3703 |     /// agent pane, so closing the tab re-adopts the live view back to
3704 |     /// the source group.
3705 +     ///
3706 |     /// Returns the origin metadata if this group is hosting a split-off
3707 |     /// child agent tab.
3708 +     ///
3709 |     /// Re-adopt a previously detached child agent pane back into this
3710 |     /// group as off-tree, and clear its split-off marker so the next
3711 |     /// reveal renders pills instead of breadcrumbs.
3712 +     ///
3713 |     /// Diagnostic logging for [`swap_active_pane_to_conversation`] when none of
 ...
3716 |     /// conversation. Dumps enough state to identify which step is wrong.
3717 +     ///
3718 |     /// Walk the visible terminal panes in this group looking for one whose
 ...
3728 |     /// remain in `pane_contents` even when they are not in the tree.
3729 +     ///
     |

error: unused import: `crate::server::telemetry::TelemetryEvent`
  --> app/src/resource_center/main_page.rs:33:5
   |
33 | use crate::server::telemetry::TelemetryEvent;
   |     ^^^^^^^^^^^^^^^^^^^^^^^^^^^^^^^^^^^^^^^^

error: unused import: `crate::server::telemetry::TelemetryEvent`
  --> app/src/resource_center/section_views/feature_section.rs:24:5
   |
24 | use crate::server::telemetry::TelemetryEvent;
   |     ^^^^^^^^^^^^^^^^^^^^^^^^^^^^^^^^^^^^^^^^

error: unused import: `crate::server::telemetry::TelemetryEvent`
  --> app/src/resource_center/section_views/changelog_section.rs:23:5
   |
23 | use crate::server::telemetry::TelemetryEvent;
   |     ^^^^^^^^^^^^^^^^^^^^^^^^^^^^^^^^^^^^^^^^

error: unused import: `ThemeSettings`
  --> app/src/root_view.rs:21:42
   |
21 | use crate::settings::{QuakeModeSettings, ThemeSettings};
   |                                          ^^^^^^^^^^^^^

error: unused import: `crate::window_settings::WindowSettings`
  --> app/src/root_view.rs:28:5
   |
28 | use crate::window_settings::WindowSettings;
   |     ^^^^^^^^^^^^^^^^^^^^^^^^^^^^^^^^^^^^^^

error: unused import: `WorkspaceRegistry`
  --> app/src/root_view.rs:29:69
   |
29 | use crate::workspace::{PaneViewLocator, Workspace, WorkspaceAction, WorkspaceRegistry};
   |                                                                     ^^^^^^^^^^^^^^^^^

error: unused import: `UpdateQuakeModeEventArg`
  --> app/src/root_view.rs:30:67
   |
30 | use crate::{GlobalResourceHandles, GlobalResourceHandlesProvider, UpdateQuakeModeEventArg};
   |                                                                   ^^^^^^^^^^^^^^^^^^^^^^^

error: unused import: `warp_core::send_telemetry_from_app_ctx`
 --> app/src/search/command_palette/view.rs:7:5
  |
7 | use warp_core::send_telemetry_from_app_ctx;
  |     ^^^^^^^^^^^^^^^^^^^^^^^^^^^^^^^^^^^^^^

error: unused import: `crate::features::FeatureFlag`
  --> app/src/search/command_palette/view.rs:26:5
   |
26 | use crate::features::FeatureFlag;
   |     ^^^^^^^^^^^^^^^^^^^^^^^^^^^^

error: unused import: `TelemetryEvent`
  --> app/src/search/command_palette/view.rs:42:56
   |
42 | use crate::server::telemetry::{LaunchConfigUiLocation, TelemetryEvent};
   |                                                        ^^^^^^^^^^^^^^

error: unused import: `SingletonEntity`
 --> app/src/search/command_search/history/history_data_source.rs:4:26
  |
4 | use warpui::{AppContext, SingletonEntity};
  |                          ^^^^^^^^^^^^^^^

error: unused import: `warp_core::features::FeatureFlag`
  --> app/src/search/command_search/view.rs:10:5
   |
10 | use warp_core::features::FeatureFlag;
   |     ^^^^^^^^^^^^^^^^^^^^^^^^^^^^^^^^

error: unused import: `MouseStateHandle`
  --> app/src/search/command_search/view.rs:15:26
   |
15 |     Dismiss, Fill, Flex, MouseStateHandle, OffsetPositioning, OffsetType, ParentElement,
   |                          ^^^^^^^^^^^^^^^^

error: unused import: `crate::server::telemetry::TelemetryEvent`
  --> app/src/search/command_search/view.rs:39:5
   |
39 | use crate::server::telemetry::TelemetryEvent;
   |     ^^^^^^^^^^^^^^^^^^^^^^^^^^^^^^^^^^^^^^^^

error: unused import: `HistoryEvent`
  --> app/src/search/command_search/view.rs:43:32
   |
43 | use crate::terminal::{History, HistoryEvent};
   |                                ^^^^^^^^^^^^

error: unused import: `TelemetryEvent`
  --> app/src/settings/import/model.rs:15:13
   |
15 | use crate::{TelemetryEvent, send_telemetry_from_ctx};
   |             ^^^^^^^^^^^^^^

error: unused import: `TelemetryEvent`
  --> app/src/settings/import/view.rs:32:44
   |
32 | use crate::{GlobalResourceHandlesProvider, TelemetryEvent, send_telemetry_from_ctx};
   |                                            ^^^^^^^^^^^^^^

error: unused import: `UpdateModel`
  --> app/src/settings/privacy.rs:11:65
   |
11 | use warpui::{AppContext, Entity, ModelContext, SingletonEntity, UpdateModel};
   |                                                                 ^^^^^^^^^^^

error[E0433]: failed to resolve: use of unresolved module or unlinked crate `session_sharing`
   --> app/src/pane_group/mod_tests.rs:146:29
    |
146 |     app.add_singleton_model(session_sharing::manager::Manager::new);
    |                             ^^^^^^^^^^^^^^^ use of unresolved module or unlinked crate `session_sharing`
    |
    = help: if you wanted to use a crate named `session_sharing`, use `cargo add session_sharing` to add it to your `Cargo.toml`

error: unused import: `warp_core::send_telemetry_from_ctx`
  --> app/src/settings_view/mod.rs:22:5
   |
22 | use warp_core::send_telemetry_from_ctx;
   |     ^^^^^^^^^^^^^^^^^^^^^^^^^^^^^^^^^^

error: unused import: `self::telemetry::SettingsTelemetryEvent`
  --> app/src/settings_view/mod.rs:40:5
   |
40 | use self::telemetry::SettingsTelemetryEvent;
   |     ^^^^^^^^^^^^^^^^^^^^^^^^^^^^^^^^^^^^^^^

error: unused import: `crate::view_components::ToastFlavor`
  --> app/src/settings_view/mod.rs:55:5
   |
55 | use crate::view_components::ToastFlavor;
   |     ^^^^^^^^^^^^^^^^^^^^^^^^^^^^^^^^^^^

error: unused import: `Clipped`
  --> app/src/settings_view/appearance_page.rs:13:31
   |
13 |     Align, Border, ChildView, Clipped, ConstrainedBox, Container, CornerRadius, CrossAxisAlignment,
   |                               ^^^^^^^

error: unused imports: `InputUXChangeOrigin` and `TelemetryEvent`
  --> app/src/settings_view/appearance_page.rs:51:32
   |
51 | use crate::server::telemetry::{InputUXChangeOrigin, TelemetryEvent};
   |                                ^^^^^^^^^^^^^^^^^^^  ^^^^^^^^^^^^^^

error: unused import: `ShowDockIconState`
  --> app/src/settings_view/appearance_page.rs:52:59
   |
52 | use crate::settings::app_icon::{AppIcon, AppIconSettings, ShowDockIconState};
   |                                                           ^^^^^^^^^^^^^^^^^

error: unused imports: `CursorBlinkEnabled`, `FocusPaneOnHover`, `InputModeState`, `ShouldDimInactivePanes`, `UseSystemTheme`, and `UseThinStrokes`
  --> app/src/settings_view/appearance_page.rs:54:63
   |
54 |     AIFontName, AppEditorSettings, CodeSettings, CursorBlink, CursorBlinkEnabled,
   |                                                               ^^^^^^^^^^^^^^^^^^
55 |     CursorDisplayType, DEFAULT_MONOSPACE_FONT_NAME, EnforceMinimumContrast, FocusPaneOnHover,
   |                                                                             ^^^^^^^^^^^^^^^^
56 |     FontSettings, FontSettingsChangedEvent, GPUSettings, InputBoxType, InputMode,
57 |     InputModeSettings, InputModeState, InputSettings, InputSettingsChangedEvent, MonospaceFontName,
   |                        ^^^^^^^^^^^^^^
58 |     PaneSettings, ShouldDimInactivePanes, ThemeSettings, UseSystemTheme, UseThinStrokes,
   |                   ^^^^^^^^^^^^^^^^^^^^^^                 ^^^^^^^^^^^^^^  ^^^^^^^^^^^^^^

error: unused import: `LigatureRenderingEnabled`
  --> app/src/settings_view/appearance_page.rs:61:42
   |
61 | use crate::terminal::ligature_settings::{LigatureRenderingEnabled, LigatureSettings};
   |                                          ^^^^^^^^^^^^^^^^^^^^^^^^

error: unused imports: `AltScreenPadding` and `Spacing`
  --> app/src/settings_view/appearance_page.rs:65:5
   |
65 |     AltScreenPadding, AltScreenPaddingMode, Spacing, SpacingMode, TerminalSettings,
   |     ^^^^^^^^^^^^^^^^                        ^^^^^^^

error: unused imports: `ShowBlockDividers` and `ShowJumpToBottomOfBlockButton`
  --> app/src/settings_view/appearance_page.rs:68:24
   |
68 |     BlockListSettings, ShowBlockDividers, ShowJumpToBottomOfBlockButton, SizeInfo,
   |                        ^^^^^^^^^^^^^^^^^  ^^^^^^^^^^^^^^^^^^^^^^^^^^^^^

error: unused imports: `BackgroundBlurTexture`, `LeftPanelVisibilityAcrossTabs`, and `OpenWindowsAtCustomSize`
  --> app/src/settings_view/appearance_page.rs:79:27
   |
79 |     BackgroundBlurRadius, BackgroundBlurTexture, BackgroundOpacity, LeftPanelVisibilityAcrossTabs,
   |                           ^^^^^^^^^^^^^^^^^^^^^                     ^^^^^^^^^^^^^^^^^^^^^^^^^^^^^
80 |     OpenWindowsAtCustomSize, WindowSettings, WindowSettingsChangedEvent, ZoomLevel,
   |     ^^^^^^^^^^^^^^^^^^^^^^^

error: unused imports: `HideTitleBarSearchBarInVerticalTabs`, `PreserveActiveTabColor`, `ShowIndicatorsButton`, `ShowVerticalTabPanelInRestoredWindows`, `UseLatestUserPromptAsConversationTitleInTabNames`, and `UseVerticalTabs`
  --> app/src/settings_view/appearance_page.rs:84:24
   |
84 |     DirectoryTabColor, HideTitleBarSearchBarInVerticalTabs, PreserveActiveTabColor,
   |                        ^^^^^^^^^^^^^^^^^^^^^^^^^^^^^^^^^^^  ^^^^^^^^^^^^^^^^^^^^^^
85 |     ShowIndicatorsButton, ShowVerticalTabPanelInRestoredWindows, TabCloseButtonPosition,
   |     ^^^^^^^^^^^^^^^^^^^^  ^^^^^^^^^^^^^^^^^^^^^^^^^^^^^^^^^^^^^
86 |     TabSettings, TabSettingsChangedEvent, UseLatestUserPromptAsConversationTitleInTabNames,
   |                                           ^^^^^^^^^^^^^^^^^^^^^^^^^^^^^^^^^^^^^^^^^^^^^^^^
87 |     UseVerticalTabs, WorkspaceDecorationVisibility, canonical_directory_key,
   |     ^^^^^^^^^^^^^^^

error: unused import: `crate::server::telemetry::TelemetryEvent`
  --> app/src/settings_view/features/external_editor.rs:14:5
   |
14 | use crate::server::telemetry::TelemetryEvent;
   |     ^^^^^^^^^^^^^^^^^^^^^^^^^^^^^^^^^^^^^^^^

error: unused imports: `OpenCodePanelsFileEditor`, `OpenFileEditor`, and `OpenFileLayout`
  --> app/src/settings_view/features/external_editor.rs:19:33
   |
19 |     EditorChoice, EditorLayout, OpenCodePanelsFileEditor, OpenFileEditor, OpenFileLayout,
   |                                 ^^^^^^^^^^^^^^^^^^^^^^^^  ^^^^^^^^^^^^^^  ^^^^^^^^^^^^^^

error: unused import: `TelemetryEvent`
  --> app/src/settings_view/code_editor_review_page.rs:34:13
   |
34 | use crate::{TelemetryEvent, send_telemetry_from_ctx};
   |             ^^^^^^^^^^^^^^

error[E0433]: failed to resolve: could not find `blocklist` in `ai`
   --> app/src/pane_group/mod_tests.rs:160:20
    |
160 |         crate::ai::blocklist::agent_view::orchestration_pill_bar_model::OrchestrationPillBarModel::new(
    |                    ^^^^^^^^^ could not find `blocklist` in `ai`

error: unused import: `ParentElement`
 --> app/src/settings_view/code_indexing_page.rs:3:44
  |
3 | use warpui::elements::{Container, Element, ParentElement, Text};
  |                                            ^^^^^^^^^^^^^

error: unused import: `SettingsPageEvent`
 --> app/src/settings_view/code_indexing_page.rs:8:26
  |
8 |     MatchData, PageType, SettingsPageEvent, SettingsPageMeta, SettingsPageViewHandle,
  |                          ^^^^^^^^^^^^^^^^^

error: unused import: `LocalOnlyIconState`
  --> app/src/settings_view/keybindings.rs:23:5
   |
23 |     LocalOnlyIconState, MatchData, PageType, SettingsPageMeta, SettingsPageViewHandle,
   |     ^^^^^^^^^^^^^^^^^^

error: unused import: `TelemetryEvent`
  --> app/src/settings_view/keybindings.rs:37:13
   |
37 | use crate::{TelemetryEvent, send_telemetry_from_ctx, themes};
   |             ^^^^^^^^^^^^^^

error: unused imports: `AddRegexModalEvent`, `AddRegexModalViewState`, and `AddRegexModal`
 --> app/src/settings_view/privacy/mod.rs:3:27
  |
3 | pub use add_regex_modal::{AddRegexModal, AddRegexModalEvent, AddRegexModalViewState};
  |                           ^^^^^^^^^^^^^  ^^^^^^^^^^^^^^^^^^  ^^^^^^^^^^^^^^^^^^^^^^

error: unused import: `LocalControlModeSetting`
  --> app/src/settings_view/scripting_page.rs:17:41
   |
17 | use crate::settings::{LocalControlMode, LocalControlModeSetting, LocalControlSettings};
   |                                         ^^^^^^^^^^^^^^^^^^^^^^^

error: unused import: `std::collections::HashMap`
 --> app/src/settings_view/settings_page.rs:3:5
  |
3 | use std::collections::HashMap;
  |     ^^^^^^^^^^^^^^^^^^^^^^^^^

error[E0433]: failed to resolve: could not find `blocklist` in `ai`
   --> app/src/pane_group/mod_tests.rs:170:40
    |
170 |     app.add_singleton_model(crate::ai::blocklist::BlocklistAIPermissions::new);
    |                                        ^^^^^^^^^ could not find `blocklist` in `ai`

error: unused import: `tab_config::build_worktree_config_toml`
  --> app/src/tab_configs/mod.rs:15:16
   |
15 | pub(crate) use tab_config::build_worktree_config_toml;
   |                ^^^^^^^^^^^^^^^^^^^^^^^^^^^^^^^^^^^^^^

error: unused import: `crate::server::telemetry::TelemetryEvent`
  --> app/src/terminal/block_filter.rs:27:5
   |
27 | use crate::server::telemetry::TelemetryEvent;
   |     ^^^^^^^^^^^^^^^^^^^^^^^^^^^^^^^^^^^^^^^^

error[E0433]: failed to resolve: could not find `agent_tips` in `ai`
   --> app/src/pane_group/mod_tests.rs:195:46
    |
195 |     app.add_singleton_model(|ctx| crate::ai::agent_tips::AITipModel::new_for_agent_tips(ctx));
    |                                              ^^^^^^^^^^ could not find `agent_tips` in `ai`

error: unused import: `generate_session_id`
 --> app/src/terminal/bootstrap.rs:8:5
  |
8 |     generate_session_id, init_shell_script_for_shell, load_and_escape_script, script_for_shell,
  |     ^^^^^^^^^^^^^^^^^^^

error[E0433]: failed to resolve: could not find `pricing_promotion` in `ai`
   --> app/src/pane_group/mod_tests.rs:202:40
    |
202 |     app.add_singleton_model(crate::ai::pricing_promotion::PricingPromotionState::new);
    |                                        ^^^^^^^^^^^^^^^^^ could not find `pricing_promotion` in `ai`

error: unused import: `ParentElement`
 --> app/src/terminal/input.rs:3:46
  |
3 | use warpui::elements::{ChildView, Container, ParentElement, SavePosition};
  |                                              ^^^^^^^^^^^^^

error: unused import: `TelemetryEvent`
  --> app/src/terminal/local_tty/terminal_manager.rs:35:71
   |
35 | use crate::server::telemetry::{PtySpawnMode as TelemetryPtySpawnMode, TelemetryEvent};
   |                                                                       ^^^^^^^^^^^^^^

error: unused import: `SingletonEntity`
 --> app/src/terminal/mock_terminal_manager.rs:6:39
  |
6 | use warpui::{AppContext, ModelHandle, SingletonEntity, ViewHandle, WindowId};
  |                                       ^^^^^^^^^^^^^^^

error: unused import: `warp_core::features::FeatureFlag`
  --> app/src/terminal/model/block.rs:23:5
   |
23 | use warp_core::features::FeatureFlag;
   |     ^^^^^^^^^^^^^^^^^^^^^^^^^^^^^^^^

error: empty lines after doc comment
   --> app/src/terminal/model/block.rs:851:5
    |
851 | /     /// Use this when a block is being created/assigned to a conversation (e.g., entering agent view).
852 | |
853 | |     /// Resets this block's visibility to terminal mode.
854 | |     /// Use this when a block is being returned to terminal context (e.g., exiting agent view).
...   |
867 | |     /// Moves the block from pending context to attached context for the given conversation ID.
868 | |
    | |_^
...
873 |       pub fn nld_overridden(&self) -> bool {
    |       --------------------- the comment documents this function
    |
    = help: for further information visit https://rust-lang.github.io/rust-clippy/rust-1.92.0/index.html#empty_line_after_doc_comments
    = help: if the empty lines are unintentional, remove them
help: if the documentation should include the empty lines include them in the comment
    |
852 +     ///
853 |     /// Resets this block's visibility to terminal mode.
854 |     /// Use this when a block is being returned to terminal context (e.g., exiting agent view).
855 +     ///
856 |     /// Sets this block's agent view visibility state directly.
857 |     /// Use this when restoring a block from serialization.
858 +     ///
859 |     /// Adds a conversation ID to the set of conversations where this block is attached as context.
860 +     ///
861 |     /// Adds a conversation ID to the set of conversations where this block is pending context.
862 |     /// It maybe removed if the user removes the block attachment before sending the request, else if it is attached it will be 'promoted'.
863 +     ///
864 |     /// Removes a conversation ID from the set of conversations where this block should be visible.
865 |     /// Returns true if the conversation ID was present and removed, false if it wasn't present.
866 +     ///
867 |     /// Moves the block from pending context to attached context for the given conversation ID.
868 +     ///
    |

error: empty line after doc comment
    --> app/src/terminal/model/block.rs:2543:5
     |
2543 | /     /// Returns `true` if this block is a valid option to use as context for an AI model.
2544 | |
     | |_^
2545 |       pub fn estimated_heap_usage_bytes(&self) -> usize {
     |       --------------------------------- the comment documents this function
     |
     = help: for further information visit https://rust-lang.github.io/rust-clippy/rust-1.92.0/index.html#empty_line_after_doc_comments
     = help: if the empty line is unintentional, remove it

error: unused import: `AppContext`
  --> app/src/terminal/model/blocks.rs:21:14
   |
21 | use warpui::{AppContext, EntityId, record_trace_event};
   |              ^^^^^^^^^^

error: empty lines after doc comment
    --> app/src/terminal/model/blocks.rs:1491:5
     |
1491 | /     /// Returns the conversation associated with newly created command blocks.
1492 | |
1493 | |     /// Returns whether the active conversation executes in a cloud context.
1494 | |
     | |_^
1495 |       /// Updates the transcript membership used by the cached block-height layout.
1496 |       pub fn set_transcript_scope(&mut self, scope: TranscriptScope) {
     |       --------------------------- the comment documents this function
     |
     = help: for further information visit https://rust-lang.github.io/rust-clippy/rust-1.92.0/index.html#empty_line_after_doc_comments
     = help: if the empty lines are unintentional, remove them
help: if the documentation should include the empty lines include them in the comment
     |
1492 +     ///
1493 |     /// Returns whether the active conversation executes in a cloud context.
1494 +     ///
     |

error: empty lines after doc comment
    --> app/src/terminal/model/blocks.rs:1504:5
     |
1504 | /     /// Associates subsequent command blocks with an active conversation.
1505 | |
1506 | |     /// Clears the active conversation association without changing transcript scope.
...    |
1513 | |     /// any change that affects which rich content is visible for the current agent view state.
1514 | |
     | |_^
1515 |       pub fn refresh_heights_for_loaded_passive_code_diff(
     |       --------------------------------------------------- the comment documents this function
     |
     = help: for further information visit https://rust-lang.github.io/rust-clippy/rust-1.92.0/index.html#empty_line_after_doc_comments
     = help: if the empty lines are unintentional, remove them

error: empty lines after doc comment
    --> app/src/terminal/model/blocks.rs:1526:5
     |
1526 | /     /// Returns a Vec of (block_id, visibility) for blocks that were found.
1527 | |
1528 | |     /// Attaches every non-oz-startup block in the list to `conversation_id` so each block is
1529 | |     /// visible while that conversation is the active one in agent view. Skips blocks flagged
...    |
1536 | |     /// Returns a Vec of (block_id, visibility) for blocks that were modified.
1537 | |
     | |_^
...
1541 |       fn update_live_block_height(&mut self, block_index: BlockIndex) {
     |       --------------------------- the comment documents this function
     |
     = help: for further information visit https://rust-lang.github.io/rust-clippy/rust-1.92.0/index.html#empty_line_after_doc_comments
     = help: if the empty lines are unintentional, remove them
help: if the documentation should include the empty lines include them in the comment
     |
1527 +     ///
1528 |     /// Attaches every non-oz-startup block in the list to `conversation_id` so each block is
1529 |     /// visible while that conversation is the active one in agent view. Skips blocks flagged
1530 |     /// as `is_oz_environment_startup_command` since those are hidden by their own mechanism.
1531 +     ///
1532 |     /// Removes the conversation association from the given blocks, making them disappear from that conversation's agent view.
1533 |     /// Returns a Vec of (block_id, visibility) for blocks that were modified.
1534 +     ///
1535 |     /// Promotes all blocks that are pending for the given conversation to attached.
1536 |     /// Returns a Vec of (block_id, visibility) for blocks that were modified.
1537 +     ///
     |

error: empty lines after doc comment
    --> app/src/terminal/model/blocks.rs:1791:5
     |
1791 | /     /// items, gaps, banners, and other non-navigable rich content.
1792 | |
1793 | |     /// Updates whether an AI rich-content item is a navigable user-query segment.
1794 | |     /// Used when streaming exchange inputs become renderable after initial mount.
1795 | |
     | |_^
1796 |       /// Return the height of the last non hidden rich content block after a blo...
1797 |       pub fn last_non_hidden_rich_content_block_after_block(
     |       ----------------------------------------------------- the comment documents this function
     |
     = help: for further information visit https://rust-lang.github.io/rust-clippy/rust-1.92.0/index.html#empty_line_after_doc_comments
     = help: if the empty lines are unintentional, remove them
help: if the documentation should include the empty lines include them in the comment
     |
1792 +     ///
1793 |     /// Updates whether an AI rich-content item is a navigable user-query segment.
1794 |     /// Used when streaming exchange inputs become renderable after initial mount.
1795 +     ///
     |

error: unused imports: `BootstrappingInfo` and `TelemetryEvent`
  --> app/src/terminal/model/session.rs:37:32
   |
37 | use crate::server::telemetry::{BootstrappingInfo, TelemetryEvent};
   |                                ^^^^^^^^^^^^^^^^^  ^^^^^^^^^^^^^^

error: unused import: `SerializedBlock`
  --> app/src/terminal/model/terminal_model.rs:28:84
   |
28 |     Block, BlockId, BlockMetadata, BlockSize, BlockState, BlocklistEnvVarMetadata, SerializedBlock,
   |                                                                                    ^^^^^^^^^^^^^^^

error: unused import: `BlockFilter`
  --> app/src/terminal/model/terminal_model.rs:31:44
   |
31 | use super::blocks::{ActiveBlockCompletion, BlockFilter};
   |                                            ^^^^^^^^^^^

error: empty lines after doc comment
    --> app/src/terminal/model/terminal_model.rs:1319:5
     |
1319 | /     /// Starts the execution for a command in a shared session (sharer or viewer).
1320 | |
1321 | |     /// Starts the command execution (per `Self::start_command_execution`) and additionally sets
1322 | |     /// the given `ai_metadata` on the active block.
1323 | |
     | |_^
1324 |       pub(in crate::terminal) fn start_in_band_command_execution(&mut self) -> StartCommandOutcome {
     |       ---------------------------------------------------------- the comment documents this function
     |
     = help: for further information visit https://rust-lang.github.io/rust-clippy/rust-1.92.0/index.html#empty_line_after_doc_comments
     = help: if the empty lines are unintentional, remove them

error: empty line after doc comment
    --> app/src/terminal/model/terminal_model.rs:1625:5
     |
1625 | /     /// Returns whether this terminal is viewing a shared session.
1626 | |
     | |_^
...
1629 |       pub fn resize(&mut self, size_update: SizeUpdate) {
     |       ------------- the comment documents this function
     |
     = help: for further information visit https://rust-lang.github.io/rust-clippy/rust-1.92.0/index.html#empty_line_after_doc_comments
     = help: if the empty line is unintentional, remove it
help: if the documentation should include the empty line include it in the comment
     |
1626 |     ///
     |

error: empty line after doc comment
    --> app/src/terminal/model/terminal_model.rs:1740:5
     |
1740 | /     /// from the `first_scrollback_block_index` onwards.
1741 | |
     | |_^
1742 |       fn restored_block_commands(&self) -> Vec<HistoryEntry> {
     |       -------------------------- the comment documents this function
     |
     = help: for further information visit https://rust-lang.github.io/rust-clippy/rust-1.92.0/index.html#empty_line_after_doc_comments
     = help: if the empty line is unintentional, remove it

error: unused import: `super::model::lifecycle::LifecycleTelemetryEvent`
  --> app/src/terminal/model_events.rs:11:5
   |
11 | use super::model::lifecycle::LifecycleTelemetryEvent;
   |     ^^^^^^^^^^^^^^^^^^^^^^^^^^^^^^^^^^^^^^^^^^^^^^^^

error: unused import: `Vec1`
  --> app/src/terminal/view.rs:13:12
   |
13 | use vec1::{Vec1, vec1};
   |            ^^^^

error: unused import: `self`
  --> app/src/terminal/view.rs:35:20
   |
35 | use super::input::{self, CommandExecutionSource, Input};
   |                    ^^^^

error: unused import: `WithinModel`
  --> app/src/terminal/view.rs:41:56
   |
41 | use super::model::terminal_model::{TerminalInputState, WithinModel};
   |                                                        ^^^^^^^^^^^

error: unused import: `crate::terminal::model::mouse::MouseState`
  --> app/src/terminal/view.rs:64:5
   |
64 | use crate::terminal::model::mouse::MouseState;
   |     ^^^^^^^^^^^^^^^^^^^^^^^^^^^^^^^^^^^^^^^^^

error: empty line after doc comment
   --> app/src/terminal/writeable_pty/pty_controller.rs:554:5
    |
554 | /     /// Writes agent input to the PTY.
555 | |
    | |_^
...
560 |       pub fn write_bytes<B: Into<Cow<'static, [u8]>>>(
    |       ------------------ the comment documents this function
    |
    = help: for further information visit https://rust-lang.github.io/rust-clippy/rust-1.92.0/index.html#empty_line_after_doc_comments
    = help: if the empty line is unintentional, remove it
help: if the documentation should include the empty line include it in the comment
    |
555 |     ///
    |

error: unused import: `crate::server::telemetry::TelemetryEvent`
  --> app/src/themes/theme_chooser.rs:34:5
   |
34 | use crate::server::telemetry::TelemetryEvent;
   |     ^^^^^^^^^^^^^^^^^^^^^^^^^^^^^^^^^^^^^^^^

error: unused import: `server::telemetry::TelemetryEvent`
  --> app/src/themes/theme_creator_body.rs:31:30
   |
31 |     send_telemetry_from_ctx, server::telemetry::TelemetryEvent, themes::theme::CustomTheme,
   |                              ^^^^^^^^^^^^^^^^^^^^^^^^^^^^^^^^^

error: unused import: `crate::server::telemetry::TelemetryEvent`
  --> app/src/themes/theme_deletion_body.rs:17:5
   |
17 | use crate::server::telemetry::TelemetryEvent;
   |     ^^^^^^^^^^^^^^^^^^^^^^^^^^^^^^^^^^^^^^^^

error: unused import: `CliCommand`
   --> app/src/lib.rs:128:16
    |
128 | use warp_cli::{CliCommand, GlobalOptions};
    |                ^^^^^^^^^^

error: unused import: `crate::server::telemetry::TelemetryEvent`
  --> app/src/workflows/categories.rs:34:5
   |
34 | use crate::server::telemetry::TelemetryEvent;
   |     ^^^^^^^^^^^^^^^^^^^^^^^^^^^^^^^^^^^^^^^^

error: unused import: `ActiveSession`
  --> app/src/workspace/view.rs:20:13
   |
20 | use super::{ActiveSession, PaneViewLocator, WorkspaceAction, WorkspaceRegistry};
   |             ^^^^^^^^^^^^^

error: unused import: `AppState`
  --> app/src/workspace/view.rs:22:5
   |
22 |     AppState, LeftPanelSnapshot, PaneUuid, TabGroupSnapshot, TabSnapshot, WindowSnapshot,
   |     ^^^^^^^^

error: unused import: `crate::code::buffer_location::LocalOrRemotePath`
  --> app/src/workspace/view.rs:25:5
   |
25 | use crate::code::buffer_location::LocalOrRemotePath;
   |     ^^^^^^^^^^^^^^^^^^^^^^^^^^^^^^^^^^^^^^^^^^^^^^^

error: unused import: `crate::terminal::available_shells::AvailableShell`
  --> app/src/workspace/view.rs:35:5
   |
35 | use crate::terminal::available_shells::AvailableShell;
   |     ^^^^^^^^^^^^^^^^^^^^^^^^^^^^^^^^^^^^^^^^^^^^^^^^^

error: unused import: `crate::terminal::session_settings::NewSessionSource`
  --> app/src/workspace/view.rs:37:5
   |
37 | use crate::terminal::session_settings::NewSessionSource;
   |     ^^^^^^^^^^^^^^^^^^^^^^^^^^^^^^^^^^^^^^^^^^^^^^^^^^^

error: unused import: `crate::themes::theme::AnsiColorIdentifier`
  --> app/src/workspace/view.rs:38:5
   |
38 | use crate::themes::theme::AnsiColorIdentifier;
   |     ^^^^^^^^^^^^^^^^^^^^^^^^^^^^^^^^^^^^^^^^^

error: unused imports: `WorkflowSelectionSource`, `WorkflowSource`, and `WorkflowType`
  --> app/src/workspace/view.rs:41:24
   |
41 | use crate::workflows::{WorkflowSelectionSource, WorkflowSource, WorkflowType, WorkflowViewMode};
   |                        ^^^^^^^^^^^^^^^^^^^^^^^  ^^^^^^^^^^^^^^  ^^^^^^^^^^^^

error: unused import: `send_telemetry_from_ctx`
  --> app/src/workspace/view.rs:42:36
   |
42 | use crate::{GlobalResourceHandles, send_telemetry_from_ctx};
   |                                    ^^^^^^^^^^^^^^^^^^^^^^^

error: unused import: `SingletonEntity as _`
  --> app/src/workspace/mod.rs:27:26
   |
27 | use warpui::{AppContext, SingletonEntity as _};
   |                          ^^^^^^^^^^^^^^^^^^^^

error: unused import: `Appearance`
   --> app/src/lib.rs:143:18
    |
143 | use appearance::{Appearance, AppearanceManager};
    |                  ^^^^^^^^^^

error: unused import: `report_error`
   --> app/src/lib.rs:162:19
    |
162 | use warp_errors::{report_error, report_if_error};
    |                   ^^^^^^^^^^^^

error: unused imports: `OpenPath`, `quake_mode_window_id`, and `quake_mode_window_is_open`
   --> app/src/lib.rs:194:26
    |
194 |     OpenFromRestoredArg, OpenPath, quake_mode_window_id, quake_mode_window_is_open,
    |                          ^^^^^^^^  ^^^^^^^^^^^^^^^^^^^^  ^^^^^^^^^^^^^^^^^^^^^^^^^

error[E0433]: failed to resolve: could not find `agent` in `ai`
  --> app/src/terminal/model/terminal_model_tests.rs:89:31
   |
89 |     let action_id: crate::ai::agent::AIAgentActionId = "action".to_owned().into();
   |                               ^^^^^ could not find `agent` in `ai`

error[E0433]: failed to resolve: use of undeclared type `AuthStateProvider`
   --> app/src/pane_group/mod_tests.rs:120:33
    |
120 |     app.add_singleton_model(|_| AuthStateProvider::new_for_test());
    |                                 ^^^^^^^^^^^^^^^^^ use of undeclared type `AuthStateProvider`
    |
help: consider importing this struct through its public re-export
    |
  1 + use crate::AuthStateProvider;
    |

error[E0422]: cannot find struct, variant or union type `PendingParentChildSeed` in this scope
    --> app/src/pane_group/mod_tests.rs:1459:21
     |
1459 |     let live_seed = PendingParentChildSeed {
     |                     ^^^^^^^^^^^^^^^^^^^^^^ not found in this scope

error[E0422]: cannot find struct, variant or union type `PendingParentChildSeed` in this scope
    --> app/src/pane_group/mod_tests.rs:1478:26
     |
1478 |     let recreated_seed = PendingParentChildSeed {
     |                          ^^^^^^^^^^^^^^^^^^^^^^ not found in this scope

error[E0422]: cannot find struct, variant or union type `PendingParentChildSeed` in this scope
    --> app/src/pane_group/mod_tests.rs:1554:17
     |
1554 |                 PendingParentChildSeed {
     |                 ^^^^^^^^^^^^^^^^^^^^^^ not found in this scope

error[E0433]: failed to resolve: use of unresolved module or unlinked crate `warp_drive`
   --> app/src/search/command_palette/data_sources_tests.rs:183:33
    |
183 |             app.add_model(|ctx| warp_drive::DataSource::new(WindowId::new(), ctx));
    |                                 ^^^^^^^^^^ use of unresolved module or unlinked crate `warp_drive`
    |
    = help: if you wanted to use a crate named `warp_drive`, use `cargo add warp_drive` to add it to your `Cargo.toml`
help: consider importing one of these structs
    |
  1 + use crate::search::command_palette::launch_config::DataSource;
    |
  1 + use crate::search::command_palette::navigation::DataSource;
    |
  1 + use crate::search::command_palette::tabs::DataSource;
    |
help: if you import `DataSource`, refer to it directly
    |
183 -             app.add_model(|ctx| warp_drive::DataSource::new(WindowId::new(), ctx));
183 +             app.add_model(|ctx| DataSource::new(WindowId::new(), ctx));
    |

error[E0433]: failed to resolve: use of unresolved module or unlinked crate `warp_drive`
   --> app/src/search/command_palette/data_sources_tests.rs:231:33
    |
231 |             app.add_model(|ctx| warp_drive::DataSource::new(WindowId::new(), ctx));
    |                                 ^^^^^^^^^^ use of unresolved module or unlinked crate `warp_drive`
    |
    = help: if you wanted to use a crate named `warp_drive`, use `cargo add warp_drive` to add it to your `Cargo.toml`
help: consider importing one of these structs
    |
  1 + use crate::search::command_palette::launch_config::DataSource;
    |
  1 + use crate::search::command_palette::navigation::DataSource;
    |
  1 + use crate::search::command_palette::tabs::DataSource;
    |
help: if you import `DataSource`, refer to it directly
    |
231 -             app.add_model(|ctx| warp_drive::DataSource::new(WindowId::new(), ctx));
231 +             app.add_model(|ctx| DataSource::new(WindowId::new(), ctx));
    |

error[E0433]: failed to resolve: use of unresolved module or unlinked crate `warp_drive`
   --> app/src/search/command_palette/data_sources_tests.rs:279:33
    |
279 |             app.add_model(|ctx| warp_drive::DataSource::new(WindowId::new(), ctx));
    |                                 ^^^^^^^^^^ use of unresolved module or unlinked crate `warp_drive`
    |
    = help: if you wanted to use a crate named `warp_drive`, use `cargo add warp_drive` to add it to your `Cargo.toml`
help: consider importing one of these structs
    |
  1 + use crate::search::command_palette::launch_config::DataSource;
    |
  1 + use crate::search::command_palette::navigation::DataSource;
    |
  1 + use crate::search::command_palette::tabs::DataSource;
    |
help: if you import `DataSource`, refer to it directly
    |
279 -             app.add_model(|ctx| warp_drive::DataSource::new(WindowId::new(), ctx));
279 +             app.add_model(|ctx| DataSource::new(WindowId::new(), ctx));
    |

error[E0433]: failed to resolve: use of unresolved module or unlinked crate `warp_drive`
   --> app/src/search/command_palette/data_sources_tests.rs:329:33
    |
329 |             app.add_model(|ctx| warp_drive::DataSource::new(WindowId::new(), ctx));
    |                                 ^^^^^^^^^^ use of unresolved module or unlinked crate `warp_drive`
    |
    = help: if you wanted to use a crate named `warp_drive`, use `cargo add warp_drive` to add it to your `Cargo.toml`
help: consider importing one of these structs
    |
  1 + use crate::search::command_palette::launch_config::DataSource;
    |
  1 + use crate::search::command_palette::navigation::DataSource;
    |
  1 + use crate::search::command_palette::tabs::DataSource;
    |
help: if you import `DataSource`, refer to it directly
    |
329 -             app.add_model(|ctx| warp_drive::DataSource::new(WindowId::new(), ctx));
329 +             app.add_model(|ctx| DataSource::new(WindowId::new(), ctx));
    |

error[E0433]: failed to resolve: use of unresolved module or unlinked crate `warp_drive`
   --> app/src/search/command_palette/data_sources_tests.rs:490:54
    |
490 |         let data_source_handle = app.add_model(|ctx| warp_drive::DataSource::new(window_id, ctx));
    |                                                      ^^^^^^^^^^ use of unresolved module or unlinked crate `warp_drive`
    |
    = help: if you wanted to use a crate named `warp_drive`, use `cargo add warp_drive` to add it to your `Cargo.toml`
help: consider importing one of these structs
    |
  1 + use crate::search::command_palette::launch_config::DataSource;
    |
  1 + use crate::search::command_palette::navigation::DataSource;
    |
  1 + use crate::search::command_palette::tabs::DataSource;
    |
help: if you import `DataSource`, refer to it directly
    |
490 -         let data_source_handle = app.add_model(|ctx| warp_drive::DataSource::new(window_id, ctx));
490 +         let data_source_handle = app.add_model(|ctx| DataSource::new(window_id, ctx));
    |

error[E0433]: failed to resolve: use of unresolved module or unlinked crate `warp_drive`
   --> app/src/search/command_palette/data_sources_tests.rs:554:54
    |
554 |         let data_source_handle = app.add_model(|ctx| warp_drive::DataSource::new(window_id, ctx));
    |                                                      ^^^^^^^^^^ use of unresolved module or unlinked crate `warp_drive`
    |
    = help: if you wanted to use a crate named `warp_drive`, use `cargo add warp_drive` to add it to your `Cargo.toml`
help: consider importing one of these structs
    |
  1 + use crate::search::command_palette::launch_config::DataSource;
    |
  1 + use crate::search::command_palette::navigation::DataSource;
    |
  1 + use crate::search::command_palette::tabs::DataSource;
    |
help: if you import `DataSource`, refer to it directly
    |
554 -         let data_source_handle = app.add_model(|ctx| warp_drive::DataSource::new(window_id, ctx));
554 +         let data_source_handle = app.add_model(|ctx| DataSource::new(window_id, ctx));
    |

error[E0433]: failed to resolve: use of unresolved module or unlinked crate `warp_drive`
   --> app/src/search/command_palette/data_sources_tests.rs:598:54
    |
598 |         let data_source_handle = app.add_model(|ctx| warp_drive::DataSource::new(window_id, ctx));
    |                                                      ^^^^^^^^^^ use of unresolved module or unlinked crate `warp_drive`
    |
    = help: if you wanted to use a crate named `warp_drive`, use `cargo add warp_drive` to add it to your `Cargo.toml`
help: consider importing one of these structs
    |
  1 + use crate::search::command_palette::launch_config::DataSource;
    |
  1 + use crate::search::command_palette::navigation::DataSource;
    |
  1 + use crate::search::command_palette::tabs::DataSource;
    |
help: if you import `DataSource`, refer to it directly
    |
598 -         let data_source_handle = app.add_model(|ctx| warp_drive::DataSource::new(window_id, ctx));
598 +         let data_source_handle = app.add_model(|ctx| DataSource::new(window_id, ctx));
    |

error[E0433]: failed to resolve: use of unresolved module or unlinked crate `warp_drive`
   --> app/src/search/command_palette/data_sources_tests.rs:657:54
    |
657 |         let data_source_handle = app.add_model(|ctx| warp_drive::DataSource::new(window_id, ctx));
    |                                                      ^^^^^^^^^^ use of unresolved module or unlinked crate `warp_drive`
    |
    = help: if you wanted to use a crate named `warp_drive`, use `cargo add warp_drive` to add it to your `Cargo.toml`
help: consider importing one of these structs
    |
  1 + use crate::search::command_palette::launch_config::DataSource;
    |
  1 + use crate::search::command_palette::navigation::DataSource;
    |
  1 + use crate::search::command_palette::tabs::DataSource;
    |
help: if you import `DataSource`, refer to it directly
    |
657 -         let data_source_handle = app.add_model(|ctx| warp_drive::DataSource::new(window_id, ctx));
657 +         let data_source_handle = app.add_model(|ctx| DataSource::new(window_id, ctx));
    |

error[E0433]: failed to resolve: use of unresolved module or unlinked crate `warp_drive`
   --> app/src/search/command_palette/data_sources_tests.rs:713:54
    |
713 |         let data_source_handle = app.add_model(|ctx| warp_drive::DataSource::new(window_id, ctx));
    |                                                      ^^^^^^^^^^ use of unresolved module or unlinked crate `warp_drive`
    |
    = help: if you wanted to use a crate named `warp_drive`, use `cargo add warp_drive` to add it to your `Cargo.toml`
help: consider importing one of these structs
    |
  1 + use crate::search::command_palette::launch_config::DataSource;
    |
  1 + use crate::search::command_palette::navigation::DataSource;
    |
  1 + use crate::search::command_palette::tabs::DataSource;
    |
help: if you import `DataSource`, refer to it directly
    |
713 -         let data_source_handle = app.add_model(|ctx| warp_drive::DataSource::new(window_id, ctx));
713 +         let data_source_handle = app.add_model(|ctx| DataSource::new(window_id, ctx));
    |

error[E0433]: failed to resolve: use of unresolved module or unlinked crate `warp_drive`
   --> app/src/search/command_palette/data_sources_tests.rs:776:33
    |
776 |             app.add_model(|ctx| warp_drive::DataSource::new(first_window_id, ctx));
    |                                 ^^^^^^^^^^ use of unresolved module or unlinked crate `warp_drive`
    |
    = help: if you wanted to use a crate named `warp_drive`, use `cargo add warp_drive` to add it to your `Cargo.toml`
help: consider importing one of these structs
    |
  1 + use crate::search::command_palette::launch_config::DataSource;
    |
  1 + use crate::search::command_palette::navigation::DataSource;
    |
  1 + use crate::search::command_palette::tabs::DataSource;
    |
help: if you import `DataSource`, refer to it directly
    |
776 -             app.add_model(|ctx| warp_drive::DataSource::new(first_window_id, ctx));
776 +             app.add_model(|ctx| DataSource::new(first_window_id, ctx));
    |

error[E0433]: failed to resolve: use of unresolved module or unlinked crate `warp_drive`
   --> app/src/search/command_palette/data_sources_tests.rs:783:33
    |
783 |             app.add_model(|ctx| warp_drive::DataSource::new(second_window_id, ctx));
    |                                 ^^^^^^^^^^ use of unresolved module or unlinked crate `warp_drive`
    |
    = help: if you wanted to use a crate named `warp_drive`, use `cargo add warp_drive` to add it to your `Cargo.toml`
help: consider importing one of these structs
    |
  1 + use crate::search::command_palette::launch_config::DataSource;
    |
  1 + use crate::search::command_palette::navigation::DataSource;
    |
  1 + use crate::search::command_palette::tabs::DataSource;
    |
help: if you import `DataSource`, refer to it directly
    |
783 -             app.add_model(|ctx| warp_drive::DataSource::new(second_window_id, ctx));
783 +             app.add_model(|ctx| DataSource::new(second_window_id, ctx));
    |

error[E0433]: failed to resolve: use of unresolved module or unlinked crate `warp_drive`
   --> app/src/search/command_palette/data_sources_tests.rs:844:54
    |
844 |         let data_source_handle = app.add_model(|ctx| warp_drive::DataSource::new(window_id, ctx));
    |                                                      ^^^^^^^^^^ use of unresolved module or unlinked crate `warp_drive`
    |
    = help: if you wanted to use a crate named `warp_drive`, use `cargo add warp_drive` to add it to your `Cargo.toml`
help: consider importing one of these structs
    |
  1 + use crate::search::command_palette::launch_config::DataSource;
    |
  1 + use crate::search::command_palette::navigation::DataSource;
    |
  1 + use crate::search::command_palette::tabs::DataSource;
    |
help: if you import `DataSource`, refer to it directly
    |
844 -         let data_source_handle = app.add_model(|ctx| warp_drive::DataSource::new(window_id, ctx));
844 +         let data_source_handle = app.add_model(|ctx| DataSource::new(window_id, ctx));
    |

error[E0433]: failed to resolve: use of unresolved module or unlinked crate `warp_drive`
   --> app/src/search/command_palette/data_sources_tests.rs:919:54
    |
919 |         let data_source_handle = app.add_model(|ctx| warp_drive::DataSource::new(window_id, ctx));
    |                                                      ^^^^^^^^^^ use of unresolved module or unlinked crate `warp_drive`
    |
    = help: if you wanted to use a crate named `warp_drive`, use `cargo add warp_drive` to add it to your `Cargo.toml`
help: consider importing one of these structs
    |
  1 + use crate::search::command_palette::launch_config::DataSource;
    |
  1 + use crate::search::command_palette::navigation::DataSource;
    |
  1 + use crate::search::command_palette::tabs::DataSource;
    |
help: if you import `DataSource`, refer to it directly
    |
919 -         let data_source_handle = app.add_model(|ctx| warp_drive::DataSource::new(window_id, ctx));
919 +         let data_source_handle = app.add_model(|ctx| DataSource::new(window_id, ctx));
    |

error[E0433]: failed to resolve: use of undeclared type `AuthStateProvider`
  --> app/src/search/command_search/view_tests.rs:22:33
   |
22 |     app.add_singleton_model(|_| AuthStateProvider::new_for_test());
   |                                 ^^^^^^^^^^^^^^^^^ use of undeclared type `AuthStateProvider`
   |
help: consider importing this struct through its public re-export
   |
 1 + use crate::AuthStateProvider;
   |

error[E0433]: failed to resolve: use of undeclared type `AIConversationId`
    --> app/src/terminal/model/block_tests.rs:1672:34
     |
1672 |     let origin_conversation_id = AIConversationId::new();
     |                                  ^^^^^^^^^^^^^^^^ use of undeclared type `AIConversationId`
     |
help: consider importing this struct
     |
   1 + use ai_types::AIConversationId;
     |

error[E0412]: cannot find type `SerializedAgentViewVisibility` in this scope
    --> app/src/terminal/model/block_tests.rs:1675:21
     |
1675 |     let visibility: SerializedAgentViewVisibility = serde_json::from_str(&json).unwrap();
     |                     ^^^^^^^^^^^^^^^^^^^^^^^^^^^^^ not found in this scope

error[E0433]: failed to resolve: use of undeclared type `AIConversationId`
    --> app/src/terminal/model/blocks_tests.rs:1675:27
     |
1675 |     let conversation_id = AIConversationId::new();
     |                           ^^^^^^^^^^^^^^^^ use of undeclared type `AIConversationId`
     |
help: consider importing this struct
     |
   1 + use ai_types::AIConversationId;
     |

error[E0433]: failed to resolve: use of undeclared type `AIConversationId`
    --> app/src/terminal/model/blocks_tests.rs:1743:27
     |
1743 |     let conversation_id = AIConversationId::new();
     |                           ^^^^^^^^^^^^^^^^ use of undeclared type `AIConversationId`
     |
help: consider importing this struct
     |
   1 + use ai_types::AIConversationId;
     |

error[E0433]: failed to resolve: use of undeclared type `AIConversationId`
    --> app/src/terminal/model/blocks_tests.rs:1806:43
     |
1806 |     let expected_origin_conversation_id = AIConversationId::new();
     |                                           ^^^^^^^^^^^^^^^^ use of undeclared type `AIConversationId`
     |
help: consider importing this struct
     |
   1 + use ai_types::AIConversationId;
     |

error[E0433]: failed to resolve: use of undeclared type `AIConversationId`
    --> app/src/terminal/model/blocks_tests.rs:1807:33
     |
1807 |     let other_conversation_id = AIConversationId::new();
     |                                 ^^^^^^^^^^^^^^^^ use of undeclared type `AIConversationId`
     |
help: consider importing this struct
     |
   1 + use ai_types::AIConversationId;
     |

error[E0433]: failed to resolve: use of undeclared type `AIConversationId`
    --> app/src/terminal/model/blocks_tests.rs:1869:27
     |
1869 |     let conversation_id = AIConversationId::new();
     |                           ^^^^^^^^^^^^^^^^ use of undeclared type `AIConversationId`
     |
help: consider importing this struct
     |
   1 + use ai_types::AIConversationId;
     |

error[E0433]: failed to resolve: use of undeclared type `AIConversationId`
    --> app/src/terminal/model/blocks_tests.rs:1909:27
     |
1909 |     let conversation_id = AIConversationId::new();
     |                           ^^^^^^^^^^^^^^^^ use of undeclared type `AIConversationId`
     |
help: consider importing this struct
     |
   1 + use ai_types::AIConversationId;
     |

error[E0433]: failed to resolve: use of undeclared type `AIConversationId`
    --> app/src/terminal/model/blocks_tests.rs:2544:27
     |
2544 |     let conversation_id = AIConversationId::new();
     |                           ^^^^^^^^^^^^^^^^ use of undeclared type `AIConversationId`
     |
help: consider importing this struct
     |
   1 + use ai_types::AIConversationId;
     |

error[E0433]: failed to resolve: use of undeclared type `AmbientAgentTaskId`
   --> app/src/terminal/model/terminal_model_tests.rs:215:13
    |
215 |             AmbientAgentTaskId::from_str(task_id).expect("valid task id"),
    |             ^^^^^^^^^^^^^^^^^^ use of undeclared type `AmbientAgentTaskId`
    |
help: consider importing this struct
    |
  1 + use ai_types::AmbientAgentTaskId;
    |

error: unused import: `bundled::BundledSkillActivation`
  --> app/src/ai/skills/mod.rs:11:16
   |
11 | pub(crate) use bundled::BundledSkillActivation;
   |                ^^^^^^^^^^^^^^^^^^^^^^^^^^^^^^^

error: unused import: `SingletonEntity`
  --> app/src/test_util/terminal.rs:11:19
   |
11 | use warpui::{App, SingletonEntity, ViewHandle, WindowId};
   |                   ^^^^^^^^^^^^^^^

error: unused import: `terminal::add_window_with_terminal`
 --> app/src/test_util/mod.rs:6:9
  |
6 | pub use terminal::add_window_with_terminal;
  |         ^^^^^^^^^^^^^^^^^^^^^^^^^^^^^^^^^^

error: unused macro definition: `assert_eventually`
  --> app/src/test_util/mod.rs:10:14
   |
10 | macro_rules! assert_eventually {
   |              ^^^^^^^^^^^^^^^^^
   |
   = note: `-D unused-macros` implied by `-D warnings`
   = help: to override `-D warnings` add `#[allow(unused_macros)]`

error: unused import: `assert_eventually`
  --> app/src/test_util/mod.rs:30:16
   |
30 | pub(crate) use assert_eventually;
   |                ^^^^^^^^^^^^^^^^^

error: unused import: `base64::Engine as _`
  --> app/src/editor/view/mod.rs:22:5
   |
22 | use base64::Engine as _;
   |     ^^^^^^^^^^^^^^^^^^^

error: empty lines after outer attribute
    --> app/src/pane_group/mod.rs:4011:5
     |
4011 | /     #[cfg(test)]
4012 | |
4013 | |     /// Add and focus a terminal pane in AI mode. Adds the pane to the right of all other panes as
4014 | |     /// a split on the root node. If `initial_query` is `Some` pre-fill the input with its value.
...    |
4018 | |     /// Add and focus a cloud mode pane.
4019 | |
     | |_^
...
4022 |       pub fn close_overlays(&mut self, ctx: &mut ViewContext<Self>) {
     |       --------------------- the attribute applies to this function
     |
     = help: for further information visit https://rust-lang.github.io/rust-clippy/rust-1.92.0/index.html#empty_line_after_outer_attr
     = help: if the empty lines are unintentional, remove them

error: unused import: `ViewAsRef as _`
  --> app/src/terminal/model/blocks/selection.rs:12:36
   |
12 | use warpui::{AppContext, EntityId, ViewAsRef as _};
   |                                    ^^^^^^^^^^^^^^

error: empty lines after outer attribute
    --> app/src/terminal/model/terminal_model.rs:1078:5
     |
1078 | /     #[allow(clippy::too_many_arguments)]
1079 | |
1080 | |     /// Creates a terminal model for a terminal session that is being viewed.
1081 | |     #[allow(clippy::too_many_arguments)]
...    |
1114 | |
     | |_^
1115 |       pub fn obfuscate_secrets(&self) -> ObfuscateSecrets {
     |       ------------------------ the attribute applies to this function
     |
     = help: for further information visit https://rust-lang.github.io/rust-clippy/rust-1.92.0/index.html#empty_line_after_outer_attr
     = help: if the empty lines are unintentional, remove them

error: unused import: `std::str::FromStr`
   --> app/src/terminal/model/terminal_model_tests.rs:181:9
    |
181 |     use std::str::FromStr;
    |         ^^^^^^^^^^^^^^^^^

error[E0061]: this method takes 0 arguments but 1 argument was supplied
   --> app/src/integration_testing/notebook/assertion.rs:146:61
    |
146 |         .filter(move |view| view.read(app, |view, ctx| view.notebook_id(ctx)) == Some(id))
    |                                                             ^^^^^^^^^^^ --- unexpected argument of type `&warpui_core::AppContext`
    |
note: method defined here
   --> app/src/notebooks/notebook.rs:159:12
    |
159 |     pub fn notebook_id(&self) -> Option<NotebookId> {
    |            ^^^^^^^^^^^
help: remove the extra argument
    |
146 -         .filter(move |view| view.read(app, |view, ctx| view.notebook_id(ctx)) == Some(id))
146 +         .filter(move |view| view.read(app, |view, ctx| view.notebook_id()) == Some(id))
    |

error[E0599]: no method named `input_type` found for reference `&terminal::input::Input` in the current scope
   --> app/src/integration_testing/terminal/step.rs:231:47
    |
231 |                 .read(ctx, |input, ctx| input.input_type(ctx).is_ai())
    |                                               ^^^^^^^^^^ method not found in `&terminal::input::Input`

error[E0599]: no method named `set_input_mode_terminal` found for mutable reference `&mut terminal::input::Input` in the current scope
   --> app/src/integration_testing/terminal/step.rs:237:27
    |
237 |                     input.set_input_mode_terminal(false, ctx);
    |                           ^^^^^^^^^^^^^^^^^^^^^^^ method not found in `&mut terminal::input::Input`

error[E0599]: no method named `set_input_mode_agent` found for mutable reference `&mut terminal::input::Input` in the current scope
   --> app/src/integration_testing/terminal/step.rs:261:27
    |
261 |                     input.set_input_mode_agent(false, ctx);
    |                           ^^^^^^^^^^^^^^^^^^^^ method not found in `&mut terminal::input::Input`

error[E0282]: type annotations needed
  --> app/src/integration_testing/assertions.rs:48:54
   |
48 |             UserWorkspaces::handle(app).update(app, |user_workspaces, ctx| {
   |                                                      ^^^^^^^^^^^^^^^
...
84 |                 user_workspaces.update_workspaces(workspaces, ctx);
   |                 --------------- type must be known at this point
   |
help: consider giving this closure parameter an explicit type
   |
48 |             UserWorkspaces::handle(app).update(app, |user_workspaces: /* Type */, ctx| {
   |                                                                     ++++++++++++

error[E0282]: type annotations needed
  --> app/src/integration_testing/assertions.rs:89:52
   |
89 |             UserWorkspaces::handle(app).read(app, |user_workspaces, _| {
   |                                                    ^^^^^^^^^^^^^^^
90 |                 async_assert!(user_workspaces.has_teams(), "user is on a team")
   |                               --------------- type must be known at this point
   |
help: consider giving this closure parameter an explicit type
   |
89 |             UserWorkspaces::handle(app).read(app, |user_workspaces: /* Type */, _| {
   |                                                                   ++++++++++++

error[E0282]: type annotations needed
  --> app/src/integration_testing/assertions.rs:94:52
   |
94 |             UserWorkspaces::handle(app).read(app, |user_workspaces, _| {
   |                                                    ^^^^^^^^^^^^^^^
95 |                 async_assert!(user_workspaces.has_workspaces(), "user is on a workspace")
   |                               --------------- type must be known at this point
   |
help: consider giving this closure parameter an explicit type
   |
94 |             UserWorkspaces::handle(app).read(app, |user_workspaces: /* Type */, _| {
   |                                                                   ++++++++++++

error[E0282]: type annotations needed
   --> app/src/integration_testing/assertions.rs:103:53
    |
103 |             UpdateManager::handle(app).update(app, |update_manager, ctx| {
    |                                                     ^^^^^^^^^^^^^^
104 |                 update_manager.create_workflow(
    |                 -------------- type must be known at this point
    |
help: consider giving this closure parameter an explicit type
    |
103 |             UpdateManager::handle(app).update(app, |update_manager: /* Type */, ctx| {
    |                                                                   ++++++++++++

error[E0282]: type annotations needed
   --> app/src/integration_testing/assertions.rs:118:48
    |
118 |             CloudModel::handle(app).read(app, |cloud_model, ctx| {
    |                                                ^^^^^^^^^^^
119 |                 async_assert!(
120 |                     cloud_model
    |                     ----------- type must be known at this point
    |
help: consider giving this closure parameter an explicit type
    |
118 |             CloudModel::handle(app).read(app, |cloud_model: /* Type */, ctx| {
    |                                                           ++++++++++++

error[E0282]: type annotations needed
   --> app/src/integration_testing/assertions.rs:154:46
    |
154 |             Listener::handle(app).read(app, |listener, _| {
    |                                              ^^^^^^^^
155 |                 async_assert!(
156 |                     listener.has_current_subscription_abort_handle(),
    |                     -------- type must be known at this point
    |
help: consider giving this closure parameter an explicit type
    |
154 |             Listener::handle(app).read(app, |listener: /* Type */, _| {
    |                                                      ++++++++++++

error[E0282]: type annotations needed
   --> app/src/integration_testing/assertions.rs:168:46
    |
168 |             Listener::handle(app).read(app, |listener, _| {
    |                                              ^^^^^^^^
169 |                 async_assert!(
170 |                     !listener.has_current_subscription_abort_handle(),
    |                      -------- type must be known at this point
    |
help: consider giving this closure parameter an explicit type
    |
168 |             Listener::handle(app).read(app, |listener: /* Type */, _| {
    |                                                      ++++++++++++

error[E0599]: no method named `terminal_position_id` found for reference `&terminal::view::TerminalView` in the current scope
  --> app/src/integration_testing/block/assertions.rs:69:67
   |
69 |             .element_position_by_id_at_last_frame(window_id, view.terminal_position_id())
   |                                                                   ^^^^^^^^^^^^^^^^^^^^ method not found in `&terminal::view::TerminalView`

error[E0599]: no method named `size_info` found for reference `&terminal::view::TerminalView` in the current scope
  --> app/src/integration_testing/block/assertions.rs:73:28
   |
73 |             .to_lines(view.size_info().cell_height_px());
   |                            ^^^^^^^^^ private field, not a method

error[E0599]: no method named `size_info` found for reference `&terminal::view::TerminalView` in the current scope
  --> app/src/integration_testing/block/assertions.rs:85:32
   |
85 |                 .to_lines(view.size_info().cell_height_px())
   |                                ^^^^^^^^^ private field, not a method

error[E0599]: no method named `viewport_state` found for reference `&terminal::view::TerminalView` in the current scope
   --> app/src/integration_testing/block/assertions.rs:121:33
    |
121 |             let viewport = view.viewport_state(model.block_list(), input_mode, ctx);
    |                                 ^^^^^^^^^^^^^^ method not found in `&terminal::view::TerminalView`

error[E0599]: no method named `viewport_state` found for reference `&terminal::view::TerminalView` in the current scope
   --> app/src/integration_testing/block/assertions.rs:146:33
    |
146 |             let viewport = view.viewport_state(model.block_list(), input_mode, ctx);
    |                                 ^^^^^^^^^^^^^^ method not found in `&terminal::view::TerminalView`

error[E0599]: no method named `viewport_state` found for reference `&terminal::view::TerminalView` in the current scope
   --> app/src/integration_testing/block/assertions.rs:171:33
    |
171 |             let viewport = view.viewport_state(model.block_list(), input_mode, ctx);
    |                                 ^^^^^^^^^^^^^^ method not found in `&terminal::view::TerminalView`

error[E0061]: this function takes 2 arguments but 3 arguments were supplied
    --> app/src/code/editor/model_tests.rs:23:22
     |
  23 |         let styles = code_text_styles(Appearance::as_ref(ctx), FontSettings::as_ref(ctx), None);
     |                      ^^^^^^^^^^^^^^^^                          ------------------------- unexpected argument #2 of type `&settings::font::FontSettings`
     |
note: function defined here
    --> app/src/code/editor/view.rs:2460:8
     |
2460 | pub fn code_text_styles(
     |        ^^^^^^^^^^^^^^^^
help: remove the extra argument
     |
  23 -         let styles = code_text_styles(Appearance::as_ref(ctx), FontSettings::as_ref(ctx), None);
  23 +         let styles = code_text_styles(Appearance::as_ref(ctx), None);
     |

error[E0061]: this function takes 2 arguments but 3 arguments were supplied
    --> app/src/code/editor/model_tests.rs:41:22
     |
  41 |         let styles = code_text_styles(Appearance::as_ref(ctx), FontSettings::as_ref(ctx), None);
     |                      ^^^^^^^^^^^^^^^^                          ------------------------- unexpected argument #2 of type `&settings::font::FontSettings`
     |
note: function defined here
    --> app/src/code/editor/view.rs:2460:8
     |
2460 | pub fn code_text_styles(
     |        ^^^^^^^^^^^^^^^^
help: remove the extra argument
     |
  41 -         let styles = code_text_styles(Appearance::as_ref(ctx), FontSettings::as_ref(ctx), None);
  41 +         let styles = code_text_styles(Appearance::as_ref(ctx), None);
     |

error[E0061]: this function takes 2 arguments but 3 arguments were supplied
    --> app/src/code/editor/model_tests.rs:55:22
     |
  55 |         let styles = code_text_styles(Appearance::as_ref(ctx), FontSettings::as_ref(ctx), None);
     |                      ^^^^^^^^^^^^^^^^                          ------------------------- unexpected argument #2 of type `&settings::font::FontSettings`
     |
note: function defined here
    --> app/src/code/editor/view.rs:2460:8
     |
2460 | pub fn code_text_styles(
     |        ^^^^^^^^^^^^^^^^
help: remove the extra argument
     |
  55 -         let styles = code_text_styles(Appearance::as_ref(ctx), FontSettings::as_ref(ctx), None);
  55 +         let styles = code_text_styles(Appearance::as_ref(ctx), None);
     |

error[E0599]: no method named `active_filter_editor_block_index` found for reference `&terminal::view::TerminalView` in the current scope
   --> app/src/integration_testing/block_filtering/step.rs:317:26
    |
317 |                     view.active_filter_editor_block_index(),
    |                          ^^^^^^^^^^^^^^^^^^^^^^^^^^^^^^^^ method not found in `&terminal::view::TerminalView`

error[E0599]: no method named `active_filter_editor_block_index` found for reference `&terminal::view::TerminalView` in the current scope
   --> app/src/integration_testing/block_filtering/step.rs:332:26
    |
332 |                     view.active_filter_editor_block_index(),
    |                          ^^^^^^^^^^^^^^^^^^^^^^^^^^^^^^^^ method not found in `&terminal::view::TerminalView`

error[E0599]: no method named `active_filter_editor_block_index` found for reference `&terminal::view::TerminalView` in the current scope
   --> app/src/integration_testing/block_filtering/step.rs:346:26
    |
346 |                     view.active_filter_editor_block_index(),
    |                          ^^^^^^^^^^^^^^^^^^^^^^^^^^^^^^^^ method not found in `&terminal::view::TerminalView`

error[E0599]: no method named `active_filter_editor_block_index` found for reference `&terminal::view::TerminalView` in the current scope
   --> app/src/integration_testing/block_filtering/step.rs:360:26
    |
360 |                     view.active_filter_editor_block_index(),
    |                          ^^^^^^^^^^^^^^^^^^^^^^^^^^^^^^^^ method not found in `&terminal::view::TerminalView`

error[E0282]: type annotations needed for `&mut _`
  --> app/src/integration_testing/codebase_context/step.rs:54:67
   |
54 |             app.update_model(&CodebaseIndexManager::handle(app), |manager, ctx| {
   |                                                                   ^^^^^^^
55 |                 manager.index_directory(canonicalized_path.clone(), ctx);
   |                 ------- type must be known at this point
   |
help: consider giving this closure parameter an explicit type, where the placeholders `_` are specified
   |
54 |             app.update_model(&CodebaseIndexManager::handle(app), |manager: &mut T, ctx| {
   |                                                                          ++++++++

error[E0282]: type annotations needed for `&_`
  --> app/src/integration_testing/codebase_context/step.rs:70:82
   |
70 |                 let status = app.read_model(&CodebaseIndexManager::handle(app), |manager, ctx| {
   |                                                                                  ^^^^^^^
71 |                     manager.get_codebase_index_status_for_path(cwd, ctx)
   |                     ------- type must be known at this point
   |
help: consider giving this closure parameter an explicit type, where the placeholders `_` are specified
   |
70 |                 let status = app.read_model(&CodebaseIndexManager::handle(app), |manager: &T, ctx| {
   |                                                                                         ++++

error[E0282]: type annotations needed
  --> app/src/integration_testing/codebase_context/step.rs:76:29
   |
76 | ...                   status.has_synced_version()
   |                       ^^^^^^ cannot infer type

error[E0599]: no method named `is_palette_open` found for reference `&workspace::view::Workspace` in the current scope
  --> app/src/integration_testing/command_palette/assertions.rs:13:27
   |
13 |                 workspace.is_palette_open(),
   |                           ^^^^^^^^^^^^^^^ method not found in `&workspace::view::Workspace`

error[E0599]: no method named `is_palette_open` found for reference `&workspace::view::Workspace` in the current scope
  --> app/src/integration_testing/command_palette/assertions.rs:27:28
   |
27 |                 !workspace.is_palette_open(),
   |                            ^^^^^^^^^^^^^^^ method not found in `&workspace::view::Workspace`

error[E0599]: no method named `is_command_search_open` found for reference `&workspace::view::Workspace` in the current scope
  --> app/src/integration_testing/command_search/assertion.rs:11:37
   |
11 |             async_assert!(workspace.is_command_search_open())
   |                                     ^^^^^^^^^^^^^^^^^^^^^^ method not found in `&workspace::view::Workspace`

error[E0599]: no method named `current_prompt` found for reference `&terminal::view::TerminalView` in the current scope
  --> app/src/integration_testing/context_chips/assertions.rs:12:31
   |
12 |             let prompt = view.current_prompt();
   |                               ^^^^^^^^^^^^^^ method not found in `&terminal::view::TerminalView`

error[E0282]: type annotations needed
  --> app/src/integration_testing/context_chips/assertions.rs:13:31
   |
13 |             prompt.read(ctx, |prompt, ctx| {
   |                               ^^^^^^
14 |                 async_assert!(
15 |                     prompt
   |                     ------ type must be known at this point
   |
help: consider giving this closure parameter an explicit type
   |
13 |             prompt.read(ctx, |prompt: /* Type */, ctx| {
   |                                     ++++++++++++

error[E0599]: no method named `is_workflows_info_box_open` found for reference `&terminal::input::Input` in the current scope
  --> app/src/integration_testing/input/assertions.rs:11:33
   |
11 |             async_assert!(input.is_workflows_info_box_open())
   |                                 ^^^^^^^^^^^^^^^^^^^^^^^^^^ method not found in `&terminal::input::Input`

error[E0599]: no method named `suggestions_mode_model` found for reference `&terminal::input::Input` in the current scope
  --> app/src/integration_testing/input/assertions.rs:67:22
   |
67 |                 view.suggestions_mode_model().as_ref(ctx).mode(),
   |                      ^^^^^^^^^^^^^^^^^^^^^^ method not found in `&terminal::input::Input`

error[E0599]: no method named `suggestions_mode_model` found for reference `&terminal::input::Input` in the current scope
  --> app/src/integration_testing/input/assertions.rs:81:26
   |
81 |                     view.suggestions_mode_model().as_ref(ctx).mode(),
   |                          ^^^^^^^^^^^^^^^^^^^^^^ method not found in `&terminal::input::Input`

error[E0599]: no method named `suggestions_mode_model` found for reference `&terminal::input::Input` in the current scope
  --> app/src/integration_testing/input/assertions.rs:86:26
   |
86 |                     view.suggestions_mode_model().as_ref(ctx).mode(),
   |                          ^^^^^^^^^^^^^^^^^^^^^^ method not found in `&terminal::input::Input`

error[E0599]: no method named `latest_buffer_operations` found for reference `&terminal::input::Input` in the current scope
   --> app/src/integration_testing/input/assertions.rs:104:36
    |
104 |                 async_assert!(view.latest_buffer_operations().count() == 0)
    |                                    ^^^^^^^^^^^^^^^^^^^^^^^^ method not found in `&terminal::input::Input`

error[E0560]: struct `code_review::code_review_view::FileState` has no field named `add_context_button`
   --> app/src/code_review/code_review_view_tests.rs:369:17
    |
369 |                 add_context_button,
    |                 ^^^^^^^^^^^^^^^^^^ `code_review::code_review_view::FileState` does not have this field
    |
    = note: all struct fields are already assigned

error[E0599]: no method named `latest_buffer_operations` found for reference `&terminal::input::Input` in the current scope
   --> app/src/integration_testing/input/assertions.rs:106:36
    |
106 |                 async_assert!(view.latest_buffer_operations().count() > 0)
    |                                    ^^^^^^^^^^^^^^^^^^^^^^^^ method not found in `&terminal::input::Input`

error[E0599]: no method named `view_id` found for mutable reference `&mut terminal::view::TerminalView` in the current scope
  --> app/src/integration_testing/input/step.rs:28:36
   |
28 |                 let view_id = view.view_id();
   |                                    ^^^^^^^ private field, not a method

error[E0282]: type annotations needed
  --> app/src/integration_testing/input/step.rs:30:65
   |
30 |                 CLIAgentSessionsModel::handle(ctx).update(ctx, |sessions, ctx| {
   |                                                                 ^^^^^^^^
31 |                     sessions.set_session(
   |                     -------- type must be known at this point
   |
help: consider giving this closure parameter an explicit type
   |
30 |                 CLIAgentSessionsModel::handle(ctx).update(ctx, |sessions: /* Type */, ctx| {
   |                                                                         ++++++++++++

error[E0282]: type annotations needed
  --> app/src/integration_testing/input/step.rs:50:65
   |
50 |                 CLIAgentSessionsModel::handle(ctx).update(ctx, |sessions, ctx| {
   |                                                                 ^^^^^^^^
51 |                     sessions.open_input(
   |                     -------- type must be known at this point
   |
help: consider giving this closure parameter an explicit type
   |
50 |                 CLIAgentSessionsModel::handle(ctx).update(ctx, |sessions: /* Type */, ctx| {
   |                                                                         ++++++++++++

error[E0599]: no variant named `OpenInputContextMenu` found for enum `terminal::view::action::TerminalAction`
   --> app/src/integration_testing/input/step.rs:126:34
    |
126 |                 &TerminalAction::OpenInputContextMenu {
    |                                  ^^^^^^^^^^^^^^^^^^^^ variant not found in `terminal::view::action::TerminalAction`
    |
   ::: app/src/terminal/view/action.rs:14:1
    |
 14 | pub enum TerminalAction {
    | ----------------------- variant `OpenInputContextMenu` not found here

error[E0599]: no method named `agent_input_footer` found for reference `&terminal::input::Input` in the current scope
   --> app/src/integration_testing/input/step.rs:140:57
    |
140 |             let footer = input.read(app, |view, _| view.agent_input_footer().clone());
    |                                                         ^^^^^^^^^^^^^^^^^^ method not found in `&terminal::input::Input`

error[E0282]: type annotations needed
   --> app/src/integration_testing/input/step.rs:141:36
    |
141 |             footer.update(app, |_, ctx| {
    |                                    ^^^
142 |                 ctx.emit(AgentInputFooterEvent::ToggleInlineModelSelector {
    |                 --- type must be known at this point
    |
help: consider giving this closure parameter an explicit type
    |
141 |             footer.update(app, |_, ctx: /* Type */| {
    |                                       ++++++++++++

error[E0599]: no method named `is_palette_mode_enabled` found for reference `&workspace::view::Workspace` in the current scope
  --> app/src/integration_testing/navigation_palette/assertion.rs:24:27
   |
24 |                 workspace.is_palette_mode_enabled(PaletteMode::Navigation, ctx),
   |                           ^^^^^^^^^^^^^^^^^^^^^^^ method not found in `&workspace::view::Workspace`

error[E0599]: no method named `is_palette_open` found for reference `&workspace::view::Workspace` in the current scope
  --> app/src/integration_testing/navigation_palette/step.rs:28:27
   |
28 |                     !view.is_palette_open(),
   |                           ^^^^^^^^^^^^^^^ method not found in `&workspace::view::Workspace`

error[E0599]: no method named `content` found for reference `&notebooks::notebook::NotebookView` in the current scope
  --> app/src/integration_testing/notebook/assertion.rs:27:37
   |
27 |             let contents = notebook.content(ctx);
   |                                     ^^^^^^^
   |
   = help: items from traits can only be used if the trait is implemented and in scope
   = note: the following trait defines an item `content`, perhaps you need to implement it:
           candidate #1: `warp_editor::model::CoreEditorModel`
help: there is a method `focus_contents` with a similar name
   |
27 -             let contents = notebook.content(ctx);
27 +             let contents = notebook.focus_contents(ctx);
   |

error[E0282]: type annotations needed
  --> app/src/integration_testing/notebook/assertion.rs:40:29
   |
40 |                 .read(app, |cloud_model, _| {
   |                             ^^^^^^^^^^^
41 |                     let object = cloud_model
   |                                  ----------- type must be known at this point
   |
help: consider giving this closure parameter an explicit type
   |
40 |                 .read(app, |cloud_model: /* Type */, _| {
   |                                        ++++++++++++

error[E0282]: type annotations needed
  --> app/src/integration_testing/notebook/assertion.rs:43:32
   |
43 |                         .find(|p| p.model().string_model == expected_preference)
   |                                ^  - type must be known at this point
   |
help: consider giving this closure parameter an explicit type
   |
43 |                         .find(|p: /* Type */| p.model().string_model == expected_preference)
   |                                 ++++++++++++

error[E0061]: this method takes 0 arguments but 1 argument was supplied
   --> app/src/integration_testing/notebook/assertion.rs:75:31
    |
 75 |             let id = notebook.notebook_id(ctx);
    |                               ^^^^^^^^^^^ --- unexpected argument of type `&warpui_core::AppContext`
    |
note: method defined here
   --> app/src/notebooks/notebook.rs:159:12
    |
159 |     pub fn notebook_id(&self) -> Option<NotebookId> {
    |            ^^^^^^^^^^^
help: remove the extra argument
    |
 75 -             let id = notebook.notebook_id(ctx);
 75 +             let id = notebook.notebook_id();
    |

error[E0599]: no method named `is_open_in_warp_banner_open` found for reference `&terminal::view::TerminalView` in the current scope
   --> app/src/integration_testing/notebook/assertion.rs:154:22
    |
154 |                 view.is_open_in_warp_banner_open(),
    |                      ^^^^^^^^^^^^^^^^^^^^^^^^^^^ method not found in `&terminal::view::TerminalView`

error[E0599]: no method named `input_editor` found for reference `&notebooks::notebook::NotebookView` in the current scope
   --> app/src/integration_testing/notebook/assertion.rs:168:50
    |
168 |             .read(app, |notebook, _ctx| notebook.input_editor());
    |                                                  ^^^^^^^^^^^^ method not found in `&notebooks::notebook::NotebookView`

error[E0282]: type annotations needed
   --> app/src/integration_testing/notebook/assertion.rs:169:27
    |
169 |         editor.read(app, |editor, ctx| {
    |                           ^^^^^^
170 |             let is_mermaid_diagram = editor
    |                                      ------ type must be known at this point
    |
help: consider giving this closure parameter an explicit type
    |
169 |         editor.read(app, |editor: /* Type */, ctx| {
    |                                 ++++++++++++

error[E0599]: no variant or associated item named `AgentManagement` found for enum `local_control::handlers::metadata::SurfaceDestination` in the current scope
   --> app/src/local_control/handlers/app_state_tests.rs:74:41
    |
 74 |                     SurfaceDestination::AgentManagement,
    |                                         ^^^^^^^^^^^^^^^ variant or associated item not found in `local_control::handlers::metadata::SurfaceDestination`
    |
   ::: app/src/local_control/handlers/metadata.rs:131:1
    |
131 | pub(crate) enum SurfaceDestination {
    | ---------------------------------- variant or associated item `AgentManagement` not found for this enum

error[E0282]: type annotations needed
  --> app/src/local_control/handlers/layout_tests.rs:14:52
   |
14 |         let previous_count = workspace.read(&app, |workspace, _| workspace.tab_count());
   |                                                    ^^^^^^^^^     --------- type must be known at this point
   |
help: consider giving this closure parameter an explicit type
   |
14 |         let previous_count = workspace.read(&app, |workspace: /* Type */, _| workspace.tab_count());
   |                                                             ++++++++++++

error[E0282]: type annotations needed
  --> app/src/local_control/handlers/layout_tests.rs:29:31
   |
29 |         workspace.read(&app, |workspace, _| {
   |                               ^^^^^^^^^
30 |             assert_eq!(workspace.tab_count(), previous_count + 1);
   |                        --------- type must be known at this point
   |
help: consider giving this closure parameter an explicit type
   |
29 |         workspace.read(&app, |workspace: /* Type */, _| {
   |                                        ++++++++++++

error[E0599]: no method named `input_editor` found for reference `&notebooks::notebook::NotebookView` in the current scope
  --> app/src/integration_testing/notebook/step.rs:25:46
   |
25 |         .read(app, |notebook, _ctx| notebook.input_editor())
   |                                              ^^^^^^^^^^^^ method not found in `&notebooks::notebook::NotebookView`

error[E0282]: type annotations needed
  --> app/src/integration_testing/notebook/step.rs:36:53
   |
36 |             UpdateManager::handle(app).update(app, |update_manager, ctx| {
   |                                                     ^^^^^^^^^^^^^^
37 |                 update_manager.create_notebook(
   |                 -------------- type must be known at this point
   |
help: consider giving this closure parameter an explicit type
   |
36 |             UpdateManager::handle(app).update(app, |update_manager: /* Type */, ctx| {
   |                                                                   ++++++++++++

error[E0282]: type annotations needed
  --> app/src/integration_testing/notebook/step.rs:56:48
   |
56 |             CloudModel::handle(app).read(app, |cloud_model, ctx| {
   |                                                ^^^^^^^^^^^
57 |                 async_assert!(
58 |                     cloud_model
   |                     ----------- type must be known at this point
   |
help: consider giving this closure parameter an explicit type
   |
56 |             CloudModel::handle(app).read(app, |cloud_model: /* Type */, ctx| {
   |                                                           ++++++++++++

error[E0599]: no variant or associated item named `AgentManagement` found for enum `local_control::handlers::metadata::SurfaceDestination` in the current scope
   --> app/src/local_control/handlers/metadata_tests.rs:10:64
    |
 10 |                 surface_unavailable_reason(SurfaceDestination::AgentManagement, ctx)
    |                                                                ^^^^^^^^^^^^^^^ variant or associated item not found in `local_control::handlers::metadata::SurfaceDestination`
    |
   ::: app/src/local_control/handlers/metadata.rs:131:1
    |
131 | pub(crate) enum SurfaceDestination {
    | ---------------------------------- variant or associated item `AgentManagement` not found for this enum

error[E0061]: this method takes 3 arguments but 4 arguments were supplied
   --> app/src/integration_testing/notebook/step.rs:80:23
    |
 80 |             workspace.open_notebook(
    |                       ^^^^^^^^^^^^^
 81 |                 &NotebookSource::Existing(*notebook_id),
 82 |                 &OpenWarpDriveObjectSettings::default(),
    |                 --------------------------------------- unexpected argument #2
    |
note: method defined here
   --> app/src/workspace/view.rs:573:12
    |
573 |     pub fn open_notebook(
    |            ^^^^^^^^^^^^^
help: remove the extra argument
    |
 81 -                 &NotebookSource::Existing(*notebook_id),
 82 -                 &OpenWarpDriveObjectSettings::default(),
 81 +                 &NotebookSource::Existing(*notebook_id),
    |

error[E0599]: no method named `toggle_mode` found for mutable reference `&mut notebooks::notebook::NotebookView` in the current scope
  --> app/src/integration_testing/notebook/step.rs:99:59
   |
99 |             notebook.update(app, |notebook, ctx| notebook.toggle_mode(ctx));
   |                                                           ^^^^^^^^^^^ method not found in `&mut notebooks::notebook::NotebookView`

error[E0282]: type annotations needed
   --> app/src/integration_testing/notebook/step.rs:101:33
    |
101 |             editor.update(app, |editor, ctx| {
    |                                 ^^^^^^
102 |                 editor.reset_with_markdown(&markdown, ctx);
    |                 ------ type must be known at this point
    |
help: consider giving this closure parameter an explicit type
    |
101 |             editor.update(app, |editor: /* Type */, ctx| {
    |                                       ++++++++++++

error[E0282]: type annotations needed
   --> app/src/integration_testing/notebook/step.rs:115:29
    |
115 |         editor.update(app, |editor, ctx| {
    |                             ^^^^^^
116 |             editor.model().update(ctx, |model, ctx| {
    |             ------ type must be known at this point
    |
help: consider giving this closure parameter an explicit type
    |
115 |         editor.update(app, |editor: /* Type */, ctx| {
    |                                   ++++++++++++

error[E0282]: type annotations needed
   --> app/src/integration_testing/notebook/step.rs:116:41
    |
116 |             editor.model().update(ctx, |model, ctx| {
    |                                         ^^^^^
117 |                 model.cursor_at(CharOffset::from(offset), ctx)
    |                 ----- type must be known at this point
    |
help: consider giving this closure parameter an explicit type
    |
116 |             editor.model().update(ctx, |model: /* Type */, ctx| {
    |                                              ++++++++++++

error[E0599]: no method named `number_of_shared_sessions` found for reference `&pane_group::PaneGroup` in the current scope
    --> app/src/integration_testing/pane_group/assertions.rs:13:35
     |
  13 |             async_assert_eq!(view.number_of_shared_sessions(ctx), num_shared_sessions)
     |                                   ^^^^^^^^^^^^^^^^^^^^^^^^^
     |
help: there is a method `pane_sessions` with a similar name, but with different arguments
    --> app/src/pane_group/mod.rs:1466:5
     |
1466 | /     pub fn pane_sessions<'a>(
1467 | |         &'a self,
1468 | |         pane_group_id: EntityId,
1469 | |         window_id: WindowId,
1470 | |         app: &'a AppContext,
1471 | |     ) -> impl Iterator<Item = SessionNavigationData> + 'a {
     | |_________________________________________________________^

error[E0282]: type annotations needed
  --> app/src/integration_testing/rules/assertion.rs:20:44
   |
20 |         CloudModel::handle(app).read(app, |cloud_model, _| {
   |                                            ^^^^^^^^^^^
21 |             if let Some(ai_fact) =
22 |                 cloud_model.get_object_of_type::<GenericStringObjectId, CloudAIFactModel>(sync_id)
   |                 ----------- type must be known at this point
   |
help: consider giving this closure parameter an explicit type
   |
20 |         CloudModel::handle(app).read(app, |cloud_model: /* Type */, _| {
   |                                                       ++++++++++++

error[E0282]: type annotations needed
  --> app/src/integration_testing/rules/assertion.rs:24:38
   |
24 |                 let content = match &ai_fact.model().string_model {
   |                                      ^^^^^^^ cannot infer type

error[E0599]: no method named `ai_fact_view` found for reference `&workspace::view::Workspace` in the current scope
  --> app/src/integration_testing/rules/assertion.rs:57:23
   |
57 |             workspace.ai_fact_view().read(app, |ai_fact_view, _ctx| {
   |                       ^^^^^^^^^^^^ method not found in `&workspace::view::Workspace`

error[E0282]: type annotations needed
  --> app/src/integration_testing/rules/assertion.rs:57:49
   |
57 |             workspace.ai_fact_view().read(app, |ai_fact_view, _ctx| {
   |                                                 ^^^^^^^^^^^^
58 |                 let current_page = ai_fact_view.current_page();
   |                                    ------------ type must be known at this point
   |
help: consider giving this closure parameter an explicit type
   |
57 |             workspace.ai_fact_view().read(app, |ai_fact_view: /* Type */, _ctx| {
   |                                                             ++++++++++++

error[E0282]: type annotations needed
  --> app/src/integration_testing/rules/step.rs:29:53
   |
29 |             UpdateManager::handle(app).update(app, |update_manager, ctx| {
   |                                                     ^^^^^^^^^^^^^^
...
36 |                 update_manager.create_ai_fact(
   |                 -------------- type must be known at this point
   |
help: consider giving this closure parameter an explicit type
   |
29 |             UpdateManager::handle(app).update(app, |update_manager: /* Type */, ctx| {
   |                                                                   ++++++++++++

error[E0282]: type annotations needed
  --> app/src/integration_testing/rules/step.rs:49:48
   |
49 |             CloudModel::handle(app).read(app, |cloud_model, ctx| {
   |                                                ^^^^^^^^^^^
50 |                 async_assert!(
51 |                     cloud_model
   |                     ----------- type must be known at this point
   |
help: consider giving this closure parameter an explicit type
   |
49 |             CloudModel::handle(app).read(app, |cloud_model: /* Type */, ctx| {
   |                                                           ++++++++++++

error[E0599]: no method named `open_ai_fact_collection_pane` found for mutable reference `&mut workspace::view::Workspace` in the current scope
  --> app/src/integration_testing/rules/step.rs:77:23
   |
77 |             workspace.open_ai_fact_collection_pane(None, Some(page), ctx);
   |                       ^^^^^^^^^^^^^^^^^^^^^^^^^^^^ method not found in `&mut workspace::view::Workspace`

error[E0282]: type annotations needed
  --> app/src/integration_testing/rules/step.rs:91:49
   |
91 |         UpdateManager::handle(app).update(app, |update_manager, ctx| {
   |                                                 ^^^^^^^^^^^^^^
...
98 |             update_manager.update_ai_fact(ai_fact, *sync_id, None, ctx);
   |             -------------- type must be known at this point
   |
help: consider giving this closure parameter an explicit type
   |
91 |         UpdateManager::handle(app).update(app, |update_manager: /* Type */, ctx| {
   |                                                               ++++++++++++

error[E0599]: no method named `is_secret_tooltip_open` found for reference `&terminal::view::TerminalView` in the current scope
  --> app/src/integration_testing/secret_redaction/assertion.rs:18:35
   |
18 |             async_assert_eq!(view.is_secret_tooltip_open(), open, "{}", error_message)
   |                                   ^^^^^^^^^^^^^^^^^^^^^^ method not found in `&terminal::view::TerminalView`

error[E0282]: type annotations needed
  --> app/src/integration_testing/settings/execution_profiles.rs:52:19
   |
52 |             .map(|profile| snapshot(profile.data()))
   |                   ^^^^^^^           ------- type must be known at this point
   |
help: consider giving this closure parameter an explicit type
   |
52 |             .map(|profile: /* Type */| snapshot(profile.data()))
   |                          ++++++++++++

error[E0282]: type annotations needed
  --> app/src/integration_testing/settings/execution_profiles.rs:67:23
   |
67 |         .update(app, |profiles, ctx| {
   |                       ^^^^^^^^
68 |             let profile_id = profiles
   |                              -------- type must be known at this point
   |
help: consider giving this closure parameter an explicit type
   |
67 |         .update(app, |profiles: /* Type */, ctx| {
   |                               ++++++++++++

error[E0599]: no variant or associated item named `DispatchToSettingsTab` found for enum `workspace::action::WorkspaceAction` in the current scope
  --> app/src/integration_testing/settings/step.rs:34:61
   |
34 |             dispatch_workspace_action(app, WorkspaceAction::DispatchToSettingsTab(action.clone()));
   |                                                             ^^^^^^^^^^^^^^^^^^^^^ variant or associated item not found in `workspace::action::WorkspaceAction`
   |
  ::: app/src/workspace/action.rs:50:1
   |
50 | pub enum WorkspaceAction {
   | ------------------------ variant or associated item `DispatchToSettingsTab` not found for this enum

error[E0599]: no method named `block_banner` found for reference `&terminal::model::block::Block` in the current scope
   --> app/src/integration_testing/subshell/step.rs:104:26
    |
100 | /                     view.model
101 | |                         .lock()
102 | |                         .block_list_mut()
103 | |                         .active_block()
104 | |                         .block_banner(),
    | |                         -^^^^^^^^^^^^ method not found in `&terminal::model::block::Block`
    | |_________________________|
    |

error[E0599]: no method named `terminal_position_id` found for reference `&terminal::view::TerminalView` in the current scope
   --> app/src/integration_testing/terminal/assertion.rs:186:71
    |
186 |                 .element_position_by_id_at_last_frame(window_id, view.terminal_position_id())
    |                                                                       ^^^^^^^^^^^^^^^^^^^^ method not found in `&terminal::view::TerminalView`

error[E0599]: no method named `is_selecting` found for reference `&terminal::view::TerminalView` in the current scope
   --> app/src/integration_testing/terminal/assertion.rs:219:42
    |
219 |             let view_is_selecting = view.is_selecting();
    |                                          ^^^^^^^^^^^^ private field, not a method

error[E0599]: no method named `waterfall_background_position_id` found for reference `&terminal::view::TerminalView` in the current scope
   --> app/src/integration_testing/terminal/assertion.rs:239:26
    |
239 |                     view.waterfall_background_position_id(),
    |                          ^^^^^^^^^^^^^^^^^^^^^^^^^^^^^^^^ method not found in `&terminal::view::TerminalView`

error[E0599]: no method named `is_input_box_visible` found for reference `&terminal::view::TerminalView` in the current scope
   --> app/src/integration_testing/terminal/assertion.rs:371:34
    |
371 |         let input_visible = view.is_input_box_visible(&model, ctx);
    |                                  ^^^^^^^^^^^^^^^^^^^^ method not found in `&terminal::view::TerminalView`

error[E0599]: no method named `selected_blocks_tail_index` found for reference `&terminal::view::TerminalView` in the current scope
   --> app/src/integration_testing/terminal/assertion.rs:401:18
    |
400 |               let selected_block_index = view
    |  ________________________________________-
401 | |                 .selected_blocks_tail_index()
    | |                 -^^^^^^^^^^^^^^^^^^^^^^^^^^ method not found in `&terminal::view::TerminalView`
    | |_________________|
    |

error[E0599]: no function or associated item named `new_for_test` found for struct `terminal::view::TerminalView` in the current scope
   --> app/src/test_util/terminal.rs:194:23
    |
194 |         TerminalView::new_for_test(tips_model, restored_blocks, ctx)
    |                       ^^^^^^^^^^^^ function or associated item not found in `terminal::view::TerminalView`
    |
   ::: app/src/terminal/view.rs:212:1
    |
212 | pub struct TerminalView {
    | ----------------------- function or associated item `new_for_test` not found for this struct
    |
note: if you're trying to build a new `terminal::view::TerminalView`, consider using `terminal::view::TerminalView::new` which returns `terminal::view::TerminalView`
   --> app/src/terminal/view.rs:238:5
    |
238 | /     pub fn new(
239 | |         resources: crate::pane_group::TerminalViewResources,
240 | |         wakeups_rx: Receiver<()>,
241 | |         model_events: ModelHandle<ModelEventDispatcher>,
...   |
247 | |         ctx: &mut ViewContext<Self>,
248 | |     ) -> Self {
    | |_____________^

error[E0599]: no method named `selected_blocks_tail_index` found for reference `&terminal::view::TerminalView` in the current scope
   --> app/src/integration_testing/terminal/assertion.rs:434:18
    |
433 |               let selected_block_index = view
    |  ________________________________________-
434 | |                 .selected_blocks_tail_index()
    | |                 -^^^^^^^^^^^^^^^^^^^^^^^^^^ method not found in `&terminal::view::TerminalView`
    | |_________________|
    |

error[E0599]: no method named `is_context_menu_open` found for reference `&terminal::view::TerminalView` in the current scope
   --> app/src/integration_testing/terminal/assertion.rs:576:22
    |
576 |                 view.is_context_menu_open(),
    |                      ^^^^^^^^^^^^^^^^^^^^ method not found in `&terminal::view::TerminalView`

error[E0308]: mismatched types
   --> app/src/integration_testing/terminal/assertion.rs:720:38
    |
720 |                 .get_pane_group_view(tab_index)
    |                  ------------------- ^^^^^^^^^ expected `EntityId`, found `usize`
    |                  |
    |                  arguments to this method are incorrect
    |
note: method defined here
   --> app/src/workspace/view.rs:400:12
    |
400 |     pub fn get_pane_group_view(&self, id: EntityId) -> Option<&ViewHandle<PaneGroup>> {
    |            ^^^^^^^^^^^^^^^^^^^        ------------

error[E0599]: no method named `scroll_position` found for reference `&terminal::view::TerminalView` in the current scope
   --> app/src/integration_testing/terminal/assertion.rs:762:47
    |
762 |             let actual_scroll_position = view.scroll_position();
    |                                               ^^^^^^^^^^^^^^^ method not found in `&terminal::view::TerminalView`

error[E0599]: no method named `suggestions_mode_model` found for reference `&terminal::input::Input` in the current scope
  --> app/src/integration_testing/terminal/step.rs:95:31
   |
95 |                         input.suggestions_mode_model().as_ref(ctx).mode(),
   |                               ^^^^^^^^^^^^^^^^^^^^^^ method not found in `&terminal::input::Input`

error[E0599]: no method named `suggestions_mode_model` found for reference `&terminal::input::Input` in the current scope
  --> app/src/integration_testing/terminal/step.rs:99:35
   |
99 | ...                   input.suggestions_mode_model().as_ref(ctx).mode(),
   |                             ^^^^^^^^^^^^^^^^^^^^^^ method not found in `&terminal::input::Input`

error[E0599]: no method named `hovered_block_index` found for reference `&terminal::view::TerminalView` in the current scope
   --> app/src/integration_testing/terminal/step.rs:455:26
    |
455 |                     view.hovered_block_index(),
    |                          ^^^^^^^^^^^^^^^^^^^ method not found in `&terminal::view::TerminalView`

error[E0599]: no method named `hovered_block_index` found for reference `&terminal::view::TerminalView` in the current scope
   --> app/src/integration_testing/terminal/step.rs:457:26
    |
457 |                     view.hovered_block_index()
    |                          ^^^^^^^^^^^^^^^^^^^ method not found in `&terminal::view::TerminalView`

error[E0599]: no method named `is_theme_chooser_open` found for reference `&workspace::view::Workspace` in the current scope
  --> app/src/integration_testing/themes/step.rs:14:27
   |
14 |                 workspace.is_theme_chooser_open(),
   |                           ^^^^^^^^^^^^^^^^^^^^^ method not found in `&workspace::view::Workspace`

error[E0599]: no method named `input_suggestions` found for reference `&terminal::input::Input` in the current scope
  --> app/src/integration_testing/view_getters.rs:73:37
   |
73 |         .read(app, |input, _| input.input_suggestions().to_owned())
   |                                     ^^^^^^^^^^^^^^^^^ method not found in `&terminal::input::Input`

error[E0308]: mismatched types
   --> app/src/integration_testing/view_getters.rs:201:34
    |
201 |             .get_pane_group_view(tab_index)
    |              ------------------- ^^^^^^^^^ expected `EntityId`, found `usize`
    |              |
    |              arguments to this method are incorrect
    |
note: method defined here
   --> app/src/workspace/view.rs:400:12
    |
400 |     pub fn get_pane_group_view(&self, id: EntityId) -> Option<&ViewHandle<PaneGroup>> {
    |            ^^^^^^^^^^^^^^^^^^^        ------------

error[E0599]: no method named `command_palette_view` found for reference `&workspace::view::Workspace` in the current scope
   --> app/src/integration_testing/view_getters.rs:255:53
    |
255 |     workspace.read(app, |workspace, _ctx| workspace.command_palette_view())
    |                                                     ^^^^^^^^^^^^^^^^^^^^ method not found in `&workspace::view::Workspace`

error[E0599]: no method named `is_team_workflow` found for reference `&workflows::workflow_view::WorkflowView` in the current scope
   --> app/src/integration_testing/workflow/assertion.rs:50:52
    |
 50 |             .filter(|view| view.read(app, |v, _| v.is_team_workflow()))
    |                                                    ^^^^^^^^^^^^^^^^
    |
help: there is a method `workflow` with a similar name, but with different arguments
   --> app/src/workflows/workflow_view.rs:107:5
    |
107 |     pub fn workflow(&self, app: &AppContext) -> Workflow {
    |     ^^^^^^^^^^^^^^^^^^^^^^^^^^^^^^^^^^^^^^^^^^^^^^^^^^^^

error[E0599]: no method named `is_team_workflow` found for reference `&workflows::workflow_view::WorkflowView` in the current scope
   --> app/src/integration_testing/workflow/assertion.rs:70:52
    |
 70 |             .filter(|view| view.read(app, |v, _| v.is_team_workflow()))
    |                                                    ^^^^^^^^^^^^^^^^
    |
help: there is a method `workflow` with a similar name, but with different arguments
   --> app/src/workflows/workflow_view.rs:107:5
    |
107 |     pub fn workflow(&self, app: &AppContext) -> Workflow {
    |     ^^^^^^^^^^^^^^^^^^^^^^^^^^^^^^^^^^^^^^^^^^^^^^^^^^^^

error[E0282]: type annotations needed
  --> app/src/integration_testing/workflow/step.rs:25:53
   |
25 |             UpdateManager::handle(app).update(app, |update_manager, ctx| {
   |                                                     ^^^^^^^^^^^^^^
26 |                 update_manager.create_workflow(
   |                 -------------- type must be known at this point
   |
help: consider giving this closure parameter an explicit type
   |
25 |             UpdateManager::handle(app).update(app, |update_manager: /* Type */, ctx| {
   |                                                                   ++++++++++++

error[E0282]: type annotations needed
  --> app/src/integration_testing/workflow/step.rs:42:48
   |
42 |             CloudModel::handle(app).read(app, |cloud_model, ctx| {
   |                                                ^^^^^^^^^^^
43 |                 async_assert!(
44 |                     cloud_model
   |                     ----------- type must be known at this point
   |
help: consider giving this closure parameter an explicit type
   |
42 |             CloudModel::handle(app).read(app, |cloud_model: /* Type */, ctx| {
   |                                                           ++++++++++++

error[E0533]: expected value, found struct variant `WorkflowOpenSource::Existing`
  --> app/src/integration_testing/workflow/step.rs:70:22
   |
70 |                     &WorkflowOpenSource::Existing(*workflow_id),
   |                      ^^^^^^^^^^^^^^^^^^^^^^^^^^^^ not a value
   |
help: you might have meant to create a new value of the struct
   |
70 -                     &WorkflowOpenSource::Existing(*workflow_id),
70 +                     &WorkflowOpenSource::Existing { id: /* value */, workflow: /* value */ },
   |

error[E0061]: this method takes 3 arguments but 4 arguments were supplied
   --> app/src/integration_testing/workflow/step.rs:69:27
    |
 69 |                 workspace.open_workflow_in_pane(
    |                           ^^^^^^^^^^^^^^^^^^^^^
...
 72 |                     WorkflowViewMode::View,
    |                     ---------------------- unexpected argument #3 of type `workflows::WorkflowViewMode`
    |
note: method defined here
   --> app/src/workspace/view.rs:592:12
    |
592 |     pub fn open_workflow_in_pane(
    |            ^^^^^^^^^^^^^^^^^^^^^
help: remove the extra argument
    |
 71 -                     &OpenWarpDriveObjectSettings::default(),
 72 -                     WorkflowViewMode::View,
 71 +                     &OpenWarpDriveObjectSettings::default(),
    |

error[E0599]: no method named `is_native_quit_modal_open` found for reference `&workspace::view::Workspace` in the current scope
  --> app/src/integration_testing/workspace/step.rs:19:43
   |
19 |                     workspace.as_ref(ctx).is_native_quit_modal_open(ctx),
   |                                           ^^^^^^^^^^^^^^^^^^^^^^^^^ method not found in `&workspace::view::Workspace`

error[E0599]: no function or associated item named `press_native_modal_button` found for struct `workspace::view::Workspace` in the current scope
  --> app/src/integration_testing/workspace/step.rs:22:28
   |
22 |                 Workspace::press_native_modal_button(&workspace, button_index, ctx);
   |                            ^^^^^^^^^^^^^^^^^^^^^^^^^ function or associated item not found in `workspace::view::Workspace`
   |
  ::: app/src/workspace/view.rs:57:1
   |
57 | pub struct Workspace {
   | -------------------- function or associated item `press_native_modal_button` not found for this struct
   |
note: if you're trying to build a new `workspace::view::Workspace` consider using one of the following associated functions:
      workspace::view::Workspace::new
      workspace::view::Workspace::new_for_test
  --> app/src/workspace/view.rs:68:5
   |
68 | /     pub fn new(
69 | |         resources: GlobalResourceHandles,
70 | |         source: NewWorkspaceSource,
71 | |         ctx: &mut ViewContext<Self>,
72 | |     ) -> Self {
   | |_____________^
...
99 |       pub fn new_for_test(resources: GlobalResourceHandles, ctx: &mut ViewContext<Self>) -> Self {
   |       ^^^^^^^^^^^^^^^^^^^^^^^^^^^^^^^^^^^^^^^^^^^^^^^^^^^^^^^^^^^^^^^^^^^^^^^^^^^^^^^^^^^^^^^^^^

error[E0599]: no method named `is_native_quit_modal_open` found for reference `&workspace::view::Workspace` in the current scope
  --> app/src/integration_testing/workspace/step.rs:29:32
   |
29 |                     !workspace.is_native_quit_modal_open(ctx),
   |                                ^^^^^^^^^^^^^^^^^^^^^^^^^ method not found in `&workspace::view::Workspace`

error[E0609]: no field `image_context_options` on type `editor::view::EditorView`
    --> app/src/editor/view/mod_tests.rs:4322:20
     |
4322 |             editor.image_context_options = ImageContextOptions::Enabled {
     |                    ^^^^^^^^^^^^^^^^^^^^^ unknown field
     |
     = note: available fields are: `view_id`, `editor_model`, `scroll_position`, `autoscroll_requested`, `windowing_state_handle` ... and 44 others

error[E0609]: no field `image_context_options` on type `editor::view::EditorView`
    --> app/src/editor/view/mod_tests.rs:4376:20
     |
4376 |             editor.image_context_options = ImageContextOptions::Enabled {
     |                    ^^^^^^^^^^^^^^^^^^^^^ unknown field
     |
     = note: available fields are: `view_id`, `editor_model`, `scroll_position`, `autoscroll_requested`, `windowing_state_handle` ... and 44 others

error[E0609]: no field `image_context_options` on type `editor::view::EditorView`
    --> app/src/editor/view/mod_tests.rs:4419:20
     |
4419 |             editor.image_context_options = ImageContextOptions::Enabled {
     |                    ^^^^^^^^^^^^^^^^^^^^^ unknown field
     |
     = note: available fields are: `view_id`, `editor_model`, `scroll_position`, `autoscroll_requested`, `windowing_state_handle` ... and 44 others

error[E0609]: no field `image_context_options` on type `editor::view::EditorView`
    --> app/src/editor/view/mod_tests.rs:4463:20
     |
4463 |             editor.image_context_options = ImageContextOptions::Enabled {
     |                    ^^^^^^^^^^^^^^^^^^^^^ unknown field
     |
     = note: available fields are: `view_id`, `editor_model`, `scroll_position`, `autoscroll_requested`, `windowing_state_handle` ... and 44 others

error: unused import: `super::diff_viewer::DiffViewer`
  --> app/src/code/view.rs:34:5
   |
34 | use super::diff_viewer::DiffViewer;
   |     ^^^^^^^^^^^^^^^^^^^^^^^^^^^^^^

error: unused import: `warp_editor::model::CoreEditorModel`
  --> app/src/code_review/comment_list_view.rs:14:5
   |
14 | use warp_editor::model::CoreEditorModel;
   |     ^^^^^^^^^^^^^^^^^^^^^^^^^^^^^^^^^^^

error: unused import: `std::str::FromStr`
 --> app/src/persistence/sqlite.rs:3:5
  |
3 | use std::str::FromStr;
  |     ^^^^^^^^^^^^^^^^^

error: unused import: `SingletonEntity`
 --> app/src/session_management.rs:4:44
  |
4 | use warpui::{AppContext, Entity, EntityId, SingletonEntity, WindowId};
  |                                            ^^^^^^^^^^^^^^^

error: unused import: `SingletonEntity`
  --> app/src/util/tooltips.rs:10:49
   |
10 | use warpui::{AppContext, Element, EventContext, SingletonEntity};
   |                                                 ^^^^^^^^^^^^^^^

error: unused import: `base64::Engine`
  --> app/src/editor/view/mod.rs:22:5
   |
22 | use base64::Engine as _;
   |     ^^^^^^^^^^^^^^

error: unused import: `warp_editor::model::CoreEditorModel`
  --> app/src/terminal/view.rs:16:5
   |
16 | use warp_editor::model::CoreEditorModel as _;
   |     ^^^^^^^^^^^^^^^^^^^^^^^^^^^^^^^^^^^

error: unused import: `Setting`
 --> app/src/settings_view/features_page.rs:1:16
  |
1 | use settings::{Setting as _, ToggleableSetting as _};
  |                ^^^^^^^

error: unused import: `ViewAsRef`
  --> app/src/terminal/model/blocks/selection.rs:12:36
   |
12 | use warpui::{AppContext, EntityId, ViewAsRef as _};
   |                                    ^^^^^^^^^

error: unused variable: `had_content`
   --> app/src/code/language_server_extension.rs:359:25
    |
359 |                     let had_content = !segments.is_empty();
    |                         ^^^^^^^^^^^ help: if this is intentional, prefix it with an underscore: `_had_content`
    |
    = note: `-D unused-variables` implied by `-D warnings`
    = help: to override `-D warnings` add `#[allow(unused_variables)]`

error: unused variable: `had_diagnostics`
   --> app/src/code/language_server_extension.rs:360:25
    |
360 |                     let had_diagnostics = !diagnostics.is_empty();
    |                         ^^^^^^^^^^^^^^^ help: if this is intentional, prefix it with an underscore: `_had_diagnostics`

error: unused variable: `server`
   --> app/src/code/language_server_extension.rs:361:33
    |
361 |                     if let Some(server) = me.lsp_server.as_ref() {
    |                                 ^^^^^^ help: if this is intentional, prefix it with an underscore: `_server`

error: unused variable: `server`
   --> app/src/code/local_code_editor.rs:781:21
    |
781 |         if let Some(server) = &self.lsp_server {
    |                     ^^^^^^ help: if this is intentional, prefix it with an underscore: `_server`

error: unused variable: `had_result`
    --> app/src/code/local_code_editor.rs:2123:21
     |
2123 |                 let had_result = matches!(&result, Ok(locations) if !locations.is_empty());
     |                     ^^^^^^^^^^ help: if this is intentional, prefix it with an underscore: `_had_result`

error: unused variable: `server_type`
    --> app/src/code/local_code_editor.rs:2125:29
     |
2125 |                 if let Some(server_type) = server_type_name {
     |                             ^^^^^^^^^^^ help: if this is intentional, prefix it with an underscore: `_server_type`

error: unused variable: `is_directory`
    --> app/src/code/file_tree/view.rs:2416:13
     |
2416 |         let is_directory = matches!(item, FileTreeItem::DirectoryHeader { .. });
     |             ^^^^^^^^^^^^ help: if this is intentional, prefix it with an underscore: `_is_directory`

error: unused variable: `st`
    --> app/src/code/footer.rs:1803:33
     |
1803 |                     if let Some(st) = server_type {
     |                                 ^^ help: if this is intentional, prefix it with an underscore: `_st`

error: unused variable: `server_name`
    --> app/src/code/footer.rs:1829:21
     |
1829 |                 let server_name = self
     |                     ^^^^^^^^^^^ help: if this is intentional, prefix it with an underscore: `_server_name`

error: unused variable: `app`
    --> app/src/code/view.rs:2042:22
     |
2042 |     fn render(&self, app: &AppContext) -> Box<dyn Element> {
     |                      ^^^ help: if this is intentional, prefix it with an underscore: `_app`

error: unused variable: `load_duration`
    --> app/src/code_review/code_review_view.rs:2388:9
     |
2388 |         load_duration: Option<Duration>,
     |         ^^^^^^^^^^^^^ help: if this is intentional, prefix it with an underscore: `_load_duration`

error: unused variable: `is_local`
    --> app/src/code_review/code_review_view.rs:2458:13
     |
2458 |         let is_local = self.repo_is_local();
     |             ^^^^^^^^ help: if this is intentional, prefix it with an underscore: `_is_local`

error: unused variable: `diff_mode`
    --> app/src/code_review/code_review_view.rs:2459:13
     |
2459 |         let diff_mode = self.diff_state_model.as_ref(ctx).diff_mode(ctx);
     |             ^^^^^^^^^ help: if this is intentional, prefix it with an underscore: `_diff_mode`

error: unused variable: `is_imported`
    --> app/src/code_review/code_review_view.rs:2708:17
     |
2708 |             let is_imported = model
     |                 ^^^^^^^^^^^ help: if this is intentional, prefix it with an underscore: `_is_imported`

error: unused variable: `active_count`
    --> app/src/code_review/code_review_view.rs:3530:18
     |
3530 |             let (active_count, outdated_count) = relocated_comments
     |                  ^^^^^^^^^^^^ help: if this is intentional, prefix it with an underscore: `_active_count`

error[E0560]: struct `app_state::TabSnapshot` has no field named `right_panel`
  --> app/src/launch_configs/launch_config_tests.rs:20:17
   |
20 |                 right_panel: None,
   |                 ^^^^^^^^^^^ `app_state::TabSnapshot` does not have this field
   |
   = note: all struct fields are already assigned

error[E0560]: struct `app_state::WindowSnapshot` has no field named `team_uid`
  --> app/src/launch_configs/launch_config_tests.rs:25:13
   |
25 |             team_uid: None,
   |             ^^^^^^^^ `app_state::WindowSnapshot` does not have this field
   |
   = note: all struct fields are already assigned

error: unused variable: `outdated_count`
    --> app/src/code_review/code_review_view.rs:3530:32
     |
3530 |             let (active_count, outdated_count) = relocated_comments
     |                                ^^^^^^^^^^^^^^ help: if this is intentional, prefix it with an underscore: `_outdated_count`

error[E0560]: struct `app_state::WindowSnapshot` has no field named `warp_ai_width`
  --> app/src/launch_configs/launch_config_tests.rs:29:13
   |
29 |             warp_ai_width: None,
   |             ^^^^^^^^^^^^^ `app_state::WindowSnapshot` does not have this field
   |
   = note: all struct fields are already assigned

error[E0560]: struct `app_state::WindowSnapshot` has no field named `warp_drive_index_width`
  --> app/src/launch_configs/launch_config_tests.rs:31:13
   |
31 |             warp_drive_index_width: None,
   |             ^^^^^^^^^^^^^^^^^^^^^^ `app_state::WindowSnapshot` does not have this field
   |
   = note: all struct fields are already assigned

error[E0560]: struct `app_state::WindowSnapshot` has no field named `right_panel_width`
  --> app/src/launch_configs/launch_config_tests.rs:36:13
   |
36 |             right_panel_width: None,
   |             ^^^^^^^^^^^^^^^^^ `app_state::WindowSnapshot` does not have this field
   |
   = note: all struct fields are already assigned

error[E0560]: struct `app_state::WindowSnapshot` has no field named `agent_management_filters`
  --> app/src/launch_configs/launch_config_tests.rs:37:13
   |
37 |             agent_management_filters: None,
   |             ^^^^^^^^^^^^^^^^^^^^^^^^ `app_state::WindowSnapshot` does not have this field
   |
   = note: all struct fields are already assigned

error[E0560]: struct `app_state::WindowSnapshot` has no field named `team_uid`
  --> app/src/launch_configs/launch_config_tests.rs:50:13
   |
50 |             team_uid: None,
   |             ^^^^^^^^ `app_state::WindowSnapshot` does not have this field
   |
   = note: all struct fields are already assigned

error[E0560]: struct `app_state::WindowSnapshot` has no field named `warp_ai_width`
  --> app/src/launch_configs/launch_config_tests.rs:54:13
   |
54 |             warp_ai_width: None,
   |             ^^^^^^^^^^^^^ `app_state::WindowSnapshot` does not have this field
   |
   = note: all struct fields are already assigned

error[E0560]: struct `app_state::WindowSnapshot` has no field named `warp_drive_index_width`
  --> app/src/launch_configs/launch_config_tests.rs:56:13
   |
56 |             warp_drive_index_width: None,
   |             ^^^^^^^^^^^^^^^^^^^^^^ `app_state::WindowSnapshot` does not have this field
   |
   = note: all struct fields are already assigned

error[E0560]: struct `app_state::WindowSnapshot` has no field named `right_panel_width`
  --> app/src/launch_configs/launch_config_tests.rs:61:13
   |
61 |             right_panel_width: None,
   |             ^^^^^^^^^^^^^^^^^ `app_state::WindowSnapshot` does not have this field
   |
   = note: all struct fields are already assigned

error[E0560]: struct `app_state::WindowSnapshot` has no field named `agent_management_filters`
  --> app/src/launch_configs/launch_config_tests.rs:62:13
   |
62 |             agent_management_filters: None,
   |             ^^^^^^^^^^^^^^^^^^^^^^^^ `app_state::WindowSnapshot` does not have this field
   |
   = note: all struct fields are already assigned

error[E0599]: no variant named `CloudNotebook` found for enum `app_state::NotebookPaneSnapshot`
   --> app/src/launch_configs/launch_config_tests.rs:83:76
    |
 83 |                     contents: LeafContents::Notebook(NotebookPaneSnapshot::CloudNotebook {
    |                                                                            ^^^^^^^^^^^^^ variant not found in `app_state::NotebookPaneSnapshot`
    |
   ::: app/src/app_state.rs:135:1
    |
135 | pub enum NotebookPaneSnapshot {
    | ----------------------------- variant `CloudNotebook` not found here

error[E0560]: struct `app_state::TerminalPaneSnapshot` has no field named `is_read_only`
  --> app/src/launch_configs/launch_config_tests.rs:98:25
   |
98 |                         is_read_only: false,
   |                         ^^^^^^^^^^^^ `app_state::TerminalPaneSnapshot` does not have this field
   |
   = note: all struct fields are already assigned

error[E0560]: struct `app_state::TerminalPaneSnapshot` has no field named `input_config`
   --> app/src/launch_configs/launch_config_tests.rs:100:25
    |
100 |                         input_config: None,
    |                         ^^^^^^^^^^^^ `app_state::TerminalPaneSnapshot` does not have this field
    |
    = note: all struct fields are already assigned

error[E0560]: struct `app_state::TerminalPaneSnapshot` has no field named `llm_model_override`
   --> app/src/launch_configs/launch_config_tests.rs:101:25
    |
101 |                         llm_model_override: None,
    |                         ^^^^^^^^^^^^^^^^^^ `app_state::TerminalPaneSnapshot` does not have this field
    |
    = note: all struct fields are already assigned

error[E0560]: struct `app_state::TerminalPaneSnapshot` has no field named `active_profile_id`
   --> app/src/launch_configs/launch_config_tests.rs:102:25
    |
102 |                         active_profile_id: None,
    |                         ^^^^^^^^^^^^^^^^^ `app_state::TerminalPaneSnapshot` does not have this field
    |
    = note: all struct fields are already assigned

error[E0560]: struct `app_state::TerminalPaneSnapshot` has no field named `conversation_ids_to_restore`
   --> app/src/launch_configs/launch_config_tests.rs:103:25
    |
103 |                         conversation_ids_to_restore: vec![],
    |                         ^^^^^^^^^^^^^^^^^^^^^^^^^^^ `app_state::TerminalPaneSnapshot` does not have this field
    |
    = note: all struct fields are already assigned

error[E0560]: struct `app_state::TerminalPaneSnapshot` has no field named `active_conversation_id`
   --> app/src/launch_configs/launch_config_tests.rs:104:25
    |
104 |                         active_conversation_id: None,
    |                         ^^^^^^^^^^^^^^^^^^^^^^ `app_state::TerminalPaneSnapshot` does not have this field
    |
    = note: all struct fields are already assigned

error[E0560]: struct `app_state::TerminalPaneSnapshot` has no field named `is_read_only`
   --> app/src/launch_configs/launch_config_tests.rs:138:25
    |
138 |                         is_read_only: false,
    |                         ^^^^^^^^^^^^ `app_state::TerminalPaneSnapshot` does not have this field
    |
    = note: all struct fields are already assigned

error[E0560]: struct `app_state::TerminalPaneSnapshot` has no field named `input_config`
   --> app/src/launch_configs/launch_config_tests.rs:140:25
    |
140 |                         input_config: None,
    |                         ^^^^^^^^^^^^ `app_state::TerminalPaneSnapshot` does not have this field
    |
    = note: all struct fields are already assigned

error[E0560]: struct `app_state::TerminalPaneSnapshot` has no field named `llm_model_override`
   --> app/src/launch_configs/launch_config_tests.rs:141:25
    |
141 |                         llm_model_override: None,
    |                         ^^^^^^^^^^^^^^^^^^ `app_state::TerminalPaneSnapshot` does not have this field
    |
    = note: all struct fields are already assigned

error[E0560]: struct `app_state::TerminalPaneSnapshot` has no field named `active_profile_id`
   --> app/src/launch_configs/launch_config_tests.rs:142:25
    |
142 |                         active_profile_id: None,
    |                         ^^^^^^^^^^^^^^^^^ `app_state::TerminalPaneSnapshot` does not have this field
    |
    = note: all struct fields are already assigned

error[E0560]: struct `app_state::TerminalPaneSnapshot` has no field named `conversation_ids_to_restore`
   --> app/src/launch_configs/launch_config_tests.rs:143:25
    |
143 |                         conversation_ids_to_restore: vec![],
    |                         ^^^^^^^^^^^^^^^^^^^^^^^^^^^ `app_state::TerminalPaneSnapshot` does not have this field
    |
    = note: all struct fields are already assigned

error[E0560]: struct `app_state::TerminalPaneSnapshot` has no field named `active_conversation_id`
   --> app/src/launch_configs/launch_config_tests.rs:144:25
    |
144 |                         active_conversation_id: None,
    |                         ^^^^^^^^^^^^^^^^^^^^^^ `app_state::TerminalPaneSnapshot` does not have this field
    |
    = note: all struct fields are already assigned

error[E0599]: no variant named `CloudNotebook` found for enum `app_state::NotebookPaneSnapshot`
   --> app/src/launch_configs/launch_config_tests.rs:153:76
    |
153 |                     contents: LeafContents::Notebook(NotebookPaneSnapshot::CloudNotebook {
    |                                                                            ^^^^^^^^^^^^^ variant not found in `app_state::NotebookPaneSnapshot`
    |
   ::: app/src/app_state.rs:135:1
    |
135 | pub enum NotebookPaneSnapshot {
    | ----------------------------- variant `CloudNotebook` not found here

error[E0560]: struct `app_state::TerminalPaneSnapshot` has no field named `is_read_only`
   --> app/src/launch_configs/launch_config_tests.rs:168:25
    |
168 |                         is_read_only: false,
    |                         ^^^^^^^^^^^^ `app_state::TerminalPaneSnapshot` does not have this field
    |
    = note: all struct fields are already assigned

error[E0560]: struct `app_state::TerminalPaneSnapshot` has no field named `input_config`
   --> app/src/launch_configs/launch_config_tests.rs:170:25
    |
170 |                         input_config: None,
    |                         ^^^^^^^^^^^^ `app_state::TerminalPaneSnapshot` does not have this field
    |
    = note: all struct fields are already assigned

error[E0560]: struct `app_state::TerminalPaneSnapshot` has no field named `llm_model_override`
   --> app/src/launch_configs/launch_config_tests.rs:171:25
    |
171 |                         llm_model_override: None,
    |                         ^^^^^^^^^^^^^^^^^^ `app_state::TerminalPaneSnapshot` does not have this field
    |
    = note: all struct fields are already assigned

error[E0560]: struct `app_state::TerminalPaneSnapshot` has no field named `active_profile_id`
   --> app/src/launch_configs/launch_config_tests.rs:172:25
    |
172 |                         active_profile_id: None,
    |                         ^^^^^^^^^^^^^^^^^ `app_state::TerminalPaneSnapshot` does not have this field
    |
    = note: all struct fields are already assigned

error[E0560]: struct `app_state::TerminalPaneSnapshot` has no field named `conversation_ids_to_restore`
   --> app/src/launch_configs/launch_config_tests.rs:173:25
    |
173 |                         conversation_ids_to_restore: vec![],
    |                         ^^^^^^^^^^^^^^^^^^^^^^^^^^^ `app_state::TerminalPaneSnapshot` does not have this field
    |
    = note: all struct fields are already assigned

error[E0560]: struct `app_state::TerminalPaneSnapshot` has no field named `active_conversation_id`
   --> app/src/launch_configs/launch_config_tests.rs:174:25
    |
174 |                         active_conversation_id: None,
    |                         ^^^^^^^^^^^^^^^^^^^^^^ `app_state::TerminalPaneSnapshot` does not have this field
    |
    = note: all struct fields are already assigned

error[E0599]: no variant named `CloudNotebook` found for enum `app_state::NotebookPaneSnapshot`
   --> app/src/launch_configs/launch_config_tests.rs:217:72
    |
217 |                 contents: LeafContents::Notebook(NotebookPaneSnapshot::CloudNotebook {
    |                                                                        ^^^^^^^^^^^^^ variant not found in `app_state::NotebookPaneSnapshot`
    |
   ::: app/src/app_state.rs:135:1
    |
135 | pub enum NotebookPaneSnapshot {
    | ----------------------------- variant `CloudNotebook` not found here

error[E0560]: struct `app_state::TerminalPaneSnapshot` has no field named `is_read_only`
   --> app/src/launch_configs/launch_config_tests.rs:374:33
    |
374 | ...                   is_read_only: false,
    |                       ^^^^^^^^^^^^ `app_state::TerminalPaneSnapshot` does not have this field
    |
    = note: all struct fields are already assigned

error[E0560]: struct `app_state::TerminalPaneSnapshot` has no field named `input_config`
   --> app/src/launch_configs/launch_config_tests.rs:376:33
    |
376 | ...                   input_config: None,
    |                       ^^^^^^^^^^^^ `app_state::TerminalPaneSnapshot` does not have this field
    |
    = note: all struct fields are already assigned

error[E0560]: struct `app_state::TerminalPaneSnapshot` has no field named `llm_model_override`
   --> app/src/launch_configs/launch_config_tests.rs:377:33
    |
377 | ...                   llm_model_override: None,
    |                       ^^^^^^^^^^^^^^^^^^ `app_state::TerminalPaneSnapshot` does not have this field
    |
    = note: all struct fields are already assigned

error[E0560]: struct `app_state::TerminalPaneSnapshot` has no field named `active_profile_id`
   --> app/src/launch_configs/launch_config_tests.rs:378:33
    |
378 | ...                   active_profile_id: None,
    |                       ^^^^^^^^^^^^^^^^^ `app_state::TerminalPaneSnapshot` does not have this field
    |
    = note: all struct fields are already assigned

error[E0560]: struct `app_state::TerminalPaneSnapshot` has no field named `conversation_ids_to_restore`
   --> app/src/launch_configs/launch_config_tests.rs:379:33
    |
379 | ...                   conversation_ids_to_restore: vec![],
    |                       ^^^^^^^^^^^^^^^^^^^^^^^^^^^ `app_state::TerminalPaneSnapshot` does not have this field
    |
    = note: all struct fields are already assigned

error[E0560]: struct `app_state::TerminalPaneSnapshot` has no field named `active_conversation_id`
   --> app/src/launch_configs/launch_config_tests.rs:380:33
    |
380 | ...                   active_conversation_id: None,
    |                       ^^^^^^^^^^^^^^^^^^^^^^ `app_state::TerminalPaneSnapshot` does not have this field
    |
    = note: all struct fields are already assigned

error[E0560]: struct `app_state::TabSnapshot` has no field named `right_panel`
   --> app/src/launch_configs/launch_config_tests.rs:386:17
    |
386 |                 right_panel: None,
    |                 ^^^^^^^^^^^ `app_state::TabSnapshot` does not have this field
    |
    = note: all struct fields are already assigned

error: variable does not need to be mutable
    --> app/src/code_review/code_review_view.rs:3961:13
     |
3961 |         let mut zero_state_column = Flex::column()
     |             ----^^^^^^^^^^^^^^^^^
     |             |
     |             help: remove this `mut`
     |
     = note: `-D unused-mut` implied by `-D warnings`
     = help: to override `-D warnings` add `#[allow(unused_mut)]`

error: unused variable: `app`
    --> app/src/code_review/code_review_view.rs:3952:9
     |
3952 |         app: &AppContext,
     |         ^^^ help: if this is intentional, prefix it with an underscore: `_app`

error[E0599]: no variant named `CloudNotebook` found for enum `app_state::NotebookPaneSnapshot`
   --> app/src/launch_configs/launch_config_tests.rs:414:84
    |
414 | ...                   contents: LeafContents::Notebook(NotebookPaneSnapshot::CloudNotebook {
    |                                                                              ^^^^^^^^^^^^^ variant not found in `app_state::NotebookPaneSnapshot`
    |
   ::: app/src/app_state.rs:135:1
    |
135 | pub enum NotebookPaneSnapshot {
    | ----------------------------- variant `CloudNotebook` not found here

error[E0560]: struct `app_state::TabSnapshot` has no field named `right_panel`
   --> app/src/launch_configs/launch_config_tests.rs:422:17
    |
422 |                 right_panel: None,
    |                 ^^^^^^^^^^^ `app_state::TabSnapshot` does not have this field
    |
    = note: all struct fields are already assigned

error[E0560]: struct `app_state::TerminalPaneSnapshot` has no field named `is_read_only`
   --> app/src/launch_configs/launch_config_tests.rs:441:33
    |
441 | ...                   is_read_only: false,
    |                       ^^^^^^^^^^^^ `app_state::TerminalPaneSnapshot` does not have this field
    |
    = note: all struct fields are already assigned

error[E0560]: struct `app_state::TerminalPaneSnapshot` has no field named `input_config`
   --> app/src/launch_configs/launch_config_tests.rs:443:33
    |
443 | ...                   input_config: None,
    |                       ^^^^^^^^^^^^ `app_state::TerminalPaneSnapshot` does not have this field
    |
    = note: all struct fields are already assigned

error[E0560]: struct `app_state::TerminalPaneSnapshot` has no field named `llm_model_override`
   --> app/src/launch_configs/launch_config_tests.rs:444:33
    |
444 | ...                   llm_model_override: None,
    |                       ^^^^^^^^^^^^^^^^^^ `app_state::TerminalPaneSnapshot` does not have this field
    |
    = note: all struct fields are already assigned

error[E0560]: struct `app_state::TerminalPaneSnapshot` has no field named `active_profile_id`
   --> app/src/launch_configs/launch_config_tests.rs:445:33
    |
445 | ...                   active_profile_id: None,
    |                       ^^^^^^^^^^^^^^^^^ `app_state::TerminalPaneSnapshot` does not have this field
    |
    = note: all struct fields are already assigned

error[E0560]: struct `app_state::TerminalPaneSnapshot` has no field named `conversation_ids_to_restore`
   --> app/src/launch_configs/launch_config_tests.rs:446:33
    |
446 | ...                   conversation_ids_to_restore: vec![],
    |                       ^^^^^^^^^^^^^^^^^^^^^^^^^^^ `app_state::TerminalPaneSnapshot` does not have this field
    |
    = note: all struct fields are already assigned

error[E0560]: struct `app_state::TerminalPaneSnapshot` has no field named `active_conversation_id`
   --> app/src/launch_configs/launch_config_tests.rs:447:33
    |
447 | ...                   active_conversation_id: None,
    |                       ^^^^^^^^^^^^^^^^^^^^^^ `app_state::TerminalPaneSnapshot` does not have this field
    |
    = note: all struct fields are already assigned

error[E0560]: struct `app_state::TabSnapshot` has no field named `right_panel`
   --> app/src/launch_configs/launch_config_tests.rs:453:17
    |
453 |                 right_panel: None,
    |                 ^^^^^^^^^^^ `app_state::TabSnapshot` does not have this field
    |
    = note: all struct fields are already assigned

error[E0560]: struct `app_state::TerminalPaneSnapshot` has no field named `is_read_only`
   --> app/src/launch_configs/launch_config_tests.rs:484:33
    |
484 | ...                   is_read_only: false,
    |                       ^^^^^^^^^^^^ `app_state::TerminalPaneSnapshot` does not have this field
    |
    = note: all struct fields are already assigned

error[E0560]: struct `app_state::TerminalPaneSnapshot` has no field named `input_config`
   --> app/src/launch_configs/launch_config_tests.rs:486:33
    |
486 | ...                   input_config: None,
    |                       ^^^^^^^^^^^^ `app_state::TerminalPaneSnapshot` does not have this field
    |
    = note: all struct fields are already assigned

error[E0560]: struct `app_state::TerminalPaneSnapshot` has no field named `llm_model_override`
   --> app/src/launch_configs/launch_config_tests.rs:487:33
    |
487 | ...                   llm_model_override: None,
    |                       ^^^^^^^^^^^^^^^^^^ `app_state::TerminalPaneSnapshot` does not have this field
    |
    = note: all struct fields are already assigned

error[E0560]: struct `app_state::TerminalPaneSnapshot` has no field named `active_profile_id`
   --> app/src/launch_configs/launch_config_tests.rs:488:33
    |
488 | ...                   active_profile_id: None,
    |                       ^^^^^^^^^^^^^^^^^ `app_state::TerminalPaneSnapshot` does not have this field
    |
    = note: all struct fields are already assigned

error[E0560]: struct `app_state::TerminalPaneSnapshot` has no field named `conversation_ids_to_restore`
   --> app/src/launch_configs/launch_config_tests.rs:489:33
    |
489 | ...                   conversation_ids_to_restore: vec![],
    |                       ^^^^^^^^^^^^^^^^^^^^^^^^^^^ `app_state::TerminalPaneSnapshot` does not have this field
    |
    = note: all struct fields are already assigned

error[E0560]: struct `app_state::TerminalPaneSnapshot` has no field named `active_conversation_id`
   --> app/src/launch_configs/launch_config_tests.rs:490:33
    |
490 | ...                   active_conversation_id: None,
    |                       ^^^^^^^^^^^^^^^^^^^^^^ `app_state::TerminalPaneSnapshot` does not have this field
    |
    = note: all struct fields are already assigned

error[E0560]: struct `app_state::TabSnapshot` has no field named `right_panel`
   --> app/src/launch_configs/launch_config_tests.rs:496:17
    |
496 |                 right_panel: None,
    |                 ^^^^^^^^^^^ `app_state::TabSnapshot` does not have this field
    |
    = note: all struct fields are already assigned

error[E0599]: no variant named `CloudNotebook` found for enum `app_state::NotebookPaneSnapshot`
   --> app/src/launch_configs/launch_config_tests.rs:511:84
    |
511 | ...                   contents: LeafContents::Notebook(NotebookPaneSnapshot::CloudNotebook {
    |                                                                              ^^^^^^^^^^^^^ variant not found in `app_state::NotebookPaneSnapshot`
    |
   ::: app/src/app_state.rs:135:1
    |
135 | pub enum NotebookPaneSnapshot {
    | ----------------------------- variant `CloudNotebook` not found here

error[E0560]: struct `app_state::TabSnapshot` has no field named `right_panel`
   --> app/src/launch_configs/launch_config_tests.rs:519:17
    |
519 |                 right_panel: None,
    |                 ^^^^^^^^^^^ `app_state::TabSnapshot` does not have this field
    |
    = note: all struct fields are already assigned

error: variable `has_changes` is assigned to, but never used
    --> app/src/code_review/code_review_view.rs:6100:13
     |
6100 |         let mut has_changes = false;
     |             ^^^^^^^^^^^^^^^
     |
     = note: consider using `_has_changes` instead

error: value assigned to `has_changes` is never read
    --> app/src/code_review/code_review_view.rs:6102:13
     |
6102 |             has_changes = !loaded.to_diff_stats().has_no_changes();
     |             ^^^^^^^^^^^^^^^^^^^^^^^^^^^^^^^^^^^^^^^^^^^^^^^^^^^^^^
     |
     = help: maybe it is overwritten before being read?
     = note: `-D unused-assignments` implied by `-D warnings`
     = help: to override `-D warnings` add `#[allow(unused_assignments)]`

error: unused variable: `state_change`
    --> app/src/code_review/code_review_view.rs:6587:21
     |
6587 |                 let state_change = if is_currently_maximized {
     |                     ^^^^^^^^^^^^ help: if this is intentional, prefix it with an underscore: `_state_change`

error: unused variable: `branch`
    --> app/src/code_review/diff_state/local.rs:1352:29
     |
1352 |     pub fn create_pr(&self, branch: String, ctx: &mut ModelContext<Self>) {
     |                             ^^^^^^ help: if this is intentional, prefix it with an underscore: `_branch`

error: unused variable: `load_duration`
    --> app/src/code_review/diff_state/local.rs:1637:21
     |
1637 |                 let load_duration = self
     |                     ^^^^^^^^^^^^^ help: if this is intentional, prefix it with an underscore: `_load_duration`

error[E0599]: no function or associated item named `mock` found for struct `notebooks::manager::NotebookManager` in the current scope
   --> app/src/pane_group/mod_tests.rs:145:46
    |
145 |     app.add_singleton_model(NotebookManager::mock);
    |                                              ^^^^ function or associated item not found in `notebooks::manager::NotebookManager`
    |
   ::: app/src/notebooks/manager.rs:10:1
    |
 10 | pub struct NotebookManager {
    | -------------------------- function or associated item `mock` not found for this struct

error[E0061]: this function takes 6 arguments but 7 arguments were supplied
    --> app/src/pane_group/mod_tests.rs:232:13
     |
 232 |             PaneGroup::new_with_panes_layout(
     |             ^^^^^^^^^^^^^^^^^^^^^^^^^^^^^^^^
...
 235 |                 ServerApiProvider::as_ref(ctx).get(),
     |                 ------------------------------------ unexpected argument #3
     |
note: associated function defined here
    --> app/src/pane_group/mod.rs:1685:12
     |
1685 |     pub fn new_with_panes_layout(
     |            ^^^^^^^^^^^^^^^^^^^^^
help: remove the extra argument
     |
 234 -                 user_default_shell_changed_banner_dismissal_model_handle,
 235 -                 ServerApiProvider::as_ref(ctx).get(),
 234 +                 user_default_shell_changed_banner_dismissal_model_handle,
     |

error[E0282]: type annotations needed
   --> app/src/pane_group/mod_tests.rs:379:55
    |
379 |     BlocklistAIHistoryModel::handle(ctx).update(ctx, |history_model, ctx| {
    |                                                       ^^^^^^^^^^^^^
380 |         history_model.start_new_conversation(terminal_view_id, false, false, false, ctx)
    |         ------------- type must be known at this point
    |
help: consider giving this closure parameter an explicit type
    |
379 |     BlocklistAIHistoryModel::handle(ctx).update(ctx, |history_model: /* Type */, ctx| {
    |                                                                    ++++++++++++

error[E0282]: type annotations needed
   --> app/src/pane_group/mod_tests.rs:390:55
    |
390 |     BlocklistAIHistoryModel::handle(ctx).update(ctx, |history_model, ctx| {
    |                                                       ^^^^^^^^^^^^^
391 |         history_model.restore_conversations(terminal_view_id, vec![conversation], ctx);
    |         ------------- type must be known at this point
    |
help: consider giving this closure parameter an explicit type
    |
390 |     BlocklistAIHistoryModel::handle(ctx).update(ctx, |history_model: /* Type */, ctx| {
    |                                                                    ++++++++++++

error[E0599]: no method named `enter_agent_view_for_conversation` found for mutable reference `&mut terminal::view::TerminalView` in the current scope
   --> app/src/pane_group/mod_tests.rs:492:27
    |
492 |             terminal_view.enter_agent_view_for_conversation(
    |             --------------^^^^^^^^^^^^^^^^^^^^^^^^^^^^^^^^^ method not found in `&mut terminal::view::TerminalView`

error: unused variable: `me`
   --> app/src/code_review/git_dialog/commit.rs:372:5
    |
372 |     me: &GitDialog,
    |     ^^ help: if this is intentional, prefix it with an underscore: `_me`

error: unused variable: `operation`
   --> app/src/code_review/git_dialog/commit.rs:377:9
    |
377 |     let operation = match intent {
    |         ^^^^^^^^^ help: if this is intentional, prefix it with an underscore: `_operation`

error: unused variable: `status`
   --> app/src/code_review/git_dialog/commit.rs:382:10
    |
382 |     let (status, error) = match &result {
    |          ^^^^^^ help: if this is intentional, prefix it with an underscore: `_status`

error: unused variable: `error`
   --> app/src/code_review/git_dialog/commit.rs:382:18
    |
382 |     let (status, error) = match &result {
    |                  ^^^^^ help: if this is intentional, prefix it with an underscore: `_error`

error: unused variable: `me`
   --> app/src/code_review/git_dialog/pr.rs:133:5
    |
133 |     me: &GitDialog,
    |     ^^ help: if this is intentional, prefix it with an underscore: `_me`

error: unused variable: `status`
   --> app/src/code_review/git_dialog/pr.rs:137:10
    |
137 |     let (status, error) = match &result {
    |          ^^^^^^ help: if this is intentional, prefix it with an underscore: `_status`

error: unused variable: `error`
   --> app/src/code_review/git_dialog/pr.rs:137:18
    |
137 |     let (status, error) = match &result {
    |                  ^^^^^ help: if this is intentional, prefix it with an underscore: `_error`

error: unused variable: `me`
   --> app/src/code_review/git_dialog/push.rs:115:5
    |
115 |     me: &GitDialog,
    |     ^^ help: if this is intentional, prefix it with an underscore: `_me`

error: unused variable: `status`
   --> app/src/code_review/git_dialog/push.rs:120:10
    |
120 |     let (status, error) = match &result {
    |          ^^^^^^ help: if this is intentional, prefix it with an underscore: `_status`

error: unused variable: `error`
   --> app/src/code_review/git_dialog/push.rs:120:18
    |
120 |     let (status, error) = match &result {
    |                  ^^^^^ help: if this is intentional, prefix it with an underscore: `_error`

error[E0061]: this method takes 4 arguments but 6 arguments were supplied
    --> app/src/pane_group/mod_tests.rs:505:44
     |
 505 |     let (pane_data, terminal_view) = panes.create_terminal_pane_data(
     |                                            ^^^^^^^^^^^^^^^^^^^^^^^^^
...
 509 |         None,
     |         ---- unexpected argument #4 of type `std::option::Option<_>`
 510 |         None,
     |         ---- unexpected argument #5 of type `std::option::Option<_>`
     |
note: method defined here
    --> app/src/pane_group/mod.rs:3262:8
     |
3262 |     fn create_terminal_pane_data(
     |        ^^^^^^^^^^^^^^^^^^^^^^^^^
help: remove the extra arguments
     |
 508 -         IsSharedSessionCreator::No,
 509 -         None,
 508 +         IsSharedSessionCreator::No,
     |

error: unused variable: `operation`
   --> app/src/code_review/git_dialog/mod.rs:866:25
    |
866 |                     let operation = match &self.mode {
    |                         ^^^^^^^^^ help: if this is intentional, prefix it with an underscore: `_operation`

error: unused variable: `is_local`
   --> app/src/code_review/git_dialog/mod.rs:886:25
    |
886 |                     let is_local = !self.repo_location.is_remote();
    |                         ^^^^^^^^ help: if this is intentional, prefix it with an underscore: `_is_local`

error[E0599]: no method named `enter_agent_view_for_conversation` found for mutable reference `&mut terminal::view::TerminalView` in the current scope
   --> app/src/pane_group/mod_tests.rs:523:23
    |
523 |         terminal_view.enter_agent_view_for_conversation(
    |         --------------^^^^^^^^^^^^^^^^^^^^^^^^^^^^^^^^^ method not found in `&mut terminal::view::TerminalView`

error: unused variable: `has_no_changes`
   --> app/src/code_review/code_review_header/mod.rs:118:13
    |
118 |         let has_no_changes = state.to_diff_stats().has_no_changes();
    |             ^^^^^^^^^^^^^^ help: if this is intentional, prefix it with an underscore: `_has_no_changes`

error: unused variable: `has_no_changes`
   --> app/src/code_review/code_review_header/mod.rs:196:13
    |
196 |         let has_no_changes = state.to_diff_stats().has_no_changes();
    |             ^^^^^^^^^^^^^^ help: if this is intentional, prefix it with an underscore: `_has_no_changes`

error[E0599]: no method named `ai_controller` found for reference `&terminal::view::TerminalView` in the current scope
   --> app/src/pane_group/mod_tests.rs:542:51
    |
542 |     let ai_controller = terminal_view.as_ref(ctx).ai_controller().clone();
    |                                                   ^^^^^^^^^^^^^ method not found in `&terminal::view::TerminalView`

error[E0282]: type annotations needed
   --> app/src/pane_group/mod_tests.rs:544:32
    |
544 |     ai_controller.update(ctx, |controller, _| controller.get_ambient_agent_task_id())
    |                                ^^^^^^^^^^     ---------- type must be known at this point
    |
help: consider giving this closure parameter an explicit type
    |
544 |     ai_controller.update(ctx, |controller: /* Type */, _| controller.get_ambient_agent_task_id())
    |                                          ++++++++++++

error[E0599]: no method named `insert_terminal_pane_hidden_for_child_agent` found for mutable reference `&mut pane_group::PaneGroup` in the current scope
    --> app/src/pane_group/mod_tests.rs:681:39
     |
 681 |             let child_pane_id = panes.insert_terminal_pane_hidden_for_child_agent(
     |                                 ------^^^^^^^^^^^^^^^^^^^^^^^^^^^^^^^^^^^^^^^^^^^
     |
help: there is a method `is_pane_hidden_for_close` with a similar name, but with different arguments
    --> app/src/pane_group/mod.rs:2153:5
     |
2153 |     pub fn is_pane_hidden_for_close(&self, pane_id: PaneId) -> bool {
     |     ^^^^^^^^^^^^^^^^^^^^^^^^^^^^^^^^^^^^^^^^^^^^^^^^^^^^^^^^^^^^^^^

error[E0609]: no field `child_agent_panes` on type `&mut pane_group::PaneGroup`
   --> app/src/pane_group/mod_tests.rs:742:18
    |
742 |                 .child_agent_panes
    |                  ^^^^^^^^^^^^^^^^^ unknown field
    |
    = note: available fields are: `tips_completed`, `user_default_shell_unsupported_banner_model_handle`, `model_event_sender`, `panes`, `focus_state` ... and 7 others

error[E0599]: no method named `swap_active_pane_to_conversation` found for mutable reference `&mut pane_group::PaneGroup` in the current scope
    --> app/src/pane_group/mod_tests.rs:750:19
     |
 750 |             panes.swap_active_pane_to_conversation(parent_pane_id, child.conversation_id, ctx);
     |                   ^^^^^^^^^^^^^^^^^^^^^^^^^^^^^^^^
     |
help: there is a method `close_active_pane_with_confirmation` with a similar name, but with different arguments
    --> app/src/pane_group/mod.rs:2474:5
     |
2474 |     fn close_active_pane_with_confirmation(&mut self, ctx: &mut ViewContext<Self>) {
     |     ^^^^^^^^^^^^^^^^^^^^^^^^^^^^^^^^^^^^^^^^^^^^^^^^^^^^^^^^^^^^^^^^^^^^^^^^^^^^^^

error[E0599]: no method named `insert_ambient_agent_pane_hidden_for_child_agent` found for mutable reference `&mut pane_group::PaneGroup` in the current scope
    --> app/src/pane_group/mod_tests.rs:770:23
     |
 770 |                 panes.insert_ambient_agent_pane_hidden_for_child_agent(parent_pane_id, ctx);
     |                       ^^^^^^^^^^^^^^^^^^^^^^^^^^^^^^^^^^^^^^^^^^^^^^^^
     |
help: there is a method `is_pane_hidden_for_close` with a similar name, but with different arguments
    --> app/src/pane_group/mod.rs:2153:5
     |
2153 |     pub fn is_pane_hidden_for_close(&self, pane_id: PaneId) -> bool {
     |     ^^^^^^^^^^^^^^^^^^^^^^^^^^^^^^^^^^^^^^^^^^^^^^^^^^^^^^^^^^^^^^^

error[E0599]: no method named `is_initial_conversation_details_panel_auto_open_suppressed_for_test` found for reference `&terminal::view::TerminalView` in the current scope
   --> app/src/pane_group/mod_tests.rs:778:22
    |
776 | /                 terminal_view
777 | |                     .as_ref(ctx)
778 | |                     .is_initial_conversation_details_panel_auto_open_suppressed_for_test(),
    | |                     -^^^^^^^^^^^^^^^^^^^^^^^^^^^^^^^^^^^^^^^^^^^^^^^^^^^^^^^^^^^^^^^^^^^ method not found in `&terminal::view::TerminalView`
    | |_____________________|
    |

error[E0609]: no field `child_agent_panes` on type `&mut pane_group::PaneGroup`
   --> app/src/pane_group/mod_tests.rs:815:18
    |
815 |                 .child_agent_panes
    |                  ^^^^^^^^^^^^^^^^^ unknown field
    |
    = note: available fields are: `tips_completed`, `user_default_shell_unsupported_banner_model_handle`, `model_event_sender`, `panes`, `focus_state` ... and 7 others

error[E0599]: no method named `create_hidden_child_agent_pane` found for mutable reference `&mut pane_group::PaneGroup` in the current scope
    --> app/src/pane_group/mod_tests.rs:844:19
     |
 844 |             panes.create_hidden_child_agent_pane(child_conversation, parent_pane_id, ctx);
     |                   ^^^^^^^^^^^^^^^^^^^^^^^^^^^^^^
     |
help: there is a method `clear_hidden_closed_panes` with a similar name, but with different arguments
    --> app/src/pane_group/mod.rs:2597:5
     |
2597 |     fn clear_hidden_closed_panes(&mut self, ctx: &mut ViewContext<Self>) {
     |     ^^^^^^^^^^^^^^^^^^^^^^^^^^^^^^^^^^^^^^^^^^^^^^^^^^^^^^^^^^^^^^^^^^^^

error[E0609]: no field `child_agent_panes` on type `&mut pane_group::PaneGroup`
   --> app/src/pane_group/mod_tests.rs:847:18
    |
847 |                 .child_agent_panes
    |                  ^^^^^^^^^^^^^^^^^ unknown field
    |
    = note: available fields are: `tips_completed`, `user_default_shell_unsupported_banner_model_handle`, `model_event_sender`, `panes`, `focus_state` ... and 7 others

error[E0599]: no method named `create_hidden_child_agent_pane` found for mutable reference `&mut pane_group::PaneGroup` in the current scope
    --> app/src/pane_group/mod_tests.rs:891:19
     |
 891 |             panes.create_hidden_child_agent_pane(child_conversation, parent_pane_id, ctx);
     |                   ^^^^^^^^^^^^^^^^^^^^^^^^^^^^^^
     |
help: there is a method `clear_hidden_closed_panes` with a similar name, but with different arguments
    --> app/src/pane_group/mod.rs:2597:5
     |
2597 |     fn clear_hidden_closed_panes(&mut self, ctx: &mut ViewContext<Self>) {
     |     ^^^^^^^^^^^^^^^^^^^^^^^^^^^^^^^^^^^^^^^^^^^^^^^^^^^^^^^^^^^^^^^^^^^^

error[E0609]: no field `child_agent_panes` on type `&mut pane_group::PaneGroup`
   --> app/src/pane_group/mod_tests.rs:894:18
    |
894 |                 .child_agent_panes
    |                  ^^^^^^^^^^^^^^^^^ unknown field
    |
    = note: available fields are: `tips_completed`, `user_default_shell_unsupported_banner_model_handle`, `model_event_sender`, `panes`, `focus_state` ... and 7 others

error[E0609]: no field `child_agent_panes` on type `&mut pane_group::PaneGroup`
   --> app/src/pane_group/mod_tests.rs:901:23
    |
901 |                 panes.child_agent_panes.contains_key(&child_conversation_id),
    |                       ^^^^^^^^^^^^^^^^^ unknown field
    |
    = note: available fields are: `tips_completed`, `user_default_shell_unsupported_banner_model_handle`, `model_event_sender`, `panes`, `focus_state` ... and 7 others

error[E0599]: no method named `ambient_agent_view_model` found for reference `&terminal::view::TerminalView` in the current scope
   --> app/src/pane_group/mod_tests.rs:912:26
    |
912 |             assert!(view.ambient_agent_view_model().is_none());
    |                          ^^^^^^^^^^^^^^^^^^^^^^^^ method not found in `&terminal::view::TerminalView`

error[E0599]: no method named `has_agent_view_zero_state_for_test` found for reference `&terminal::view::TerminalView` in the current scope
   --> app/src/pane_group/mod_tests.rs:914:23
    |
914 |                 !view.has_agent_view_zero_state_for_test(),
    |                       ^^^^^^^^^^^^^^^^^^^^^^^^^^^^^^^^^^ method not found in `&terminal::view::TerminalView`

error[E0599]: no method named `active_conversation_id` found for reference `&terminal::view::TerminalView` in the current scope
   --> app/src/pane_group/mod_tests.rs:918:22
    |
918 |                 view.active_conversation_id(ctx),
    |                      ^^^^^^^^^^^^^^^^^^^^^^
    |
help: there is a method `active_session` with a similar name
    |
918 -                 view.active_conversation_id(ctx),
918 +                 view.active_session(ctx),
    |

error[E0599]: no method named `is_conversation_transcript_viewer` found for struct `MutexGuard<'_, RawFairMutex, TerminalModel>` in the current scope
   --> app/src/pane_group/mod_tests.rs:922:27
    |
922 |             assert!(model.is_conversation_transcript_viewer());
    |                           ^^^^^^^^^^^^^^^^^^^^^^^^^^^^^^^^^ method not found in `MutexGuard<'_, RawFairMutex, TerminalModel>`
    |
    = note: the full name for the type has been written to '/Users/tedczj/workspace/term4u/target/debug/deps/warp-c5e1319456860fee.long-type-5559020334513068478.txt'
    = note: consider using `--verbose` to print the full type name to the console

error[E0599]: no method named `conversation_transcript_viewer_status` found for struct `MutexGuard<'_, RawFairMutex, TerminalModel>` in the current scope
   --> app/src/pane_group/mod_tests.rs:925:23
    |
925 |                 model.conversation_transcript_viewer_status(),
    |                       ^^^^^^^^^^^^^^^^^^^^^^^^^^^^^^^^^^^^^ method not found in `MutexGuard<'_, RawFairMutex, TerminalModel>`
    |
    = note: the full name for the type has been written to '/Users/tedczj/workspace/term4u/target/debug/deps/warp-c5e1319456860fee.long-type-5559020334513068478.txt'
    = note: consider using `--verbose` to print the full type name to the console

error[E0282]: type annotations needed
   --> app/src/pane_group/mod_tests.rs:953:63
    |
953 |             AgentConversationsModel::handle(ctx).update(ctx, |model, _| {
    |                                                               ^^^^^
954 |                 model.insert_task_for_test(task);
    |                 ----- type must be known at this point
    |
help: consider giving this closure parameter an explicit type
    |
953 |             AgentConversationsModel::handle(ctx).update(ctx, |model: /* Type */, _| {
    |                                                                    ++++++++++++

error: unused variable: `memory_breakdown`
   --> app/src/system/info.rs:219:13
    |
219 |         let memory_breakdown = memory_footprint::memory_breakdown();
    |             ^^^^^^^^^^^^^^^^ help: if this is intentional, prefix it with an underscore: `_memory_breakdown`

error: unused variable: `total_application_usage_bytes`
   --> app/src/system/info.rs:234:13
    |
234 |         let total_application_usage_bytes = rss.as_u64();
    |             ^^^^^^^^^^^^^^^^^^^^^^^^^^^^^ help: if this is intentional, prefix it with an underscore: `_total_application_usage_bytes`

error[E0599]: no method named `create_hidden_child_agent_pane` found for mutable reference `&mut pane_group::PaneGroup` in the current scope
    --> app/src/pane_group/mod_tests.rs:963:19
     |
 963 |             panes.create_hidden_child_agent_pane(child_conversation, parent_pane_id, ctx);
     |                   ^^^^^^^^^^^^^^^^^^^^^^^^^^^^^^
     |
help: there is a method `clear_hidden_closed_panes` with a similar name, but with different arguments
    --> app/src/pane_group/mod.rs:2597:5
     |
2597 |     fn clear_hidden_closed_panes(&mut self, ctx: &mut ViewContext<Self>) {
     |     ^^^^^^^^^^^^^^^^^^^^^^^^^^^^^^^^^^^^^^^^^^^^^^^^^^^^^^^^^^^^^^^^^^^^

error: unused variable: `cpu_usage_stats`
   --> app/src/system/info.rs:379:13
    |
379 |         let cpu_usage_stats = Self::compute_cpu_usage_stats(samples);
    |             ^^^^^^^^^^^^^^^ help: if this is intentional, prefix it with an underscore: `_cpu_usage_stats`

error: unused variable: `memory_usage_stats`
   --> app/src/system/info.rs:380:13
    |
380 |         let memory_usage_stats = Self::compute_memory_usage_stats(total_application_usage, ctx);
    |             ^^^^^^^^^^^^^^^^^^ help: if this is intentional, prefix it with an underscore: `_memory_usage_stats`

error[E0609]: no field `child_agent_panes` on type `&mut pane_group::PaneGroup`
   --> app/src/pane_group/mod_tests.rs:966:18
    |
966 |                 .child_agent_panes
    |                  ^^^^^^^^^^^^^^^^^ unknown field
    |
    = note: available fields are: `tips_completed`, `user_default_shell_unsupported_banner_model_handle`, `model_event_sender`, `panes`, `focus_state` ... and 7 others

error[E0599]: no method named `active_conversation_id` found for reference `&terminal::view::TerminalView` in the current scope
   --> app/src/pane_group/mod_tests.rs:975:22
    |
975 |                 view.active_conversation_id(ctx),
    |                      ^^^^^^^^^^^^^^^^^^^^^^
    |
help: there is a method `active_session` with a similar name
    |
975 -                 view.active_conversation_id(ctx),
975 +                 view.active_session(ctx),
    |

error[E0599]: no method named `ambient_agent_view_model` found for reference `&terminal::view::TerminalView` in the current scope
   --> app/src/pane_group/mod_tests.rs:979:22
    |
979 |                 view.ambient_agent_view_model().is_none(),
    |                      ^^^^^^^^^^^^^^^^^^^^^^^^ method not found in `&terminal::view::TerminalView`

error[E0599]: no method named `has_agent_view_zero_state_for_test` found for reference `&terminal::view::TerminalView` in the current scope
   --> app/src/pane_group/mod_tests.rs:983:23
    |
983 |                 !view.has_agent_view_zero_state_for_test(),
    |                       ^^^^^^^^^^^^^^^^^^^^^^^^^^^^^^^^^^ method not found in `&terminal::view::TerminalView`

error[E0599]: no method named `is_conversation_transcript_viewer` found for struct `MutexGuard<'_, RawFairMutex, TerminalModel>` in the current scope
   --> app/src/pane_group/mod_tests.rs:987:27
    |
987 |             assert!(model.is_conversation_transcript_viewer());
    |                           ^^^^^^^^^^^^^^^^^^^^^^^^^^^^^^^^^ method not found in `MutexGuard<'_, RawFairMutex, TerminalModel>`
    |
    = note: the full name for the type has been written to '/Users/tedczj/workspace/term4u/target/debug/deps/warp-c5e1319456860fee.long-type-7230423752130993366.txt'
    = note: consider using `--verbose` to print the full type name to the console

error[E0599]: no method named `conversation_transcript_viewer_status` found for struct `MutexGuard<'_, RawFairMutex, TerminalModel>` in the current scope
   --> app/src/pane_group/mod_tests.rs:990:23
    |
990 |                 model.conversation_transcript_viewer_status(),
    |                       ^^^^^^^^^^^^^^^^^^^^^^^^^^^^^^^^^^^^^ method not found in `MutexGuard<'_, RawFairMutex, TerminalModel>`
    |
    = note: the full name for the type has been written to '/Users/tedczj/workspace/term4u/target/debug/deps/warp-c5e1319456860fee.long-type-7230423752130993366.txt'
    = note: consider using `--verbose` to print the full type name to the console

error[E0282]: type annotations needed
    --> app/src/pane_group/mod_tests.rs:1013:63
     |
1013 |             AgentConversationsModel::handle(ctx).update(ctx, |model, _| {
     |                                                               ^^^^^
1014 |                 model.insert_task_for_test(pending_task);
     |                 ----- type must be known at this point
     |
help: consider giving this closure parameter an explicit type
     |
1013 |             AgentConversationsModel::handle(ctx).update(ctx, |model: /* Type */, _| {
     |                                                                    ++++++++++++

error: unused variable: `app`
  --> app/src/util/tooltips.rs:65:5
   |
65 |     app: &AppContext,
   |     ^^^ help: if this is intentional, prefix it with an underscore: `_app`

error[E0599]: no method named `create_hidden_child_agent_pane` found for mutable reference `&mut pane_group::PaneGroup` in the current scope
    --> app/src/pane_group/mod_tests.rs:1022:19
     |
1022 |             panes.create_hidden_child_agent_pane(child_conversation, parent_pane_id, ctx);
     |                   ^^^^^^^^^^^^^^^^^^^^^^^^^^^^^^
     |
help: there is a method `clear_hidden_closed_panes` with a similar name, but with different arguments
    --> app/src/pane_group/mod.rs:2597:5
     |
2597 |     fn clear_hidden_closed_panes(&mut self, ctx: &mut ViewContext<Self>) {
     |     ^^^^^^^^^^^^^^^^^^^^^^^^^^^^^^^^^^^^^^^^^^^^^^^^^^^^^^^^^^^^^^^^^^^^

error[E0609]: no field `child_agent_panes` on type `&mut pane_group::PaneGroup`
    --> app/src/pane_group/mod_tests.rs:1023:33
     |
1023 |             let pane_id = panes.child_agent_panes[&child_id];
     |                                 ^^^^^^^^^^^^^^^^^ unknown field
     |
     = note: available fields are: `tips_completed`, `user_default_shell_unsupported_banner_model_handle`, `model_event_sender`, `panes`, `focus_state` ... and 7 others

error: unused variable: `app`
   --> app/src/view_components/compactible_action_button.rs:229:5
    |
229 |     app: &AppContext,
    |     ^^^ help: if this is intentional, prefix it with an underscore: `_app`

error[E0599]: no method named `recover_viewer_child_join_failure` found for mutable reference `&mut pane_group::PaneGroup` in the current scope
    --> app/src/pane_group/mod_tests.rs:1025:19
     |
1025 |             panes.recover_viewer_child_join_failure(pane_id, child_id, failed_session_id, ctx);
     |                   ^^^^^^^^^^^^^^^^^^^^^^^^^^^^^^^^^ method not found in `&mut pane_group::PaneGroup`

error[E0282]: type annotations needed
    --> app/src/pane_group/mod_tests.rs:1031:63
     |
1031 |             AgentConversationsModel::handle(ctx).update(ctx, |model, _| {
     |                                                               ^^^^^
1032 |                 model.insert_task_for_test(running_task);
     |                 ----- type must be known at this point
     |
help: consider giving this closure parameter an explicit type
     |
1031 |             AgentConversationsModel::handle(ctx).update(ctx, |model: /* Type */, _| {
     |                                                                    ++++++++++++

error[E0599]: no method named `process_pending_child_hydrations` found for mutable reference `&mut pane_group::PaneGroup` in the current scope
    --> app/src/pane_group/mod_tests.rs:1034:19
     |
1034 |             panes.process_pending_child_hydrations(ctx);
     |                   ^^^^^^^^^^^^^^^^^^^^^^^^^^^^^^^^ method not found in `&mut pane_group::PaneGroup`

error[E0609]: no field `child_agent_panes` on type `&mut pane_group::PaneGroup`
    --> app/src/pane_group/mod_tests.rs:1036:30
     |
1036 |             assert_eq!(panes.child_agent_panes[&child_id], pane_id);
     |                              ^^^^^^^^^^^^^^^^^ unknown field
     |
     = note: available fields are: `tips_completed`, `user_default_shell_unsupported_banner_model_handle`, `model_event_sender`, `panes`, `focus_state` ... and 7 others

error[E0609]: no field `failed_viewer_child_sessions` on type `&mut pane_group::PaneGroup`
    --> app/src/pane_group/mod_tests.rs:1038:23
     |
1038 |                 panes.failed_viewer_child_sessions.get(&child_id),
     |                       ^^^^^^^^^^^^^^^^^^^^^^^^^^^^ unknown field
     |
     = note: available fields are: `tips_completed`, `user_default_shell_unsupported_banner_model_handle`, `model_event_sender`, `panes`, `focus_state` ... and 7 others

error[E0609]: no field `pending_child_hydrations` on type `&mut pane_group::PaneGroup`
    --> app/src/pane_group/mod_tests.rs:1042:23
     |
1042 |                 panes.pending_child_hydrations.get(&task_id),
     |                       ^^^^^^^^^^^^^^^^^^^^^^^^ unknown field
     |
     = note: available fields are: `tips_completed`, `user_default_shell_unsupported_banner_model_handle`, `model_event_sender`, `panes`, `focus_state` ... and 7 others

error[E0599]: no method named `is_orchestration_child_live_unavailable_for_test` found for reference `&terminal::view::TerminalView` in the current scope
    --> app/src/pane_group/mod_tests.rs:1050:22
     |
1049 | /                 view.as_ref(ctx)
1050 | |                     .is_orchestration_child_live_unavailable_for_test(),
     | |                     -^^^^^^^^^^^^^^^^^^^^^^^^^^^^^^^^^^^^^^^^^^^^^^^^ method not found in `&terminal::view::TerminalView`
     | |_____________________|
     |

error[E0282]: type annotations needed
    --> app/src/pane_group/mod_tests.rs:1119:63
     |
1119 |             BlocklistAIHistoryModel::handle(ctx).update(ctx, |history, ctx| {
     |                                                               ^^^^^^^
1120 |                 history.restore_conversations(
     |                 ------- type must be known at this point
     |
help: consider giving this closure parameter an explicit type
     |
1119 |             BlocklistAIHistoryModel::handle(ctx).update(ctx, |history: /* Type */, ctx| {
     |                                                                      ++++++++++++

error[E0282]: type annotations needed
    --> app/src/pane_group/mod_tests.rs:1186:22
     |
1186 |                 Some(child_agent_name.as_str()),
     |                      ^^^^^^^^^^^^^^^^ cannot infer type

error[E0609]: no field `child_agent_panes` on type `&pane_group::PaneGroup`
    --> app/src/pane_group/mod_tests.rs:1205:24
     |
1205 |                 !panes.child_agent_panes.contains_key(&child_conversation_id),
     |                        ^^^^^^^^^^^^^^^^^ unknown field
     |
     = note: available fields are: `tips_completed`, `user_default_shell_unsupported_banner_model_handle`, `model_event_sender`, `panes`, `focus_state` ... and 7 others

error[E0609]: no field `child_agent_panes` on type `&pane_group::PaneGroup`
    --> app/src/pane_group/mod_tests.rs:1221:18
     |
1221 |                 .child_agent_panes
     |                  ^^^^^^^^^^^^^^^^^ unknown field
     |
     = note: available fields are: `tips_completed`, `user_default_shell_unsupported_banner_model_handle`, `model_event_sender`, `panes`, `focus_state` ... and 7 others

error[E0599]: no method named `seed_child_conversations_from_task` found for mutable reference `&mut pane_group::PaneGroup` in the current scope
    --> app/src/pane_group/mod_tests.rs:1255:19
     |
1255 |             panes.seed_child_conversations_from_task(parent_conversation_id, parent_task_id, ctx);
     |                   ^^^^^^^^^^^^^^^^^^^^^^^^^^^^^^^^^^ method not found in `&mut pane_group::PaneGroup`

error[E0599]: no method named `seed_child_conversations_from_task` found for mutable reference `&mut pane_group::PaneGroup` in the current scope
    --> app/src/pane_group/mod_tests.rs:1256:19
     |
1256 |             panes.seed_child_conversations_from_task(parent_conversation_id, parent_task_id, ctx);
     |                   ^^^^^^^^^^^^^^^^^^^^^^^^^^^^^^^^^^ method not found in `&mut pane_group::PaneGroup`

error[E0599]: no method named `process_pending_parent_child_seeds` found for mutable reference `&mut pane_group::PaneGroup` in the current scope
    --> app/src/pane_group/mod_tests.rs:1257:19
     |
1257 |             panes.process_pending_parent_child_seeds(ctx);
     |                   ^^^^^^^^^^^^^^^^^^^^^^^^^^^^^^^^^^ method not found in `&mut pane_group::PaneGroup`

error[E0599]: no method named `process_pending_parent_child_seeds` found for mutable reference `&mut pane_group::PaneGroup` in the current scope
    --> app/src/pane_group/mod_tests.rs:1258:19
     |
1258 |             panes.process_pending_parent_child_seeds(ctx);
     |                   ^^^^^^^^^^^^^^^^^^^^^^^^^^^^^^^^^^ method not found in `&mut pane_group::PaneGroup`

error[E0609]: no field `parent_child_seed_fetch_dispatch_count` on type `&mut pane_group::PaneGroup`
    --> app/src/pane_group/mod_tests.rs:1261:23
     |
1261 |                 panes.parent_child_seed_fetch_dispatch_count, 1,
     |                       ^^^^^^^^^^^^^^^^^^^^^^^^^^^^^^^^^^^^^^ unknown field
     |
     = note: available fields are: `tips_completed`, `user_default_shell_unsupported_banner_model_handle`, `model_event_sender`, `panes`, `focus_state` ... and 7 others

error[E0609]: no field `pending_parent_child_seeds` on type `&mut pane_group::PaneGroup`
    --> app/src/pane_group/mod_tests.rs:1267:22
     |
1267 |                     .pending_parent_child_seeds
     |                      ^^^^^^^^^^^^^^^^^^^^^^^^^^ unknown field
     |
     = note: available fields are: `tips_completed`, `user_default_shell_unsupported_banner_model_handle`, `model_event_sender`, `panes`, `focus_state` ... and 7 others

error[E0282]: type annotations needed
    --> app/src/pane_group/mod_tests.rs:1293:63
     |
1293 |             AgentConversationsModel::handle(ctx).update(ctx, |model, _| {
     |                                                               ^^^^^
1294 |                 model.insert_task_for_test(ambient_agent_task_for_current_user(child_task_id));
     |                 ----- type must be known at this point
     |
help: consider giving this closure parameter an explicit type
     |
1293 |             AgentConversationsModel::handle(ctx).update(ctx, |model: /* Type */, _| {
     |                                                                    ++++++++++++

error[E0599]: no method named `seed_child_conversations_from_task` found for mutable reference `&mut pane_group::PaneGroup` in the current scope
    --> app/src/pane_group/mod_tests.rs:1300:19
     |
1300 |             panes.seed_child_conversations_from_task(parent_conversation_id, parent_task_id, ctx);
     |                   ^^^^^^^^^^^^^^^^^^^^^^^^^^^^^^^^^^ method not found in `&mut pane_group::PaneGroup`

error[E0609]: no field `pending_parent_child_seeds` on type `&mut pane_group::PaneGroup`
    --> app/src/pane_group/mod_tests.rs:1306:18
     |
1306 |                 .pending_parent_child_seeds
     |                  ^^^^^^^^^^^^^^^^^^^^^^^^^^ unknown field
     |
     = note: available fields are: `tips_completed`, `user_default_shell_unsupported_banner_model_handle`, `model_event_sender`, `panes`, `focus_state` ... and 7 others

error[E0599]: no method named `finish_seed_child_conversations_from_task` found for mutable reference `&mut pane_group::PaneGroup` in the current scope
    --> app/src/pane_group/mod_tests.rs:1311:19
     |
1311 |             panes.finish_seed_child_conversations_from_task(
     |             ------^^^^^^^^^^^^^^^^^^^^^^^^^^^^^^^^^^^^^^^^^ method not found in `&mut pane_group::PaneGroup`

error[E0609]: no field `pending_parent_child_seeds` on type `&mut pane_group::PaneGroup`
    --> app/src/pane_group/mod_tests.rs:1320:22
     |
1320 |                     .pending_parent_child_seeds
     |                      ^^^^^^^^^^^^^^^^^^^^^^^^^^ unknown field
     |
     = note: available fields are: `tips_completed`, `user_default_shell_unsupported_banner_model_handle`, `model_event_sender`, `panes`, `focus_state` ... and 7 others

error[E0599]: no method named `seed_child_conversations_from_task` found for mutable reference `&mut pane_group::PaneGroup` in the current scope
    --> app/src/pane_group/mod_tests.rs:1357:19
     |
1357 |             panes.seed_child_conversations_from_task(parent_conversation_id, parent_task_id, ctx);
     |                   ^^^^^^^^^^^^^^^^^^^^^^^^^^^^^^^^^^ method not found in `&mut pane_group::PaneGroup`

error[E0599]: no method named `finish_seed_child_conversations_from_task` found for mutable reference `&mut pane_group::PaneGroup` in the current scope
    --> app/src/pane_group/mod_tests.rs:1361:19
     |
1361 |             panes.finish_seed_child_conversations_from_task(
     |             ------^^^^^^^^^^^^^^^^^^^^^^^^^^^^^^^^^^^^^^^^^ method not found in `&mut pane_group::PaneGroup`

error[E0609]: no field `pending_parent_child_seeds` on type `&mut pane_group::PaneGroup`
    --> app/src/pane_group/mod_tests.rs:1370:22
     |
1370 |                     .pending_parent_child_seeds
     |                      ^^^^^^^^^^^^^^^^^^^^^^^^^^ unknown field
     |
     = note: available fields are: `tips_completed`, `user_default_shell_unsupported_banner_model_handle`, `model_event_sender`, `panes`, `focus_state` ... and 7 others

error[E0609]: no field `pending_parent_child_seeds` on type `&mut pane_group::PaneGroup`
    --> app/src/pane_group/mod_tests.rs:1381:18
     |
1381 |                 .pending_parent_child_seeds
     |                  ^^^^^^^^^^^^^^^^^^^^^^^^^^ unknown field
     |
     = note: available fields are: `tips_completed`, `user_default_shell_unsupported_banner_model_handle`, `model_event_sender`, `panes`, `focus_state` ... and 7 others

error[E0609]: no field `parent_child_seed_fetch_dispatch_count` on type `&mut pane_group::PaneGroup`
    --> app/src/pane_group/mod_tests.rs:1388:47
     |
1388 |             let dispatch_count_before = panes.parent_child_seed_fetch_dispatch_count;
     |                                               ^^^^^^^^^^^^^^^^^^^^^^^^^^^^^^^^^^^^^^ unknown field
     |
     = note: available fields are: `tips_completed`, `user_default_shell_unsupported_banner_model_handle`, `model_event_sender`, `panes`, `focus_state` ... and 7 others

error[E0599]: no method named `process_pending_parent_child_seeds` found for mutable reference `&mut pane_group::PaneGroup` in the current scope
    --> app/src/pane_group/mod_tests.rs:1389:19
     |
1389 |             panes.process_pending_parent_child_seeds(ctx);
     |                   ^^^^^^^^^^^^^^^^^^^^^^^^^^^^^^^^^^ method not found in `&mut pane_group::PaneGroup`

error[E0609]: no field `parent_child_seed_fetch_dispatch_count` on type `&mut pane_group::PaneGroup`
    --> app/src/pane_group/mod_tests.rs:1391:23
     |
1391 |                 panes.parent_child_seed_fetch_dispatch_count,
     |                       ^^^^^^^^^^^^^^^^^^^^^^^^^^^^^^^^^^^^^^ unknown field
     |
     = note: available fields are: `tips_completed`, `user_default_shell_unsupported_banner_model_handle`, `model_event_sender`, `panes`, `focus_state` ... and 7 others

error[E0599]: no method named `seed_child_conversations_from_task` found for mutable reference `&mut pane_group::PaneGroup` in the current scope
    --> app/src/pane_group/mod_tests.rs:1415:19
     |
1415 |             panes.seed_child_conversations_from_task(parent_conversation_id, parent_task_id, ctx);
     |                   ^^^^^^^^^^^^^^^^^^^^^^^^^^^^^^^^^^ method not found in `&mut pane_group::PaneGroup`

error[E0609]: no field `pending_parent_child_seeds` on type `&mut pane_group::PaneGroup`
    --> app/src/pane_group/mod_tests.rs:1419:18
     |
1419 |                 .pending_parent_child_seeds
     |                  ^^^^^^^^^^^^^^^^^^^^^^^^^^ unknown field
     |
     = note: available fields are: `tips_completed`, `user_default_shell_unsupported_banner_model_handle`, `model_event_sender`, `panes`, `focus_state` ... and 7 others

error: unused variable: `ctx`
    --> app/src/editor/view/mod.rs:7322:31
     |
7322 |     fn render_controls(&self, ctx: &AppContext) -> Option<Box<dyn Element>> {
     |                               ^^^ help: if this is intentional, prefix it with an underscore: `_ctx`

error[E0599]: no method named `finish_seed_child_conversations_from_task` found for mutable reference `&mut pane_group::PaneGroup` in the current scope
    --> app/src/pane_group/mod_tests.rs:1425:19
     |
1425 |             panes.finish_seed_child_conversations_from_task(
     |             ------^^^^^^^^^^^^^^^^^^^^^^^^^^^^^^^^^^^^^^^^^ method not found in `&mut pane_group::PaneGroup`

error[E0609]: no field `pending_parent_child_seeds` on type `&mut pane_group::PaneGroup`
    --> app/src/pane_group/mod_tests.rs:1433:18
     |
1433 |                 .pending_parent_child_seeds
     |                  ^^^^^^^^^^^^^^^^^^^^^^^^^^ unknown field
     |
     = note: available fields are: `tips_completed`, `user_default_shell_unsupported_banner_model_handle`, `model_event_sender`, `panes`, `focus_state` ... and 7 others

error[E0599]: no method named `seed_child_conversations_from_task` found for mutable reference `&mut pane_group::PaneGroup` in the current scope
    --> app/src/pane_group/mod_tests.rs:1506:19
     |
1506 |             panes.seed_child_conversations_from_task(parent_conversation_id, parent_task_id, ctx);
     |                   ^^^^^^^^^^^^^^^^^^^^^^^^^^^^^^^^^^ method not found in `&mut pane_group::PaneGroup`

error[E0599]: no method named `finish_seed_child_conversations_from_task` found for mutable reference `&mut pane_group::PaneGroup` in the current scope
    --> app/src/pane_group/mod_tests.rs:1511:19
     |
1511 |             panes.finish_seed_child_conversations_from_task(
     |             ------^^^^^^^^^^^^^^^^^^^^^^^^^^^^^^^^^^^^^^^^^ method not found in `&mut pane_group::PaneGroup`

error[E0609]: no field `pending_parent_child_seeds` on type `&mut pane_group::PaneGroup`
    --> app/src/pane_group/mod_tests.rs:1520:22
     |
1520 |                     .pending_parent_child_seeds
     |                      ^^^^^^^^^^^^^^^^^^^^^^^^^^ unknown field
     |
     = note: available fields are: `tips_completed`, `user_default_shell_unsupported_banner_model_handle`, `model_event_sender`, `panes`, `focus_state` ... and 7 others

error[E0609]: no field `pending_parent_child_seeds` on type `&mut pane_group::PaneGroup`
    --> app/src/pane_group/mod_tests.rs:1552:19
     |
1552 |             panes.pending_parent_child_seeds.insert(
     |                   ^^^^^^^^^^^^^^^^^^^^^^^^^^ unknown field
     |
     = note: available fields are: `tips_completed`, `user_default_shell_unsupported_banner_model_handle`, `model_event_sender`, `panes`, `focus_state` ... and 7 others

error[E0599]: no method named `finish_seed_child_conversations_from_task` found for mutable reference `&mut pane_group::PaneGroup` in the current scope
    --> app/src/pane_group/mod_tests.rs:1563:19
     |
1563 |             panes.finish_seed_child_conversations_from_task(
     |             ------^^^^^^^^^^^^^^^^^^^^^^^^^^^^^^^^^^^^^^^^^ method not found in `&mut pane_group::PaneGroup`

error[E0609]: no field `pending_parent_child_seeds` on type `&mut pane_group::PaneGroup`
    --> app/src/pane_group/mod_tests.rs:1572:22
     |
1572 |                     .pending_parent_child_seeds
     |                      ^^^^^^^^^^^^^^^^^^^^^^^^^^ unknown field
     |
     = note: available fields are: `tips_completed`, `user_default_shell_unsupported_banner_model_handle`, `model_event_sender`, `panes`, `focus_state` ... and 7 others

error: unused variable: `ctx`
  --> app/src/pane_group/pane/terminal_pane.rs:69:9
   |
69 |         ctx: &AppContext,
   |         ^^^ help: if this is intentional, prefix it with an underscore: `_ctx`

error: unused variable: `app`
   --> app/src/pane_group/pane/view/header/mod.rs:377:39
    |
377 |     fn render_toolbelt_buttons(&self, app: &AppContext) -> Box<dyn Element> {
    |                                       ^^^ help: if this is intentional, prefix it with an underscore: `_app`

error: variable does not need to be mutable
   --> app/src/pane_group/pane/view/header/mod.rs:434:13
    |
434 |         let mut optional_controls = Flex::row()
    |             ----^^^^^^^^^^^^^^^^^
    |             |
    |             help: remove this `mut`

error[E0599]: no method named `load_data_into_conversation_transcript_viewer` found for mutable reference `&mut pane_group::PaneGroup` in the current scope
    --> app/src/pane_group/mod_tests.rs:1592:19
     |
1592 |             panes.load_data_into_conversation_transcript_viewer(
     |             ------^^^^^^^^^^^^^^^^^^^^^^^^^^^^^^^^^^^^^^^^^^^^^ method not found in `&mut pane_group::PaneGroup`

error[E0599]: no method named `ambient_agent_view_model` found for reference `&terminal::view::TerminalView` in the current scope
    --> app/src/pane_group/mod_tests.rs:1604:26
     |
1604 |             assert!(view.ambient_agent_view_model().is_none());
     |                          ^^^^^^^^^^^^^^^^^^^^^^^^ method not found in `&terminal::view::TerminalView`

error[E0599]: no method named `is_conversation_transcript_viewer` found for struct `MutexGuard<'_, RawFairMutex, TerminalModel>` in the current scope
    --> app/src/pane_group/mod_tests.rs:1607:27
     |
1607 |             assert!(model.is_conversation_transcript_viewer());
     |                           ^^^^^^^^^^^^^^^^^^^^^^^^^^^^^^^^^ method not found in `MutexGuard<'_, RawFairMutex, TerminalModel>`
     |
     = note: the full name for the type has been written to '/Users/tedczj/workspace/term4u/target/debug/deps/warp-c5e1319456860fee.long-type-15305993559187110769.txt'
     = note: consider using `--verbose` to print the full type name to the console

error[E0599]: no method named `conversation_transcript_viewer_status` found for struct `MutexGuard<'_, RawFairMutex, TerminalModel>` in the current scope
    --> app/src/pane_group/mod_tests.rs:1610:23
     |
1610 |                 model.conversation_transcript_viewer_status(),
     |                       ^^^^^^^^^^^^^^^^^^^^^^^^^^^^^^^^^^^^^ method not found in `MutexGuard<'_, RawFairMutex, TerminalModel>`
     |
     = note: the full name for the type has been written to '/Users/tedczj/workspace/term4u/target/debug/deps/warp-c5e1319456860fee.long-type-15305993559187110769.txt'
     = note: consider using `--verbose` to print the full type name to the console

error[E0599]: no method named `load_data_into_conversation_transcript_viewer` found for mutable reference `&mut pane_group::PaneGroup` in the current scope
    --> app/src/pane_group/mod_tests.rs:1633:19
     |
1633 |             panes.load_data_into_conversation_transcript_viewer(
     |             ------^^^^^^^^^^^^^^^^^^^^^^^^^^^^^^^^^^^^^^^^^^^^^ method not found in `&mut pane_group::PaneGroup`

error[E0599]: no method named `attach_execution_session_to_ambient_pane` found for mutable reference `&mut pane_group::PaneGroup` in the current scope
    --> app/src/pane_group/mod_tests.rs:1653:24
     |
1653 |                 !panes.attach_execution_session_to_ambient_pane(pane_id, SessionId::new(), ctx),
     |                        ^^^^^^^^^^^^^^^^^^^^^^^^^^^^^^^^^^^^^^^^ method not found in `&mut pane_group::PaneGroup`

error[E0599]: no method named `set_shared_session_status` found for struct `MutexGuard<'_, RawFairMutex, TerminalModel>` in the current scope
    --> app/src/pane_group/mod_tests.rs:1682:22
     |
1680 | /                 view.model
1681 | |                     .lock()
1682 | |                     .set_shared_session_status(SharedSessionStatus::FinishedViewer);
     | |                     -^^^^^^^^^^^^^^^^^^^^^^^^^ method not found in `MutexGuard<'_, RawFairMutex, TerminalModel>`
     | |_____________________|
     |
     |
     = note: the full name for the type has been written to '/Users/tedczj/workspace/term4u/target/debug/deps/warp-c5e1319456860fee.long-type-8302210065837826952.txt'
     = note: consider using `--verbose` to print the full type name to the console

error[E0599]: no method named `attach_execution_session_to_ambient_pane` found for mutable reference `&mut pane_group::PaneGroup` in the current scope
    --> app/src/pane_group/mod_tests.rs:1690:24
     |
1690 |                 !panes.attach_execution_session_to_ambient_pane(pane_id, SessionId::new(), ctx),
     |                        ^^^^^^^^^^^^^^^^^^^^^^^^^^^^^^^^^^^^^^^^ method not found in `&mut pane_group::PaneGroup`

error[E0560]: struct `pane_group::TerminalViewResources` has no field named `server_api`
    --> app/src/pane_group/mod_tests.rs:1715:17
     |
1715 |                 server_api: panes.server_api.clone(),
     |                 ^^^^^^^^^^ `pane_group::TerminalViewResources` does not have this field
     |
     = note: all struct fields are already assigned

error[E0609]: no field `server_api` on type `&mut pane_group::PaneGroup`
    --> app/src/pane_group/mod_tests.rs:1715:35
     |
1715 |                 server_api: panes.server_api.clone(),
     |                                   ^^^^^^^^^^ unknown field
     |
     = note: available fields are: `tips_completed`, `user_default_shell_unsupported_banner_model_handle`, `model_event_sender`, `panes`, `focus_state` ... and 7 others

error[E0599]: no function or associated item named `create_shared_session_viewer` found for struct `pane_group::PaneGroup` in the current scope
    --> app/src/pane_group/mod_tests.rs:1718:65
     |
1718 |             let (terminal_view, _terminal_manager) = PaneGroup::create_shared_session_viewer(
     |                                                                 ^^^^^^^^^^^^^^^^^^^^^^^^^^^^ function or associated item not found in `pane_group::PaneGroup`
     |
    ::: app/src/pane_group/mod.rs:635:1
     |
 635 | pub struct PaneGroup {
     | -------------------- function or associated item `create_shared_session_viewer` not found for this struct
     |
note: if you're trying to build a new `pane_group::PaneGroup` consider using one of the following associated functions:
      pane_group::PaneGroup::new_internal
      pane_group::PaneGroup::new_with_panes_layout
      pane_group::PaneGroup::new_from_existing_pane
    --> app/src/pane_group/mod.rs:1526:5
     |
1526 | /     fn new_internal(
1527 | |         tips_completed: ModelHandle<TipsCompleted>,
1528 | |         user_default_shell_unsupported_banner_model_handle: ModelHandle<BannerState>,
1529 | |         model_event_sender: Option<SyncSender<ModelEvent>>,
1530 | |         initial_layout_callback: InitialLayoutCallback,
1531 | |         ctx: &mut ViewContext<Self>,
1532 | |     ) -> Self {
     | |_____________^
...
1685 | /     pub fn new_with_panes_layout(
1686 | |         tips_completed: ModelHandle<TipsCompleted>,
1687 | |         user_default_shell_unsupported_banner_model_handle: ModelHandle<BannerState>,
1688 | |         panes_layout: PanesLayout,
...    |
1691 | |         ctx: &mut ViewContext<Self>,
1692 | |     ) -> Self {
     | |_____________^
...
1755 | /     pub fn new_from_existing_pane(
1756 | |         pane: Box<dyn AnyPaneContent>,
1757 | |         tips_completed: ModelHandle<TipsCompleted>,
1758 | |         user_default_shell_unsupported_banner_model_handle: ModelHandle<BannerState>,
1759 | |         model_event_sender: Option<SyncSender<ModelEvent>>,
1760 | |         ctx: &mut ViewContext<Self>,
1761 | |     ) -> Self {
     | |_____________^
help: there is an associated function `create_session` with a similar name
    --> app/src/pane_group/mod.rs:3107:5
     |
3107 | /     fn create_session(
3108 | |         startup_directory: Option<PathBuf>,
3109 | |         mut env_vars: HashMap<OsString, OsString>,
3110 | |         terminal_session_uuid: &[u8],
...    |
3120 | |         ModelHandle<Box<dyn TerminalManager>>,
3121 | |     ) {
     | |_____^

error[E0282]: type annotations needed
    --> app/src/pane_group/mod_tests.rs:1727:17
     |
1727 |                 terminal_view.as_ref(ctx).ambient_agent_view_model().is_none(),
     |                 ^^^^^^^^^^^^^ cannot infer type

error[E0609]: no field `child_agent_panes` on type `&mut pane_group::PaneGroup`
    --> app/src/pane_group/mod_tests.rs:1750:32
     |
1750 |                 assert!(!panes.child_agent_panes.contains_key(&child_conversation_id));
     |                                ^^^^^^^^^^^^^^^^^ unknown field
     |
     = note: available fields are: `tips_completed`, `user_default_shell_unsupported_banner_model_handle`, `model_event_sender`, `panes`, `focus_state` ... and 7 others

error[E0609]: no field `child_agent_panes` on type `&mut pane_group::PaneGroup`
    --> app/src/pane_group/mod_tests.rs:1767:18
     |
1767 |                 .child_agent_panes
     |                  ^^^^^^^^^^^^^^^^^ unknown field
     |
     = note: available fields are: `tips_completed`, `user_default_shell_unsupported_banner_model_handle`, `model_event_sender`, `panes`, `focus_state` ... and 7 others

error[E0609]: no field `child_agent_panes` on type `&mut pane_group::PaneGroup`
    --> app/src/pane_group/mod_tests.rs:1817:22
     |
1817 |                     .child_agent_panes
     |                      ^^^^^^^^^^^^^^^^^ unknown field
     |
     = note: available fields are: `tips_completed`, `user_default_shell_unsupported_banner_model_handle`, `model_event_sender`, `panes`, `focus_state` ... and 7 others

error[E0609]: no field `child_agent_panes` on type `&mut pane_group::PaneGroup`
    --> app/src/pane_group/mod_tests.rs:1838:18
     |
1838 |                 .child_agent_panes
     |                  ^^^^^^^^^^^^^^^^^ unknown field
     |
     = note: available fields are: `tips_completed`, `user_default_shell_unsupported_banner_model_handle`, `model_event_sender`, `panes`, `focus_state` ... and 7 others

error[E0609]: no field `child_agent_panes` on type `&mut pane_group::PaneGroup`
    --> app/src/pane_group/mod_tests.rs:1879:18
     |
1879 |                 .child_agent_panes
     |                  ^^^^^^^^^^^^^^^^^ unknown field
     |
     = note: available fields are: `tips_completed`, `user_default_shell_unsupported_banner_model_handle`, `model_event_sender`, `panes`, `focus_state` ... and 7 others

error[E0599]: no method named `pane_id_for_owned_conversation` found for mutable reference `&mut pane_group::PaneGroup` in the current scope
    --> app/src/pane_group/mod_tests.rs:1891:23
     |
1891 |                 panes.pane_id_for_owned_conversation(child_conversation_id, ctx),
     |                       ^^^^^^^^^^^^^^^^^^^^^^^^^^^^^^
     |
help: there is a method `pane_id_from_index` with a similar name, but with different arguments
    --> app/src/pane_group/mod.rs:1940:5
     |
1940 |     pub fn pane_id_from_index(&self, pane_index: usize) -> Option<PaneId> {
     |     ^^^^^^^^^^^^^^^^^^^^^^^^^^^^^^^^^^^^^^^^^^^^^^^^^^^^^^^^^^^^^^^^^^^^^

error[E0609]: no field `child_agent_panes` on type `&mut pane_group::PaneGroup`
    --> app/src/pane_group/mod_tests.rs:1916:28
     |
1916 |             assert!(!panes.child_agent_panes.contains_key(&child_conversation_id));
     |                            ^^^^^^^^^^^^^^^^^ unknown field
     |
     = note: available fields are: `tips_completed`, `user_default_shell_unsupported_banner_model_handle`, `model_event_sender`, `panes`, `focus_state` ... and 7 others

error[E0609]: no field `child_agent_panes` on type `&mut pane_group::PaneGroup`
    --> app/src/pane_group/mod_tests.rs:1921:18
     |
1921 |                 .child_agent_panes
     |                  ^^^^^^^^^^^^^^^^^ unknown field
     |
     = note: available fields are: `tips_completed`, `user_default_shell_unsupported_banner_model_handle`, `model_event_sender`, `panes`, `focus_state` ... and 7 others

error: unused variable: `app`
   --> app/src/search/command_search/view.rs:208:71
    |
208 |                 let source = History::handle(ctx).read(ctx, |history, app| {
    |                                                                       ^^^ help: if this is intentional, prefix it with an underscore: `_app`

error: unused variable: `buffer_length`
   --> app/src/search/command_search/view.rs:286:13
    |
286 |         let buffer_length = self.search_bar.as_ref(ctx).query(ctx).len();
    |             ^^^^^^^^^^^^^ help: if this is intentional, prefix it with an underscore: `_buffer_length`

error: unused variable: `buffer_length`
   --> app/src/search/command_search/view.rs:305:21
    |
305 |                 let buffer_length = self.search_bar.as_ref(ctx).query(ctx).len();
    |                     ^^^^^^^^^^^^^ help: if this is intentional, prefix it with an underscore: `_buffer_length`

error: unused variable: `buffer_len`
   --> app/src/search/command_search/view.rs:316:45
    |
316 |             SearchBarEvent::BufferCleared { buffer_len } => {
    |                                             ^^^^^^^^^^ help: try ignoring the field: `buffer_len: _`

error: unused variable: `result_index`
   --> app/src/search/command_search/view.rs:393:17
    |
393 |             let result_index = match self.search_bar_state.as_ref(ctx).query_result_renderers() {
    |                 ^^^^^^^^^^^^ help: if this is intentional, prefix it with an underscore: `_result_index`

error[E0599]: no method named `pane_id_for_owned_conversation` found for mutable reference `&mut pane_group::PaneGroup` in the current scope
    --> app/src/pane_group/mod_tests.rs:1933:23
     |
1933 |                 panes.pane_id_for_owned_conversation(child_conversation_id, ctx),
     |                       ^^^^^^^^^^^^^^^^^^^^^^^^^^^^^^
     |
help: there is a method `pane_id_from_index` with a similar name, but with different arguments
    --> app/src/pane_group/mod.rs:1940:5
     |
1940 |     pub fn pane_id_from_index(&self, pane_index: usize) -> Option<PaneId> {
     |     ^^^^^^^^^^^^^^^^^^^^^^^^^^^^^^^^^^^^^^^^^^^^^^^^^^^^^^^^^^^^^^^^^^^^^

error[E0609]: no field `child_agent_panes` on type `&mut pane_group::PaneGroup`
    --> app/src/pane_group/mod_tests.rs:1968:28
     |
1968 |             assert!(!panes.child_agent_panes.contains_key(&child_conversation_id));
     |                            ^^^^^^^^^^^^^^^^^ unknown field
     |
     = note: available fields are: `tips_completed`, `user_default_shell_unsupported_banner_model_handle`, `model_event_sender`, `panes`, `focus_state` ... and 7 others

error[E0609]: no field `child_agent_panes` on type `&mut pane_group::PaneGroup`
    --> app/src/pane_group/mod_tests.rs:1973:18
     |
1973 |                 .child_agent_panes
     |                  ^^^^^^^^^^^^^^^^^ unknown field
     |
     = note: available fields are: `tips_completed`, `user_default_shell_unsupported_banner_model_handle`, `model_event_sender`, `panes`, `focus_state` ... and 7 others

error[E0599]: no method named `pane_id_for_owned_conversation` found for mutable reference `&mut pane_group::PaneGroup` in the current scope
    --> app/src/pane_group/mod_tests.rs:1986:23
     |
1986 |                 panes.pane_id_for_owned_conversation(child_conversation_id, ctx),
     |                       ^^^^^^^^^^^^^^^^^^^^^^^^^^^^^^
     |
help: there is a method `pane_id_from_index` with a similar name, but with different arguments
    --> app/src/pane_group/mod.rs:1940:5
     |
1940 |     pub fn pane_id_from_index(&self, pane_index: usize) -> Option<PaneId> {
     |     ^^^^^^^^^^^^^^^^^^^^^^^^^^^^^^^^^^^^^^^^^^^^^^^^^^^^^^^^^^^^^^^^^^^^^

error[E0609]: no field `child_agent_panes` on type `&mut pane_group::PaneGroup`
    --> app/src/pane_group/mod_tests.rs:2011:18
     |
2011 |                 .child_agent_panes
     |                  ^^^^^^^^^^^^^^^^^ unknown field
     |
     = note: available fields are: `tips_completed`, `user_default_shell_unsupported_banner_model_handle`, `model_event_sender`, `panes`, `focus_state` ... and 7 others

error[E0599]: no method named `pane_id_for_owned_conversation` found for mutable reference `&mut pane_group::PaneGroup` in the current scope
    --> app/src/pane_group/mod_tests.rs:2026:23
     |
2026 |                 panes.pane_id_for_owned_conversation(child_conversation_id, ctx),
     |                       ^^^^^^^^^^^^^^^^^^^^^^^^^^^^^^
     |
help: there is a method `pane_id_from_index` with a similar name, but with different arguments
    --> app/src/pane_group/mod.rs:1940:5
     |
1940 |     pub fn pane_id_from_index(&self, pane_index: usize) -> Option<PaneId> {
     |     ^^^^^^^^^^^^^^^^^^^^^^^^^^^^^^^^^^^^^^^^^^^^^^^^^^^^^^^^^^^^^^^^^^^^^

error[E0609]: no field `child_agent_panes` on type `&mut pane_group::PaneGroup`
    --> app/src/pane_group/mod_tests.rs:2048:28
     |
2048 |             assert!(!panes.child_agent_panes.contains_key(&child_conversation_id));
     |                            ^^^^^^^^^^^^^^^^^ unknown field
     |
     = note: available fields are: `tips_completed`, `user_default_shell_unsupported_banner_model_handle`, `model_event_sender`, `panes`, `focus_state` ... and 7 others

error[E0599]: no method named `ensure_hidden_child_agent_pane_for_conversation` found for mutable reference `&mut pane_group::PaneGroup` in the current scope
    --> app/src/pane_group/mod_tests.rs:2050:23
     |
2050 |                 panes.ensure_hidden_child_agent_pane_for_conversation(child_conversation_id, ctx),
     |                       ^^^^^^^^^^^^^^^^^^^^^^^^^^^^^^^^^^^^^^^^^^^^^^^ method not found in `&mut pane_group::PaneGroup`

error[E0609]: no field `child_agent_panes` on type `&mut pane_group::PaneGroup`
    --> app/src/pane_group/mod_tests.rs:2055:18
     |
2055 |                 .child_agent_panes
     |                  ^^^^^^^^^^^^^^^^^ unknown field
     |
     = note: available fields are: `tips_completed`, `user_default_shell_unsupported_banner_model_handle`, `model_event_sender`, `panes`, `focus_state` ... and 7 others

error[E0599]: no method named `pane_id_for_owned_conversation` found for mutable reference `&mut pane_group::PaneGroup` in the current scope
    --> app/src/pane_group/mod_tests.rs:2091:27
     |
2091 |                     panes.pane_id_for_owned_conversation(child_conversation_id, ctx),
     |                           ^^^^^^^^^^^^^^^^^^^^^^^^^^^^^^
     |
help: there is a method `pane_id_from_index` with a similar name, but with different arguments
    --> app/src/pane_group/mod.rs:1940:5
     |
1940 |     pub fn pane_id_from_index(&self, pane_index: usize) -> Option<PaneId> {
     |     ^^^^^^^^^^^^^^^^^^^^^^^^^^^^^^^^^^^^^^^^^^^^^^^^^^^^^^^^^^^^^^^^^^^^^

error[E0609]: no field `child_agent_panes` on type `&mut pane_group::PaneGroup`
    --> app/src/pane_group/mod_tests.rs:2105:28
     |
2105 |             assert!(!panes.child_agent_panes.contains_key(&child_conversation_id));
     |                            ^^^^^^^^^^^^^^^^^ unknown field
     |
     = note: available fields are: `tips_completed`, `user_default_shell_unsupported_banner_model_handle`, `model_event_sender`, `panes`, `focus_state` ... and 7 others

error[E0599]: no method named `ensure_hidden_child_agent_pane_for_conversation` found for mutable reference `&mut pane_group::PaneGroup` in the current scope
    --> app/src/pane_group/mod_tests.rs:2142:23
     |
2142 |                 panes.ensure_hidden_child_agent_pane_for_conversation(child_conversation_id, ctx),
     |                       ^^^^^^^^^^^^^^^^^^^^^^^^^^^^^^^^^^^^^^^^^^^^^^^ method not found in `&mut pane_group::PaneGroup`

error[E0609]: no field `child_agent_panes` on type `&mut pane_group::PaneGroup`
    --> app/src/pane_group/mod_tests.rs:2145:28
     |
2145 |             assert!(!panes.child_agent_panes.contains_key(&child_conversation_id));
     |                            ^^^^^^^^^^^^^^^^^ unknown field
     |
     = note: available fields are: `tips_completed`, `user_default_shell_unsupported_banner_model_handle`, `model_event_sender`, `panes`, `focus_state` ... and 7 others

error[E0609]: no field `child_agent_panes` on type `&mut pane_group::PaneGroup`
    --> app/src/pane_group/mod_tests.rs:2191:28
     |
2191 |             assert!(!panes.child_agent_panes.contains_key(&child_conversation_id));
     |                            ^^^^^^^^^^^^^^^^^ unknown field
     |
     = note: available fields are: `tips_completed`, `user_default_shell_unsupported_banner_model_handle`, `model_event_sender`, `panes`, `focus_state` ... and 7 others

error[E0609]: no field `terminal_with_open_share_block_modal` on type `&mut pane_group::PaneGroup`
    --> app/src/pane_group/mod_tests.rs:2246:19
     |
2246 |             panes.terminal_with_open_share_block_modal = Some(
     |                   ^^^^^^^^^^^^^^^^^^^^^^^^^^^^^^^^^^^^ unknown field
     |
     = note: available fields are: `tips_completed`, `user_default_shell_unsupported_banner_model_handle`, `model_event_sender`, `panes`, `focus_state` ... and 7 others

error[E0609]: no field `terminal_with_open_share_block_modal` on type `&mut pane_group::PaneGroup`
    --> app/src/pane_group/mod_tests.rs:2254:30
     |
2254 |             assert_eq!(panes.terminal_with_open_share_block_modal, None);
     |                              ^^^^^^^^^^^^^^^^^^^^^^^^^^^^^^^^^^^^ unknown field
     |
     = note: available fields are: `tips_completed`, `user_default_shell_unsupported_banner_model_handle`, `model_event_sender`, `panes`, `focus_state` ... and 7 others

error[E0599]: no method named `was_ever_visible` found for reference `&terminal::view::TerminalView` in the current scope
    --> app/src/pane_group/mod_tests.rs:2471:30
     |
2471 |                         view.was_ever_visible(),
     |                              ^^^^^^^^^^^^^^^^ method not found in `&terminal::view::TerminalView`

error: unused variable: `imported_settings`
   --> app/src/settings/import/view.rs:890:13
    |
890 |         let imported_settings = model.read(ctx, |model, _ctx| {
    |             ^^^^^^^^^^^^^^^^^ help: if this is intentional, prefix it with an underscore: `_imported_settings`

error[E0599]: no method named `was_ever_visible` found for reference `&terminal::view::TerminalView` in the current scope
    --> app/src/pane_group/mod_tests.rs:2475:30
     |
2475 |                         view.was_ever_visible(),
     |                              ^^^^^^^^^^^^^^^^ method not found in `&terminal::view::TerminalView`

error[E0599]: no method named `size_info` found for reference `&terminal::view::TerminalView` in the current scope
    --> app/src/pane_group/mod_tests.rs:2599:22
     |
2595 | /                 pane_group
2596 | |                     .terminal_view_at_pane_index(0, ctx)
2597 | |                     .unwrap()
2598 | |                     .as_ref(ctx)
2599 | |                     .size_info()
     | |                     -^^^^^^^^^ private field, not a method
     | |_____________________|
     |

error[E0599]: no method named `size_info` found for reference `&terminal::view::TerminalView` in the current scope
    --> app/src/pane_group/mod_tests.rs:2612:26
     |
2608 | /                     pane_group
2609 | |                         .terminal_view_at_pane_index(i, ctx)
2610 | |                         .unwrap()
2611 | |                         .as_ref(ctx)
2612 | |                         .size_info()
     | |                         -^^^^^^^^^ private field, not a method
     | |_________________________|
     |

error[E0599]: no method named `size_info` found for reference `&terminal::view::TerminalView` in the current scope
    --> app/src/pane_group/mod_tests.rs:2626:26
     |
2622 | /                     pane_group
2623 | |                         .terminal_view_at_pane_index(i, ctx)
2624 | |                         .unwrap()
2625 | |                         .as_ref(ctx)
2626 | |                         .size_info()
     | |                         -^^^^^^^^^ private field, not a method
     | |_________________________|
     |

error[E0599]: no method named `size_info` found for reference `&terminal::view::TerminalView` in the current scope
    --> app/src/pane_group/mod_tests.rs:2643:26
     |
2639 | /                     pane_group
2640 | |                         .terminal_view_at_pane_index(i, ctx)
2641 | |                         .unwrap()
2642 | |                         .as_ref(ctx)
2643 | |                         .size_info()
     | |                         -^^^^^^^^^ private field, not a method
     | |_________________________|
     |

error[E0599]: no method named `size_info` found for reference `&terminal::view::TerminalView` in the current scope
    --> app/src/pane_group/mod_tests.rs:2657:26
     |
2653 | /                     pane_group
2654 | |                         .terminal_view_at_pane_index(i, ctx)
2655 | |                         .unwrap()
2656 | |                         .as_ref(ctx)
2657 | |                         .size_info()
     | |                         -^^^^^^^^^ private field, not a method
     | |_________________________|
     |

error: unused variable: `new_val`
   --> app/src/settings_view/appearance_page.rs:668:28
    |
668 |                         Ok(new_val) => {
    |                            ^^^^^^^ help: if this is intentional, prefix it with an underscore: `_new_val`

error[E0599]: no method named `is_terminal_pane_being_shared` found for mutable reference `&mut pane_group::PaneGroup` in the current scope
    --> app/src/pane_group/mod_tests.rs:2675:28
     |
2675 |             assert!(!panes.is_terminal_pane_being_shared(ctx));
     |                            ^^^^^^^^^^^^^^^^^^^^^^^^^^^^^
     |
help: there is a method `terminal_pane_ids` with a similar name, but with different arguments
    --> app/src/pane_group/mod.rs:790:5
     |
 790 |     pub fn terminal_pane_ids(&self) -> impl Iterator<Item = PaneId> + '_ {
     |     ^^^^^^^^^^^^^^^^^^^^^^^^^^^^^^^^^^^^^^^^^^^^^^^^^^^^^^^^^^^^^^^^^^^^

error: unused variable: `new_value`
    --> app/src/settings_view/appearance_page.rs:2225:20
     |
2225 |                 Ok(new_value) => {
     |                    ^^^^^^^^^ help: if this is intentional, prefix it with an underscore: `_new_value`

error: unused variable: `old_mode`
    --> app/src/settings_view/appearance_page.rs:2271:13
     |
2271 |         let old_mode = *InputModeSettings::as_ref(ctx).input_mode.value();
     |             ^^^^^^^^ help: if this is intentional, prefix it with an underscore: `_old_mode`

error: unused variable: `is_udi_enabled`
    --> app/src/settings_view/appearance_page.rs:2300:17
     |
2300 |             let is_udi_enabled = new_type == InputBoxType::Universal;
     |                 ^^^^^^^^^^^^^^ help: if this is intentional, prefix it with an underscore: `_is_udi_enabled`

error[E0599]: no method named `is_terminal_pane_being_shared` found for mutable reference `&mut pane_group::PaneGroup` in the current scope
    --> app/src/pane_group/mod_tests.rs:2679:28
     |
2679 |             assert!(!panes.is_terminal_pane_being_shared(ctx));
     |                            ^^^^^^^^^^^^^^^^^^^^^^^^^^^^^
     |
help: there is a method `terminal_pane_ids` with a similar name, but with different arguments
    --> app/src/pane_group/mod.rs:790:5
     |
 790 |     pub fn terminal_pane_ids(&self) -> impl Iterator<Item = PaneId> + '_ {
     |     ^^^^^^^^^^^^^^^^^^^^^^^^^^^^^^^^^^^^^^^^^^^^^^^^^^^^^^^^^^^^^^^^^^^^

error: unused variable: `previous_value`
    --> app/src/settings_view/appearance_page.rs:2455:13
     |
2455 |         let previous_value = TabSettings::handle(ctx).update(ctx, |tab_settings, ctx| {
     |             ^^^^^^^^^^^^^^ help: if this is intentional, prefix it with an underscore: `_previous_value`

error: unused variable: `new_value`
    --> app/src/settings_view/appearance_page.rs:2475:14
     |
2475 |         let (new_value, previous_value) =
     |              ^^^^^^^^^ help: if this is intentional, prefix it with an underscore: `_new_value`

error: unused variable: `previous_value`
    --> app/src/settings_view/appearance_page.rs:2475:25
     |
2475 |         let (new_value, previous_value) =
     |                         ^^^^^^^^^^^^^^ help: if this is intentional, prefix it with an underscore: `_previous_value`

error: unused variable: `view`
    --> app/src/settings_view/appearance_page.rs:2838:9
     |
2838 |         view: &Self::View,
     |         ^^^^ help: if this is intentional, prefix it with an underscore: `_view`

error: unused variable: `view`
    --> app/src/settings_view/appearance_page.rs:3281:9
     |
3281 |         view: &Self::View,
     |         ^^^^ help: if this is intentional, prefix it with an underscore: `_view`

error: unused variable: `view`
    --> app/src/settings_view/appearance_page.rs:3402:9
     |
3402 |         view: &Self::View,
     |         ^^^^ help: if this is intentional, prefix it with an underscore: `_view`

error: unused variable: `app`
    --> app/src/settings_view/appearance_page.rs:3589:9
     |
3589 |         app: &AppContext,
     |         ^^^ help: if this is intentional, prefix it with an underscore: `_app`

error: unused variable: `view`
    --> app/src/settings_view/appearance_page.rs:3617:9
     |
3617 |         view: &Self::View,
     |         ^^^^ help: if this is intentional, prefix it with an underscore: `_view`

error: unused variable: `view`
    --> app/src/settings_view/appearance_page.rs:3655:9
     |
3655 |         view: &Self::View,
     |         ^^^^ help: if this is intentional, prefix it with an underscore: `_view`

error: unused variable: `view`
    --> app/src/settings_view/appearance_page.rs:3693:9
     |
3693 |         view: &Self::View,
     |         ^^^^ help: if this is intentional, prefix it with an underscore: `_view`

error: unused variable: `view`
    --> app/src/settings_view/appearance_page.rs:3736:9
     |
3736 |         view: &Self::View,
     |         ^^^^ help: if this is intentional, prefix it with an underscore: `_view`

error: unused variable: `view`
    --> app/src/settings_view/appearance_page.rs:3780:9
     |
3780 |         view: &Self::View,
     |         ^^^^ help: if this is intentional, prefix it with an underscore: `_view`

error: unused variable: `app`
    --> app/src/settings_view/appearance_page.rs:3914:9
     |
3914 |         app: &AppContext,
     |         ^^^ help: if this is intentional, prefix it with an underscore: `_app`

error: unused variable: `app`
    --> app/src/settings_view/appearance_page.rs:4167:9
     |
4167 |         app: &AppContext,
     |         ^^^ help: if this is intentional, prefix it with an underscore: `_app`

error: unused variable: `app`
    --> app/src/settings_view/appearance_page.rs:4195:9
     |
4195 |         app: &AppContext,
     |         ^^^ help: if this is intentional, prefix it with an underscore: `_app`

error: unused variable: `view`
    --> app/src/settings_view/appearance_page.rs:4224:9
     |
4224 |         view: &Self::View,
     |         ^^^^ help: if this is intentional, prefix it with an underscore: `_view`

error: unused variable: `view`
    --> app/src/settings_view/appearance_page.rs:4281:9
     |
4281 |         view: &Self::View,
     |         ^^^^ help: if this is intentional, prefix it with an underscore: `_view`

error: unused variable: `view`
    --> app/src/settings_view/appearance_page.rs:4349:9
     |
4349 |         view: &Self::View,
     |         ^^^^ help: if this is intentional, prefix it with an underscore: `_view`

error: unused variable: `app`
    --> app/src/settings_view/appearance_page.rs:4389:9
     |
4389 |         app: &AppContext,
     |         ^^^ help: if this is intentional, prefix it with an underscore: `_app`

error: unused variable: `view`
    --> app/src/settings_view/appearance_page.rs:4417:9
     |
4417 |         view: &Self::View,
     |         ^^^^ help: if this is intentional, prefix it with an underscore: `_view`

error: unused variable: `view`
    --> app/src/settings_view/appearance_page.rs:4457:9
     |
4457 |         view: &Self::View,
     |         ^^^^ help: if this is intentional, prefix it with an underscore: `_view`

error: unused variable: `view`
    --> app/src/settings_view/appearance_page.rs:4497:9
     |
4497 |         view: &Self::View,
     |         ^^^^ help: if this is intentional, prefix it with an underscore: `_view`

error: unused variable: `view`
    --> app/src/settings_view/appearance_page.rs:4537:9
     |
4537 |         view: &Self::View,
     |         ^^^^ help: if this is intentional, prefix it with an underscore: `_view`

error: unused variable: `view`
    --> app/src/settings_view/appearance_page.rs:4582:9
     |
4582 |         view: &Self::View,
     |         ^^^^ help: if this is intentional, prefix it with an underscore: `_view`

error: unused variable: `view`
    --> app/src/settings_view/appearance_page.rs:4627:9
     |
4627 |         view: &Self::View,
     |         ^^^^ help: if this is intentional, prefix it with an underscore: `_view`

error[E0599]: no method named `set_shared_session_status` found for struct `MutexGuard<'_, RawFairMutex, TerminalModel>` in the current scope
    --> app/src/pane_group/mod_tests.rs:2689:18
     |
2682 | /             panes
2683 | |                 .terminal_session_by_pane_index(0)
2684 | |                 .expect("terminal pane exists")
2685 | |                 .terminal_manager(ctx)
...    |
2688 | |                 .lock()
2689 | |                 .set_shared_session_status(SharedSessionStatus::ActiveSharer);
     | |                 -^^^^^^^^^^^^^^^^^^^^^^^^^ method not found in `MutexGuard<'_, RawFairMutex, TerminalModel>`
     | |_________________|
     |
     |
     = note: the full name for the type has been written to '/Users/tedczj/workspace/term4u/target/debug/deps/warp-c5e1319456860fee.long-type-10452310999303638199.txt'
     = note: consider using `--verbose` to print the full type name to the console

error: unused variable: `app`
    --> app/src/settings_view/appearance_page.rs:4895:9
     |
4895 |         app: &AppContext,
     |         ^^^ help: if this is intentional, prefix it with an underscore: `_app`

error: unused variable: `new_value`
   --> app/src/settings_view/features/external_editor.rs:233:13
    |
233 |         let new_value = EditorSettings::handle(ctx).update(ctx, |settings, ctx| {
    |             ^^^^^^^^^ help: if this is intentional, prefix it with an underscore: `_new_value`

error: unused variable: `new_value`
   --> app/src/settings_view/features/external_editor.rs:250:13
    |
250 |         let new_value = EditorSettings::handle(ctx).update(ctx, |settings, ctx| {
    |             ^^^^^^^^^ help: if this is intentional, prefix it with an underscore: `_new_value`

error[E0599]: no method named `is_terminal_pane_being_shared` found for mutable reference `&mut pane_group::PaneGroup` in the current scope
    --> app/src/pane_group/mod_tests.rs:2690:27
     |
2690 |             assert!(panes.is_terminal_pane_being_shared(ctx));
     |                           ^^^^^^^^^^^^^^^^^^^^^^^^^^^^^
     |
help: there is a method `terminal_pane_ids` with a similar name, but with different arguments
    --> app/src/pane_group/mod.rs:790:5
     |
 790 |     pub fn terminal_pane_ids(&self) -> impl Iterator<Item = PaneId> + '_ {
     |     ^^^^^^^^^^^^^^^^^^^^^^^^^^^^^^^^^^^^^^^^^^^^^^^^^^^^^^^^^^^^^^^^^^^^

error: unused variable: `app`
    --> app/src/settings_view/keybindings.rs:1102:9
     |
1102 |         app: &AppContext,
     |         ^^^ help: if this is intentional, prefix it with an underscore: `_app`

error: unused variable: `app`
   --> app/src/settings_view/scripting_page.rs:156:9
    |
156 |         app: &AppContext,
    |         ^^^ help: if this is intentional, prefix it with an underscore: `_app`

error: variable does not need to be mutable
   --> app/src/settings_view/settings_file_footer.rs:238:9
    |
238 |     let mut buttons_row = Wrap::row()
    |         ----^^^^^^^^^^^
    |         |
    |         help: remove this `mut`

error[E0599]: no method named `number_of_shared_sessions` found for mutable reference `&mut pane_group::PaneGroup` in the current scope
    --> app/src/pane_group/mod_tests.rs:2705:30
     |
2705 |             assert_eq!(panes.number_of_shared_sessions(ctx), 0);
     |                              ^^^^^^^^^^^^^^^^^^^^^^^^^
     |
help: there is a method `pane_sessions` with a similar name, but with different arguments
    --> app/src/pane_group/mod.rs:1466:5
     |
1466 | /     pub fn pane_sessions<'a>(
1467 | |         &'a self,
1468 | |         pane_group_id: EntityId,
1469 | |         window_id: WindowId,
1470 | |         app: &'a AppContext,
1471 | |     ) -> impl Iterator<Item = SessionNavigationData> + 'a {
     | |_________________________________________________________^

error[E0599]: no method named `set_shared_session_status` found for struct `MutexGuard<'_, RawFairMutex, TerminalModel>` in the current scope
    --> app/src/pane_group/mod_tests.rs:2714:18
     |
2708 | /             panes
2709 | |                 .terminal_manager(0, ctx)
2710 | |                 .unwrap()
2711 | |                 .as_ref(ctx)
2712 | |                 .model()
2713 | |                 .lock()
2714 | |                 .set_shared_session_status(SharedSessionStatus::ActiveSharer);
     | |                 -^^^^^^^^^^^^^^^^^^^^^^^^^ method not found in `MutexGuard<'_, RawFairMutex, TerminalModel>`
     | |_________________|
     |
     |
     = note: the full name for the type has been written to '/Users/tedczj/workspace/term4u/target/debug/deps/warp-c5e1319456860fee.long-type-6309442734328840218.txt'
     = note: consider using `--verbose` to print the full type name to the console

error[E0599]: no method named `number_of_shared_sessions` found for mutable reference `&mut pane_group::PaneGroup` in the current scope
    --> app/src/pane_group/mod_tests.rs:2715:30
     |
2715 |             assert_eq!(panes.number_of_shared_sessions(ctx), 1);
     |                              ^^^^^^^^^^^^^^^^^^^^^^^^^
     |
help: there is a method `pane_sessions` with a similar name, but with different arguments
    --> app/src/pane_group/mod.rs:1466:5
     |
1466 | /     pub fn pane_sessions<'a>(
1467 | |         &'a self,
1468 | |         pane_group_id: EntityId,
1469 | |         window_id: WindowId,
1470 | |         app: &'a AppContext,
1471 | |     ) -> impl Iterator<Item = SessionNavigationData> + 'a {
     | |_________________________________________________________^

error[E0599]: no method named `set_shared_session_status` found for struct `MutexGuard<'_, RawFairMutex, TerminalModel>` in the current scope
    --> app/src/pane_group/mod_tests.rs:2724:18
     |
2718 | /             panes
2719 | |                 .terminal_manager(1, ctx)
2720 | |                 .unwrap()
2721 | |                 .as_ref(ctx)
2722 | |                 .model()
2723 | |                 .lock()
2724 | |                 .set_shared_session_status(SharedSessionStatus::ActiveSharer);
     | |                 -^^^^^^^^^^^^^^^^^^^^^^^^^ method not found in `MutexGuard<'_, RawFairMutex, TerminalModel>`
     | |_________________|
     |
     |
     = note: the full name for the type has been written to '/Users/tedczj/workspace/term4u/target/debug/deps/warp-c5e1319456860fee.long-type-9046285974906280220.txt'
     = note: consider using `--verbose` to print the full type name to the console

error[E0599]: no method named `number_of_shared_sessions` found for mutable reference `&mut pane_group::PaneGroup` in the current scope
    --> app/src/pane_group/mod_tests.rs:2725:30
     |
2725 |             assert_eq!(panes.number_of_shared_sessions(ctx), 2);
     |                              ^^^^^^^^^^^^^^^^^^^^^^^^^
     |
help: there is a method `pane_sessions` with a similar name, but with different arguments
    --> app/src/pane_group/mod.rs:1466:5
     |
1466 | /     pub fn pane_sessions<'a>(
1467 | |         &'a self,
1468 | |         pane_group_id: EntityId,
1469 | |         window_id: WindowId,
1470 | |         app: &'a AppContext,
1471 | |     ) -> impl Iterator<Item = SessionNavigationData> + 'a {
     | |_________________________________________________________^

error: unused variable: `selected_range`
   --> app/src/terminal/alt_screen/alt_screen_element.rs:191:9
    |
191 |         selected_range: &Range<usize>,
    |         ^^^^^^^^^^^^^^ help: if this is intentional, prefix it with an underscore: `_selected_range`

error: unused variable: `app`
   --> app/src/terminal/alt_screen/alt_screen_element.rs:303:9
    |
303 |         app: &AppContext,
    |         ^^^ help: if this is intentional, prefix it with an underscore: `_app`

error: unused variable: `ctx`
   --> app/src/terminal/alt_screen/alt_screen_element.rs:906:41
    |
906 |     fn scroll(&mut self, delta: Pixels, ctx: &mut EventContext) {
    |                                         ^^^ help: if this is intentional, prefix it with an underscore: `_ctx`

error[E0599]: no method named `number_of_shared_sessions` found for mutable reference `&mut pane_group::PaneGroup` in the current scope
    --> app/src/pane_group/mod_tests.rs:2729:30
     |
2729 |             assert_eq!(panes.number_of_shared_sessions(ctx), 1);
     |                              ^^^^^^^^^^^^^^^^^^^^^^^^^
     |
help: there is a method `pane_sessions` with a similar name, but with different arguments
    --> app/src/pane_group/mod.rs:1466:5
     |
1466 | /     pub fn pane_sessions<'a>(
1467 | |         &'a self,
1468 | |         pane_group_id: EntityId,
1469 | |         window_id: WindowId,
1470 | |         app: &'a AppContext,
1471 | |     ) -> impl Iterator<Item = SessionNavigationData> + 'a {
     | |_________________________________________________________^

error[E0599]: no method named `insert_terminal_pane_hidden_for_child_agent` found for mutable reference `&mut pane_group::PaneGroup` in the current scope
    --> app/src/pane_group/mod_tests.rs:2791:39
     |
2791 |             let child_pane_id = panes.insert_terminal_pane_hidden_for_child_agent(
     |                                 ------^^^^^^^^^^^^^^^^^^^^^^^^^^^^^^^^^^^^^^^^^^^
     |
help: there is a method `is_pane_hidden_for_close` with a similar name, but with different arguments
    --> app/src/pane_group/mod.rs:2153:5
     |
2153 |     pub fn is_pane_hidden_for_close(&self, pane_id: PaneId) -> bool {
     |     ^^^^^^^^^^^^^^^^^^^^^^^^^^^^^^^^^^^^^^^^^^^^^^^^^^^^^^^^^^^^^^^

error[E0609]: no field `transitively_shared_child_panes` on type `&mut pane_group::PaneGroup`
    --> app/src/pane_group/mod_tests.rs:2802:22
     |
2802 |                     .transitively_shared_child_panes
     |                      ^^^^^^^^^^^^^^^^^^^^^^^^^^^^^^^ unknown field
     |
     = note: available fields are: `tips_completed`, `user_default_shell_unsupported_banner_model_handle`, `model_event_sender`, `panes`, `focus_state` ... and 7 others

error[E0282]: type annotations needed
    --> app/src/pane_group/mod_tests.rs:2804:35
     |
2804 |                     .is_some_and(|children| children.contains(&child_pane_id.into())),
     |                                   ^^^^^^^^  -------- type must be known at this point
     |
help: consider giving this closure parameter an explicit type
     |
2804 |                     .is_some_and(|children: /* Type */| children.contains(&child_pane_id.into())),
     |                                           ++++++++++++

error[E0609]: no field `transitively_shared_child_panes` on type `&mut pane_group::PaneGroup`
    --> app/src/pane_group/mod_tests.rs:2813:22
     |
2813 |                     .transitively_shared_child_panes
     |                      ^^^^^^^^^^^^^^^^^^^^^^^^^^^^^^^ unknown field
     |
     = note: available fields are: `tips_completed`, `user_default_shell_unsupported_banner_model_handle`, `model_event_sender`, `panes`, `focus_state` ... and 7 others

error[E0599]: no variant or associated item named `OpenPromptEditor` found for enum `pane_group::Event` in the current scope
    --> app/src/pane_group/mod_tests.rs:2996:24
     |
2996 |             let Event::OpenPromptEditor = event else {
     |                        ^^^^^^^^^^^^^^^^ variant or associated item not found in `pane_group::Event`
     |
    ::: app/src/pane_group/mod.rs:411:1
     |
 411 | pub enum Event {
     | -------------- variant or associated item `OpenPromptEditor` not found for this enum

error[E0061]: this function takes 6 arguments but 7 arguments were supplied
    --> app/src/pane_group/mod_tests.rs:3082:21
     |
3082 |                     PaneGroup::new_with_panes_layout(
     |                     ^^^^^^^^^^^^^^^^^^^^^^^^^^^^^^^^
...
3085 |                         ServerApiProvider::as_ref(ctx).get(),
     |                         ------------------------------------ unexpected argument #3
     |
note: associated function defined here
    --> app/src/pane_group/mod.rs:1685:12
     |
1685 |     pub fn new_with_panes_layout(
     |            ^^^^^^^^^^^^^^^^^^^^^
help: remove the extra argument
     |
3084 -                         user_default_shell_changed_banner_dismissal_model_handle,
3085 -                         ServerApiProvider::as_ref(ctx).get(),
3084 +                         user_default_shell_changed_banner_dismissal_model_handle,
     |

error[E0599]: no variant or associated item named `OpenPromptEditor` found for enum `pane_group::Event` in the current scope
    --> app/src/pane_group/mod_tests.rs:3143:29
     |
3143 |             ctx.emit(Event::OpenPromptEditor);
     |                             ^^^^^^^^^^^^^^^^ variant or associated item not found in `pane_group::Event`
     |
    ::: app/src/pane_group/mod.rs:411:1
     |
 411 | pub enum Event {
     | -------------- variant or associated item `OpenPromptEditor` not found for this enum

error[E0433]: failed to resolve: use of undeclared type `FilePane`
    --> app/src/pane_group/mod_tests.rs:3169:24
     |
3169 |             let pane = FilePane::new(
     |                        ^^^^^^^^ use of undeclared type `FilePane`

error[E0599]: no method named `file_notebook_panes` found for reference `&pane_group::PaneGroup` in the current scope
    --> app/src/pane_group/mod_tests.rs:3180:18
     |
3179 | /             panes
3180 | |                 .file_notebook_panes(ctx)
     | |_________________-^^^^^^^^^^^^^^^^^^^
     |
help: there is a method `close_panes` with a similar name, but with different arguments
    --> app/src/pane_group/mod.rs:1370:5
     |
1370 |     fn close_panes(&mut self, pane_ids: Vec<PaneId>, ctx: &mut ViewContext<Self>) {
     |     ^^^^^^^^^^^^^^^^^^^^^^^^^^^^^^^^^^^^^^^^^^^^^^^^^^^^^^^^^^^^^^^^^^^^^^^^^^^^^

error[E0282]: type annotations needed
    --> app/src/pane_group/mod_tests.rs:3186:22
     |
3186 |         let loaded = file_view.update(&mut app, |view, ctx| {
     |                      ^^^^^^^^^ cannot infer type

error[E0282]: type annotations needed
    --> app/src/pane_group/mod_tests.rs:3186:50
     |
3186 |         let loaded = file_view.update(&mut app, |view, ctx| {
     |                                                  ^^^^
3187 |             let file_id = view.file_id_for_test().expect("the file should be open");
     |                           ---- type must be known at this point
     |
help: consider giving this closure parameter an explicit type
     |
3186 |         let loaded = file_view.update(&mut app, |view: /* Type */, ctx| {
     |                                                      ++++++++++++

error[E0599]: no method named `close_overlays` found for mutable reference `&mut terminal::view::TerminalView` in the current scope
    --> app/src/pane_group/mod.rs:4025:31
     |
4025 |                 terminal_view.close_overlays(ctx);
     |                               ^^^^^^^^^^^^^^ method not found in `&mut terminal::view::TerminalView`

error: unused variable: `mode`
  --> app/src/terminal/local_tty/terminal_manager.rs:77:13
   |
77 |         let mode = match mode {
   |             ^^^^ help: if this is intentional, prefix it with an underscore: `_mode`

error: unused variable: `max_bytes_per_second`
   --> app/src/terminal/local_tty/terminal_manager.rs:362:23
    |
362 |                 move |max_bytes_per_second| {
    |                       ^^^^^^^^^^^^^^^^^^^^ help: if this is intentional, prefix it with an underscore: `_max_bytes_per_second`

error: unused variable: `auth_state`
   --> app/src/terminal/local_tty/terminal_manager.rs:353:17
    |
353 |             let auth_state = AuthStateProvider::as_ref(ctx).get().clone();
    |                 ^^^^^^^^^^ help: if this is intentional, prefix it with an underscore: `_auth_state`

error: unused variable: `auth_state`
   --> app/src/terminal/local_tty/terminal_manager.rs:931:5
    |
931 |     auth_state: &AuthState,
    |     ^^^^^^^^^^ help: if this is intentional, prefix it with an underscore: `_auth_state`

error: unused variable: `unsupported_shell`
   --> app/src/terminal/local_tty/terminal_manager.rs:942:25
    |
942 |             if let Some(unsupported_shell) = unsupported_shell {
    |                         ^^^^^^^^^^^^^^^^^ help: if this is intentional, prefix it with an underscore: `_unsupported_shell`

error: unused variable: `transcript_scope`
    --> app/src/terminal/model/block.rs:1144:37
     |
1144 |     pub fn should_hide_block(&self, transcript_scope: &TranscriptScope) -> bool {
     |                                     ^^^^^^^^^^^^^^^^ help: if this is intentional, prefix it with an underscore: `_transcript_scope`

error[E0599]: no function or associated item named `mock` found for struct `notebooks::manager::NotebookManager` in the current scope
   --> app/src/search/command_palette/data_sources_tests.rs:157:46
    |
157 |     app.add_singleton_model(NotebookManager::mock);
    |                                              ^^^^ function or associated item not found in `notebooks::manager::NotebookManager`
    |
   ::: app/src/notebooks/manager.rs:10:1
    |
 10 | pub struct NotebookManager {
    | -------------------------- function or associated item `mock` not found for this struct

error[E0282]: type annotations needed
   --> app/src/search/command_palette/data_sources_tests.rs:170:52
    |
170 |         CloudModel::handle(&app).update(&mut app, |model, ctx| {
    |                                                    ^^^^^
171 |             model.upsert_from_server_notebook(
    |             ----- type must be known at this point
    |
help: consider giving this closure parameter an explicit type
    |
170 |         CloudModel::handle(&app).update(&mut app, |model: /* Type */, ctx| {
    |                                                         ++++++++++++

error[E0277]: the trait bound `notebooks::model::NotebookId: std::convert::From<{integer}>` is not satisfied
   --> app/src/search/command_palette/data_sources_tests.rs:172:40
    |
172 |                 mock_server_notebook(1.into(), Owner::mock_current_user()),
    |                                        ^^^^ unsatisfied trait bound
    |
help: the trait `std::convert::From<{integer}>` is not implemented for `notebooks::model::NotebookId`
   --> app/src/notebooks/model.rs:6:1
    |
  6 | pub struct NotebookId(String);
    | ^^^^^^^^^^^^^^^^^^^^^
    = note: required for `{integer}` to implement `std::convert::Into<notebooks::model::NotebookId>`

error[E0277]: the trait bound `workflows::model::WorkflowId: std::convert::From<{integer}>` is not satisfied
   --> app/src/search/command_palette/data_sources_tests.rs:176:40
    |
176 |                 mock_server_workflow(2.into(), Owner::mock_current_user()),
    |                                        ^^^^ unsatisfied trait bound
    |
help: the trait `std::convert::From<{integer}>` is not implemented for `workflows::model::WorkflowId`
   --> app/src/workflows/model.rs:7:1
    |
  7 | pub struct WorkflowId(String);
    | ^^^^^^^^^^^^^^^^^^^^^
    = note: required for `{integer}` to implement `std::convert::Into<workflows::model::WorkflowId>`

error[E0282]: type annotations needed
   --> app/src/search/command_palette/data_sources_tests.rs:219:52
    |
219 |         CloudModel::handle(&app).update(&mut app, |model, ctx| {
    |                                                    ^^^^^
220 |             model.upsert_from_server_notebook(
    |             ----- type must be known at this point
    |
help: consider giving this closure parameter an explicit type
    |
219 |         CloudModel::handle(&app).update(&mut app, |model: /* Type */, ctx| {
    |                                                         ++++++++++++

error[E0277]: the trait bound `notebooks::model::NotebookId: std::convert::From<{integer}>` is not satisfied
   --> app/src/search/command_palette/data_sources_tests.rs:221:40
    |
221 |                 mock_server_notebook(1.into(), Owner::mock_current_user()),
    |                                        ^^^^ unsatisfied trait bound
    |
help: the trait `std::convert::From<{integer}>` is not implemented for `notebooks::model::NotebookId`
   --> app/src/notebooks/model.rs:6:1
    |
  6 | pub struct NotebookId(String);
    | ^^^^^^^^^^^^^^^^^^^^^
    = note: required for `{integer}` to implement `std::convert::Into<notebooks::model::NotebookId>`

error[E0277]: the trait bound `workflows::model::WorkflowId: std::convert::From<{integer}>` is not satisfied
   --> app/src/search/command_palette/data_sources_tests.rs:225:40
    |
225 |                 mock_server_workflow(2.into(), Owner::mock_current_user()),
    |                                        ^^^^ unsatisfied trait bound
    |
help: the trait `std::convert::From<{integer}>` is not implemented for `workflows::model::WorkflowId`
   --> app/src/workflows/model.rs:7:1
    |
  7 | pub struct WorkflowId(String);
    | ^^^^^^^^^^^^^^^^^^^^^
    = note: required for `{integer}` to implement `std::convert::Into<workflows::model::WorkflowId>`

error[E0282]: type annotations needed
   --> app/src/search/command_palette/data_sources_tests.rs:267:52
    |
267 |         CloudModel::handle(&app).update(&mut app, |model, ctx| {
    |                                                    ^^^^^
268 |             model.upsert_from_server_notebook(
    |             ----- type must be known at this point
    |
help: consider giving this closure parameter an explicit type
    |
267 |         CloudModel::handle(&app).update(&mut app, |model: /* Type */, ctx| {
    |                                                         ++++++++++++

error: unused variable: `app`
   --> app/src/terminal/model/blocks/selection.rs:924:9
    |
924 |         app: &AppContext,
    |         ^^^ help: if this is intentional, prefix it with an underscore: `_app`

error[E0277]: the trait bound `notebooks::model::NotebookId: std::convert::From<{integer}>` is not satisfied
   --> app/src/search/command_palette/data_sources_tests.rs:269:40
    |
269 |                 mock_server_notebook(1.into(), Owner::mock_current_user()),
    |                                        ^^^^ unsatisfied trait bound
    |
help: the trait `std::convert::From<{integer}>` is not implemented for `notebooks::model::NotebookId`
   --> app/src/notebooks/model.rs:6:1
    |
  6 | pub struct NotebookId(String);
    | ^^^^^^^^^^^^^^^^^^^^^
    = note: required for `{integer}` to implement `std::convert::Into<notebooks::model::NotebookId>`

error[E0277]: the trait bound `workflows::model::WorkflowId: std::convert::From<{integer}>` is not satisfied
   --> app/src/search/command_palette/data_sources_tests.rs:273:40
    |
273 |                 mock_server_workflow(2.into(), Owner::mock_current_user()),
    |                                        ^^^^ unsatisfied trait bound
    |
help: the trait `std::convert::From<{integer}>` is not implemented for `workflows::model::WorkflowId`
   --> app/src/workflows/model.rs:7:1
    |
  7 | pub struct WorkflowId(String);
    | ^^^^^^^^^^^^^^^^^^^^^
    = note: required for `{integer}` to implement `std::convert::Into<workflows::model::WorkflowId>`

error[E0282]: type annotations needed
   --> app/src/search/command_palette/data_sources_tests.rs:317:52
    |
317 |         CloudModel::handle(&app).update(&mut app, |model, ctx| {
    |                                                    ^^^^^
318 |             model.upsert_from_server_notebook(
    |             ----- type must be known at this point
    |
help: consider giving this closure parameter an explicit type
    |
317 |         CloudModel::handle(&app).update(&mut app, |model: /* Type */, ctx| {
    |                                                         ++++++++++++

error[E0277]: the trait bound `notebooks::model::NotebookId: std::convert::From<{integer}>` is not satisfied
   --> app/src/search/command_palette/data_sources_tests.rs:319:40
    |
319 |                 mock_server_notebook(1.into(), Owner::mock_current_user()),
    |                                        ^^^^ unsatisfied trait bound
    |
help: the trait `std::convert::From<{integer}>` is not implemented for `notebooks::model::NotebookId`
   --> app/src/notebooks/model.rs:6:1
    |
  6 | pub struct NotebookId(String);
    | ^^^^^^^^^^^^^^^^^^^^^
    = note: required for `{integer}` to implement `std::convert::Into<notebooks::model::NotebookId>`

error[E0277]: the trait bound `workflows::model::WorkflowId: std::convert::From<{integer}>` is not satisfied
   --> app/src/search/command_palette/data_sources_tests.rs:323:40
    |
323 |                 mock_server_workflow(2.into(), Owner::mock_current_user()),
    |                                        ^^^^ unsatisfied trait bound
    |
help: the trait `std::convert::From<{integer}>` is not implemented for `workflows::model::WorkflowId`
   --> app/src/workflows/model.rs:7:1
    |
  7 | pub struct WorkflowId(String);
    | ^^^^^^^^^^^^^^^^^^^^^
    = note: required for `{integer}` to implement `std::convert::Into<workflows::model::WorkflowId>`

error[E0282]: type annotations needed
   --> app/src/search/command_palette/data_sources_tests.rs:424:42
    |
424 |     CloudModel::handle(app).update(app, |model, ctx| {
    |                                          ^^^^^
425 |         model.upsert_from_server_workflow(
    |         ----- type must be known at this point
    |
help: consider giving this closure parameter an explicit type
    |
424 |     CloudModel::handle(app).update(app, |model: /* Type */, ctx| {
    |                                               ++++++++++++

error[E0277]: the trait bound `workflows::model::WorkflowId: std::convert::From<i64>` is not satisfied
   --> app/src/search/command_palette/data_sources_tests.rs:427:27
    |
427 |                 marker_id.into(),
    |                           ^^^^ unsatisfied trait bound
    |
help: the trait `std::convert::From<i64>` is not implemented for `workflows::model::WorkflowId`
   --> app/src/workflows/model.rs:7:1
    |
  7 | pub struct WorkflowId(String);
    | ^^^^^^^^^^^^^^^^^^^^^
    = note: required for `i64` to implement `std::convert::Into<workflows::model::WorkflowId>`

error[E0308]: mismatched types
   --> app/src/search/command_palette/data_sources_tests.rs:439:39
    |
439 |     SyncId::ServerId(WorkflowId::from(id).into()).uid()
    |                      ---------------- ^^ expected `WorkflowId`, found `i64`
    |                      |
    |                      arguments to this function are incorrect
    |
note: associated function defined here
   --> /rustc/ded5c06cf21d2b93bffd5d884aa6e96934ee4234/library/core/src/convert/mod.rs:592:8

error[E0282]: type annotations needed
   --> app/src/search/command_palette/data_sources_tests.rs:450:52
    |
450 |         CloudModel::handle(&app).update(&mut app, |model, ctx| {
    |                                                    ^^^^^
451 |             model.upsert_from_server_workflow(
    |             ----- type must be known at this point
    |
help: consider giving this closure parameter an explicit type
    |
450 |         CloudModel::handle(&app).update(&mut app, |model: /* Type */, ctx| {
    |                                                         ++++++++++++

error[E0277]: the trait bound `workflows::model::WorkflowId: std::convert::From<{integer}>` is not satisfied
   --> app/src/search/command_palette/data_sources_tests.rs:453:23
    |
453 |                     1.into(),
    |                       ^^^^ unsatisfied trait bound
    |
help: the trait `std::convert::From<{integer}>` is not implemented for `workflows::model::WorkflowId`
   --> app/src/workflows/model.rs:7:1
    |
  7 | pub struct WorkflowId(String);
    | ^^^^^^^^^^^^^^^^^^^^^
    = note: required for `{integer}` to implement `std::convert::Into<workflows::model::WorkflowId>`

error[E0277]: the trait bound `workflows::model::WorkflowId: std::convert::From<{integer}>` is not satisfied
   --> app/src/search/command_palette/data_sources_tests.rs:464:23
    |
464 |                     2.into(),
    |                       ^^^^ unsatisfied trait bound
    |
help: the trait `std::convert::From<{integer}>` is not implemented for `workflows::model::WorkflowId`
   --> app/src/workflows/model.rs:7:1
    |
  7 | pub struct WorkflowId(String);
    | ^^^^^^^^^^^^^^^^^^^^^
    = note: required for `{integer}` to implement `std::convert::Into<workflows::model::WorkflowId>`

error[E0277]: the trait bound `workflows::model::WorkflowId: std::convert::From<{integer}>` is not satisfied
   --> app/src/search/command_palette/data_sources_tests.rs:475:23
    |
475 |                     3.into(),
    |                       ^^^^ unsatisfied trait bound
    |
help: the trait `std::convert::From<{integer}>` is not implemented for `workflows::model::WorkflowId`
   --> app/src/workflows/model.rs:7:1
    |
  7 | pub struct WorkflowId(String);
    | ^^^^^^^^^^^^^^^^^^^^^
    = note: required for `{integer}` to implement `std::convert::Into<workflows::model::WorkflowId>`

error[E0282]: type annotations needed
   --> app/src/search/command_palette/data_sources_tests.rs:485:56
    |
485 |         UserWorkspaces::handle(&app).update(&mut app, |user_workspaces, ctx| {
    |                                                        ^^^^^^^^^^^^^^^
486 |             user_workspaces.set_team_for_window(window_id, selected_team.uid, ctx);
    |             --------------- type must be known at this point
    |
help: consider giving this closure parameter an explicit type
    |
485 |         UserWorkspaces::handle(&app).update(&mut app, |user_workspaces: /* Type */, ctx| {
    |                                                                       ++++++++++++

error[E0282]: type annotations needed
   --> app/src/search/command_palette/data_sources_tests.rs:520:56
    |
520 |         UserWorkspaces::handle(&app).update(&mut app, |user_workspaces, ctx| {
    |                                                        ^^^^^^^^^^^^^^^
521 |             user_workspaces.set_team_for_window(window_id, selected_team.uid, ctx);
    |             --------------- type must be known at this point
    |
help: consider giving this closure parameter an explicit type
    |
520 |         UserWorkspaces::handle(&app).update(&mut app, |user_workspaces: /* Type */, ctx| {
    |                                                                       ++++++++++++

error[E0282]: type annotations needed
   --> app/src/search/command_palette/data_sources_tests.rs:524:52
    |
524 |         CloudModel::handle(&app).update(&mut app, |model, ctx| {
    |                                                    ^^^^^
...
528 |                 model.upsert_from_server_workflow(
    |                 ----- type must be known at this point
    |
help: consider giving this closure parameter an explicit type
    |
524 |         CloudModel::handle(&app).update(&mut app, |model: /* Type */, ctx| {
    |                                                         ++++++++++++

error[E0277]: the trait bound `workflows::model::WorkflowId: std::convert::From<i64>` is not satisfied
   --> app/src/search/command_palette/data_sources_tests.rs:530:28
    |
530 |                         id.into(),
    |                            ^^^^ unsatisfied trait bound
    |
help: the trait `std::convert::From<i64>` is not implemented for `workflows::model::WorkflowId`
   --> app/src/workflows/model.rs:7:1
    |
  7 | pub struct WorkflowId(String);
    | ^^^^^^^^^^^^^^^^^^^^^
    = note: required for `i64` to implement `std::convert::Into<workflows::model::WorkflowId>`

error[E0277]: the trait bound `workflows::model::WorkflowId: std::convert::From<i64>` is not satisfied
   --> app/src/search/command_palette/data_sources_tests.rs:542:51
    |
542 |                     (CROWDING_WORKFLOW_COUNT + 1).into(),
    |                                                   ^^^^ unsatisfied trait bound
    |
help: the trait `std::convert::From<i64>` is not implemented for `workflows::model::WorkflowId`
   --> app/src/workflows/model.rs:7:1
    |
  7 | pub struct WorkflowId(String);
    | ^^^^^^^^^^^^^^^^^^^^^
    = note: required for `i64` to implement `std::convert::Into<workflows::model::WorkflowId>`

error[E0282]: type annotations needed
   --> app/src/search/command_palette/data_sources_tests.rs:579:56
    |
579 |         UserWorkspaces::handle(&app).update(&mut app, |user_workspaces, ctx| {
    |                                                        ^^^^^^^^^^^^^^^
580 |             user_workspaces.set_team_for_window(window_id, selected_team.uid, ctx);
    |             --------------- type must be known at this point
    |
help: consider giving this closure parameter an explicit type
    |
579 |         UserWorkspaces::handle(&app).update(&mut app, |user_workspaces: /* Type */, ctx| {
    |                                                                       ++++++++++++

error[E0282]: type annotations needed
   --> app/src/search/command_palette/data_sources_tests.rs:583:52
    |
583 |         CloudModel::handle(&app).update(&mut app, |model, ctx| {
    |                                                    ^^^^^
584 |             model.upsert_from_server_workflow(
    |             ----- type must be known at this point
    |
help: consider giving this closure parameter an explicit type
    |
583 |         CloudModel::handle(&app).update(&mut app, |model: /* Type */, ctx| {
    |                                                         ++++++++++++

error[E0277]: the trait bound `workflows::model::WorkflowId: std::convert::From<{integer}>` is not satisfied
   --> app/src/search/command_palette/data_sources_tests.rs:586:23
    |
586 |                     1.into(),
    |                       ^^^^ unsatisfied trait bound
    |
help: the trait `std::convert::From<{integer}>` is not implemented for `workflows::model::WorkflowId`
   --> app/src/workflows/model.rs:7:1
    |
  7 | pub struct WorkflowId(String);
    | ^^^^^^^^^^^^^^^^^^^^^
    = note: required for `{integer}` to implement `std::convert::Into<workflows::model::WorkflowId>`

error[E0282]: type annotations needed
   --> app/src/search/command_palette/data_sources_tests.rs:607:52
    |
607 |         CloudModel::handle(&app).update(&mut app, |model, ctx| {
    |                                                    ^^^^^
608 |             model.update_object_permissions(
    |             ----- type must be known at this point
    |
help: consider giving this closure parameter an explicit type
    |
607 |         CloudModel::handle(&app).update(&mut app, |model: /* Type */, ctx| {
    |                                                         ++++++++++++

error[E0282]: type annotations needed
   --> app/src/search/command_palette/data_sources_tests.rs:638:56
    |
638 |         UserWorkspaces::handle(&app).update(&mut app, |user_workspaces, ctx| {
    |                                                        ^^^^^^^^^^^^^^^
639 |             user_workspaces.set_team_for_window(window_id, selected_team.uid, ctx);
    |             --------------- type must be known at this point
    |
help: consider giving this closure parameter an explicit type
    |
638 |         UserWorkspaces::handle(&app).update(&mut app, |user_workspaces: /* Type */, ctx| {
    |                                                                       ++++++++++++

error[E0282]: type annotations needed
   --> app/src/search/command_palette/data_sources_tests.rs:642:52
    |
642 |         CloudModel::handle(&app).update(&mut app, |model, ctx| {
    |                                                    ^^^^^
643 |             model.upsert_from_server_workflow(
    |             ----- type must be known at this point
    |
help: consider giving this closure parameter an explicit type
    |
642 |         CloudModel::handle(&app).update(&mut app, |model: /* Type */, ctx| {
    |                                                         ++++++++++++

error[E0277]: the trait bound `workflows::model::WorkflowId: std::convert::From<{integer}>` is not satisfied
   --> app/src/search/command_palette/data_sources_tests.rs:645:23
    |
645 |                     1.into(),
    |                       ^^^^ unsatisfied trait bound
    |
help: the trait `std::convert::From<{integer}>` is not implemented for `workflows::model::WorkflowId`
   --> app/src/workflows/model.rs:7:1
    |
  7 | pub struct WorkflowId(String);
    | ^^^^^^^^^^^^^^^^^^^^^
    = note: required for `{integer}` to implement `std::convert::Into<workflows::model::WorkflowId>`

error[E0282]: type annotations needed
   --> app/src/search/command_palette/data_sources_tests.rs:670:52
    |
670 |         CloudModel::handle(&app).update(&mut app, |model, ctx| {
    |                                                    ^^^^^
671 |             model.update_object_location(
    |             ----- type must be known at this point
    |
help: consider giving this closure parameter an explicit type
    |
670 |         CloudModel::handle(&app).update(&mut app, |model: /* Type */, ctx| {
    |                                                         ++++++++++++

error[E0282]: type annotations needed
   --> app/src/search/command_palette/data_sources_tests.rs:696:52
    |
696 |         CloudModel::handle(&app).update(&mut app, |model, ctx| {
    |                                                    ^^^^^
697 |             model.upsert_from_server_workflow(
    |             ----- type must be known at this point
    |
help: consider giving this closure parameter an explicit type
    |
696 |         CloudModel::handle(&app).update(&mut app, |model: /* Type */, ctx| {
    |                                                         ++++++++++++

error[E0277]: the trait bound `workflows::model::WorkflowId: std::convert::From<{integer}>` is not satisfied
   --> app/src/search/command_palette/data_sources_tests.rs:699:23
    |
699 |                     1.into(),
    |                       ^^^^ unsatisfied trait bound
    |
help: the trait `std::convert::From<{integer}>` is not implemented for `workflows::model::WorkflowId`
   --> app/src/workflows/model.rs:7:1
    |
  7 | pub struct WorkflowId(String);
    | ^^^^^^^^^^^^^^^^^^^^^
    = note: required for `{integer}` to implement `std::convert::Into<workflows::model::WorkflowId>`

error[E0282]: type annotations needed
   --> app/src/search/command_palette/data_sources_tests.rs:721:56
    |
721 |         UserWorkspaces::handle(&app).update(&mut app, |user_workspaces, ctx| {
    |                                                        ^^^^^^^^^^^^^^^
722 |             user_workspaces.set_team_for_window(window_id, second_team.uid, ctx);
    |             --------------- type must be known at this point
    |
help: consider giving this closure parameter an explicit type
    |
721 |         UserWorkspaces::handle(&app).update(&mut app, |user_workspaces: /* Type */, ctx| {
    |                                                                       ++++++++++++

error[E0282]: type annotations needed
   --> app/src/search/command_palette/data_sources_tests.rs:742:52
    |
742 |         CloudModel::handle(&app).update(&mut app, |model, ctx| {
    |                                                    ^^^^^
743 |             model.upsert_from_server_workflow(
    |             ----- type must be known at this point
    |
help: consider giving this closure parameter an explicit type
    |
742 |         CloudModel::handle(&app).update(&mut app, |model: /* Type */, ctx| {
    |                                                         ++++++++++++

error[E0277]: the trait bound `workflows::model::WorkflowId: std::convert::From<{integer}>` is not satisfied
   --> app/src/search/command_palette/data_sources_tests.rs:745:23
    |
745 |                     1.into(),
    |                       ^^^^ unsatisfied trait bound
    |
help: the trait `std::convert::From<{integer}>` is not implemented for `workflows::model::WorkflowId`
   --> app/src/workflows/model.rs:7:1
    |
  7 | pub struct WorkflowId(String);
    | ^^^^^^^^^^^^^^^^^^^^^
    = note: required for `{integer}` to implement `std::convert::Into<workflows::model::WorkflowId>`

error[E0277]: the trait bound `workflows::model::WorkflowId: std::convert::From<{integer}>` is not satisfied
   --> app/src/search/command_palette/data_sources_tests.rs:756:23
    |
756 |                     2.into(),
    |                       ^^^^ unsatisfied trait bound
    |
help: the trait `std::convert::From<{integer}>` is not implemented for `workflows::model::WorkflowId`
   --> app/src/workflows/model.rs:7:1
    |
  7 | pub struct WorkflowId(String);
    | ^^^^^^^^^^^^^^^^^^^^^
    = note: required for `{integer}` to implement `std::convert::Into<workflows::model::WorkflowId>`

error[E0282]: type annotations needed
   --> app/src/search/command_palette/data_sources_tests.rs:769:56
    |
769 |         UserWorkspaces::handle(&app).update(&mut app, |user_workspaces, ctx| {
    |                                                        ^^^^^^^^^^^^^^^
770 |             user_workspaces.set_team_for_window(first_window_id, first_team.uid, ctx);
    |             --------------- type must be known at this point
    |
help: consider giving this closure parameter an explicit type
    |
769 |         UserWorkspaces::handle(&app).update(&mut app, |user_workspaces: /* Type */, ctx| {
    |                                                                       ++++++++++++

error[E0282]: type annotations needed
   --> app/src/search/command_palette/data_sources_tests.rs:838:56
    |
838 |         UserWorkspaces::handle(&app).update(&mut app, |user_workspaces, ctx| {
    |                                                        ^^^^^^^^^^^^^^^
839 |             user_workspaces.set_team_for_window(window_id, team.uid, ctx);
    |             --------------- type must be known at this point
    |
help: consider giving this closure parameter an explicit type
    |
838 |         UserWorkspaces::handle(&app).update(&mut app, |user_workspaces: /* Type */, ctx| {
    |                                                                       ++++++++++++

error[E0282]: type annotations needed
   --> app/src/search/command_palette/data_sources_tests.rs:852:52
    |
852 |         CloudModel::handle(&app).update(&mut app, |model, ctx| {
    |                                                    ^^^^^
853 |             model.upsert_from_server_workflow(
    |             ----- type must be known at this point
    |
help: consider giving this closure parameter an explicit type
    |
852 |         CloudModel::handle(&app).update(&mut app, |model: /* Type */, ctx| {
    |                                                         ++++++++++++

error[E0308]: mismatched types
   --> app/src/search/command_palette/data_sources_tests.rs:855:55
    |
855 |                     SyncId::ServerId(WorkflowId::from(1).into()),
    |                                      ---------------- ^ expected `WorkflowId`, found integer
    |                                      |
    |                                      arguments to this function are incorrect
    |
note: associated function defined here
   --> /rustc/ded5c06cf21d2b93bffd5d884aa6e96934ee4234/library/core/src/convert/mod.rs:592:8

error[E0282]: type annotations needed
   --> app/src/search/command_palette/data_sources_tests.rs:888:56
    |
888 |         UserWorkspaces::handle(&app).update(&mut app, |user_workspaces, ctx| {
    |                                                        ^^^^^^^^^^^^^^^
889 |             user_workspaces.set_team_for_window(window_id, window_team.uid, ctx);
    |             --------------- type must be known at this point
    |
help: consider giving this closure parameter an explicit type
    |
888 |         UserWorkspaces::handle(&app).update(&mut app, |user_workspaces: /* Type */, ctx| {
    |                                                                       ++++++++++++

error[E0282]: type annotations needed
   --> app/src/search/command_palette/data_sources_tests.rs:895:52
    |
895 |         CloudModel::handle(&app).update(&mut app, |model, ctx| {
    |                                                    ^^^^^
896 |             model.upsert_from_server_workflow(
    |             ----- type must be known at this point
    |
help: consider giving this closure parameter an explicit type
    |
895 |         CloudModel::handle(&app).update(&mut app, |model: /* Type */, ctx| {
    |                                                         ++++++++++++

error[E0308]: mismatched types
   --> app/src/search/command_palette/data_sources_tests.rs:898:55
    |
898 |                     SyncId::ServerId(WorkflowId::from(1).into()),
    |                                      ---------------- ^ expected `WorkflowId`, found integer
    |                                      |
    |                                      arguments to this function are incorrect
    |
note: associated function defined here
   --> /rustc/ded5c06cf21d2b93bffd5d884aa6e96934ee4234/library/core/src/convert/mod.rs:592:8

error[E0277]: the trait bound `workflows::model::WorkflowId: std::convert::From<{integer}>` is not satisfied
   --> app/src/search/command_palette/data_sources_tests.rs:907:23
    |
907 |                     2.into(),
    |                       ^^^^ unsatisfied trait bound
    |
help: the trait `std::convert::From<{integer}>` is not implemented for `workflows::model::WorkflowId`
   --> app/src/workflows/model.rs:7:1
    |
  7 | pub struct WorkflowId(String);
    | ^^^^^^^^^^^^^^^^^^^^^
    = note: required for `{integer}` to implement `std::convert::Into<workflows::model::WorkflowId>`

error[E0282]: type annotations needed
   --> app/src/search/command_palette/data_sources_tests.rs:930:56
    |
930 |         UserWorkspaces::handle(&app).update(&mut app, |user_workspaces, ctx| {
    |                                                        ^^^^^^^^^^^^^^^
931 |             user_workspaces.update_workspaces(vec![workspace_for_test(vec![window_team])], ctx);
    |             --------------- type must be known at this point
    |
help: consider giving this closure parameter an explicit type
    |
930 |         UserWorkspaces::handle(&app).update(&mut app, |user_workspaces: /* Type */, ctx| {
    |                                                                       ++++++++++++

error: unused variable: `warp_attributed_bootstrap_duration_seconds`
   --> app/src/terminal/model/session.rs:297:13
    |
297 |         let warp_attributed_bootstrap_duration_seconds =
    |             ^^^^^^^^^^^^^^^^^^^^^^^^^^^^^^^^^^^^^^^^^^ help: if this is intentional, prefix it with an underscore: `_warp_attributed_bootstrap_duration_seconds`

error: unused variable: `was_triggered_by_rc_file`
   --> app/src/terminal/model/session.rs:302:13
    |
302 |         let was_triggered_by_rc_file = session
    |             ^^^^^^^^^^^^^^^^^^^^^^^^ help: if this is intentional, prefix it with an underscore: `_was_triggered_by_rc_file`

error[E0433]: failed to resolve: use of undeclared type `AuthManager`
  --> app/src/search/command_search/view_tests.rs:23:29
   |
23 |     app.add_singleton_model(AuthManager::new_for_test);
   |                             ^^^^^^^^^^^ use of undeclared type `AuthManager`

error[E0061]: this function takes 1 argument but 2 arguments were supplied
   --> app/src/search/command_search/view_tests.rs:46:13
    |
 46 |             CommandSearchView::new(ServerApiProvider::as_ref(ctx).get_ai_client(), ctx)
    |             ^^^^^^^^^^^^^^^^^^^^^^ ---------------------------------------------- unexpected argument #1
    |
note: associated function defined here
   --> app/src/search/command_search/view.rs:115:12
    |
115 |     pub fn new(ctx: &mut ViewContext<Self>) -> Self {
    |            ^^^
help: remove the extra argument
    |
 46 -             CommandSearchView::new(ServerApiProvider::as_ref(ctx).get_ai_client(), ctx)
 46 +             CommandSearchView::new(ctx)
    |

error: unused variable: `block_id`
    --> app/src/terminal/model/terminal_model.rs:1834:13
     |
1834 |         let block_id = data.next_block_id.to_string();
     |             ^^^^^^^^ help: if this is intentional, prefix it with an underscore: `_block_id`

error: unused variable: `record`
   --> app/src/terminal/model_events.rs:231:38
    |
231 |             Event::LifecycleRecovery(record) => {
    |                                      ^^^^^^ help: if this is intentional, prefix it with an underscore: `_record`

Some errors have detailed explanations: E0061, E0282, E0308, E0432, E0433, E0533, E0599.
For more information about an error, try `rustc --explain E0061`.
error: could not compile `warp` (lib) due to 504 previous errors
warning: build failed, waiting for other jobs to finish...
error[E0425]: cannot find function `plan_header_presentation` in this scope
  --> app/src/settings_view/mod_tests.rs:27:24
   |
27 |     let presentation = plan_header_presentation(Some(&billing_metadata), false, false);
   |                        ^^^^^^^^^^^^^^^^^^^^^^^^ not found in this scope

error[E0425]: cannot find function `plan_header_presentation` in this scope
  --> app/src/settings_view/mod_tests.rs:37:24
   |
37 |     let presentation = plan_header_presentation(Some(&billing_metadata), false, false);
   |                        ^^^^^^^^^^^^^^^^^^^^^^^^ not found in this scope

error[E0425]: cannot find function `plan_header_presentation` in this scope
  --> app/src/settings_view/mod_tests.rs:47:24
   |
47 |     let presentation = plan_header_presentation(Some(&billing_metadata), true, false);
   |                        ^^^^^^^^^^^^^^^^^^^^^^^^ not found in this scope

error[E0425]: cannot find function `plan_header_presentation` in this scope
  --> app/src/settings_view/mod_tests.rs:55:24
   |
55 |     let presentation = plan_header_presentation(None, false, true);
   |                        ^^^^^^^^^^^^^^^^^^^^^^^^ not found in this scope

error[E0425]: cannot find function `plan_header_presentation` in this scope
  --> app/src/settings_view/mod_tests.rs:63:24
   |
63 |     let presentation = plan_header_presentation(None, false, false);
   |                        ^^^^^^^^^^^^^^^^^^^^^^^^ not found in this scope

error[E0599]: no variant or associated item named `WarpAgent` found for enum `settings_view::SettingsSection` in the current scope
   --> app/src/settings_view/mod_tests.rs:96:33
    |
 96 |     assert_eq!(SettingsSection::WarpAgent.to_string(), "Warp Agent");
    |                                 ^^^^^^^^^ variant or associated item not found in `settings_view::SettingsSection`
    |
   ::: app/src/settings_view/mod.rs:206:1
    |
206 | pub enum SettingsSection {
    | ------------------------ variant or associated item `WarpAgent` not found for this enum

error[E0599]: no variant or associated item named `AgentProfiles` found for enum `settings_view::SettingsSection` in the current scope
   --> app/src/settings_view/mod_tests.rs:97:33
    |
 97 |     assert_eq!(SettingsSection::AgentProfiles.to_string(), "Profiles");
    |                                 ^^^^^^^^^^^^^ variant or associated item not found in `settings_view::SettingsSection`
    |
   ::: app/src/settings_view/mod.rs:206:1
    |
206 | pub enum SettingsSection {
    | ------------------------ variant or associated item `AgentProfiles` not found for this enum

error[E0599]: no variant or associated item named `Knowledge` found for enum `settings_view::SettingsSection` in the current scope
   --> app/src/settings_view/mod_tests.rs:98:33
    |
 98 |     assert_eq!(SettingsSection::Knowledge.to_string(), "Knowledge");
    |                                 ^^^^^^^^^ variant or associated item not found in `settings_view::SettingsSection`
    |
   ::: app/src/settings_view/mod.rs:206:1
    |
206 | pub enum SettingsSection {
    | ------------------------ variant or associated item `Knowledge` not found for this enum

error[E0599]: no variant or associated item named `ThirdPartyCLIAgents` found for enum `settings_view::SettingsSection` in the current scope
   --> app/src/settings_view/mod_tests.rs:100:26
    |
100 |         SettingsSection::ThirdPartyCLIAgents.to_string(),
    |                          ^^^^^^^^^^^^^^^^^^^ variant or associated item not found in `settings_view::SettingsSection`
    |
   ::: app/src/settings_view/mod.rs:206:1
    |
206 | pub enum SettingsSection {
    | ------------------------ variant or associated item `ThirdPartyCLIAgents` not found for this enum

error[E0599]: no variant or associated item named `CloudEnvironments` found for enum `settings_view::SettingsSection` in the current scope
   --> app/src/settings_view/mod_tests.rs:112:26
    |
112 |         SettingsSection::CloudEnvironments.to_string(),
    |                          ^^^^^^^^^^^^^^^^^ variant or associated item not found in `settings_view::SettingsSection`
    |
   ::: app/src/settings_view/mod.rs:206:1
    |
206 | pub enum SettingsSection {
    | ------------------------ variant or associated item `CloudEnvironments` not found for this enum

error[E0599]: no variant or associated item named `WarpCloudAgentAPIKeys` found for enum `settings_view::SettingsSection` in the current scope
   --> app/src/settings_view/mod_tests.rs:116:26
    |
116 |         SettingsSection::WarpCloudAgentAPIKeys.to_string(),
    |                          ^^^^^^^^^^^^^^^^^^^^^ variant or associated item not found in `settings_view::SettingsSection`
    |
   ::: app/src/settings_view/mod.rs:206:1
    |
206 | pub enum SettingsSection {
    | ------------------------ variant or associated item `WarpCloudAgentAPIKeys` not found for this enum

error[E0599]: no variant or associated item named `Account` found for enum `settings_view::SettingsSection` in the current scope
   --> app/src/settings_view/mod_tests.rs:129:22
    |
129 |     SettingsSection::Account,
    |                      ^^^^^^^ variant or associated item not found in `settings_view::SettingsSection`
    |
   ::: app/src/settings_view/mod.rs:206:1
    |
206 | pub enum SettingsSection {
    | ------------------------ variant or associated item `Account` not found for this enum

error[E0599]: no variant or associated item named `BillingAndUsage` found for enum `settings_view::SettingsSection` in the current scope
   --> app/src/settings_view/mod_tests.rs:130:22
    |
130 |     SettingsSection::BillingAndUsage,
    |                      ^^^^^^^^^^^^^^^ variant or associated item not found in `settings_view::SettingsSection`
    |
   ::: app/src/settings_view/mod.rs:206:1
    |
206 | pub enum SettingsSection {
    | ------------------------ variant or associated item `BillingAndUsage` not found for this enum

error[E0599]: no variant or associated item named `Referrals` found for enum `settings_view::SettingsSection` in the current scope
   --> app/src/settings_view/mod_tests.rs:135:22
    |
135 |     SettingsSection::Referrals,
    |                      ^^^^^^^^^ variant or associated item not found in `settings_view::SettingsSection`
    |
   ::: app/src/settings_view/mod.rs:206:1
    |
206 | pub enum SettingsSection {
    | ------------------------ variant or associated item `Referrals` not found for this enum

error[E0599]: no variant or associated item named `SharedBlocks` found for enum `settings_view::SettingsSection` in the current scope
   --> app/src/settings_view/mod_tests.rs:137:22
    |
137 |     SettingsSection::SharedBlocks,
    |                      ^^^^^^^^^^^^ variant or associated item not found in `settings_view::SettingsSection`
    |
   ::: app/src/settings_view/mod.rs:206:1
    |
206 | pub enum SettingsSection {
    | ------------------------ variant or associated item `SharedBlocks` not found for this enum

error[E0599]: no variant or associated item named `Teams` found for enum `settings_view::SettingsSection` in the current scope
   --> app/src/settings_view/mod_tests.rs:138:22
    |
138 |     SettingsSection::Teams,
    |                      ^^^^^ variant or associated item not found in `settings_view::SettingsSection`
    |
   ::: app/src/settings_view/mod.rs:206:1
    |
206 | pub enum SettingsSection {
    | ------------------------ variant or associated item `Teams` not found for this enum

error[E0599]: no variant or associated item named `WarpDrive` found for enum `settings_view::SettingsSection` in the current scope
   --> app/src/settings_view/mod_tests.rs:139:22
    |
139 |     SettingsSection::WarpDrive,
    |                      ^^^^^^^^^ variant or associated item not found in `settings_view::SettingsSection`
    |
   ::: app/src/settings_view/mod.rs:206:1
    |
206 | pub enum SettingsSection {
    | ------------------------ variant or associated item `WarpDrive` not found for this enum

error[E0599]: no variant or associated item named `Warpify` found for enum `settings_view::SettingsSection` in the current scope
   --> app/src/settings_view/mod_tests.rs:140:22
    |
140 |     SettingsSection::Warpify,
    |                      ^^^^^^^ variant or associated item not found in `settings_view::SettingsSection`
    |
   ::: app/src/settings_view/mod.rs:206:1
    |
206 | pub enum SettingsSection {
    | ------------------------ variant or associated item `Warpify` not found for this enum

error[E0599]: no variant or associated item named `WarpAgent` found for enum `settings_view::SettingsSection` in the current scope
   --> app/src/settings_view/mod_tests.rs:141:22
    |
141 |     SettingsSection::WarpAgent,
    |                      ^^^^^^^^^ variant or associated item not found in `settings_view::SettingsSection`
    |
   ::: app/src/settings_view/mod.rs:206:1
    |
206 | pub enum SettingsSection {
    | ------------------------ variant or associated item `WarpAgent` not found for this enum

error[E0599]: no variant or associated item named `AgentProfiles` found for enum `settings_view::SettingsSection` in the current scope
   --> app/src/settings_view/mod_tests.rs:142:22
    |
142 |     SettingsSection::AgentProfiles,
    |                      ^^^^^^^^^^^^^ variant or associated item not found in `settings_view::SettingsSection`
    |
   ::: app/src/settings_view/mod.rs:206:1
    |
206 | pub enum SettingsSection {
    | ------------------------ variant or associated item `AgentProfiles` not found for this enum

error[E0599]: no variant or associated item named `Knowledge` found for enum `settings_view::SettingsSection` in the current scope
   --> app/src/settings_view/mod_tests.rs:143:22
    |
143 |     SettingsSection::Knowledge,
    |                      ^^^^^^^^^ variant or associated item not found in `settings_view::SettingsSection`
    |
   ::: app/src/settings_view/mod.rs:206:1
    |
206 | pub enum SettingsSection {
    | ------------------------ variant or associated item `Knowledge` not found for this enum

error[E0599]: no variant or associated item named `ThirdPartyCLIAgents` found for enum `settings_view::SettingsSection` in the current scope
   --> app/src/settings_view/mod_tests.rs:144:22
    |
144 |     SettingsSection::ThirdPartyCLIAgents,
    |                      ^^^^^^^^^^^^^^^^^^^ variant or associated item not found in `settings_view::SettingsSection`
    |
   ::: app/src/settings_view/mod.rs:206:1
    |
206 | pub enum SettingsSection {
    | ------------------------ variant or associated item `ThirdPartyCLIAgents` not found for this enum

error[E0599]: no variant or associated item named `CloudEnvironments` found for enum `settings_view::SettingsSection` in the current scope
   --> app/src/settings_view/mod_tests.rs:147:22
    |
147 |     SettingsSection::CloudEnvironments,
    |                      ^^^^^^^^^^^^^^^^^ variant or associated item not found in `settings_view::SettingsSection`
    |
   ::: app/src/settings_view/mod.rs:206:1
    |
206 | pub enum SettingsSection {
    | ------------------------ variant or associated item `CloudEnvironments` not found for this enum

error[E0599]: no variant or associated item named `WarpCloudAgentAPIKeys` found for enum `settings_view::SettingsSection` in the current scope
   --> app/src/settings_view/mod_tests.rs:148:22
    |
148 |     SettingsSection::WarpCloudAgentAPIKeys,
    |                      ^^^^^^^^^^^^^^^^^^^^^ variant or associated item not found in `settings_view::SettingsSection`
    |
   ::: app/src/settings_view/mod.rs:206:1
    |
206 | pub enum SettingsSection {
    | ------------------------ variant or associated item `WarpCloudAgentAPIKeys` not found for this enum

error[E0599]: no variant or associated item named `WarpCloudAgentAPIKeys` found for enum `settings_view::SettingsSection` in the current scope
   --> app/src/settings_view/mod_tests.rs:155:24
    |
155 |     &[SettingsSection::WarpCloudAgentAPIKeys];
    |                        ^^^^^^^^^^^^^^^^^^^^^ variant or associated item not found in `settings_view::SettingsSection`
    |
   ::: app/src/settings_view/mod.rs:206:1
    |
206 | pub enum SettingsSection {
    | ------------------------ variant or associated item `WarpCloudAgentAPIKeys` not found for this enum

error[E0599]: no variant or associated item named `Account` found for enum `settings_view::SettingsSection` in the current scope
   --> app/src/settings_view/mod_tests.rs:162:32
    |
162 |             | SettingsSection::Account
    |                                ^^^^^^^ variant or associated item not found in `settings_view::SettingsSection`
    |
   ::: app/src/settings_view/mod.rs:206:1
    |
206 | pub enum SettingsSection {
    | ------------------------ variant or associated item `Account` not found for this enum

error[E0599]: no variant or associated item named `BillingAndUsage` found for enum `settings_view::SettingsSection` in the current scope
   --> app/src/settings_view/mod_tests.rs:163:32
    |
163 |             | SettingsSection::BillingAndUsage
    |                                ^^^^^^^^^^^^^^^ variant or associated item not found in `settings_view::SettingsSection`
    |
   ::: app/src/settings_view/mod.rs:206:1
    |
206 | pub enum SettingsSection {
    | ------------------------ variant or associated item `BillingAndUsage` not found for this enum

error[E0599]: no variant or associated item named `Referrals` found for enum `settings_view::SettingsSection` in the current scope
   --> app/src/settings_view/mod_tests.rs:168:32
    |
168 |             | SettingsSection::Referrals
    |                                ^^^^^^^^^ variant or associated item not found in `settings_view::SettingsSection`
    |
   ::: app/src/settings_view/mod.rs:206:1
    |
206 | pub enum SettingsSection {
    | ------------------------ variant or associated item `Referrals` not found for this enum

error[E0599]: no variant or associated item named `SharedBlocks` found for enum `settings_view::SettingsSection` in the current scope
   --> app/src/settings_view/mod_tests.rs:170:32
    |
170 |             | SettingsSection::SharedBlocks
    |                                ^^^^^^^^^^^^ variant or associated item not found in `settings_view::SettingsSection`
    |
   ::: app/src/settings_view/mod.rs:206:1
    |
206 | pub enum SettingsSection {
    | ------------------------ variant or associated item `SharedBlocks` not found for this enum

error[E0599]: no variant or associated item named `Teams` found for enum `settings_view::SettingsSection` in the current scope
   --> app/src/settings_view/mod_tests.rs:171:32
    |
171 |             | SettingsSection::Teams
    |                                ^^^^^ variant or associated item not found in `settings_view::SettingsSection`
    |
   ::: app/src/settings_view/mod.rs:206:1
    |
206 | pub enum SettingsSection {
    | ------------------------ variant or associated item `Teams` not found for this enum

error[E0599]: no variant or associated item named `WarpDrive` found for enum `settings_view::SettingsSection` in the current scope
   --> app/src/settings_view/mod_tests.rs:172:32
    |
172 |             | SettingsSection::WarpDrive
    |                                ^^^^^^^^^ variant or associated item not found in `settings_view::SettingsSection`
    |
   ::: app/src/settings_view/mod.rs:206:1
    |
206 | pub enum SettingsSection {
    | ------------------------ variant or associated item `WarpDrive` not found for this enum

error[E0599]: no variant or associated item named `Warpify` found for enum `settings_view::SettingsSection` in the current scope
   --> app/src/settings_view/mod_tests.rs:173:32
    |
173 |             | SettingsSection::Warpify
    |                                ^^^^^^^ variant or associated item not found in `settings_view::SettingsSection`
    |
   ::: app/src/settings_view/mod.rs:206:1
    |
206 | pub enum SettingsSection {
    | ------------------------ variant or associated item `Warpify` not found for this enum

error[E0599]: no variant or associated item named `WarpAgent` found for enum `settings_view::SettingsSection` in the current scope
   --> app/src/settings_view/mod_tests.rs:174:32
    |
174 |             | SettingsSection::WarpAgent
    |                                ^^^^^^^^^ variant or associated item not found in `settings_view::SettingsSection`
    |
   ::: app/src/settings_view/mod.rs:206:1
    |
206 | pub enum SettingsSection {
    | ------------------------ variant or associated item `WarpAgent` not found for this enum

error[E0599]: no variant or associated item named `AgentProfiles` found for enum `settings_view::SettingsSection` in the current scope
   --> app/src/settings_view/mod_tests.rs:175:32
    |
175 |             | SettingsSection::AgentProfiles
    |                                ^^^^^^^^^^^^^ variant or associated item not found in `settings_view::SettingsSection`
    |
   ::: app/src/settings_view/mod.rs:206:1
    |
206 | pub enum SettingsSection {
    | ------------------------ variant or associated item `AgentProfiles` not found for this enum

error[E0599]: no variant or associated item named `Knowledge` found for enum `settings_view::SettingsSection` in the current scope
   --> app/src/settings_view/mod_tests.rs:176:32
    |
176 |             | SettingsSection::Knowledge
    |                                ^^^^^^^^^ variant or associated item not found in `settings_view::SettingsSection`
    |
   ::: app/src/settings_view/mod.rs:206:1
    |
206 | pub enum SettingsSection {
    | ------------------------ variant or associated item `Knowledge` not found for this enum

error[E0599]: no variant or associated item named `ThirdPartyCLIAgents` found for enum `settings_view::SettingsSection` in the current scope
   --> app/src/settings_view/mod_tests.rs:177:32
    |
177 |             | SettingsSection::ThirdPartyCLIAgents
    |                                ^^^^^^^^^^^^^^^^^^^ variant or associated item not found in `settings_view::SettingsSection`
    |
   ::: app/src/settings_view/mod.rs:206:1
    |
206 | pub enum SettingsSection {
    | ------------------------ variant or associated item `ThirdPartyCLIAgents` not found for this enum

error[E0599]: no variant or associated item named `CloudEnvironments` found for enum `settings_view::SettingsSection` in the current scope
   --> app/src/settings_view/mod_tests.rs:180:32
    |
180 |             | SettingsSection::CloudEnvironments
    |                                ^^^^^^^^^^^^^^^^^ variant or associated item not found in `settings_view::SettingsSection`
    |
   ::: app/src/settings_view/mod.rs:206:1
    |
206 | pub enum SettingsSection {
    | ------------------------ variant or associated item `CloudEnvironments` not found for this enum

error[E0599]: no variant or associated item named `WarpCloudAgentAPIKeys` found for enum `settings_view::SettingsSection` in the current scope
   --> app/src/settings_view/mod_tests.rs:181:32
    |
181 |             | SettingsSection::WarpCloudAgentAPIKeys => section,
    |                                ^^^^^^^^^^^^^^^^^^^^^ variant or associated item not found in `settings_view::SettingsSection`
    |
   ::: app/src/settings_view/mod.rs:206:1
    |
206 | pub enum SettingsSection {
    | ------------------------ variant or associated item `WarpCloudAgentAPIKeys` not found for this enum

error[E0599]: no variant or associated item named `WarpCloudAgentAPIKeys` found for enum `settings_view::SettingsSection` in the current scope
   --> app/src/settings_view/mod_tests.rs:235:26
    |
235 |         SettingsSection::WarpCloudAgentAPIKeys.to_string(),
    |                          ^^^^^^^^^^^^^^^^^^^^^ variant or associated item not found in `settings_view::SettingsSection`
    |
   ::: app/src/settings_view/mod.rs:206:1
    |
206 | pub enum SettingsSection {
    | ------------------------ variant or associated item `WarpCloudAgentAPIKeys` not found for this enum

error[E0599]: no variant or associated item named `WarpCloudAgentAPIKeys` found for enum `settings_view::SettingsSection` in the current scope
   --> app/src/settings_view/mod_tests.rs:239:26
    |
239 |         SettingsSection::WarpCloudAgentAPIKeys.slug(),
    |                          ^^^^^^^^^^^^^^^^^^^^^ variant or associated item not found in `settings_view::SettingsSection`
    |
   ::: app/src/settings_view/mod.rs:206:1
    |
206 | pub enum SettingsSection {
    | ------------------------ variant or associated item `WarpCloudAgentAPIKeys` not found for this enum

error[E0599]: no variant or associated item named `WarpAgent` found for enum `settings_view::SettingsSection` in the current scope
   --> app/src/settings_view/mod_tests.rs:252:31
    |
252 |         Some(SettingsSection::WarpAgent)
    |                               ^^^^^^^^^ variant or associated item not found in `settings_view::SettingsSection`
    |
   ::: app/src/settings_view/mod.rs:206:1
    |
206 | pub enum SettingsSection {
    | ------------------------ variant or associated item `WarpAgent` not found for this enum

error[E0599]: no variant or associated item named `WarpDrive` found for enum `settings_view::SettingsSection` in the current scope
   --> app/src/settings_view/mod_tests.rs:256:31
    |
256 |         Some(SettingsSection::WarpDrive)
    |                               ^^^^^^^^^ variant or associated item not found in `settings_view::SettingsSection`
    |
   ::: app/src/settings_view/mod.rs:206:1
    |
206 | pub enum SettingsSection {
    | ------------------------ variant or associated item `WarpDrive` not found for this enum

error[E0599]: no variant or associated item named `AgentProfiles` found for enum `settings_view::SettingsSection` in the current scope
   --> app/src/settings_view/mod_tests.rs:260:31
    |
260 |         Some(SettingsSection::AgentProfiles)
    |                               ^^^^^^^^^^^^^ variant or associated item not found in `settings_view::SettingsSection`
    |
   ::: app/src/settings_view/mod.rs:206:1
    |
206 | pub enum SettingsSection {
    | ------------------------ variant or associated item `AgentProfiles` not found for this enum

error[E0599]: no variant or associated item named `ThirdPartyCLIAgents` found for enum `settings_view::SettingsSection` in the current scope
   --> app/src/settings_view/mod_tests.rs:264:31
    |
264 |         Some(SettingsSection::ThirdPartyCLIAgents)
    |                               ^^^^^^^^^^^^^^^^^^^ variant or associated item not found in `settings_view::SettingsSection`
    |
   ::: app/src/settings_view/mod.rs:206:1
    |
206 | pub enum SettingsSection {
    | ------------------------ variant or associated item `ThirdPartyCLIAgents` not found for this enum

error[E0599]: no variant or associated item named `CloudEnvironments` found for enum `settings_view::SettingsSection` in the current scope
   --> app/src/settings_view/mod_tests.rs:276:31
    |
276 |         Some(SettingsSection::CloudEnvironments)
    |                               ^^^^^^^^^^^^^^^^^ variant or associated item not found in `settings_view::SettingsSection`
    |
   ::: app/src/settings_view/mod.rs:206:1
    |
206 | pub enum SettingsSection {
    | ------------------------ variant or associated item `CloudEnvironments` not found for this enum

error[E0599]: no variant or associated item named `WarpCloudAgentAPIKeys` found for enum `settings_view::SettingsSection` in the current scope
   --> app/src/settings_view/mod_tests.rs:280:31
    |
280 |         Some(SettingsSection::WarpCloudAgentAPIKeys)
    |                               ^^^^^^^^^^^^^^^^^^^^^ variant or associated item not found in `settings_view::SettingsSection`
    |
   ::: app/src/settings_view/mod.rs:206:1
    |
206 | pub enum SettingsSection {
    | ------------------------ variant or associated item `WarpCloudAgentAPIKeys` not found for this enum

error[E0599]: no variant or associated item named `WarpCloudAgentAPIKeys` found for enum `settings_view::SettingsSection` in the current scope
   --> app/src/settings_view/mod_tests.rs:284:31
    |
284 |         Some(SettingsSection::WarpCloudAgentAPIKeys)
    |                               ^^^^^^^^^^^^^^^^^^^^^ variant or associated item not found in `settings_view::SettingsSection`
    |
   ::: app/src/settings_view/mod.rs:206:1
    |
206 | pub enum SettingsSection {
    | ------------------------ variant or associated item `WarpCloudAgentAPIKeys` not found for this enum

error[E0599]: no variant or associated item named `WarpAgent` found for enum `settings_view::SettingsSection` in the current scope
   --> app/src/settings_view/mod_tests.rs:292:31
    |
292 |         Some(SettingsSection::WarpAgent)
    |                               ^^^^^^^^^ variant or associated item not found in `settings_view::SettingsSection`
    |
   ::: app/src/settings_view/mod.rs:206:1
    |
206 | pub enum SettingsSection {
    | ------------------------ variant or associated item `WarpAgent` not found for this enum

error[E0599]: no variant or associated item named `WarpAgent` found for enum `settings_view::SettingsSection` in the current scope
   --> app/src/settings_view/mod_tests.rs:317:22
    |
317 |     SettingsSection::WarpAgent,
    |                      ^^^^^^^^^ variant or associated item not found in `settings_view::SettingsSection`
    |
   ::: app/src/settings_view/mod.rs:206:1
    |
206 | pub enum SettingsSection {
    | ------------------------ variant or associated item `WarpAgent` not found for this enum

error[E0599]: no variant or associated item named `AgentProfiles` found for enum `settings_view::SettingsSection` in the current scope
   --> app/src/settings_view/mod_tests.rs:318:22
    |
318 |     SettingsSection::AgentProfiles,
    |                      ^^^^^^^^^^^^^ variant or associated item not found in `settings_view::SettingsSection`
    |
   ::: app/src/settings_view/mod.rs:206:1
    |
206 | pub enum SettingsSection {
    | ------------------------ variant or associated item `AgentProfiles` not found for this enum

error[E0599]: no variant or associated item named `Knowledge` found for enum `settings_view::SettingsSection` in the current scope
   --> app/src/settings_view/mod_tests.rs:319:22
    |
319 |     SettingsSection::Knowledge,
    |                      ^^^^^^^^^ variant or associated item not found in `settings_view::SettingsSection`
    |
   ::: app/src/settings_view/mod.rs:206:1
    |
206 | pub enum SettingsSection {
    | ------------------------ variant or associated item `Knowledge` not found for this enum

error[E0599]: no variant or associated item named `ThirdPartyCLIAgents` found for enum `settings_view::SettingsSection` in the current scope
   --> app/src/settings_view/mod_tests.rs:320:22
    |
320 |     SettingsSection::ThirdPartyCLIAgents,
    |                      ^^^^^^^^^^^^^^^^^^^ variant or associated item not found in `settings_view::SettingsSection`
    |
   ::: app/src/settings_view/mod.rs:206:1
    |
206 | pub enum SettingsSection {
    | ------------------------ variant or associated item `ThirdPartyCLIAgents` not found for this enum

error[E0599]: no variant or associated item named `Account` found for enum `settings_view::SettingsSection` in the current scope
   --> app/src/settings_view/mod_tests.rs:327:48
    |
327 |         SettingsNavItem::Page(SettingsSection::Account),
    |                                                ^^^^^^^ variant or associated item not found in `settings_view::SettingsSection`
    |
   ::: app/src/settings_view/mod.rs:206:1
    |
206 | pub enum SettingsSection {
    | ------------------------ variant or associated item `Account` not found for this enum

error[E0599]: no variant or associated item named `BillingAndUsage` found for enum `settings_view::SettingsSection` in the current scope
   --> app/src/settings_view/mod_tests.rs:329:48
    |
329 |         SettingsNavItem::Page(SettingsSection::BillingAndUsage),
    |                                                ^^^^^^^^^^^^^^^ variant or associated item not found in `settings_view::SettingsSection`
    |
   ::: app/src/settings_view/mod.rs:206:1
    |
206 | pub enum SettingsSection {
    | ------------------------ variant or associated item `BillingAndUsage` not found for this enum

error[E0599]: no variant or associated item named `CloudEnvironments` found for enum `settings_view::SettingsSection` in the current scope
   --> app/src/settings_view/mod_tests.rs:340:34
    |
340 |                 SettingsSection::CloudEnvironments,
    |                                  ^^^^^^^^^^^^^^^^^ variant or associated item not found in `settings_view::SettingsSection`
    |
   ::: app/src/settings_view/mod.rs:206:1
    |
206 | pub enum SettingsSection {
    | ------------------------ variant or associated item `CloudEnvironments` not found for this enum

error[E0599]: no variant or associated item named `WarpCloudAgentAPIKeys` found for enum `settings_view::SettingsSection` in the current scope
   --> app/src/settings_view/mod_tests.rs:341:34
    |
341 |                 SettingsSection::WarpCloudAgentAPIKeys,
    |                                  ^^^^^^^^^^^^^^^^^^^^^ variant or associated item not found in `settings_view::SettingsSection`
    |
   ::: app/src/settings_view/mod.rs:206:1
    |
206 | pub enum SettingsSection {
    | ------------------------ variant or associated item `WarpCloudAgentAPIKeys` not found for this enum

error[E0599]: no variant or associated item named `Teams` found for enum `settings_view::SettingsSection` in the current scope
   --> app/src/settings_view/mod_tests.rs:344:48
    |
344 |         SettingsNavItem::Page(SettingsSection::Teams),
    |                                                ^^^^^ variant or associated item not found in `settings_view::SettingsSection`
    |
   ::: app/src/settings_view/mod.rs:206:1
    |
206 | pub enum SettingsSection {
    | ------------------------ variant or associated item `Teams` not found for this enum

error[E0599]: no variant or associated item named `Account` found for enum `settings_view::SettingsSection` in the current scope
   --> app/src/settings_view/mod_tests.rs:368:43
    |
368 |         NavStop::Section(SettingsSection::Account)
    |                                           ^^^^^^^ variant or associated item not found in `settings_view::SettingsSection`
    |
   ::: app/src/settings_view/mod.rs:206:1
    |
206 | pub enum SettingsSection {
    | ------------------------ variant or associated item `Account` not found for this enum

error[E0599]: no variant or associated item named `WarpAgent` found for enum `settings_view::SettingsSection` in the current scope
   --> app/src/settings_view/mod_tests.rs:374:45
    |
374 |             first_subpage: SettingsSection::WarpAgent,
    |                                             ^^^^^^^^^ variant or associated item not found in `settings_view::SettingsSection`
    |
   ::: app/src/settings_view/mod.rs:206:1
    |
206 | pub enum SettingsSection {
    | ------------------------ variant or associated item `WarpAgent` not found for this enum

error[E0599]: no variant or associated item named `ThirdPartyCLIAgents` found for enum `settings_view::SettingsSection` in the current scope
   --> app/src/settings_view/mod_tests.rs:375:44
    |
375 |             last_subpage: SettingsSection::ThirdPartyCLIAgents,
    |                                            ^^^^^^^^^^^^^^^^^^^ variant or associated item not found in `settings_view::SettingsSection`
    |
   ::: app/src/settings_view/mod.rs:206:1
    |
206 | pub enum SettingsSection {
    | ------------------------ variant or associated item `ThirdPartyCLIAgents` not found for this enum

error[E0599]: no variant or associated item named `BillingAndUsage` found for enum `settings_view::SettingsSection` in the current scope
   --> app/src/settings_view/mod_tests.rs:380:43
    |
380 |         NavStop::Section(SettingsSection::BillingAndUsage)
    |                                           ^^^^^^^^^^^^^^^ variant or associated item not found in `settings_view::SettingsSection`
    |
   ::: app/src/settings_view/mod.rs:206:1
    |
206 | pub enum SettingsSection {
    | ------------------------ variant or associated item `BillingAndUsage` not found for this enum

error[E0599]: no variant or associated item named `CloudEnvironments` found for enum `settings_view::SettingsSection` in the current scope
   --> app/src/settings_view/mod_tests.rs:394:45
    |
394 |             first_subpage: SettingsSection::CloudEnvironments,
    |                                             ^^^^^^^^^^^^^^^^^ variant or associated item not found in `settings_view::SettingsSection`
    |
   ::: app/src/settings_view/mod.rs:206:1
    |
206 | pub enum SettingsSection {
    | ------------------------ variant or associated item `CloudEnvironments` not found for this enum

error[E0599]: no variant or associated item named `WarpCloudAgentAPIKeys` found for enum `settings_view::SettingsSection` in the current scope
   --> app/src/settings_view/mod_tests.rs:395:44
    |
395 |             last_subpage: SettingsSection::WarpCloudAgentAPIKeys,
    |                                            ^^^^^^^^^^^^^^^^^^^^^ variant or associated item not found in `settings_view::SettingsSection`
    |
   ::: app/src/settings_view/mod.rs:206:1
    |
206 | pub enum SettingsSection {
    | ------------------------ variant or associated item `WarpCloudAgentAPIKeys` not found for this enum

error[E0599]: no variant or associated item named `Teams` found for enum `settings_view::SettingsSection` in the current scope
   --> app/src/settings_view/mod_tests.rs:398:66
    |
398 |     assert!(matches!(stops[5], NavStop::Section(SettingsSection::Teams)));
    |                                                                  ^^^^^ variant or associated item not found in `settings_view::SettingsSection`
    |
   ::: app/src/settings_view/mod.rs:206:1
    |
206 | pub enum SettingsSection {
    | ------------------------ variant or associated item `Teams` not found for this enum

error[E0599]: no variant or associated item named `WarpAgent` found for enum `settings_view::SettingsSection` in the current scope
   --> app/src/settings_view/mod_tests.rs:443:37
    |
443 |         section != SettingsSection::WarpAgent
    |                                     ^^^^^^^^^ variant or associated item not found in `settings_view::SettingsSection`
    |
   ::: app/src/settings_view/mod.rs:206:1
    |
206 | pub enum SettingsSection {
    | ------------------------ variant or associated item `WarpAgent` not found for this enum

error[E0599]: no variant or associated item named `AgentProfiles` found for enum `settings_view::SettingsSection` in the current scope
   --> app/src/settings_view/mod_tests.rs:459:34
    |
459 |                 SettingsSection::AgentProfiles,
    |                                  ^^^^^^^^^^^^^ variant or associated item not found in `settings_view::SettingsSection`
    |
   ::: app/src/settings_view/mod.rs:206:1
    |
206 | pub enum SettingsSection {
    | ------------------------ variant or associated item `AgentProfiles` not found for this enum

error[E0599]: no variant or associated item named `ThirdPartyCLIAgents` found for enum `settings_view::SettingsSection` in the current scope
   --> app/src/settings_view/mod_tests.rs:464:34
    |
464 |                 SettingsSection::ThirdPartyCLIAgents,
    |                                  ^^^^^^^^^^^^^^^^^^^ variant or associated item not found in `settings_view::SettingsSection`
    |
   ::: app/src/settings_view/mod.rs:206:1
    |
206 | pub enum SettingsSection {
    | ------------------------ variant or associated item `ThirdPartyCLIAgents` not found for this enum

error[E0599]: no variant or associated item named `Teams` found for enum `settings_view::SettingsSection` in the current scope
   --> app/src/settings_view/mod_tests.rs:503:83
    |
503 |     let stops = build_nav_stops(&nav_items, |section| section != SettingsSection::Teams);
    |                                                                                   ^^^^^ variant or associated item not found in `settings_view::SettingsSection`
    |
   ::: app/src/settings_view/mod.rs:206:1
    |
206 | pub enum SettingsSection {
    | ------------------------ variant or associated item `Teams` not found for this enum

error[E0599]: no variant or associated item named `Teams` found for enum `settings_view::SettingsSection` in the current scope
   --> app/src/settings_view/mod_tests.rs:508:68
    |
508 |             .any(|s| matches!(s, NavStop::Section(SettingsSection::Teams))),
    |                                                                    ^^^^^ variant or associated item not found in `settings_view::SettingsSection`
    |
   ::: app/src/settings_view/mod.rs:206:1
    |
206 | pub enum SettingsSection {
    | ------------------------ variant or associated item `Teams` not found for this enum

error[E0599]: no variant or associated item named `Account` found for enum `settings_view::SettingsSection` in the current scope
   --> app/src/settings_view/mod_tests.rs:515:68
    |
515 |             .any(|s| matches!(s, NavStop::Section(SettingsSection::Account)))
    |                                                                    ^^^^^^^ variant or associated item not found in `settings_view::SettingsSection`
    |
   ::: app/src/settings_view/mod.rs:206:1
    |
206 | pub enum SettingsSection {
    | ------------------------ variant or associated item `Account` not found for this enum

error[E0599]: no variant or associated item named `BillingAndUsage` found for enum `settings_view::SettingsSection` in the current scope
   --> app/src/settings_view/mod_tests.rs:526:71
    |
526 |     let idx = current_stop_index(&stops, &nav_items, SettingsSection::BillingAndUsage);
    |                                                                       ^^^^^^^^^^^^^^^ variant or associated item not found in `settings_view::SettingsSection`
    |
   ::: app/src/settings_view/mod.rs:206:1
    |
206 | pub enum SettingsSection {
    | ------------------------ variant or associated item `BillingAndUsage` not found for this enum

error[E0599]: no variant or associated item named `Knowledge` found for enum `settings_view::SettingsSection` in the current scope
   --> app/src/settings_view/mod_tests.rs:538:71
    |
538 |     let idx = current_stop_index(&stops, &nav_items, SettingsSection::Knowledge);
    |                                                                       ^^^^^^^^^ variant or associated item not found in `settings_view::SettingsSection`
    |
   ::: app/src/settings_view/mod.rs:206:1
    |
206 | pub enum SettingsSection {
    | ------------------------ variant or associated item `Knowledge` not found for this enum

error[E0599]: no variant or associated item named `Knowledge` found for enum `settings_view::SettingsSection` in the current scope
   --> app/src/settings_view/mod_tests.rs:555:65
    |
555 |         current_stop_index(&stops, &nav_items, SettingsSection::Knowledge),
    |                                                                 ^^^^^^^^^ variant or associated item not found in `settings_view::SettingsSection`
    |
   ::: app/src/settings_view/mod.rs:206:1
    |
206 | pub enum SettingsSection {
    | ------------------------ variant or associated item `Knowledge` not found for this enum

error[E0599]: no variant or associated item named `Account` found for enum `settings_view::SettingsSection` in the current scope
   --> app/src/settings_view/mod_tests.rs:616:26
    |
616 |         SettingsSection::Account,
    |                          ^^^^^^^ variant or associated item not found in `settings_view::SettingsSection`
    |
   ::: app/src/settings_view/mod.rs:206:1
    |
206 | pub enum SettingsSection {
    | ------------------------ variant or associated item `Account` not found for this enum

error[E0599]: no variant or associated item named `WarpAgent` found for enum `settings_view::SettingsSection` in the current scope
   --> app/src/settings_view/mod_tests.rs:619:39
    |
619 |     assert_eq!(next, SettingsSection::WarpAgent);
    |                                       ^^^^^^^^^ variant or associated item not found in `settings_view::SettingsSection`
    |
   ::: app/src/settings_view/mod.rs:206:1
    |
206 | pub enum SettingsSection {
    | ------------------------ variant or associated item `WarpAgent` not found for this enum

error[E0599]: no variant or associated item named `BillingAndUsage` found for enum `settings_view::SettingsSection` in the current scope
   --> app/src/settings_view/mod_tests.rs:634:26
    |
634 |         SettingsSection::BillingAndUsage,
    |                          ^^^^^^^^^^^^^^^ variant or associated item not found in `settings_view::SettingsSection`
    |
   ::: app/src/settings_view/mod.rs:206:1
    |
206 | pub enum SettingsSection {
    | ------------------------ variant or associated item `BillingAndUsage` not found for this enum

error[E0599]: no variant or associated item named `ThirdPartyCLIAgents` found for enum `settings_view::SettingsSection` in the current scope
   --> app/src/settings_view/mod_tests.rs:637:39
    |
637 |     assert_eq!(next, SettingsSection::ThirdPartyCLIAgents);
    |                                       ^^^^^^^^^^^^^^^^^^^ variant or associated item not found in `settings_view::SettingsSection`
    |
   ::: app/src/settings_view/mod.rs:206:1
    |
206 | pub enum SettingsSection {
    | ------------------------ variant or associated item `ThirdPartyCLIAgents` not found for this enum

error[E0599]: no variant or associated item named `Knowledge` found for enum `settings_view::SettingsSection` in the current scope
   --> app/src/settings_view/mod_tests.rs:647:30
    |
647 |             SettingsSection::Knowledge | SettingsSection::ThirdPartyCLIAgents
    |                              ^^^^^^^^^ variant or associated item not found in `settings_view::SettingsSection`
    |
   ::: app/src/settings_view/mod.rs:206:1
    |
206 | pub enum SettingsSection {
    | ------------------------ variant or associated item `Knowledge` not found for this enum

error[E0599]: no variant or associated item named `ThirdPartyCLIAgents` found for enum `settings_view::SettingsSection` in the current scope
   --> app/src/settings_view/mod_tests.rs:647:59
    |
647 |             SettingsSection::Knowledge | SettingsSection::ThirdPartyCLIAgents
    |                                                           ^^^^^^^^^^^^^^^^^^^ variant or associated item not found in `settings_view::SettingsSection`
    |
   ::: app/src/settings_view/mod.rs:206:1
    |
206 | pub enum SettingsSection {
    | ------------------------ variant or associated item `ThirdPartyCLIAgents` not found for this enum

error[E0599]: no variant or associated item named `BillingAndUsage` found for enum `settings_view::SettingsSection` in the current scope
   --> app/src/settings_view/mod_tests.rs:656:26
    |
656 |         SettingsSection::BillingAndUsage,
    |                          ^^^^^^^^^^^^^^^ variant or associated item not found in `settings_view::SettingsSection`
    |
   ::: app/src/settings_view/mod.rs:206:1
    |
206 | pub enum SettingsSection {
    | ------------------------ variant or associated item `BillingAndUsage` not found for this enum

error[E0599]: no variant or associated item named `AgentProfiles` found for enum `settings_view::SettingsSection` in the current scope
   --> app/src/settings_view/mod_tests.rs:659:39
    |
659 |     assert_eq!(next, SettingsSection::AgentProfiles);
    |                                       ^^^^^^^^^^^^^ variant or associated item not found in `settings_view::SettingsSection`
    |
   ::: app/src/settings_view/mod.rs:206:1
    |
206 | pub enum SettingsSection {
    | ------------------------ variant or associated item `AgentProfiles` not found for this enum

error[E0599]: no variant or associated item named `ThirdPartyCLIAgents` found for enum `settings_view::SettingsSection` in the current scope
   --> app/src/settings_view/mod_tests.rs:673:26
    |
673 |         SettingsSection::ThirdPartyCLIAgents,
    |                          ^^^^^^^^^^^^^^^^^^^ variant or associated item not found in `settings_view::SettingsSection`
    |
   ::: app/src/settings_view/mod.rs:206:1
    |
206 | pub enum SettingsSection {
    | ------------------------ variant or associated item `ThirdPartyCLIAgents` not found for this enum

error[E0599]: no variant or associated item named `BillingAndUsage` found for enum `settings_view::SettingsSection` in the current scope
   --> app/src/settings_view/mod_tests.rs:676:39
    |
676 |     assert_eq!(next, SettingsSection::BillingAndUsage);
    |                                       ^^^^^^^^^^^^^^^ variant or associated item not found in `settings_view::SettingsSection`
    |
   ::: app/src/settings_view/mod.rs:206:1
    |
206 | pub enum SettingsSection {
    | ------------------------ variant or associated item `BillingAndUsage` not found for this enum

error[E0599]: no variant or associated item named `BillingAndUsage` found for enum `settings_view::SettingsSection` in the current scope
   --> app/src/settings_view/mod_tests.rs:690:26
    |
690 |         SettingsSection::BillingAndUsage,
    |                          ^^^^^^^^^^^^^^^ variant or associated item not found in `settings_view::SettingsSection`
    |
   ::: app/src/settings_view/mod.rs:206:1
    |
206 | pub enum SettingsSection {
    | ------------------------ variant or associated item `BillingAndUsage` not found for this enum

error[E0599]: no variant or associated item named `CloudEnvironments` found for enum `settings_view::SettingsSection` in the current scope
   --> app/src/settings_view/mod_tests.rs:704:50
    |
704 |     assert_eq!(next_after_code, SettingsSection::CloudEnvironments);
    |                                                  ^^^^^^^^^^^^^^^^^ variant or associated item not found in `settings_view::SettingsSection`
    |
   ::: app/src/settings_view/mod.rs:206:1
    |
206 | pub enum SettingsSection {
    | ------------------------ variant or associated item `CloudEnvironments` not found for this enum

error[E0599]: no variant or associated item named `WarpAgent` found for enum `settings_view::SettingsSection` in the current scope
   --> app/src/settings_view/mod_tests.rs:714:30
    |
714 |             SettingsSection::WarpAgent | SettingsSection::AgentProfiles
    |                              ^^^^^^^^^ variant or associated item not found in `settings_view::SettingsSection`
    |
   ::: app/src/settings_view/mod.rs:206:1
    |
206 | pub enum SettingsSection {
    | ------------------------ variant or associated item `WarpAgent` not found for this enum

error[E0599]: no variant or associated item named `AgentProfiles` found for enum `settings_view::SettingsSection` in the current scope
   --> app/src/settings_view/mod_tests.rs:714:59
    |
714 |             SettingsSection::WarpAgent | SettingsSection::AgentProfiles
    |                                                           ^^^^^^^^^^^^^ variant or associated item not found in `settings_view::SettingsSection`
    |
   ::: app/src/settings_view/mod.rs:206:1
    |
206 | pub enum SettingsSection {
    | ------------------------ variant or associated item `AgentProfiles` not found for this enum

error[E0599]: no variant or associated item named `Account` found for enum `settings_view::SettingsSection` in the current scope
   --> app/src/settings_view/mod_tests.rs:723:26
    |
723 |         SettingsSection::Account,
    |                          ^^^^^^^ variant or associated item not found in `settings_view::SettingsSection`
    |
   ::: app/src/settings_view/mod.rs:206:1
    |
206 | pub enum SettingsSection {
    | ------------------------ variant or associated item `Account` not found for this enum

error[E0599]: no variant or associated item named `Knowledge` found for enum `settings_view::SettingsSection` in the current scope
   --> app/src/settings_view/mod_tests.rs:726:39
    |
726 |     assert_eq!(next, SettingsSection::Knowledge);
    |                                       ^^^^^^^^^ variant or associated item not found in `settings_view::SettingsSection`
    |
   ::: app/src/settings_view/mod.rs:206:1
    |
206 | pub enum SettingsSection {
    | ------------------------ variant or associated item `Knowledge` not found for this enum

error[E0599]: no variant or associated item named `Oz` found for enum `tab_configs::session_config::SessionType` in the current scope
  --> app/src/tab_configs/session_config_tests.rs:21:29
   |
21 |     assert_eq!(SessionType::Oz.command_prefix(), None);
   |                             ^^ variant or associated item not found in `tab_configs::session_config::SessionType`
   |
  ::: app/src/tab_configs/session_config.rs:17:1
   |
17 | pub enum SessionType {
   | -------------------- variant or associated item `Oz` not found for this enum

error[E0599]: no variant or associated item named `CliAgent` found for enum `tab_configs::session_config::SessionType` in the current scope
  --> app/src/tab_configs/session_config_tests.rs:27:22
   |
27 |         SessionType::CliAgent(CLIAgent::Claude).command_prefix(),
   |                      ^^^^^^^^ variant or associated item not found in `tab_configs::session_config::SessionType`
   |
  ::: app/src/tab_configs/session_config.rs:17:1
   |
17 | pub enum SessionType {
   | -------------------- variant or associated item `CliAgent` not found for this enum

error[E0599]: no variant or associated item named `CliAgent` found for enum `tab_configs::session_config::SessionType` in the current scope
  --> app/src/tab_configs/session_config_tests.rs:31:22
   |
31 |         SessionType::CliAgent(CLIAgent::Codex).command_prefix(),
   |                      ^^^^^^^^ variant or associated item not found in `tab_configs::session_config::SessionType`
   |
  ::: app/src/tab_configs/session_config.rs:17:1
   |
17 | pub enum SessionType {
   | -------------------- variant or associated item `CliAgent` not found for this enum

error[E0599]: no variant or associated item named `CliAgent` found for enum `tab_configs::session_config::SessionType` in the current scope
  --> app/src/tab_configs/session_config_tests.rs:35:22
   |
35 |         SessionType::CliAgent(CLIAgent::Gemini).command_prefix(),
   |                      ^^^^^^^^ variant or associated item not found in `tab_configs::session_config::SessionType`
   |
  ::: app/src/tab_configs/session_config.rs:17:1
   |
17 | pub enum SessionType {
   | -------------------- variant or associated item `CliAgent` not found for this enum

error[E0599]: no variant or associated item named `CliAgent` found for enum `tab_configs::session_config::SessionType` in the current scope
  --> app/src/tab_configs/session_config_tests.rs:65:23
   |
65 |         &SessionType::CliAgent(CLIAgent::Claude),
   |                       ^^^^^^^^ variant or associated item not found in `tab_configs::session_config::SessionType`
   |
  ::: app/src/tab_configs/session_config.rs:17:1
   |
17 | pub enum SessionType {
   | -------------------- variant or associated item `CliAgent` not found for this enum

error[E0599]: no variant or associated item named `CliAgent` found for enum `tab_configs::session_config::SessionType` in the current scope
   --> app/src/tab_configs/session_config_tests.rs:108:23
    |
108 |         &SessionType::CliAgent(CLIAgent::Gemini),
    |                       ^^^^^^^^ variant or associated item not found in `tab_configs::session_config::SessionType`
    |
   ::: app/src/tab_configs/session_config.rs:17:1
    |
 17 | pub enum SessionType {
    | -------------------- variant or associated item `CliAgent` not found for this enum

error[E0599]: no variant or associated item named `Oz` found for enum `tab_configs::session_config::SessionType` in the current scope
   --> app/src/tab_configs/session_config_tests.rs:135:23
    |
135 |         &SessionType::Oz,
    |                       ^^ variant or associated item not found in `tab_configs::session_config::SessionType`
    |
   ::: app/src/tab_configs/session_config.rs:17:1
    |
 17 | pub enum SessionType {
    | -------------------- variant or associated item `Oz` not found for this enum

error[E0599]: no variant or associated item named `Oz` found for enum `tab_configs::session_config::SessionType` in the current scope
   --> app/src/tab_configs/session_config_tests.rs:154:49
    |
154 |     let config = build_tab_config(&SessionType::Oz, Path::new("/home/user/repo"), true, false);
    |                                                 ^^ variant or associated item not found in `tab_configs::session_config::SessionType`
    |
   ::: app/src/tab_configs/session_config.rs:17:1
    |
 17 | pub enum SessionType {
    | -------------------- variant or associated item `Oz` not found for this enum

error[E0599]: no variant or associated item named `CliAgent` found for enum `tab_configs::session_config::SessionType` in the current scope
   --> app/src/tab_configs/session_config_tests.rs:208:23
    |
208 |         &SessionType::CliAgent(CLIAgent::Claude),
    |                       ^^^^^^^^ variant or associated item not found in `tab_configs::session_config::SessionType`
    |
   ::: app/src/tab_configs/session_config.rs:17:1
    |
 17 | pub enum SessionType {
    | -------------------- variant or associated item `CliAgent` not found for this enum

error[E0599]: no variant or associated item named `CliAgent` found for enum `tab_configs::session_config::SessionType` in the current scope
   --> app/src/tab_configs/session_config_tests.rs:256:23
    |
256 |         &SessionType::CliAgent(CLIAgent::Claude),
    |                       ^^^^^^^^ variant or associated item not found in `tab_configs::session_config::SessionType`
    |
   ::: app/src/tab_configs/session_config.rs:17:1
    |
 17 | pub enum SessionType {
    | -------------------- variant or associated item `CliAgent` not found for this enum

error[E0599]: no variant or associated item named `CliAgent` found for enum `tab_configs::session_config::SessionType` in the current scope
   --> app/src/tab_configs/session_config_tests.rs:327:23
    |
327 |         &SessionType::CliAgent(CLIAgent::Claude),
    |                       ^^^^^^^^ variant or associated item not found in `tab_configs::session_config::SessionType`
    |
   ::: app/src/tab_configs/session_config.rs:17:1
    |
 17 | pub enum SessionType {
    | -------------------- variant or associated item `CliAgent` not found for this enum

error[E0560]: struct `app_state::TerminalPaneSnapshot` has no field named `is_read_only`
   --> app/src/tab_configs/session_config_tests.rs:410:13
    |
410 |             is_read_only: false,
    |             ^^^^^^^^^^^^ `app_state::TerminalPaneSnapshot` does not have this field
    |
    = note: all struct fields are already assigned

error[E0560]: struct `app_state::TerminalPaneSnapshot` has no field named `input_config`
   --> app/src/tab_configs/session_config_tests.rs:411:13
    |
411 |             input_config: None,
    |             ^^^^^^^^^^^^ `app_state::TerminalPaneSnapshot` does not have this field
    |
    = note: all struct fields are already assigned

error[E0560]: struct `app_state::TerminalPaneSnapshot` has no field named `llm_model_override`
   --> app/src/tab_configs/session_config_tests.rs:412:13
    |
412 |             llm_model_override: None,
    |             ^^^^^^^^^^^^^^^^^^ `app_state::TerminalPaneSnapshot` does not have this field
    |
    = note: all struct fields are already assigned

error[E0560]: struct `app_state::TerminalPaneSnapshot` has no field named `active_profile_id`
   --> app/src/tab_configs/session_config_tests.rs:413:13
    |
413 |             active_profile_id: None,
    |             ^^^^^^^^^^^^^^^^^ `app_state::TerminalPaneSnapshot` does not have this field
    |
    = note: all struct fields are already assigned

error[E0560]: struct `app_state::TerminalPaneSnapshot` has no field named `conversation_ids_to_restore`
   --> app/src/tab_configs/session_config_tests.rs:414:13
    |
414 |             conversation_ids_to_restore: vec![],
    |             ^^^^^^^^^^^^^^^^^^^^^^^^^^^ `app_state::TerminalPaneSnapshot` does not have this field
    |
    = note: all struct fields are already assigned

error[E0560]: struct `app_state::TerminalPaneSnapshot` has no field named `active_conversation_id`
   --> app/src/tab_configs/session_config_tests.rs:415:13
    |
415 |             active_conversation_id: None,
    |             ^^^^^^^^^^^^^^^^^^^^^^ `app_state::TerminalPaneSnapshot` does not have this field
    |
    = note: all struct fields are already assigned

error[E0599]: no variant named `CloudNotebook` found for enum `app_state::NotebookPaneSnapshot`
   --> app/src/tab_configs/session_config_tests.rs:530:64
    |
530 |         contents: LeafContents::Notebook(NotebookPaneSnapshot::CloudNotebook {
    |                                                                ^^^^^^^^^^^^^ variant not found in `app_state::NotebookPaneSnapshot`
    |
   ::: app/src/app_state.rs:135:1
    |
135 | pub enum NotebookPaneSnapshot {
    | ----------------------------- variant `CloudNotebook` not found here

error[E0560]: struct `app_state::TerminalPaneSnapshot` has no field named `is_read_only`
   --> app/src/tab_configs/session_config_tests.rs:612:13
    |
612 |             is_read_only: false,
    |             ^^^^^^^^^^^^ `app_state::TerminalPaneSnapshot` does not have this field
    |
    = note: all struct fields are already assigned

error[E0560]: struct `app_state::TerminalPaneSnapshot` has no field named `input_config`
   --> app/src/tab_configs/session_config_tests.rs:613:13
    |
613 |             input_config: None,
    |             ^^^^^^^^^^^^ `app_state::TerminalPaneSnapshot` does not have this field
    |
    = note: all struct fields are already assigned

error[E0560]: struct `app_state::TerminalPaneSnapshot` has no field named `llm_model_override`
   --> app/src/tab_configs/session_config_tests.rs:614:13
    |
614 |             llm_model_override: None,
    |             ^^^^^^^^^^^^^^^^^^ `app_state::TerminalPaneSnapshot` does not have this field
    |
    = note: all struct fields are already assigned

error[E0560]: struct `app_state::TerminalPaneSnapshot` has no field named `active_profile_id`
   --> app/src/tab_configs/session_config_tests.rs:615:13
    |
615 |             active_profile_id: None,
    |             ^^^^^^^^^^^^^^^^^ `app_state::TerminalPaneSnapshot` does not have this field
    |
    = note: all struct fields are already assigned

error[E0560]: struct `app_state::TerminalPaneSnapshot` has no field named `conversation_ids_to_restore`
   --> app/src/tab_configs/session_config_tests.rs:616:13
    |
616 |             conversation_ids_to_restore: vec![],
    |             ^^^^^^^^^^^^^^^^^^^^^^^^^^^ `app_state::TerminalPaneSnapshot` does not have this field
    |
    = note: all struct fields are already assigned

error[E0560]: struct `app_state::TerminalPaneSnapshot` has no field named `active_conversation_id`
   --> app/src/tab_configs/session_config_tests.rs:617:13
    |
617 |             active_conversation_id: Some(AIConversationId::new()),
    |             ^^^^^^^^^^^^^^^^^^^^^^ `app_state::TerminalPaneSnapshot` does not have this field
    |
    = note: all struct fields are already assigned

error[E0599]: no variant or associated item named `AmbientAgent` found for enum `app_state::LeafContents` in the current scope
   --> app/src/tab_configs/session_config_tests.rs:626:33
    |
626 |         contents: LeafContents::AmbientAgent(AmbientAgentPaneSnapshot {
    |                                 ^^^^^^^^^^^^ variant or associated item not found in `app_state::LeafContents`
    |
   ::: app/src/app_state.rs:109:1
    |
109 | pub enum LeafContents {
    | --------------------- variant or associated item `AmbientAgent` not found for this enum

error[E0560]: struct `terminal::history::HistoryEntry` has no field named `workflow_id`
  --> app/src/terminal/history_tests.rs:70:13
   |
70 |             workflow_id: None,
   |             ^^^^^^^^^^^ `terminal::history::HistoryEntry` does not have this field
   |
   = note: all struct fields are already assigned

error[E0560]: struct `terminal::history::HistoryEntry` has no field named `is_agent_executed`
  --> app/src/terminal/history_tests.rs:77:13
   |
77 |             is_agent_executed: false,
   |             ^^^^^^^^^^^^^^^^^ `terminal::history::HistoryEntry` does not have this field
   |
   = note: all struct fields are already assigned

error[E0560]: struct `terminal::history::HistoryEntry` has no field named `workflow_id`
  --> app/src/terminal/history_tests.rs:91:13
   |
91 |             workflow_id: None,
   |             ^^^^^^^^^^^ `terminal::history::HistoryEntry` does not have this field
   |
   = note: all struct fields are already assigned

error[E0560]: struct `terminal::history::HistoryEntry` has no field named `is_agent_executed`
  --> app/src/terminal/history_tests.rs:98:13
   |
98 |             is_agent_executed: false,
   |             ^^^^^^^^^^^^^^^^^ `terminal::history::HistoryEntry` does not have this field
   |
   = note: all struct fields are already assigned

error[E0599]: no method named `set_agent_interaction_mode_for_requested_command` found for struct `terminal::model::block::Block` in the current scope
   --> app/src/terminal/history_tests.rs:109:11
    |
109 |     block.set_agent_interaction_mode_for_requested_command(
    |     ------^^^^^^^^^^^^^^^^^^^^^^^^^^^^^^^^^^^^^^^^^^^^^^^^ method not found in `terminal::model::block::Block`
    |
   ::: app/src/terminal/model/block.rs:139:1
    |
139 | pub struct Block {
    | ---------------- method `set_agent_interaction_mode_for_requested_command` not found for this struct

error[E0609]: no field `is_agent_executed` on type `terminal::history::HistoryEntry`
   --> app/src/terminal/history_tests.rs:117:19
    |
117 |     assert!(entry.is_agent_executed);
    |                   ^^^^^^^^^^^^^^^^^ unknown field
    |
    = note: available fields are: `session_id`, `command`, `pwd`, `start_ts`, `completed_ts` ... and 5 others

error[E0599]: no method named `set_agent_interaction_mode` found for struct `terminal::model::block::Block` in the current scope
   --> app/src/terminal/history_tests.rs:125:11
    |
125 |     block.set_agent_interaction_mode(AgentInteractionMetadata::new(
    |     ------^^^^^^^^^^^^^^^^^^^^^^^^^^ method not found in `terminal::model::block::Block`
    |
   ::: app/src/terminal/model/block.rs:139:1
    |
139 | pub struct Block {
    | ---------------- method `set_agent_interaction_mode` not found for this struct

error[E0609]: no field `is_agent_executed` on type `terminal::history::HistoryEntry`
   --> app/src/terminal/history_tests.rs:136:20
    |
136 |     assert!(!entry.is_agent_executed);
    |                    ^^^^^^^^^^^^^^^^^ unknown field
    |
    = note: available fields are: `session_id`, `command`, `pwd`, `start_ts`, `completed_ts` ... and 5 others

error[E0560]: struct `terminal::model::block::serialized_block::SerializedBlock` has no field named `ai_metadata`
   --> app/src/terminal/history_tests.rs:149:9
    |
149 |         ai_metadata: Some(ai_metadata),
    |         ^^^^^^^^^^^ `terminal::model::block::serialized_block::SerializedBlock` does not have this field
    |
    = note: available fields are: `id`, `stylized_command`, `stylized_output`, `pwd`, `git_head` ... and 18 others

error[E0609]: no field `is_agent_executed` on type `terminal::history::HistoryEntry`
   --> app/src/terminal/history_tests.rs:155:19
    |
155 |     assert!(entry.is_agent_executed);
    |                   ^^^^^^^^^^^^^^^^^ unknown field
    |
    = note: available fields are: `session_id`, `command`, `pwd`, `start_ts`, `completed_ts` ... and 5 others

error[E0560]: struct `terminal::model::block::serialized_block::SerializedBlock` has no field named `ai_metadata`
   --> app/src/terminal/history_tests.rs:165:9
    |
165 |         ai_metadata: Some(ai_metadata),
    |         ^^^^^^^^^^^ `terminal::model::block::serialized_block::SerializedBlock` does not have this field
    |
    = note: available fields are: `id`, `stylized_command`, `stylized_output`, `pwd`, `git_head` ... and 18 others

error[E0609]: no field `is_agent_executed` on type `terminal::history::HistoryEntry`
   --> app/src/terminal/history_tests.rs:171:20
    |
171 |     assert!(!entry.is_agent_executed);
    |                    ^^^^^^^^^^^^^^^^^ unknown field
    |
    = note: available fields are: `session_id`, `command`, `pwd`, `start_ts`, `completed_ts` ... and 5 others

error[E0560]: struct `terminal::history::PersistedCommand` has no field named `workflow_id`
   --> app/src/terminal/history_tests.rs:774:17
    |
774 |                 workflow_id: None,
    |                 ^^^^^^^^^^^ `terminal::history::PersistedCommand` does not have this field
    |
    = note: all struct fields are already assigned

error[E0560]: struct `terminal::history::PersistedCommand` has no field named `is_agent_executed`
   --> app/src/terminal/history_tests.rs:776:17
    |
776 |                 is_agent_executed: false,
    |                 ^^^^^^^^^^^^^^^^^ `terminal::history::PersistedCommand` does not have this field
    |
    = note: all struct fields are already assigned

error[E0560]: struct `terminal::history::PersistedCommand` has no field named `workflow_id`
   --> app/src/terminal/history_tests.rs:788:17
    |
788 |                 workflow_id: None,
    |                 ^^^^^^^^^^^ `terminal::history::PersistedCommand` does not have this field
    |
    = note: all struct fields are already assigned

error[E0560]: struct `terminal::history::PersistedCommand` has no field named `is_agent_executed`
   --> app/src/terminal/history_tests.rs:790:17
    |
790 |                 is_agent_executed: false,
    |                 ^^^^^^^^^^^^^^^^^ `terminal::history::PersistedCommand` does not have this field
    |
    = note: all struct fields are already assigned

error[E0560]: struct `terminal::history::HistoryEntry` has no field named `workflow_id`
   --> app/src/terminal/history_tests.rs:820:25
    |
820 |                         workflow_id: None,
    |                         ^^^^^^^^^^^ `terminal::history::HistoryEntry` does not have this field
    |
    = note: all struct fields are already assigned

error[E0560]: struct `terminal::history::HistoryEntry` has no field named `is_agent_executed`
   --> app/src/terminal/history_tests.rs:825:25
    |
825 |                         is_agent_executed: false,
    |                         ^^^^^^^^^^^^^^^^^ `terminal::history::HistoryEntry` does not have this field
    |
    = note: all struct fields are already assigned

error[E0560]: struct `terminal::history::HistoryEntry` has no field named `workflow_id`
   --> app/src/terminal/history_tests.rs:834:25
    |
834 |                         workflow_id: None,
    |                         ^^^^^^^^^^^ `terminal::history::HistoryEntry` does not have this field
    |
    = note: all struct fields are already assigned

error[E0560]: struct `terminal::history::HistoryEntry` has no field named `is_agent_executed`
   --> app/src/terminal/history_tests.rs:839:25
    |
839 |                         is_agent_executed: false,
    |                         ^^^^^^^^^^^^^^^^^ `terminal::history::HistoryEntry` does not have this field
    |
    = note: all struct fields are already assigned

error[E0560]: struct `terminal::history::HistoryEntry` has no field named `workflow_id`
   --> app/src/terminal/history_tests.rs:857:25
    |
857 |                         workflow_id: None,
    |                         ^^^^^^^^^^^ `terminal::history::HistoryEntry` does not have this field
    |
    = note: all struct fields are already assigned

error[E0560]: struct `terminal::history::HistoryEntry` has no field named `is_agent_executed`
   --> app/src/terminal/history_tests.rs:862:25
    |
862 |                         is_agent_executed: false,
    |                         ^^^^^^^^^^^^^^^^^ `terminal::history::HistoryEntry` does not have this field
    |
    = note: all struct fields are already assigned

error[E0560]: struct `terminal::history::HistoryEntry` has no field named `workflow_id`
   --> app/src/terminal/history_tests.rs:871:25
    |
871 |                         workflow_id: None,
    |                         ^^^^^^^^^^^ `terminal::history::HistoryEntry` does not have this field
    |
    = note: all struct fields are already assigned

error[E0560]: struct `terminal::history::HistoryEntry` has no field named `is_agent_executed`
   --> app/src/terminal/history_tests.rs:876:25
    |
876 |                         is_agent_executed: false,
    |                         ^^^^^^^^^^^^^^^^^ `terminal::history::HistoryEntry` does not have this field
    |
    = note: all struct fields are already assigned

error[E0560]: struct `terminal::history::HistoryEntry` has no field named `workflow_id`
   --> app/src/terminal/history_tests.rs:885:25
    |
885 |                         workflow_id: None,
    |                         ^^^^^^^^^^^ `terminal::history::HistoryEntry` does not have this field
    |
    = note: all struct fields are already assigned

error[E0560]: struct `terminal::history::HistoryEntry` has no field named `is_agent_executed`
   --> app/src/terminal/history_tests.rs:890:25
    |
890 |                         is_agent_executed: false,
    |                         ^^^^^^^^^^^^^^^^^ `terminal::history::HistoryEntry` does not have this field
    |
    = note: all struct fields are already assigned

error[E0560]: struct `terminal::history::PersistedCommand` has no field named `workflow_id`
   --> app/src/terminal/history_tests.rs:924:13
    |
924 |             workflow_id: None,
    |             ^^^^^^^^^^^ `terminal::history::PersistedCommand` does not have this field
    |
    = note: all struct fields are already assigned

error[E0560]: struct `terminal::history::PersistedCommand` has no field named `is_agent_executed`
   --> app/src/terminal/history_tests.rs:926:13
    |
926 |             is_agent_executed: false,
    |             ^^^^^^^^^^^^^^^^^ `terminal::history::PersistedCommand` does not have this field
    |
    = note: all struct fields are already assigned

error[E0560]: struct `terminal::history::HistoryEntry` has no field named `workflow_id`
   --> app/src/terminal/history_tests.rs:947:21
    |
947 |                     workflow_id: None,
    |                     ^^^^^^^^^^^ `terminal::history::HistoryEntry` does not have this field
    |
    = note: all struct fields are already assigned

error[E0560]: struct `terminal::history::HistoryEntry` has no field named `is_agent_executed`
   --> app/src/terminal/history_tests.rs:952:21
    |
952 |                     is_agent_executed: false,
    |                     ^^^^^^^^^^^^^^^^^ `terminal::history::HistoryEntry` does not have this field
    |
    = note: all struct fields are already assigned

error[E0560]: struct `terminal::history::HistoryEntry` has no field named `workflow_id`
   --> app/src/terminal/history_tests.rs:969:25
    |
969 |                         workflow_id: None,
    |                         ^^^^^^^^^^^ `terminal::history::HistoryEntry` does not have this field
    |
    = note: all struct fields are already assigned

error[E0560]: struct `terminal::history::HistoryEntry` has no field named `is_agent_executed`
   --> app/src/terminal/history_tests.rs:974:25
    |
974 |                         is_agent_executed: false,
    |                         ^^^^^^^^^^^^^^^^^ `terminal::history::HistoryEntry` does not have this field
    |
    = note: all struct fields are already assigned

error[E0560]: struct `pane_group::TerminalViewResources` has no field named `server_api`
   --> app/src/terminal/mock_terminal_manager.rs:156:21
    |
156 |                     server_api,
    |                     ^^^^^^^^^^ `pane_group::TerminalViewResources` does not have this field
    |
    = note: all struct fields are already assigned

error[E0061]: this function takes 6 arguments but 7 arguments were supplied
   --> app/src/terminal/mock_terminal_manager.rs:159:37
    |
159 |                 let terminal_init = MockTerminalManager::create_model(
    |                                     ^^^^^^^^^^^^^^^^^^^^^^^^^^^^^^^^^
...
167 |                     None,
    |                     ---- unexpected argument #4 of type `std::option::Option<_>`
    |
note: associated function defined here
   --> app/src/terminal/mock_terminal_manager.rs:26:12
    |
 26 |     pub fn create_model(
    |            ^^^^^^^^^^^^
help: remove the extra argument
    |
166 -                     restored_blocks.map(|blocks| blocks.to_vec()).as_ref(),
167 -                     None,
166 +                     restored_blocks.map(|blocks| blocks.to_vec()).as_ref(),
    |

error[E0599]: no function or associated item named `new` found for struct `terminal::model::blocks::InlineBannerItem` in the current scope
    --> app/src/terminal/model/blocks_tests.rs:1203:27
     |
1203 |         InlineBannerItem::new(0, InlineBannerType::NotificationsDiscovery),
     |                           ^^^ function or associated item not found in `terminal::model::blocks::InlineBannerItem`
     |
    ::: app/src/terminal/model/blocks.rs:60:1
     |
  60 | pub struct InlineBannerItem {
     | --------------------------- function or associated item `new` not found for this struct
     |
     = help: items from traits can only be used if the trait is implemented and in scope
     = note: the following traits define an item `new`, perhaps you need to implement one of them:
             candidate #1: `ahash::HashMapExt`
             candidate #2: `ahash::HashSetExt`
             candidate #3: `aws_lc_rs::aead::BoundKey`
             candidate #4: `bitpacking::BitPacker`
             candidate #5: `brotli::enc::backward_references::hash_to_binary_tree::Allocable`
             candidate #6: `brotli::enc::threading::AnyBoxConstructor`
             candidate #7: `cocoa::appkit::NSMenu`
             candidate #8: `cocoa::appkit::NSMenuItem`
             candidate #9: `cocoa::appkit::NSTabView`
             candidate #10: `cocoa::appkit::NSTabViewItem`
             candidate #11: `cocoa_foundation::foundation::NSAutoreleasePool`
             candidate #12: `fluent_uri::imp::RiMaybeRef`
             candidate #13: `fluent_uri::internal::Pointer`
             candidate #14: `gimli::read::lookup::PubStuffEntry`
             candidate #15: `itertools::adaptors::coalesce::CountItem`
             candidate #16: `notify_debouncer_full::notify::Watcher`
             candidate #17: `parking_lot_core::thread_parker::ThreadParkerT`
             candidate #18: `qrcode::render::Canvas`
             candidate #19: `rand::distr::uniform::UniformSampler`
             candidate #20: `rand::distributions::uniform::UniformSampler`
             candidate #21: `rstar::point::PointExt`
             candidate #22: `rustybuzz::hb::set_digest::hb_set_digest_ext`
             candidate #23: `serde_with::duplicate_key_impls::error_on_duplicate::PreventDuplicateInsertsMap`
             candidate #24: `serde_with::duplicate_key_impls::error_on_duplicate::PreventDuplicateInsertsSet`
             candidate #25: `serde_with::duplicate_key_impls::first_value_wins::DuplicateInsertsFirstWinsMap`
             candidate #26: `serde_with::duplicate_key_impls::last_value_wins::DuplicateInsertsLastWinsSet`
             candidate #27: `settings::Setting`
             candidate #28: `sha2::Digest`
             candidate #29: `sha2::digest::KeyInit`
             candidate #30: `sha2::digest::Mac`
             candidate #31: `sha2::digest::VariableOutput`
             candidate #32: `sha2::digest::core_api::VariableOutputCore`
             candidate #33: `sha2::digest::crypto_common::KeyIvInit`
             candidate #34: `sha2::digest::typenum::Bit`
             candidate #35: `tendril::tendril::Atomicity`
             candidate #36: `vsimd::isa::InstructionSet`
             candidate #37: `warp_search_core::tantivy::aggregation::cached_sub_aggs::SubAggCache`
             candidate #38: `websocket::WebsocketMessage`
             candidate #39: `zip::read::magic_finder::FinderDirection`
help: there is a method `ne` with a similar name, but with different arguments
    --> /rustc/ded5c06cf21d2b93bffd5d884aa6e96934ee4234/library/core/src/cmp.rs:264:5

error[E0599]: no function or associated item named `new` found for struct `terminal::model::blocks::InlineBannerItem` in the current scope
    --> app/src/terminal/model/blocks_tests.rs:1207:27
     |
1207 |         InlineBannerItem::new(1, InlineBannerType::NotificationsDiscovery),
     |                           ^^^ function or associated item not found in `terminal::model::blocks::InlineBannerItem`
     |
    ::: app/src/terminal/model/blocks.rs:60:1
     |
  60 | pub struct InlineBannerItem {
     | --------------------------- function or associated item `new` not found for this struct
     |
     = help: items from traits can only be used if the trait is implemented and in scope
     = note: the following traits define an item `new`, perhaps you need to implement one of them:
             candidate #1: `ahash::HashMapExt`
             candidate #2: `ahash::HashSetExt`
             candidate #3: `aws_lc_rs::aead::BoundKey`
             candidate #4: `bitpacking::BitPacker`
             candidate #5: `brotli::enc::backward_references::hash_to_binary_tree::Allocable`
             candidate #6: `brotli::enc::threading::AnyBoxConstructor`
             candidate #7: `cocoa::appkit::NSMenu`
             candidate #8: `cocoa::appkit::NSMenuItem`
             candidate #9: `cocoa::appkit::NSTabView`
             candidate #10: `cocoa::appkit::NSTabViewItem`
             candidate #11: `cocoa_foundation::foundation::NSAutoreleasePool`
             candidate #12: `fluent_uri::imp::RiMaybeRef`
             candidate #13: `fluent_uri::internal::Pointer`
             candidate #14: `gimli::read::lookup::PubStuffEntry`
             candidate #15: `itertools::adaptors::coalesce::CountItem`
             candidate #16: `notify_debouncer_full::notify::Watcher`
             candidate #17: `parking_lot_core::thread_parker::ThreadParkerT`
             candidate #18: `qrcode::render::Canvas`
             candidate #19: `rand::distr::uniform::UniformSampler`
             candidate #20: `rand::distributions::uniform::UniformSampler`
             candidate #21: `rstar::point::PointExt`
             candidate #22: `rustybuzz::hb::set_digest::hb_set_digest_ext`
             candidate #23: `serde_with::duplicate_key_impls::error_on_duplicate::PreventDuplicateInsertsMap`
             candidate #24: `serde_with::duplicate_key_impls::error_on_duplicate::PreventDuplicateInsertsSet`
             candidate #25: `serde_with::duplicate_key_impls::first_value_wins::DuplicateInsertsFirstWinsMap`
             candidate #26: `serde_with::duplicate_key_impls::last_value_wins::DuplicateInsertsLastWinsSet`
             candidate #27: `settings::Setting`
             candidate #28: `sha2::Digest`
             candidate #29: `sha2::digest::KeyInit`
             candidate #30: `sha2::digest::Mac`
             candidate #31: `sha2::digest::VariableOutput`
             candidate #32: `sha2::digest::core_api::VariableOutputCore`
             candidate #33: `sha2::digest::crypto_common::KeyIvInit`
             candidate #34: `sha2::digest::typenum::Bit`
             candidate #35: `tendril::tendril::Atomicity`
             candidate #36: `vsimd::isa::InstructionSet`
             candidate #37: `warp_search_core::tantivy::aggregation::cached_sub_aggs::SubAggCache`
             candidate #38: `websocket::WebsocketMessage`
             candidate #39: `zip::read::magic_finder::FinderDirection`
help: there is a method `ne` with a similar name, but with different arguments
    --> /rustc/ded5c06cf21d2b93bffd5d884aa6e96934ee4234/library/core/src/cmp.rs:264:5

error[E0599]: no function or associated item named `new` found for struct `terminal::model::blocks::InlineBannerItem` in the current scope
    --> app/src/terminal/model/blocks_tests.rs:1210:55
     |
1210 |     block_list.append_inline_banner(InlineBannerItem::new(
     |                                                       ^^^ function or associated item not found in `terminal::model::blocks::InlineBannerItem`
     |
    ::: app/src/terminal/model/blocks.rs:60:1
     |
  60 | pub struct InlineBannerItem {
     | --------------------------- function or associated item `new` not found for this struct
     |
     = help: items from traits can only be used if the trait is implemented and in scope
     = note: the following traits define an item `new`, perhaps you need to implement one of them:
             candidate #1: `ahash::HashMapExt`
             candidate #2: `ahash::HashSetExt`
             candidate #3: `aws_lc_rs::aead::BoundKey`
             candidate #4: `bitpacking::BitPacker`
             candidate #5: `brotli::enc::backward_references::hash_to_binary_tree::Allocable`
             candidate #6: `brotli::enc::threading::AnyBoxConstructor`
             candidate #7: `cocoa::appkit::NSMenu`
             candidate #8: `cocoa::appkit::NSMenuItem`
             candidate #9: `cocoa::appkit::NSTabView`
             candidate #10: `cocoa::appkit::NSTabViewItem`
             candidate #11: `cocoa_foundation::foundation::NSAutoreleasePool`
             candidate #12: `fluent_uri::imp::RiMaybeRef`
             candidate #13: `fluent_uri::internal::Pointer`
             candidate #14: `gimli::read::lookup::PubStuffEntry`
             candidate #15: `itertools::adaptors::coalesce::CountItem`
             candidate #16: `notify_debouncer_full::notify::Watcher`
             candidate #17: `parking_lot_core::thread_parker::ThreadParkerT`
             candidate #18: `qrcode::render::Canvas`
             candidate #19: `rand::distr::uniform::UniformSampler`
             candidate #20: `rand::distributions::uniform::UniformSampler`
             candidate #21: `rstar::point::PointExt`
             candidate #22: `rustybuzz::hb::set_digest::hb_set_digest_ext`
             candidate #23: `serde_with::duplicate_key_impls::error_on_duplicate::PreventDuplicateInsertsMap`
             candidate #24: `serde_with::duplicate_key_impls::error_on_duplicate::PreventDuplicateInsertsSet`
             candidate #25: `serde_with::duplicate_key_impls::first_value_wins::DuplicateInsertsFirstWinsMap`
             candidate #26: `serde_with::duplicate_key_impls::last_value_wins::DuplicateInsertsLastWinsSet`
             candidate #27: `settings::Setting`
             candidate #28: `sha2::Digest`
             candidate #29: `sha2::digest::KeyInit`
             candidate #30: `sha2::digest::Mac`
             candidate #31: `sha2::digest::VariableOutput`
             candidate #32: `sha2::digest::core_api::VariableOutputCore`
             candidate #33: `sha2::digest::crypto_common::KeyIvInit`
             candidate #34: `sha2::digest::typenum::Bit`
             candidate #35: `tendril::tendril::Atomicity`
             candidate #36: `vsimd::isa::InstructionSet`
             candidate #37: `warp_search_core::tantivy::aggregation::cached_sub_aggs::SubAggCache`
             candidate #38: `websocket::WebsocketMessage`
             candidate #39: `zip::read::magic_finder::FinderDirection`
help: there is a method `ne` with a similar name, but with different arguments
    --> /rustc/ded5c06cf21d2b93bffd5d884aa6e96934ee4234/library/core/src/cmp.rs:264:5

error[E0599]: no function or associated item named `new` found for struct `terminal::model::blocks::InlineBannerItem` in the current scope
    --> app/src/terminal/model/blocks_tests.rs:1286:55
     |
1286 |     block_list.append_inline_banner(InlineBannerItem::new(
     |                                                       ^^^ function or associated item not found in `terminal::model::blocks::InlineBannerItem`
     |
    ::: app/src/terminal/model/blocks.rs:60:1
     |
  60 | pub struct InlineBannerItem {
     | --------------------------- function or associated item `new` not found for this struct
     |
     = help: items from traits can only be used if the trait is implemented and in scope
     = note: the following traits define an item `new`, perhaps you need to implement one of them:
             candidate #1: `ahash::HashMapExt`
             candidate #2: `ahash::HashSetExt`
             candidate #3: `aws_lc_rs::aead::BoundKey`
             candidate #4: `bitpacking::BitPacker`
             candidate #5: `brotli::enc::backward_references::hash_to_binary_tree::Allocable`
             candidate #6: `brotli::enc::threading::AnyBoxConstructor`
             candidate #7: `cocoa::appkit::NSMenu`
             candidate #8: `cocoa::appkit::NSMenuItem`
             candidate #9: `cocoa::appkit::NSTabView`
             candidate #10: `cocoa::appkit::NSTabViewItem`
             candidate #11: `cocoa_foundation::foundation::NSAutoreleasePool`
             candidate #12: `fluent_uri::imp::RiMaybeRef`
             candidate #13: `fluent_uri::internal::Pointer`
             candidate #14: `gimli::read::lookup::PubStuffEntry`
             candidate #15: `itertools::adaptors::coalesce::CountItem`
             candidate #16: `notify_debouncer_full::notify::Watcher`
             candidate #17: `parking_lot_core::thread_parker::ThreadParkerT`
             candidate #18: `qrcode::render::Canvas`
             candidate #19: `rand::distr::uniform::UniformSampler`
             candidate #20: `rand::distributions::uniform::UniformSampler`
             candidate #21: `rstar::point::PointExt`
             candidate #22: `rustybuzz::hb::set_digest::hb_set_digest_ext`
             candidate #23: `serde_with::duplicate_key_impls::error_on_duplicate::PreventDuplicateInsertsMap`
             candidate #24: `serde_with::duplicate_key_impls::error_on_duplicate::PreventDuplicateInsertsSet`
             candidate #25: `serde_with::duplicate_key_impls::first_value_wins::DuplicateInsertsFirstWinsMap`
             candidate #26: `serde_with::duplicate_key_impls::last_value_wins::DuplicateInsertsLastWinsSet`
             candidate #27: `settings::Setting`
             candidate #28: `sha2::Digest`
             candidate #29: `sha2::digest::KeyInit`
             candidate #30: `sha2::digest::Mac`
             candidate #31: `sha2::digest::VariableOutput`
             candidate #32: `sha2::digest::core_api::VariableOutputCore`
             candidate #33: `sha2::digest::crypto_common::KeyIvInit`
             candidate #34: `sha2::digest::typenum::Bit`
             candidate #35: `tendril::tendril::Atomicity`
             candidate #36: `vsimd::isa::InstructionSet`
             candidate #37: `warp_search_core::tantivy::aggregation::cached_sub_aggs::SubAggCache`
             candidate #38: `websocket::WebsocketMessage`
             candidate #39: `zip::read::magic_finder::FinderDirection`
help: there is a method `ne` with a similar name, but with different arguments
    --> /rustc/ded5c06cf21d2b93bffd5d884aa6e96934ee4234/library/core/src/cmp.rs:264:5

error[E0599]: no function or associated item named `new` found for struct `terminal::model::blocks::InlineBannerItem` in the current scope
    --> app/src/terminal/model/blocks_tests.rs:1376:55
     |
1376 |     block_list.append_inline_banner(InlineBannerItem::new(
     |                                                       ^^^ function or associated item not found in `terminal::model::blocks::InlineBannerItem`
     |
    ::: app/src/terminal/model/blocks.rs:60:1
     |
  60 | pub struct InlineBannerItem {
     | --------------------------- function or associated item `new` not found for this struct
     |
     = help: items from traits can only be used if the trait is implemented and in scope
     = note: the following traits define an item `new`, perhaps you need to implement one of them:
             candidate #1: `ahash::HashMapExt`
             candidate #2: `ahash::HashSetExt`
             candidate #3: `aws_lc_rs::aead::BoundKey`
             candidate #4: `bitpacking::BitPacker`
             candidate #5: `brotli::enc::backward_references::hash_to_binary_tree::Allocable`
             candidate #6: `brotli::enc::threading::AnyBoxConstructor`
             candidate #7: `cocoa::appkit::NSMenu`
             candidate #8: `cocoa::appkit::NSMenuItem`
             candidate #9: `cocoa::appkit::NSTabView`
             candidate #10: `cocoa::appkit::NSTabViewItem`
             candidate #11: `cocoa_foundation::foundation::NSAutoreleasePool`
             candidate #12: `fluent_uri::imp::RiMaybeRef`
             candidate #13: `fluent_uri::internal::Pointer`
             candidate #14: `gimli::read::lookup::PubStuffEntry`
             candidate #15: `itertools::adaptors::coalesce::CountItem`
             candidate #16: `notify_debouncer_full::notify::Watcher`
             candidate #17: `parking_lot_core::thread_parker::ThreadParkerT`
             candidate #18: `qrcode::render::Canvas`
             candidate #19: `rand::distr::uniform::UniformSampler`
             candidate #20: `rand::distributions::uniform::UniformSampler`
             candidate #21: `rstar::point::PointExt`
             candidate #22: `rustybuzz::hb::set_digest::hb_set_digest_ext`
             candidate #23: `serde_with::duplicate_key_impls::error_on_duplicate::PreventDuplicateInsertsMap`
             candidate #24: `serde_with::duplicate_key_impls::error_on_duplicate::PreventDuplicateInsertsSet`
             candidate #25: `serde_with::duplicate_key_impls::first_value_wins::DuplicateInsertsFirstWinsMap`
             candidate #26: `serde_with::duplicate_key_impls::last_value_wins::DuplicateInsertsLastWinsSet`
             candidate #27: `settings::Setting`
             candidate #28: `sha2::Digest`
             candidate #29: `sha2::digest::KeyInit`
             candidate #30: `sha2::digest::Mac`
             candidate #31: `sha2::digest::VariableOutput`
             candidate #32: `sha2::digest::core_api::VariableOutputCore`
             candidate #33: `sha2::digest::crypto_common::KeyIvInit`
             candidate #34: `sha2::digest::typenum::Bit`
             candidate #35: `tendril::tendril::Atomicity`
             candidate #36: `vsimd::isa::InstructionSet`
             candidate #37: `warp_search_core::tantivy::aggregation::cached_sub_aggs::SubAggCache`
             candidate #38: `websocket::WebsocketMessage`
             candidate #39: `zip::read::magic_finder::FinderDirection`
help: there is a method `ne` with a similar name, but with different arguments
    --> /rustc/ded5c06cf21d2b93bffd5d884aa6e96934ee4234/library/core/src/cmp.rs:264:5

error[E0599]: no function or associated item named `new` found for struct `terminal::model::blocks::InlineBannerItem` in the current scope
    --> app/src/terminal/model/blocks_tests.rs:1535:27
     |
1535 |         InlineBannerItem::new(0, InlineBannerType::NotificationsDiscovery),
     |                           ^^^ function or associated item not found in `terminal::model::blocks::InlineBannerItem`
     |
    ::: app/src/terminal/model/blocks.rs:60:1
     |
  60 | pub struct InlineBannerItem {
     | --------------------------- function or associated item `new` not found for this struct
     |
     = help: items from traits can only be used if the trait is implemented and in scope
     = note: the following traits define an item `new`, perhaps you need to implement one of them:
             candidate #1: `ahash::HashMapExt`
             candidate #2: `ahash::HashSetExt`
             candidate #3: `aws_lc_rs::aead::BoundKey`
             candidate #4: `bitpacking::BitPacker`
             candidate #5: `brotli::enc::backward_references::hash_to_binary_tree::Allocable`
             candidate #6: `brotli::enc::threading::AnyBoxConstructor`
             candidate #7: `cocoa::appkit::NSMenu`
             candidate #8: `cocoa::appkit::NSMenuItem`
             candidate #9: `cocoa::appkit::NSTabView`
             candidate #10: `cocoa::appkit::NSTabViewItem`
             candidate #11: `cocoa_foundation::foundation::NSAutoreleasePool`
             candidate #12: `fluent_uri::imp::RiMaybeRef`
             candidate #13: `fluent_uri::internal::Pointer`
             candidate #14: `gimli::read::lookup::PubStuffEntry`
             candidate #15: `itertools::adaptors::coalesce::CountItem`
             candidate #16: `notify_debouncer_full::notify::Watcher`
             candidate #17: `parking_lot_core::thread_parker::ThreadParkerT`
             candidate #18: `qrcode::render::Canvas`
             candidate #19: `rand::distr::uniform::UniformSampler`
             candidate #20: `rand::distributions::uniform::UniformSampler`
             candidate #21: `rstar::point::PointExt`
             candidate #22: `rustybuzz::hb::set_digest::hb_set_digest_ext`
             candidate #23: `serde_with::duplicate_key_impls::error_on_duplicate::PreventDuplicateInsertsMap`
             candidate #24: `serde_with::duplicate_key_impls::error_on_duplicate::PreventDuplicateInsertsSet`
             candidate #25: `serde_with::duplicate_key_impls::first_value_wins::DuplicateInsertsFirstWinsMap`
             candidate #26: `serde_with::duplicate_key_impls::last_value_wins::DuplicateInsertsLastWinsSet`
             candidate #27: `settings::Setting`
             candidate #28: `sha2::Digest`
             candidate #29: `sha2::digest::KeyInit`
             candidate #30: `sha2::digest::Mac`
             candidate #31: `sha2::digest::VariableOutput`
             candidate #32: `sha2::digest::core_api::VariableOutputCore`
             candidate #33: `sha2::digest::crypto_common::KeyIvInit`
             candidate #34: `sha2::digest::typenum::Bit`
             candidate #35: `tendril::tendril::Atomicity`
             candidate #36: `vsimd::isa::InstructionSet`
             candidate #37: `warp_search_core::tantivy::aggregation::cached_sub_aggs::SubAggCache`
             candidate #38: `websocket::WebsocketMessage`
             candidate #39: `zip::read::magic_finder::FinderDirection`
help: there is a method `ne` with a similar name, but with different arguments
    --> /rustc/ded5c06cf21d2b93bffd5d884aa6e96934ee4234/library/core/src/cmp.rs:264:5

error[E0061]: this function takes 2 arguments but 3 arguments were supplied
    --> app/src/terminal/model/blocks_tests.rs:1595:36
     |
1595 |     block_list.append_rich_content(RichContentItem::new_for_test(None, view_id_a, None), false);
     |                                    ^^^^^^^^^^^^^^^^^^^^^^^^^^^^^                  ---- unexpected argument #3 of type `std::option::Option<_>`
     |
note: associated function defined here
    --> app/src/terminal/model/blocks.rs:96:12
     |
  96 |     pub fn new_for_test(content_type: Option<RichContentType>, view_id: EntityId) -> Self {
     |            ^^^^^^^^^^^^
help: remove the extra argument
     |
1595 -     block_list.append_rich_content(RichContentItem::new_for_test(None, view_id_a, None), false);
1595 +     block_list.append_rich_content(RichContentItem::new_for_test(None, view_id_a), false);
     |

error[E0599]: no function or associated item named `new` found for struct `terminal::model::blocks::InlineBannerItem` in the current scope
    --> app/src/terminal/model/blocks_tests.rs:1601:27
     |
1601 |         InlineBannerItem::new(0, InlineBannerType::NotificationsDiscovery),
     |                           ^^^ function or associated item not found in `terminal::model::blocks::InlineBannerItem`
     |
    ::: app/src/terminal/model/blocks.rs:60:1
     |
  60 | pub struct InlineBannerItem {
     | --------------------------- function or associated item `new` not found for this struct
     |
     = help: items from traits can only be used if the trait is implemented and in scope
     = note: the following traits define an item `new`, perhaps you need to implement one of them:
             candidate #1: `ahash::HashMapExt`
             candidate #2: `ahash::HashSetExt`
             candidate #3: `aws_lc_rs::aead::BoundKey`
             candidate #4: `bitpacking::BitPacker`
             candidate #5: `brotli::enc::backward_references::hash_to_binary_tree::Allocable`
             candidate #6: `brotli::enc::threading::AnyBoxConstructor`
             candidate #7: `cocoa::appkit::NSMenu`
             candidate #8: `cocoa::appkit::NSMenuItem`
             candidate #9: `cocoa::appkit::NSTabView`
             candidate #10: `cocoa::appkit::NSTabViewItem`
             candidate #11: `cocoa_foundation::foundation::NSAutoreleasePool`
             candidate #12: `fluent_uri::imp::RiMaybeRef`
             candidate #13: `fluent_uri::internal::Pointer`
             candidate #14: `gimli::read::lookup::PubStuffEntry`
             candidate #15: `itertools::adaptors::coalesce::CountItem`
             candidate #16: `notify_debouncer_full::notify::Watcher`
             candidate #17: `parking_lot_core::thread_parker::ThreadParkerT`
             candidate #18: `qrcode::render::Canvas`
             candidate #19: `rand::distr::uniform::UniformSampler`
             candidate #20: `rand::distributions::uniform::UniformSampler`
             candidate #21: `rstar::point::PointExt`
             candidate #22: `rustybuzz::hb::set_digest::hb_set_digest_ext`
             candidate #23: `serde_with::duplicate_key_impls::error_on_duplicate::PreventDuplicateInsertsMap`
             candidate #24: `serde_with::duplicate_key_impls::error_on_duplicate::PreventDuplicateInsertsSet`
             candidate #25: `serde_with::duplicate_key_impls::first_value_wins::DuplicateInsertsFirstWinsMap`
             candidate #26: `serde_with::duplicate_key_impls::last_value_wins::DuplicateInsertsLastWinsSet`
             candidate #27: `settings::Setting`
             candidate #28: `sha2::Digest`
             candidate #29: `sha2::digest::KeyInit`
             candidate #30: `sha2::digest::Mac`
             candidate #31: `sha2::digest::VariableOutput`
             candidate #32: `sha2::digest::core_api::VariableOutputCore`
             candidate #33: `sha2::digest::crypto_common::KeyIvInit`
             candidate #34: `sha2::digest::typenum::Bit`
             candidate #35: `tendril::tendril::Atomicity`
             candidate #36: `vsimd::isa::InstructionSet`
             candidate #37: `warp_search_core::tantivy::aggregation::cached_sub_aggs::SubAggCache`
             candidate #38: `websocket::WebsocketMessage`
             candidate #39: `zip::read::magic_finder::FinderDirection`
help: there is a method `ne` with a similar name, but with different arguments
    --> /rustc/ded5c06cf21d2b93bffd5d884aa6e96934ee4234/library/core/src/cmp.rs:264:5

error[E0061]: this function takes 2 arguments but 3 arguments were supplied
    --> app/src/terminal/model/blocks_tests.rs:1606:36
     |
1606 |     block_list.append_rich_content(RichContentItem::new_for_test(None, view_id_b, None), false);
     |                                    ^^^^^^^^^^^^^^^^^^^^^^^^^^^^^                  ---- unexpected argument #3 of type `std::option::Option<_>`
     |
note: associated function defined here
    --> app/src/terminal/model/blocks.rs:96:12
     |
  96 |     pub fn new_for_test(content_type: Option<RichContentType>, view_id: EntityId) -> Self {
     |            ^^^^^^^^^^^^
help: remove the extra argument
     |
1606 -     block_list.append_rich_content(RichContentItem::new_for_test(None, view_id_b, None), false);
1606 +     block_list.append_rich_content(RichContentItem::new_for_test(None, view_id_b), false);
     |

error[E0061]: this function takes 2 arguments but 3 arguments were supplied
    --> app/src/terminal/model/blocks_tests.rs:1679:9
     |
1679 |         RichContentItem::new_for_test(None, view_id, Some(conversation_id)),
     |         ^^^^^^^^^^^^^^^^^^^^^^^^^^^^^                --------------------- unexpected argument #3
     |
note: associated function defined here
    --> app/src/terminal/model/blocks.rs:96:12
     |
  96 |     pub fn new_for_test(content_type: Option<RichContentType>, view_id: EntityId) -> Self {
     |            ^^^^^^^^^^^^
help: remove the extra argument
     |
1679 -         RichContentItem::new_for_test(None, view_id, Some(conversation_id)),
1679 +         RichContentItem::new_for_test(None, view_id),
     |

error[E0599]: no variant or associated item named `Conversation` found for enum `terminal::model::block::TranscriptScope` in the current scope
    --> app/src/terminal/model/blocks_tests.rs:1683:54
     |
1683 |     block_list.set_transcript_scope(TranscriptScope::Conversation(conversation_id));
     |                                                      ^^^^^^^^^^^^ variant or associated item not found in `terminal::model::block::TranscriptScope`
     |
    ::: app/src/terminal/model/block.rs:81:1
     |
  81 | pub enum TranscriptScope {
     | ------------------------ variant or associated item `Conversation` not found for this enum
     |
help: there is a method `is_conversation` with a similar name, but with different arguments
    --> app/src/terminal/model/block.rs:88:5
     |
  88 |     pub fn is_conversation(self) -> bool {
     |     ^^^^^^^^^^^^^^^^^^^^^^^^^^^^^^^^^^^^

error[E0599]: no method named `set_conversation_id` found for mutable reference `&mut terminal::model::block::Block` in the current scope
    --> app/src/terminal/model/blocks_tests.rs:1750:15
     |
1750 |         block.set_conversation_id(conversation_id);
     |               ^^^^^^^^^^^^^^^^^^^
     |
help: there is a method `set_session_id` with a similar name
     |
1750 -         block.set_conversation_id(conversation_id);
1750 +         block.set_session_id(conversation_id);
     |

error[E0599]: no method named `set_conversation_id` found for mutable reference `&mut terminal::model::block::Block` in the current scope
    --> app/src/terminal/model/blocks_tests.rs:1756:15
     |
1756 |         block.set_conversation_id(conversation_id);
     |               ^^^^^^^^^^^^^^^^^^^
     |
help: there is a method `set_session_id` with a similar name
     |
1756 -         block.set_conversation_id(conversation_id);
1756 +         block.set_session_id(conversation_id);
     |

error[E0599]: no method named `set_agent_interaction_mode` found for mutable reference `&mut terminal::model::block::Block` in the current scope
    --> app/src/terminal/model/blocks_tests.rs:1758:15
     |
1758 |         block.set_agent_interaction_mode(AgentInteractionMetadata::new_hidden(
     |         ------^^^^^^^^^^^^^^^^^^^^^^^^^^ method not found in `&mut terminal::model::block::Block`

error[E0061]: this function takes 2 arguments but 3 arguments were supplied
    --> app/src/terminal/model/blocks_tests.rs:1766:9
     |
1766 |         RichContentItem::new_for_test(None, view_id, Some(conversation_id)),
     |         ^^^^^^^^^^^^^^^^^^^^^^^^^^^^^                --------------------- unexpected argument #3
     |
note: associated function defined here
    --> app/src/terminal/model/blocks.rs:96:12
     |
  96 |     pub fn new_for_test(content_type: Option<RichContentType>, view_id: EntityId) -> Self {
     |            ^^^^^^^^^^^^
help: remove the extra argument
     |
1766 -         RichContentItem::new_for_test(None, view_id, Some(conversation_id)),
1766 +         RichContentItem::new_for_test(None, view_id),
     |

error[E0599]: no variant or associated item named `Conversation` found for enum `terminal::model::block::TranscriptScope` in the current scope
    --> app/src/terminal/model/blocks_tests.rs:1770:54
     |
1770 |     block_list.set_transcript_scope(TranscriptScope::Conversation(conversation_id));
     |                                                      ^^^^^^^^^^^^ variant or associated item not found in `terminal::model::block::TranscriptScope`
     |
    ::: app/src/terminal/model/block.rs:81:1
     |
  81 | pub enum TranscriptScope {
     | ------------------------ variant or associated item `Conversation` not found for this enum
     |
help: there is a method `is_conversation` with a similar name, but with different arguments
    --> app/src/terminal/model/block.rs:88:5
     |
  88 |     pub fn is_conversation(self) -> bool {
     |     ^^^^^^^^^^^^^^^^^^^^^^^^^^^^^^^^^^^^

error[E0599]: no method named `clear_user_executed_command_blocks_for_conversation` found for struct `terminal::model::blocks::BlockList` in the current scope
    --> app/src/terminal/model/blocks_tests.rs:1784:16
     |
1784 |     block_list.clear_user_executed_command_blocks_for_conversation(conversation_id);
     |                ^^^^^^^^^^^^^^^^^^^^^^^^^^^^^^^^^^^^^^^^^^^^^^^^^^^ method not found in `terminal::model::blocks::BlockList`
     |
    ::: app/src/terminal/model/blocks.rs:218:1
     |
 218 | pub struct BlockList {
     | -------------------- method `clear_user_executed_command_blocks_for_conversation` not found for this struct

error[E0599]: no method named `enter_conversation_context` found for struct `terminal::model::blocks::BlockList` in the current scope
    --> app/src/terminal/model/blocks_tests.rs:1809:16
     |
1809 |     block_list.enter_conversation_context(expected_origin_conversation_id, false, false);
     |                ^^^^^^^^^^^^^^^^^^^^^^^^^^ method not found in `terminal::model::blocks::BlockList`
     |
    ::: app/src/terminal/model/blocks.rs:218:1
     |
 218 | pub struct BlockList {
     | -------------------- method `enter_conversation_context` not found for this struct

error[E0599]: no method named `associate_blocks_with_conversation` found for struct `terminal::model::blocks::BlockList` in the current scope
    --> app/src/terminal/model/blocks_tests.rs:1814:10
     |
1813 |       let associated = block_list
     |  ______________________-
1814 | |         .associate_blocks_with_conversation([&user_block_id].into_iter(), other_conversation_id);
     | |         -^^^^^^^^^^^^^^^^^^^^^^^^^^^^^^^^^^ method not found in `terminal::model::blocks::BlockList`
     | |_________|
     |
     |
    ::: app/src/terminal/model/blocks.rs:218:1
     |
 218 |   pub struct BlockList {
     |   -------------------- method `associate_blocks_with_conversation` not found for this struct

error[E0599]: no method named `enter_conversation_context` found for struct `terminal::model::blocks::BlockList` in the current scope
    --> app/src/terminal/model/blocks_tests.rs:1833:16
     |
1833 |     block_list.enter_conversation_context(other_conversation_id, false, false);
     |                ^^^^^^^^^^^^^^^^^^^^^^^^^^ method not found in `terminal::model::blocks::BlockList`
     |
    ::: app/src/terminal/model/blocks.rs:218:1
     |
 218 | pub struct BlockList {
     | -------------------- method `enter_conversation_context` not found for this struct

error[E0599]: no method named `promote_blocks_to_attached_from_conversation` found for struct `terminal::model::blocks::BlockList` in the current scope
    --> app/src/terminal/model/blocks_tests.rs:1838:31
     |
1838 |     let promoted = block_list.promote_blocks_to_attached_from_conversation(other_conversation_id);
     |                               ^^^^^^^^^^^^^^^^^^^^^^^^^^^^^^^^^^^^^^^^^^^^ method not found in `terminal::model::blocks::BlockList`
     |
    ::: app/src/terminal/model/blocks.rs:218:1
     |
 218 | pub struct BlockList {
     | -------------------- method `promote_blocks_to_attached_from_conversation` not found for this struct

error[E0599]: no method named `remove_pending_context_assocation_for_blocks` found for struct `terminal::model::blocks::BlockList` in the current scope
    --> app/src/terminal/model/blocks_tests.rs:1853:30
     |
1853 |     let removed = block_list.remove_pending_context_assocation_for_blocks(
     |                   -----------^^^^^^^^^^^^^^^^^^^^^^^^^^^^^^^^^^^^^^^^^^^^ method not found in `terminal::model::blocks::BlockList`
     |
    ::: app/src/terminal/model/blocks.rs:218:1
     |
 218 | pub struct BlockList {
     | -------------------- method `remove_pending_context_assocation_for_blocks` not found for this struct

error[E0599]: no method named `exit_conversation_context` found for struct `terminal::model::blocks::BlockList` in the current scope
    --> app/src/terminal/model/blocks_tests.rs:1859:16
     |
1859 |     block_list.exit_conversation_context();
     |                ^^^^^^^^^^^^^^^^^^^^^^^^^ method not found in `terminal::model::blocks::BlockList`
     |
    ::: app/src/terminal/model/blocks.rs:218:1
     |
 218 | pub struct BlockList {
     | -------------------- method `exit_conversation_context` not found for this struct

error[E0609]: no field `agent_view_visibility` on type `terminal::model::block::serialized_block::SerializedBlock`
    --> app/src/terminal/model/blocks_tests.rs:1872:22
     |
1872 |     serialized_block.agent_view_visibility =
     |                      ^^^^^^^^^^^^^^^^^^^^^ unknown field
     |
     = note: available fields are: `id`, `stylized_command`, `stylized_output`, `pwd`, `git_head` ... and 18 others

error[E0433]: failed to resolve: use of undeclared type `AgentViewVisibility`
    --> app/src/terminal/model/blocks_tests.rs:1873:14
     |
1873 |         Some(AgentViewVisibility::new_from_conversation(conversation_id).into());
     |              ^^^^^^^^^^^^^^^^^^^ use of undeclared type `AgentViewVisibility`

error[E0599]: no method named `agent_view_visibility` found for reference `&terminal::model::block::Block` in the current scope
    --> app/src/terminal/model/blocks_tests.rs:1882:24
     |
1882 |         restored_block.agent_view_visibility(),
     |                        ^^^^^^^^^^^^^^^^^^^^^ method not found in `&terminal::model::block::Block`

error[E0599]: no method named `enter_conversation_context` found for struct `terminal::model::blocks::BlockList` in the current scope
    --> app/src/terminal/model/blocks_tests.rs:1911:16
     |
1911 |     block_list.enter_conversation_context(conversation_id, false, true);
     |                ^^^^^^^^^^^^^^^^^^^^^^^^^^ method not found in `terminal::model::blocks::BlockList`
     |
    ::: app/src/terminal/model/blocks.rs:218:1
     |
 218 | pub struct BlockList {
     | -------------------- method `enter_conversation_context` not found for this struct

error[E0599]: no method named `finish_oz_environment_startup_commands_at_block` found for struct `terminal::model::blocks::BlockList` in the current scope
    --> app/src/terminal/model/blocks_tests.rs:1914:10
     |
1913 | /     block_list
1914 | |         .finish_oz_environment_startup_commands_at_block(&harness_block_id, Some(conversation_id));
     | |         -^^^^^^^^^^^^^^^^^^^^^^^^^^^^^^^^^^^^^^^^^^^^^^^ method not found in `terminal::model::blocks::BlockList`
     | |_________|
     |
     |
    ::: app/src/terminal/model/blocks.rs:218:1
     |
 218 |   pub struct BlockList {
     |   -------------------- method `finish_oz_environment_startup_commands_at_block` not found for this struct

error[E0599]: no method named `agent_view_visibility` found for reference `&terminal::model::block::Block` in the current scope
    --> app/src/terminal/model/blocks_tests.rs:1925:21
     |
1925 |         match block.agent_view_visibility() {
     |                     ^^^^^^^^^^^^^^^^^^^^^ method not found in `&terminal::model::block::Block`

error[E0599]: no method named `enter_conversation_context` found for struct `terminal::model::blocks::BlockList` in the current scope
    --> app/src/terminal/model/blocks_tests.rs:2545:16
     |
2545 |     block_list.enter_conversation_context(conversation_id, false, false);
     |                ^^^^^^^^^^^^^^^^^^^^^^^^^^ method not found in `terminal::model::blocks::BlockList`
     |
    ::: app/src/terminal/model/blocks.rs:218:1
     |
 218 | pub struct BlockList {
     | -------------------- method `enter_conversation_context` not found for this struct

error[E0599]: no function or associated item named `new_with_agent_transcript_user_query` found for struct `terminal::model::blocks::RichContentItem` in the current scope
    --> app/src/terminal/model/blocks_tests.rs:2549:46
     |
2549 |     let mut prompt_1_item = RichContentItem::new_with_agent_transcript_user_query(
     |                                              ^^^^^^^^^^^^^^^^^^^^^^^^^^^^^^^^^^^^ function or associated item not found in `terminal::model::blocks::RichContentItem`
     |
    ::: app/src/terminal/model/blocks.rs:74:1
     |
  74 | pub struct RichContentItem {
     | -------------------------- function or associated item `new_with_agent_transcript_user_query` not found for this struct
     |
note: if you're trying to build a new `terminal::model::blocks::RichContentItem` consider using one of the following associated functions:
      terminal::model::blocks::RichContentItem::new
      terminal::model::blocks::RichContentItem::new_for_test
    --> app/src/terminal/model/blocks.rs:82:5
     |
  82 | /     pub fn new(
  83 | |         content_type: Option<RichContentType>,
  84 | |         view_id: EntityId,
  85 | |         should_hide: bool,
  86 | |     ) -> Self {
     | |_____________^
...
  96 |       pub fn new_for_test(content_type: Option<RichContentType>, view_id: EntityId) -> Self {
     |       ^^^^^^^^^^^^^^^^^^^^^^^^^^^^^^^^^^^^^^^^^^^^^^^^^^^^^^^^^^^^^^^^^^^^^^^^^^^^^^^^^^^^^

error[E0599]: no method named `set_conversation_id` found for mutable reference `&mut terminal::model::block::Block` in the current scope
    --> app/src/terminal/model/blocks_tests.rs:2565:15
     |
2565 |         block.set_conversation_id(conversation_id);
     |               ^^^^^^^^^^^^^^^^^^^
     |
help: there is a method `set_session_id` with a similar name
     |
2565 -         block.set_conversation_id(conversation_id);
2565 +         block.set_session_id(conversation_id);
     |

error[E0599]: no method named `set_agent_interaction_mode` found for mutable reference `&mut terminal::model::block::Block` in the current scope
    --> app/src/terminal/model/blocks_tests.rs:2566:15
     |
2566 |         block.set_agent_interaction_mode(AgentInteractionMetadata::new_hidden(
     |         ------^^^^^^^^^^^^^^^^^^^^^^^^^^ method not found in `&mut terminal::model::block::Block`

error[E0599]: no method named `set_visibility_of_block_for_ai_action` found for struct `terminal::model::blocks::BlockList` in the current scope
    --> app/src/terminal/model/blocks_tests.rs:2571:16
     |
2571 |     block_list.set_visibility_of_block_for_ai_action(&tool_action_id, true);
     |                ^^^^^^^^^^^^^^^^^^^^^^^^^^^^^^^^^^^^^ method not found in `terminal::model::blocks::BlockList`
     |
    ::: app/src/terminal/model/blocks.rs:218:1
     |
 218 | pub struct BlockList {
     | -------------------- method `set_visibility_of_block_for_ai_action` not found for this struct

error[E0599]: no function or associated item named `new_with_agent_transcript_user_query` found for struct `terminal::model::blocks::RichContentItem` in the current scope
    --> app/src/terminal/model/blocks_tests.rs:2576:49
     |
2576 |     let mut agent_reply_item = RichContentItem::new_with_agent_transcript_user_query(
     |                                                 ^^^^^^^^^^^^^^^^^^^^^^^^^^^^^^^^^^^^ function or associated item not found in `terminal::model::blocks::RichContentItem`
     |
    ::: app/src/terminal/model/blocks.rs:74:1
     |
  74 | pub struct RichContentItem {
     | -------------------------- function or associated item `new_with_agent_transcript_user_query` not found for this struct
     |
note: if you're trying to build a new `terminal::model::blocks::RichContentItem` consider using one of the following associated functions:
      terminal::model::blocks::RichContentItem::new
      terminal::model::blocks::RichContentItem::new_for_test
    --> app/src/terminal/model/blocks.rs:82:5
     |
  82 | /     pub fn new(
  83 | |         content_type: Option<RichContentType>,
  84 | |         view_id: EntityId,
  85 | |         should_hide: bool,
  86 | |     ) -> Self {
     | |_____________^
...
  96 |       pub fn new_for_test(content_type: Option<RichContentType>, view_id: EntityId) -> Self {
     |       ^^^^^^^^^^^^^^^^^^^^^^^^^^^^^^^^^^^^^^^^^^^^^^^^^^^^^^^^^^^^^^^^^^^^^^^^^^^^^^^^^^^^^

error[E0599]: no method named `set_conversation_id` found for mutable reference `&mut terminal::model::block::Block` in the current scope
    --> app/src/terminal/model/blocks_tests.rs:2590:15
     |
2590 |         block.set_conversation_id(conversation_id);
     |               ^^^^^^^^^^^^^^^^^^^
     |
help: there is a method `set_session_id` with a similar name
     |
2590 -         block.set_conversation_id(conversation_id);
2590 +         block.set_session_id(conversation_id);
     |

error[E0599]: no method named `set_agent_interaction_mode` found for mutable reference `&mut terminal::model::block::Block` in the current scope
    --> app/src/terminal/model/blocks_tests.rs:2591:15
     |
2591 |         block.set_agent_interaction_mode(AgentInteractionMetadata::new(
     |         ------^^^^^^^^^^^^^^^^^^^^^^^^^^ method not found in `&mut terminal::model::block::Block`

error[E0599]: no method named `set_conversation_id` found for mutable reference `&mut terminal::model::block::Block` in the current scope
    --> app/src/terminal/model/blocks_tests.rs:2605:15
     |
2605 |         block.set_conversation_id(conversation_id);
     |               ^^^^^^^^^^^^^^^^^^^
     |
help: there is a method `set_session_id` with a similar name
     |
2605 -         block.set_conversation_id(conversation_id);
2605 +         block.set_session_id(conversation_id);
     |

error[E0599]: no function or associated item named `new_with_agent_transcript_user_query` found for struct `terminal::model::blocks::RichContentItem` in the current scope
    --> app/src/terminal/model/blocks_tests.rs:2609:46
     |
2609 |     let mut prompt_2_item = RichContentItem::new_with_agent_transcript_user_query(
     |                                              ^^^^^^^^^^^^^^^^^^^^^^^^^^^^^^^^^^^^ function or associated item not found in `terminal::model::blocks::RichContentItem`
     |
    ::: app/src/terminal/model/blocks.rs:74:1
     |
  74 | pub struct RichContentItem {
     | -------------------------- function or associated item `new_with_agent_transcript_user_query` not found for this struct
     |
note: if you're trying to build a new `terminal::model::blocks::RichContentItem` consider using one of the following associated functions:
      terminal::model::blocks::RichContentItem::new
      terminal::model::blocks::RichContentItem::new_for_test
    --> app/src/terminal/model/blocks.rs:82:5
     |
  82 | /     pub fn new(
  83 | |         content_type: Option<RichContentType>,
  84 | |         view_id: EntityId,
  85 | |         should_hide: bool,
  86 | |     ) -> Self {
     | |_____________^
...
  96 |       pub fn new_for_test(content_type: Option<RichContentType>, view_id: EntityId) -> Self {
     |       ^^^^^^^^^^^^^^^^^^^^^^^^^^^^^^^^^^^^^^^^^^^^^^^^^^^^^^^^^^^^^^^^^^^^^^^^^^^^^^^^^^^^^

error[E0599]: no function or associated item named `new_with_agent_transcript_user_query` found for struct `terminal::model::blocks::RichContentItem` in the current scope
    --> app/src/terminal/model/blocks_tests.rs:2621:51
     |
2621 |     let mut agent_reply_2_item = RichContentItem::new_with_agent_transcript_user_query(
     |                                                   ^^^^^^^^^^^^^^^^^^^^^^^^^^^^^^^^^^^^ function or associated item not found in `terminal::model::blocks::RichContentItem`
     |
    ::: app/src/terminal/model/blocks.rs:74:1
     |
  74 | pub struct RichContentItem {
     | -------------------------- function or associated item `new_with_agent_transcript_user_query` not found for this struct
     |
note: if you're trying to build a new `terminal::model::blocks::RichContentItem` consider using one of the following associated functions:
      terminal::model::blocks::RichContentItem::new
      terminal::model::blocks::RichContentItem::new_for_test
    --> app/src/terminal/model/blocks.rs:82:5
     |
  82 | /     pub fn new(
  83 | |         content_type: Option<RichContentType>,
  84 | |         view_id: EntityId,
  85 | |         should_hide: bool,
  86 | |     ) -> Self {
     | |_____________^
...
  96 |       pub fn new_for_test(content_type: Option<RichContentType>, view_id: EntityId) -> Self {
     |       ^^^^^^^^^^^^^^^^^^^^^^^^^^^^^^^^^^^^^^^^^^^^^^^^^^^^^^^^^^^^^^^^^^^^^^^^^^^^^^^^^^^^^

error[E0599]: no variant or associated item named `Conversation` found for enum `terminal::model::block::TranscriptScope` in the current scope
    --> app/src/terminal/model/blocks_tests.rs:2631:54
     |
2631 |     block_list.set_transcript_scope(TranscriptScope::Conversation(conversation_id));
     |                                                      ^^^^^^^^^^^^ variant or associated item not found in `terminal::model::block::TranscriptScope`
     |
    ::: app/src/terminal/model/block.rs:81:1
     |
  81 | pub enum TranscriptScope {
     | ------------------------ variant or associated item `Conversation` not found for this enum
     |
help: there is a method `is_conversation` with a similar name, but with different arguments
    --> app/src/terminal/model/block.rs:88:5
     |
  88 |     pub fn is_conversation(self) -> bool {
     |     ^^^^^^^^^^^^^^^^^^^^^^^^^^^^^^^^^^^^

error[E0599]: no method named `agent_transcript_navigable_items` found for struct `terminal::model::blocks::BlockList` in the current scope
    --> app/src/terminal/model/blocks_tests.rs:2633:28
     |
2633 |     let items = block_list.agent_transcript_navigable_items();
     |                            ^^^^^^^^^^^^^^^^^^^^^^^^^^^^^^^^ method not found in `terminal::model::blocks::BlockList`
     |
    ::: app/src/terminal/model/blocks.rs:218:1
     |
 218 | pub struct BlockList {
     | -------------------- method `agent_transcript_navigable_items` not found for this struct

error[E0614]: type `warp_terminal::model::BlockIndex` cannot be dereferenced
    --> app/src/terminal/model/blocks_tests.rs:2639:24
     |
2639 |                     if *idx == tool_block_index || *idx == monitored_block_index
     |                        ^^^^ can't be dereferenced

error[E0614]: type `warp_terminal::model::BlockIndex` cannot be dereferenced
    --> app/src/terminal/model/blocks_tests.rs:2639:52
     |
2639 |                     if *idx == tool_block_index || *idx == monitored_block_index
     |                                                    ^^^^ can't be dereferenced

error[E0614]: type `warpui_core::EntityId` cannot be dereferenced
    --> app/src/terminal/model/blocks_tests.rs:2643:24
     |
2643 |                     if *view_id == agent_reply || *view_id == agent_reply_2
     |                        ^^^^^^^^ can't be dereferenced

error[E0614]: type `warpui_core::EntityId` cannot be dereferenced
    --> app/src/terminal/model/blocks_tests.rs:2643:51
     |
2643 |                     if *view_id == agent_reply || *view_id == agent_reply_2
     |                                                   ^^^^^^^^ can't be dereferenced

error[E0560]: struct `terminal::model::block::serialized_block::SerializedBlock` has no field named `ai_metadata`
  --> app/src/terminal/model/terminal_model_tests.rs:53:9
   |
53 |         ai_metadata: None,
   |         ^^^^^^^^^^^ `terminal::model::block::serialized_block::SerializedBlock` does not have this field
   |
   = note: available fields are: `removed_feature_metadata`, `removed_feature_visibility`

error[E0560]: struct `terminal::model::block::serialized_block::SerializedBlock` has no field named `agent_view_visibility`
  --> app/src/terminal/model/terminal_model_tests.rs:55:9
   |
55 |         agent_view_visibility: None,
   |         ^^^^^^^^^^^^^^^^^^^^^ `terminal::model::block::serialized_block::SerializedBlock` does not have this field
   |
   = note: available fields are: `removed_feature_metadata`, `removed_feature_visibility`

error[E0599]: no method named `set_agent_interaction_mode` found for mutable reference `&mut terminal::model::block::Block` in the current scope
  --> app/src/terminal/model/terminal_model_tests.rs:93:10
   |
90 | /     model
91 | |         .block_list_mut()
92 | |         .active_block_mut()
93 | |         .set_agent_interaction_mode(AgentInteractionMetadata::new_hidden(
   | |         -^^^^^^^^^^^^^^^^^^^^^^^^^^ method not found in `&mut terminal::model::block::Block`
   | |_________|
   |

error[E0433]: failed to resolve: use of undeclared type `AgentInteractionMetadata`
  --> app/src/terminal/model/terminal_model_tests.rs:93:37
   |
93 |         .set_agent_interaction_mode(AgentInteractionMetadata::new_hidden(
   |                                     ^^^^^^^^^^^^^^^^^^^^^^^^ use of undeclared type `AgentInteractionMetadata`

error[E0599]: no function or associated item named `new_for_cloud_mode_shared_session_viewer` found for struct `terminal::model::terminal_model::TerminalModel` in the current scope
    --> app/src/terminal/model/terminal_model_tests.rs:113:36
     |
 113 |     let mut model = TerminalModel::new_for_cloud_mode_shared_session_viewer(
     |                                    ^^^^^^^^^^^^^^^^^^^^^^^^^^^^^^^^^^^^^^^^ function or associated item not found in `terminal::model::terminal_model::TerminalModel`
     |
    ::: app/src/terminal/model/terminal_model.rs:352:1
     |
 352 | pub struct TerminalModel {
     | ------------------------ function or associated item `new_for_cloud_mode_shared_session_viewer` not found for this struct
     |
note: if you're trying to build a new `terminal::model::terminal_model::TerminalModel` consider using one of the following associated functions:
      terminal::model::terminal_model::TerminalModel::new_for_test
      terminal::model::terminal_model::TerminalModel::new_internal
      terminal::model::terminal_model::TerminalModel::new
      terminal::model::test_utils::<impl terminal::model::terminal_model::TerminalModel>::mock
    --> app/src/terminal/model/terminal_model.rs:896:5
     |
 896 | /     pub(crate) fn new_for_test(
 897 | |         sizes: BlockSize,
 898 | |         colors: color::List,
 899 | |         event_proxy: ChannelEventListener,
...    |
 905 | |         session_startup_path: Option<PathBuf>,
 906 | |     ) -> Self {
     | |_____________^
...
 965 | /     fn new_internal(
 966 | |         restored_blocks: Option<&[SerializedBlockListItem]>,
 967 | |         sizes: BlockSize,
 968 | |         colors: color::List,
...    |
 979 | |         shell_state: ShellLaunchState,
 980 | |     ) -> Self {
     | |_____________^
...
1042 | /     pub fn new(
1043 | |         restored_blocks: Option<&[SerializedBlockListItem]>,
1044 | |         sizes: BlockSize,
1045 | |         colors: color::List,
...    |
1056 | |         shell_state: ShellLaunchState,
1057 | |     ) -> Self {
     | |_____________^
     |
    ::: app/src/terminal/model/test_utils.rs:322:5
     |
 322 | /     pub fn mock(
 323 | |         restored_blocks: Option<&[SerializedBlockListItem]>,
 324 | |         event_proxy: Option<ChannelEventListener>,
 325 | |     ) -> TerminalModel {
     | |______________________^

error[E0282]: type annotations needed
   --> app/src/terminal/model/terminal_model_tests.rs:153:16
    |
153 |         .find(|block| block.command_to_string() == "setup-looking-command")
    |                ^^^^^  ----- type must be known at this point
    |
help: consider giving this closure parameter an explicit type
    |
153 |         .find(|block: /* Type */| block.command_to_string() == "setup-looking-command")
    |                     ++++++++++++

error[E0599]: no function or associated item named `new_for_shared_session_viewer` found for struct `terminal::model::terminal_model::TerminalModel` in the current scope
    --> app/src/terminal/model/terminal_model_tests.rs:161:32
     |
 161 |     let model = TerminalModel::new_for_shared_session_viewer(
     |                                ^^^^^^^^^^^^^^^^^^^^^^^^^^^^^ function or associated item not found in `terminal::model::terminal_model::TerminalModel`
     |
    ::: app/src/terminal/model/terminal_model.rs:352:1
     |
 352 | pub struct TerminalModel {
     | ------------------------ function or associated item `new_for_shared_session_viewer` not found for this struct
     |
note: if you're trying to build a new `terminal::model::terminal_model::TerminalModel` consider using one of the following associated functions:
      terminal::model::terminal_model::TerminalModel::new_for_test
      terminal::model::terminal_model::TerminalModel::new_internal
      terminal::model::terminal_model::TerminalModel::new
      terminal::model::test_utils::<impl terminal::model::terminal_model::TerminalModel>::mock
    --> app/src/terminal/model/terminal_model.rs:896:5
     |
 896 | /     pub(crate) fn new_for_test(
 897 | |         sizes: BlockSize,
 898 | |         colors: color::List,
 899 | |         event_proxy: ChannelEventListener,
...    |
 905 | |         session_startup_path: Option<PathBuf>,
 906 | |     ) -> Self {
     | |_____________^
...
 965 | /     fn new_internal(
 966 | |         restored_blocks: Option<&[SerializedBlockListItem]>,
 967 | |         sizes: BlockSize,
 968 | |         colors: color::List,
...    |
 979 | |         shell_state: ShellLaunchState,
 980 | |     ) -> Self {
     | |_____________^
...
1042 | /     pub fn new(
1043 | |         restored_blocks: Option<&[SerializedBlockListItem]>,
1044 | |         sizes: BlockSize,
1045 | |         colors: color::List,
...    |
1056 | |         shell_state: ShellLaunchState,
1057 | |     ) -> Self {
     | |_____________^
     |
    ::: app/src/terminal/model/test_utils.rs:322:5
     |
 322 | /     pub fn mock(
 323 | |         restored_blocks: Option<&[SerializedBlockListItem]>,
 324 | |         event_proxy: Option<ChannelEventListener>,
 325 | |     ) -> TerminalModel {
     | |______________________^

error[E0599]: no function or associated item named `new_for_shared_session_viewer` found for struct `terminal::model::terminal_model::TerminalModel` in the current scope
    --> app/src/terminal/model/terminal_model_tests.rs:184:24
     |
 184 |         TerminalModel::new_for_shared_session_viewer(
     |                        ^^^^^^^^^^^^^^^^^^^^^^^^^^^^^ function or associated item not found in `terminal::model::terminal_model::TerminalModel`
     |
    ::: app/src/terminal/model/terminal_model.rs:352:1
     |
 352 | pub struct TerminalModel {
     | ------------------------ function or associated item `new_for_shared_session_viewer` not found for this struct
     |
note: if you're trying to build a new `terminal::model::terminal_model::TerminalModel` consider using one of the following associated functions:
      terminal::model::terminal_model::TerminalModel::new_for_test
      terminal::model::terminal_model::TerminalModel::new_internal
      terminal::model::terminal_model::TerminalModel::new
      terminal::model::test_utils::<impl terminal::model::terminal_model::TerminalModel>::mock
    --> app/src/terminal/model/terminal_model.rs:896:5
     |
 896 | /     pub(crate) fn new_for_test(
 897 | |         sizes: BlockSize,
 898 | |         colors: color::List,
 899 | |         event_proxy: ChannelEventListener,
...    |
 905 | |         session_startup_path: Option<PathBuf>,
 906 | |     ) -> Self {
     | |_____________^
...
 965 | /     fn new_internal(
 966 | |         restored_blocks: Option<&[SerializedBlockListItem]>,
 967 | |         sizes: BlockSize,
 968 | |         colors: color::List,
...    |
 979 | |         shell_state: ShellLaunchState,
 980 | |     ) -> Self {
     | |_____________^
...
1042 | /     pub fn new(
1043 | |         restored_blocks: Option<&[SerializedBlockListItem]>,
1044 | |         sizes: BlockSize,
1045 | |         colors: color::List,
...    |
1056 | |         shell_state: ShellLaunchState,
1057 | |     ) -> Self {
     | |_____________^
     |
    ::: app/src/terminal/model/test_utils.rs:322:5
     |
 322 | /     pub fn mock(
 323 | |         restored_blocks: Option<&[SerializedBlockListItem]>,
 324 | |         event_proxy: Option<ChannelEventListener>,
 325 | |     ) -> TerminalModel {
     | |______________________^

error[E0433]: failed to resolve: use of undeclared type `SharedSessionSource`
   --> app/src/terminal/model/terminal_model_tests.rs:204:37
    |
204 |     model.set_shared_session_source(SharedSessionSource::user(Some(task_id.to_owned())));
    |                                     ^^^^^^^^^^^^^^^^^^^ use of undeclared type `SharedSessionSource`

error[E0433]: failed to resolve: use of undeclared type `SharedSessionSource`
   --> app/src/terminal/model/terminal_model_tests.rs:208:37
    |
208 |     model.set_shared_session_source(SharedSessionSource::ambient_agent(Some(task_id.to_owned())));
    |                                     ^^^^^^^^^^^^^^^^^^^ use of undeclared type `SharedSessionSource`

error[E0433]: failed to resolve: use of undeclared type `ConversationTranscriptViewerStatus`
   --> app/src/terminal/model/terminal_model_tests.rs:214:9
    |
214 |         ConversationTranscriptViewerStatus::ViewingAmbientConversation(
    |         ^^^^^^^^^^^^^^^^^^^^^^^^^^^^^^^^^^ use of undeclared type `ConversationTranscriptViewerStatus`

error[E0560]: struct `terminal::model::block::serialized_block::SerializedBlock` has no field named `ai_metadata`
   --> app/src/terminal/model/terminal_model_tests.rs:530:13
    |
530 |             ai_metadata: None,
    |             ^^^^^^^^^^^ `terminal::model::block::serialized_block::SerializedBlock` does not have this field
    |
    = note: available fields are: `removed_feature_metadata`, `removed_feature_visibility`

error[E0560]: struct `terminal::model::block::serialized_block::SerializedBlock` has no field named `agent_view_visibility`
   --> app/src/terminal/model/terminal_model_tests.rs:532:13
    |
532 |             agent_view_visibility: None,
    |             ^^^^^^^^^^^^^^^^^^^^^ `terminal::model::block::serialized_block::SerializedBlock` does not have this field
    |
    = note: available fields are: `removed_feature_metadata`, `removed_feature_visibility`

error[E0560]: struct `terminal::model::block::serialized_block::SerializedBlock` has no field named `ai_metadata`
   --> app/src/terminal/model/terminal_model_tests.rs:568:13
    |
568 |             ai_metadata: None,
    |             ^^^^^^^^^^^ `terminal::model::block::serialized_block::SerializedBlock` does not have this field
    |
    = note: available fields are: `removed_feature_metadata`, `removed_feature_visibility`

error[E0560]: struct `terminal::model::block::serialized_block::SerializedBlock` has no field named `agent_view_visibility`
   --> app/src/terminal/model/terminal_model_tests.rs:570:13
    |
570 |             agent_view_visibility: None,
    |             ^^^^^^^^^^^^^^^^^^^^^ `terminal::model::block::serialized_block::SerializedBlock` does not have this field
    |
    = note: available fields are: `removed_feature_metadata`, `removed_feature_visibility`

error[E0560]: struct `terminal::model::block::serialized_block::SerializedBlock` has no field named `ai_metadata`
   --> app/src/terminal/model/terminal_model_tests.rs:606:13
    |
606 |             ai_metadata: None,
    |             ^^^^^^^^^^^ `terminal::model::block::serialized_block::SerializedBlock` does not have this field
    |
    = note: available fields are: `removed_feature_metadata`, `removed_feature_visibility`

error[E0560]: struct `terminal::model::block::serialized_block::SerializedBlock` has no field named `agent_view_visibility`
   --> app/src/terminal/model/terminal_model_tests.rs:608:13
    |
608 |             agent_view_visibility: None,
    |             ^^^^^^^^^^^^^^^^^^^^^ `terminal::model::block::serialized_block::SerializedBlock` does not have this field
    |
    = note: available fields are: `removed_feature_metadata`, `removed_feature_visibility`

error[E0560]: struct `terminal::model::block::serialized_block::SerializedBlock` has no field named `ai_metadata`
   --> app/src/terminal/model/terminal_model_tests.rs:640:13
    |
640 |             ai_metadata: None,
    |             ^^^^^^^^^^^ `terminal::model::block::serialized_block::SerializedBlock` does not have this field
    |
    = note: available fields are: `removed_feature_metadata`, `removed_feature_visibility`

error[E0560]: struct `terminal::model::block::serialized_block::SerializedBlock` has no field named `agent_view_visibility`
   --> app/src/terminal/model/terminal_model_tests.rs:642:13
    |
642 |             agent_view_visibility: None,
    |             ^^^^^^^^^^^^^^^^^^^^^ `terminal::model::block::serialized_block::SerializedBlock` does not have this field
    |
    = note: available fields are: `removed_feature_metadata`, `removed_feature_visibility`

error[E0599]: no method named `set_ordered_terminal_events_for_shared_session_tx` found for struct `terminal::model::terminal_model::TerminalModel` in the current scope
    --> app/src/terminal/model/terminal_model_tests.rs:1131:14
     |
1131 |     terminal.set_ordered_terminal_events_for_shared_session_tx(ordered_tx);
     |              ^^^^^^^^^^^^^^^^^^^^^^^^^^^^^^^^^^^^^^^^^^^^^^^^^ method not found in `terminal::model::terminal_model::TerminalModel`
     |
    ::: app/src/terminal/model/terminal_model.rs:352:1
     |
 352 | pub struct TerminalModel {
     | ------------------------ method `set_ordered_terminal_events_for_shared_session_tx` not found for this struct

error[E0599]: no method named `set_ordered_terminal_events_for_shared_session_tx` found for struct `terminal::model::terminal_model::TerminalModel` in the current scope
    --> app/src/terminal/model/terminal_model_tests.rs:1369:14
     |
1369 |     terminal.set_ordered_terminal_events_for_shared_session_tx(ordered_tx);
     |              ^^^^^^^^^^^^^^^^^^^^^^^^^^^^^^^^^^^^^^^^^^^^^^^^^ method not found in `terminal::model::terminal_model::TerminalModel`
     |
    ::: app/src/terminal/model/terminal_model.rs:352:1
     |
 352 | pub struct TerminalModel {
     | ------------------------ method `set_ordered_terminal_events_for_shared_session_tx` not found for this struct

error[E0599]: no method named `set_ordered_terminal_events_for_shared_session_tx` found for struct `terminal::model::terminal_model::TerminalModel` in the current scope
    --> app/src/terminal/model/terminal_model_tests.rs:1645:14
     |
1645 |     terminal.set_ordered_terminal_events_for_shared_session_tx(ordered_tx);
     |              ^^^^^^^^^^^^^^^^^^^^^^^^^^^^^^^^^^^^^^^^^^^^^^^^^ method not found in `terminal::model::terminal_model::TerminalModel`
     |
    ::: app/src/terminal/model/terminal_model.rs:352:1
     |
 352 | pub struct TerminalModel {
     | ------------------------ method `set_ordered_terminal_events_for_shared_session_tx` not found for this struct

error[E0599]: no method named `set_shared_session_status` found for struct `terminal::model::terminal_model::TerminalModel` in the current scope
    --> app/src/terminal/model/terminal_model_tests.rs:2151:14
     |
2151 |     terminal.set_shared_session_status(SharedSessionStatus::reader());
     |              ^^^^^^^^^^^^^^^^^^^^^^^^^ method not found in `terminal::model::terminal_model::TerminalModel`
     |
    ::: app/src/terminal/model/terminal_model.rs:352:1
     |
 352 | pub struct TerminalModel {
     | ------------------------ method `set_shared_session_status` not found for this struct

error[E0599]: no method named `set_shared_session_status` found for struct `terminal::model::terminal_model::TerminalModel` in the current scope
    --> app/src/terminal/model/terminal_model_tests.rs:2185:14
     |
2185 |     terminal.set_shared_session_status(SharedSessionStatus::ActiveSharer);
     |              ^^^^^^^^^^^^^^^^^^^^^^^^^ method not found in `terminal::model::terminal_model::TerminalModel`
     |
    ::: app/src/terminal/model/terminal_model.rs:352:1
     |
 352 | pub struct TerminalModel {
     | ------------------------ method `set_shared_session_status` not found for this struct

error[E0599]: no method named `set_shared_session_status` found for struct `terminal::model::terminal_model::TerminalModel` in the current scope
    --> app/src/terminal/model/terminal_model_tests.rs:2221:14
     |
2221 |     terminal.set_shared_session_status(SharedSessionStatus::ActiveSharer);
     |              ^^^^^^^^^^^^^^^^^^^^^^^^^ method not found in `terminal::model::terminal_model::TerminalModel`
     |
    ::: app/src/terminal/model/terminal_model.rs:352:1
     |
 352 | pub struct TerminalModel {
     | ------------------------ method `set_shared_session_status` not found for this struct

error[E0599]: no method named `set_ordered_terminal_events_for_shared_session_tx` found for struct `terminal::model::terminal_model::TerminalModel` in the current scope
    --> app/src/terminal/model/terminal_model_tests.rs:2223:14
     |
2223 |     terminal.set_ordered_terminal_events_for_shared_session_tx(tx);
     |              ^^^^^^^^^^^^^^^^^^^^^^^^^^^^^^^^^^^^^^^^^^^^^^^^^ method not found in `terminal::model::terminal_model::TerminalModel`
     |
    ::: app/src/terminal/model/terminal_model.rs:352:1
     |
 352 | pub struct TerminalModel {
     | ------------------------ method `set_ordered_terminal_events_for_shared_session_tx` not found for this struct

error[E0599]: no method named `set_shared_session_status` found for struct `terminal::model::terminal_model::TerminalModel` in the current scope
    --> app/src/terminal/model/terminal_model_tests.rs:2256:14
     |
2256 |     terminal.set_shared_session_status(SharedSessionStatus::ActiveSharer);
     |              ^^^^^^^^^^^^^^^^^^^^^^^^^ method not found in `terminal::model::terminal_model::TerminalModel`
     |
    ::: app/src/terminal/model/terminal_model.rs:352:1
     |
 352 | pub struct TerminalModel {
     | ------------------------ method `set_shared_session_status` not found for this struct

error[E0599]: no method named `set_ordered_terminal_events_for_shared_session_tx` found for struct `terminal::model::terminal_model::TerminalModel` in the current scope
    --> app/src/terminal/model/terminal_model_tests.rs:2258:14
     |
2258 |     terminal.set_ordered_terminal_events_for_shared_session_tx(tx);
     |              ^^^^^^^^^^^^^^^^^^^^^^^^^^^^^^^^^^^^^^^^^^^^^^^^^ method not found in `terminal::model::terminal_model::TerminalModel`
     |
    ::: app/src/terminal/model/terminal_model.rs:352:1
     |
 352 | pub struct TerminalModel {
     | ------------------------ method `set_ordered_terminal_events_for_shared_session_tx` not found for this struct

error[E0599]: no method named `set_shared_session_status` found for struct `terminal::model::terminal_model::TerminalModel` in the current scope
    --> app/src/terminal/model/terminal_model_tests.rs:2308:14
     |
2308 |     terminal.set_shared_session_status(SharedSessionStatus::ActiveSharer);
     |              ^^^^^^^^^^^^^^^^^^^^^^^^^ method not found in `terminal::model::terminal_model::TerminalModel`
     |
    ::: app/src/terminal/model/terminal_model.rs:352:1
     |
 352 | pub struct TerminalModel {
     | ------------------------ method `set_shared_session_status` not found for this struct

error[E0599]: no method named `set_ordered_terminal_events_for_shared_session_tx` found for struct `terminal::model::terminal_model::TerminalModel` in the current scope
    --> app/src/terminal/model/terminal_model_tests.rs:2310:14
     |
2310 |     terminal.set_ordered_terminal_events_for_shared_session_tx(tx);
     |              ^^^^^^^^^^^^^^^^^^^^^^^^^^^^^^^^^^^^^^^^^^^^^^^^^ method not found in `terminal::model::terminal_model::TerminalModel`
     |
    ::: app/src/terminal/model/terminal_model.rs:352:1
     |
 352 | pub struct TerminalModel {
     | ------------------------ method `set_ordered_terminal_events_for_shared_session_tx` not found for this struct

error[E0599]: no method named `send_cloud_mode_setup_phase_ended_for_shared_session` found for struct `terminal::model::terminal_model::TerminalModel` in the current scope
    --> app/src/terminal/model/terminal_model_tests.rs:2312:14
     |
2312 |     terminal.send_cloud_mode_setup_phase_ended_for_shared_session();
     |              ^^^^^^^^^^^^^^^^^^^^^^^^^^^^^^^^^^^^^^^^^^^^^^^^^^^^ method not found in `terminal::model::terminal_model::TerminalModel`
     |
    ::: app/src/terminal/model/terminal_model.rs:352:1
     |
 352 | pub struct TerminalModel {
     | ------------------------ method `send_cloud_mode_setup_phase_ended_for_shared_session` not found for this struct

error[E0599]: no method named `set_ordered_terminal_events_for_shared_session_tx` found for struct `terminal::model::terminal_model::TerminalModel` in the current scope
    --> app/src/terminal/model/terminal_model_tests.rs:2329:14
     |
2329 |     terminal.set_ordered_terminal_events_for_shared_session_tx(tx);
     |              ^^^^^^^^^^^^^^^^^^^^^^^^^^^^^^^^^^^^^^^^^^^^^^^^^ method not found in `terminal::model::terminal_model::TerminalModel`
     |
    ::: app/src/terminal/model/terminal_model.rs:352:1
     |
 352 | pub struct TerminalModel {
     | ------------------------ method `set_ordered_terminal_events_for_shared_session_tx` not found for this struct

error[E0599]: no method named `send_cloud_mode_setup_phase_ended_for_shared_session` found for struct `terminal::model::terminal_model::TerminalModel` in the current scope
    --> app/src/terminal/model/terminal_model_tests.rs:2331:14
     |
2331 |     terminal.send_cloud_mode_setup_phase_ended_for_shared_session();
     |              ^^^^^^^^^^^^^^^^^^^^^^^^^^^^^^^^^^^^^^^^^^^^^^^^^^^^ method not found in `terminal::model::terminal_model::TerminalModel`
     |
    ::: app/src/terminal/model/terminal_model.rs:352:1
     |
 352 | pub struct TerminalModel {
     | ------------------------ method `send_cloud_mode_setup_phase_ended_for_shared_session` not found for this struct

error[E0223]: ambiguous associated type
 --> app/src/workflows/categories_tests.rs:9:49
  |
9 |     let workflow = Arc::new(WorkflowType::Local(Workflow::Command {
  |                                                 ^^^^^^^^^^^^^^^^^
  |
help: if there were a trait named `Example` with associated type `Command` implemented for `workflows::model::Workflow`, you could use the fully-qualified path
  |
9 -     let workflow = Arc::new(WorkflowType::Local(Workflow::Command {
9 +     let workflow = Arc::new(WorkflowType::Local(<workflows::model::Workflow as Example>::Command {
  |

error[E0223]: ambiguous associated type
 --> app/src/workflows/command_parser_tests.rs:9:37
  |
9 |     static ref WORKFLOW: Workflow = Workflow::Command {
  |                                     ^^^^^^^^^^^^^^^^^
  |
help: if there were a trait named `Example` with associated type `Command` implemented for `workflows::model::Workflow`, you could use the fully-qualified path
  |
9 -     static ref WORKFLOW: Workflow = Workflow::Command {
9 +     static ref WORKFLOW: Workflow = <workflows::model::Workflow as Example>::Command {
  |

error[E0223]: ambiguous associated type
  --> app/src/workflows/command_parser_tests.rs:41:71
   |
41 |     static ref WORKFLOW_MULTIPLE_INSTANCES_SAME_PARAMETER: Workflow = Workflow::Command {
   |                                                                       ^^^^^^^^^^^^^^^^^
   |
help: if there were a trait named `Example` with associated type `Command` implemented for `workflows::model::Workflow`, you could use the fully-qualified path
   |
41 -     static ref WORKFLOW_MULTIPLE_INSTANCES_SAME_PARAMETER: Workflow = Workflow::Command {
41 +     static ref WORKFLOW_MULTIPLE_INSTANCES_SAME_PARAMETER: Workflow = <workflows::model::Workflow as Example>::Command {
   |

error[E0223]: ambiguous associated type
  --> app/src/workflows/command_parser_tests.rs:62:51
   |
62 |     static ref WORKFLOW_NO_PARAMETERS: Workflow = Workflow::Command {
   |                                                   ^^^^^^^^^^^^^^^^^
   |
help: if there were a trait named `Example` with associated type `Command` implemented for `workflows::model::Workflow`, you could use the fully-qualified path
   |
62 -     static ref WORKFLOW_NO_PARAMETERS: Workflow = Workflow::Command {
62 +     static ref WORKFLOW_NO_PARAMETERS: Workflow = <workflows::model::Workflow as Example>::Command {
   |

error[E0223]: ambiguous associated type
  --> app/src/workflows/command_parser_tests.rs:78:50
   |
78 |     static ref WORKFLOW_WITH_ESCAPES: Workflow = Workflow::Command {
   |                                                  ^^^^^^^^^^^^^^^^^
   |
help: if there were a trait named `Example` with associated type `Command` implemented for `workflows::model::Workflow`, you could use the fully-qualified path
   |
78 -     static ref WORKFLOW_WITH_ESCAPES: Workflow = Workflow::Command {
78 +     static ref WORKFLOW_WITH_ESCAPES: Workflow = <workflows::model::Workflow as Example>::Command {
   |

error[E0223]: ambiguous associated type
   --> app/src/workflows/command_parser_tests.rs:109:65
    |
109 |     static ref WORKFLOW_WITH_DUPLICATES_AND_ESCAPES: Workflow = Workflow::Command {
    |                                                                 ^^^^^^^^^^^^^^^^^
    |
help: if there were a trait named `Example` with associated type `Command` implemented for `workflows::model::Workflow`, you could use the fully-qualified path
    |
109 -     static ref WORKFLOW_WITH_DUPLICATES_AND_ESCAPES: Workflow = Workflow::Command {
109 +     static ref WORKFLOW_WITH_DUPLICATES_AND_ESCAPES: Workflow = <workflows::model::Workflow as Example>::Command {
    |

error[E0223]: ambiguous associated type
   --> app/src/workflows/command_parser_tests.rs:135:58
    |
135 |     static ref WORKFLOW_WITH_MULTIBYTE_CHARS: Workflow = Workflow::Command {
    |                                                          ^^^^^^^^^^^^^^^^^
    |
help: if there were a trait named `Example` with associated type `Command` implemented for `workflows::model::Workflow`, you could use the fully-qualified path
    |
135 -     static ref WORKFLOW_WITH_MULTIBYTE_CHARS: Workflow = Workflow::Command {
135 +     static ref WORKFLOW_WITH_MULTIBYTE_CHARS: Workflow = <workflows::model::Workflow as Example>::Command {
    |

error[E0599]: no variant or associated item named `NotificationsMailbox` found for enum `workspace::header_toolbar_item::HeaderToolbarItemKind` in the current scope
   --> app/src/workspace/tab_settings_tests.rs:102:44
    |
102 |         right: vec![HeaderToolbarItemKind::NotificationsMailbox],
    |                                            ^^^^^^^^^^^^^^^^^^^^ variant or associated item not found in `workspace::header_toolbar_item::HeaderToolbarItemKind`
    |
   ::: app/src/workspace/header_toolbar_item.rs:26:1
    |
 26 | pub enum HeaderToolbarItemKind {
    | ------------------------------ variant or associated item `NotificationsMailbox` not found for this enum

error[E0599]: no variant or associated item named `NotificationsMailbox` found for enum `workspace::header_toolbar_item::HeaderToolbarItemKind` in the current scope
   --> app/src/workspace/tab_settings_tests.rs:107:58
    |
107 |     assert!(config.contains_item(&HeaderToolbarItemKind::NotificationsMailbox));
    |                                                          ^^^^^^^^^^^^^^^^^^^^ variant or associated item not found in `workspace::header_toolbar_item::HeaderToolbarItemKind`
    |
   ::: app/src/workspace/header_toolbar_item.rs:26:1
    |
 26 | pub enum HeaderToolbarItemKind {
    | ------------------------------ variant or associated item `NotificationsMailbox` not found for this enum

error[E0599]: no variant or associated item named `AgentManagement` found for enum `workspace::header_toolbar_item::HeaderToolbarItemKind` in the current scope
   --> app/src/workspace/tab_settings_tests.rs:108:59
    |
108 |     assert!(!config.contains_item(&HeaderToolbarItemKind::AgentManagement));
    |                                                           ^^^^^^^^^^^^^^^ variant or associated item not found in `workspace::header_toolbar_item::HeaderToolbarItemKind`
    |
   ::: app/src/workspace/header_toolbar_item.rs:26:1
    |
 26 | pub enum HeaderToolbarItemKind {
    | ------------------------------ variant or associated item `AgentManagement` not found for this enum

error: unused import: `SingletonEntity`
  --> app/src/code_review/find_model_tests.rs:11:46
   |
11 | use warpui::{App, Element as _, ModelHandle, SingletonEntity, ViewHandle};
   |                                              ^^^^^^^^^^^^^^^

error: unused import: `Setting`
 --> app/src/settings/privacy_tests.rs:2:16
  |
2 | use settings::{Setting, SettingSurfaces, SettingsMode};
  |                ^^^^^^^

error: unused import: `SingletonEntity`
   --> app/src/terminal/mock_terminal_manager.rs:116:32
    |
116 |     use warpui::{App, Element, SingletonEntity};
    |                                ^^^^^^^^^^^^^^^

error[E0433]: failed to resolve: use of undeclared type `ImageContextOptions`
    --> app/src/editor/view/mod_tests.rs:4322:44
     |
4322 |             editor.image_context_options = ImageContextOptions::Enabled {
     |                                            ^^^^^^^^^^^^^^^^^^^ use of undeclared type `ImageContextOptions`

error[E0433]: failed to resolve: use of undeclared type `ImageContextOptions`
    --> app/src/editor/view/mod_tests.rs:4376:44
     |
4376 |             editor.image_context_options = ImageContextOptions::Enabled {
     |                                            ^^^^^^^^^^^^^^^^^^^ use of undeclared type `ImageContextOptions`

error[E0433]: failed to resolve: use of undeclared type `ImageContextOptions`
    --> app/src/editor/view/mod_tests.rs:4419:44
     |
4419 |             editor.image_context_options = ImageContextOptions::Enabled {
     |                                            ^^^^^^^^^^^^^^^^^^^ use of undeclared type `ImageContextOptions`

error[E0433]: failed to resolve: use of undeclared type `ImageContextOptions`
    --> app/src/editor/view/mod_tests.rs:4463:44
     |
4463 |             editor.image_context_options = ImageContextOptions::Enabled {
     |                                            ^^^^^^^^^^^^^^^^^^^ use of undeclared type `ImageContextOptions`

error[E0433]: failed to resolve: use of undeclared type `OrderedTerminalEventType`
    --> app/src/terminal/model/terminal_model_tests.rs:2319:9
     |
2319 |         OrderedTerminalEventType::CloudModeSetupPhaseEnded
     |         ^^^^^^^^^^^^^^^^^^^^^^^^ use of undeclared type `OrderedTerminalEventType`

error[E0433]: failed to resolve: use of undeclared type `OrderedTerminalEventType`
    --> app/src/terminal/model/terminal_model_tests.rs:2299:9
     |
2299 |     let OrderedTerminalEventType::PtyBytesRead { bytes } = &events[3] else {
     |         ^^^^^^^^^^^^^^^^^^^^^^^^ use of undeclared type `OrderedTerminalEventType`

error[E0433]: failed to resolve: use of undeclared type `SerializedAgentViewVisibility`
    --> app/src/terminal/model/block_tests.rs:1677:9
     |
1677 |         SerializedAgentViewVisibility::Agent {
     |         ^^^^^^^^^^^^^^^^^^^^^^^^^^^^^ use of undeclared type `SerializedAgentViewVisibility`

error[E0433]: failed to resolve: use of undeclared type `AgentViewVisibility`
    --> app/src/terminal/model/blocks_tests.rs:1818:9
     |
1818 |         AgentViewVisibility::Agent {
     |         ^^^^^^^^^^^^^^^^^^^ use of undeclared type `AgentViewVisibility`

error[E0433]: failed to resolve: use of undeclared type `AgentViewVisibility`
    --> app/src/terminal/model/blocks_tests.rs:1842:9
     |
1842 |         AgentViewVisibility::Agent {
     |         ^^^^^^^^^^^^^^^^^^^ use of undeclared type `AgentViewVisibility`

error[E0433]: failed to resolve: use of undeclared type `OrderedTerminalEventType`
    --> app/src/terminal/model/terminal_model_tests.rs:2294:9
     |
2294 |     let OrderedTerminalEventType::PtyBytesRead { bytes } = &events[2] else {
     |         ^^^^^^^^^^^^^^^^^^^^^^^^ use of undeclared type `OrderedTerminalEventType`

error[E0433]: failed to resolve: use of undeclared type `AgentViewVisibility`
    --> app/src/terminal/model/blocks_tests.rs:1883:9
     |
1883 |         AgentViewVisibility::Agent { .. }
     |         ^^^^^^^^^^^^^^^^^^^ use of undeclared type `AgentViewVisibility`

error[E0433]: failed to resolve: use of undeclared type `AgentViewVisibility`
    --> app/src/terminal/model/blocks_tests.rs:1926:13
     |
1926 |             AgentViewVisibility::Terminal {
     |             ^^^^^^^^^^^^^^^^^^^ use of undeclared type `AgentViewVisibility`

error[E0433]: failed to resolve: use of undeclared type `AgentViewVisibility`
    --> app/src/terminal/model/blocks_tests.rs:1933:13
     |
1933 |             AgentViewVisibility::Agent {
     |             ^^^^^^^^^^^^^^^^^^^ use of undeclared type `AgentViewVisibility`

error[E0433]: failed to resolve: use of undeclared type `OrderedTerminalEventType`
    --> app/src/terminal/model/terminal_model_tests.rs:2288:9
     |
2288 |     let OrderedTerminalEventType::PtyBytesRead { bytes } = &events[1] else {
     |         ^^^^^^^^^^^^^^^^^^^^^^^^ use of undeclared type `OrderedTerminalEventType`

error[E0433]: failed to resolve: use of undeclared type `OrderedTerminalEventType`
    --> app/src/terminal/model/terminal_model_tests.rs:2283:9
     |
2283 |     let OrderedTerminalEventType::PtyBytesRead { bytes } = &events[0] else {
     |         ^^^^^^^^^^^^^^^^^^^^^^^^ use of undeclared type `OrderedTerminalEventType`

error[E0433]: failed to resolve: use of undeclared type `OrderedTerminalEventType`
    --> app/src/terminal/model/terminal_model_tests.rs:2243:9
     |
2243 |     let OrderedTerminalEventType::PtyBytesRead { bytes } = &events[2] else {
     |         ^^^^^^^^^^^^^^^^^^^^^^^^ use of undeclared type `OrderedTerminalEventType`

error[E0433]: failed to resolve: use of undeclared type `OrderedTerminalEventType`
    --> app/src/terminal/model/terminal_model_tests.rs:2238:9
     |
2238 |     let OrderedTerminalEventType::PtyBytesRead { bytes } = &events[1] else {
     |         ^^^^^^^^^^^^^^^^^^^^^^^^ use of undeclared type `OrderedTerminalEventType`

error[E0433]: failed to resolve: use of undeclared type `OrderedTerminalEventType`
    --> app/src/terminal/model/terminal_model_tests.rs:1225:12
     |
1225 |         Ok(OrderedTerminalEventType::CommandExecutionFinished { .. })
     |            ^^^^^^^^^^^^^^^^^^^^^^^^ use of undeclared type `OrderedTerminalEventType`

error[E0433]: failed to resolve: use of undeclared type `OrderedTerminalEventType`
    --> app/src/terminal/model/terminal_model_tests.rs:1433:12
     |
1433 |         Ok(OrderedTerminalEventType::CommandExecutionFinished { .. })
     |            ^^^^^^^^^^^^^^^^^^^^^^^^ use of undeclared type `OrderedTerminalEventType`

error[E0433]: failed to resolve: use of undeclared type `OrderedTerminalEventType`
    --> app/src/terminal/model/terminal_model_tests.rs:2233:9
     |
2233 |     let OrderedTerminalEventType::PtyBytesRead { bytes } = &events[0] else {
     |         ^^^^^^^^^^^^^^^^^^^^^^^^ use of undeclared type `OrderedTerminalEventType`

Some errors have detailed explanations: E0061, E0223, E0277, E0282, E0308, E0412, E0422, E0425, E0432...
error: could not compile `warp` (lib test) due to 1240 previous errors
