warning: patch `tink-core v0.3.0 (https://github.com/warpdotdev/tink-rust?rev=54b9ac9af93b0c08b446a7bc0582836c9403a71b#54b9ac9a)` was not used in the crate graph
warning: patch `tink-hybrid v0.3.0 (https://github.com/warpdotdev/tink-rust?rev=54b9ac9af93b0c08b446a7bc0582836c9403a71b#54b9ac9a)` was not used in the crate graph
warning: patch `tink-proto v0.3.0 (https://github.com/warpdotdev/tink-rust?rev=54b9ac9af93b0c08b446a7bc0582836c9403a71b#54b9ac9a)` was not used in the crate graph
help: Check that the patched package version and available features are compatible
      with the dependency requirements. If the patch has a different version from
      what is locked in the Cargo.lock file, run `cargo update` to use the new
      version. This may also occur with an optional dependency that is not enabled.
warning: patch `tink-core v0.3.0 (https://github.com/warpdotdev/tink-rust?rev=54b9ac9af93b0c08b446a7bc0582836c9403a71b#54b9ac9a)` was not used in the crate graph
warning: patch `tink-hybrid v0.3.0 (https://github.com/warpdotdev/tink-rust?rev=54b9ac9af93b0c08b446a7bc0582836c9403a71b#54b9ac9a)` was not used in the crate graph
warning: patch `tink-proto v0.3.0 (https://github.com/warpdotdev/tink-rust?rev=54b9ac9af93b0c08b446a7bc0582836c9403a71b#54b9ac9a)` was not used in the crate graph
help: Check that the patched package version and available features are compatible
      with the dependency requirements. If the patch has a different version from
      what is locked in the Cargo.lock file, run `cargo update` to use the new
      version. This may also occur with an optional dependency that is not enabled.
   Compiling jobserver v0.1.32
   Compiling syn v1.0.109
   Compiling hyper-util v0.1.16
   Compiling rand v0.8.6
   Compiling cc v1.2.56
   Compiling http-range-header v0.4.0
   Compiling tower-http v0.6.8
   Compiling cmake v0.1.58
   Compiling phf_generator v0.11.3
   Compiling time-macros v0.2.27
   Compiling aws-lc-sys v0.39.1
   Compiling phf_codegen v0.11.3
   Compiling string_cache_codegen v0.5.4
   Compiling web_atoms v0.1.3
   Compiling time v0.3.47
   Compiling proc-macro-error v1.0.4
   Compiling markup5ever v0.35.0
   Compiling clang-sys v1.8.1
   Compiling rustix v0.38.44
   Compiling html5ever v0.35.0
   Compiling xml5ever v0.35.0
   Compiling ahash v0.8.11
   Compiling attribute-derive-macro v0.6.1
   Compiling markup5ever_rcdom v0.35.0+unofficial
   Compiling bindgen v0.69.5
   Compiling home v0.5.12
   Compiling attribute-derive v0.6.1
   Compiling which v4.4.2
   Compiling lazycell v1.3.0
   Compiling markdown_parser v0.1.0 (/Users/tedczj/workspace/term4u/crates/markdown_parser)
   Compiling get-size-derive v0.1.3
   Compiling nasm-rs v0.3.2
   Compiling get-size v0.1.4
   Compiling openh264-sys2 v0.8.1
   Compiling ratatui-widgets v0.3.1
   Compiling hashbrown v0.14.1
   Compiling safe_arch v0.7.4
   Compiling wide v0.7.33
   Compiling minimp4-sys v0.1.1
   Compiling dashmap v6.1.0
   Compiling ratatui-macros v0.7.1
   Compiling string-offset v0.0.0 (/Users/tedczj/workspace/term4u/crates/string-offset)
   Compiling warpui_core v0.1.0 (/Users/tedczj/workspace/term4u/crates/warpui_core)
   Compiling ratatui v0.30.1
   Compiling derive_more v0.99.17
   Compiling minimp4 v0.1.2
   Compiling derivative v2.2.0
   Compiling trait-set v0.3.0
   Compiling warp_features v0.0.0 (/Users/tedczj/workspace/term4u/crates/warp_features)
   Compiling getset v0.1.2
   Compiling rand_core v0.9.3
   Compiling rand_chacha v0.9.0
   Compiling assert-json-diff v2.0.2
   Compiling rand v0.9.4
   Compiling warp_core v0.0.0 (/Users/tedczj/workspace/term4u/crates/warp_core)
   Compiling colored v3.0.0
   Compiling mockito v1.7.1
   Compiling sha2 v0.10.9
   Compiling rust-embed-utils v8.7.2
   Compiling rust-embed-impl v8.7.2
   Compiling rust-embed v8.7.2
   Compiling bindgen v0.70.1
   Compiling num-integer v0.1.46
   Compiling num-bigint v0.4.6
   Compiling jaq-json v2.0.0
   Compiling jaq-fmts v0.1.0
   Compiling warpui v0.0.0 (/Users/tedczj/workspace/term4u/crates/warpui)
   Compiling warp_cli v0.0.0 (/Users/tedczj/workspace/term4u/crates/warp_cli)
   Compiling jaq-all v0.1.0
   Compiling zstd-sys v2.0.15+zstd.1.5.7
   Compiling openh264 v0.8.1
   Compiling arborium-javascript v2.13.0
   Compiling rust-embed-utils v7.8.1
   Compiling arborium-css v2.13.0
   Compiling rust-embed-impl v6.8.1
   Compiling arborium-tree-sitter v2.13.0
   Compiling rust-embed v6.8.1
   Compiling arborium-c v2.13.0
   Compiling arborium-html v2.13.0
   Compiling repo_metadata v0.1.0 (/Users/tedczj/workspace/term4u/crates/repo_metadata)
   Compiling zstd-safe v7.2.4
   Compiling warp-command-signatures v0.0.0 (https://github.com/warpdotdev/command-signatures.git?rev=d3725aa42375cc229699c87be2b38f9d9f07080f#d3725aa4)
   Compiling zstd v0.13.3
   Compiling rustix v1.1.2
   Compiling ipynb_parser v0.1.0 (/Users/tedczj/workspace/term4u/crates/ipynb_parser)
   Compiling derive-new v0.5.9
   Compiling arborium-toml v2.13.0
   Compiling arborium-yaml v2.13.0
   Compiling arborium-typescript v2.13.0
   Compiling arborium-scss v2.13.0
   Compiling anstyle-parse v1.0.0
   Compiling arborium-dockerfile v2.13.0
   Compiling arborium-tsx v2.13.0
   Compiling arborium-go v2.13.0
   Compiling arborium-bash v2.13.0
   Compiling arborium-powershell v2.13.0
   Compiling arborium-nix v2.13.0
   Compiling arborium-c-sharp v2.13.0
   Compiling arborium-lua v2.13.0
   Compiling arborium-ruby v2.13.0
   Compiling arborium-objc v2.13.0
   Compiling arborium-hcl v2.13.0
   Compiling arborium-java v2.13.0
   Compiling arborium-xml v2.13.0
   Compiling arborium-markdown v2.13.0
   Compiling arborium-elixir v2.13.0
   Compiling arborium-cpp v2.13.0
   Compiling arborium-kotlin v2.13.0
   Compiling arborium-vue v2.13.0
   Compiling arborium-php v2.13.0
   Compiling arborium-rust v2.13.0
   Compiling arborium-python v2.13.0
   Compiling arborium-scala v2.13.0
   Compiling arborium-json v2.13.0
   Compiling arborium-sql v2.13.0
   Compiling arborium-swift v2.13.0
   Compiling arborium-starlark v2.13.0
   Compiling arborium-jq v2.13.0
   Compiling arborium v2.13.0
   Compiling anstream v1.0.0
   Compiling libsqlite3-sys v0.33.0
   Compiling escape8259 v0.5.3
   Compiling arborium-highlight v2.13.0
   Compiling libtest-mimic v0.8.2
   Compiling polling v3.11.0
   Compiling lzma-sys v0.1.20
   Compiling bzip2-sys v0.1.13+1.0.8
   Compiling diesel_derives v2.3.5
   Compiling async-io v2.6.0
   Compiling channel_versions v0.1.0 (/Users/tedczj/workspace/term4u/crates/channel_versions)
   Compiling axum v0.8.4
   Compiling async-signal v0.2.13
   Compiling aws-lc-rs v1.16.2
   Compiling migrations_internals v2.3.0
   Compiling futures-sink v0.3.31
   Compiling futures-channel v0.3.31
   Compiling tantivy-common v0.11.0
   Compiling rustls v0.23.39
   Compiling rustls-webpki v0.103.13
   Compiling migrations_macros v2.3.0
   Compiling bzip2 v0.5.2
   Compiling async-process v2.5.0
   Compiling xz2 v0.1.7
   Compiling parking_lot_core v0.9.12
   Compiling futures-task v0.3.31
   Compiling parking_lot v0.12.5
   Compiling futures-util v0.3.31
   Compiling diesel v2.3.10
   Compiling zip v2.4.2
   Compiling command v0.1.0 (/Users/tedczj/workspace/term4u/crates/command)
   Compiling num-traits v0.2.19
   Compiling tantivy-stacker v0.7.0
   Compiling warp_util v0.1.0 (/Users/tedczj/workspace/term4u/crates/warp_util)
   Compiling tokio-rustls v0.26.4
   Compiling rustls-platform-verifier v0.6.2
   Compiling tungstenite v0.24.0
   Compiling hyper-rustls v0.27.7
   Compiling reqwest v0.13.3
   Compiling async-tungstenite v0.28.2
   Compiling graphql-ws-client v0.11.1
   Compiling tantivy-sstable v0.7.0
   Compiling websocket v0.1.0 (/Users/tedczj/workspace/term4u/crates/websocket)
   Compiling libz-sys v1.1.25
   Compiling ouroboros_macro v0.18.0
   Compiling warp_errors v0.0.0 (/Users/tedczj/workspace/term4u/crates/warp_errors)
   Compiling sum_tree v0.1.0 (/Users/tedczj/workspace/term4u/crates/sum_tree)
   Compiling aha-reqwest-eventsource v0.1.0
   Compiling local_control v0.0.0 (/Users/tedczj/workspace/term4u/crates/local_control)
   Compiling tantivy-columnar v0.7.0
   Compiling getrandom v0.3.4
   Compiling axum-extra v0.10.1
   Compiling diesel_migrations v2.3.1
   Compiling interaction_types v0.1.0 (/Users/tedczj/workspace/term4u/crates-local/interaction_types)
   Compiling onig_sys v69.9.1
   Compiling prost v0.14.3
   Compiling ai v0.1.0 (/Users/tedczj/workspace/term4u/crates/ai)
   Compiling toml v0.5.11
   Compiling ouroboros v0.18.0
   Compiling find-crate v0.6.3
   Compiling tantivy v0.26.0
   Compiling persistence v0.0.0 (/Users/tedczj/workspace/term4u/crates/persistence)
   Compiling prost-types v0.14.3
   Compiling warpui_extras v0.0.0 (/Users/tedczj/workspace/term4u/crates/warpui_extras)
   Compiling settings v0.0.0 (/Users/tedczj/workspace/term4u/crates/settings)
   Compiling http_client v0.0.0 (/Users/tedczj/workspace/term4u/crates/http_client)
   Compiling asset_cache v0.0.0 (/Users/tedczj/workspace/term4u/crates/asset_cache)
   Compiling watcher v0.1.0 (/Users/tedczj/workspace/term4u/crates/watcher)
   Compiling vim v0.1.0 (/Users/tedczj/workspace/term4u/crates/vim)
   Compiling warp_completer v0.1.0 (/Users/tedczj/workspace/term4u/crates/warp_completer)
   Compiling warp_editor v0.1.0 (/Users/tedczj/workspace/term4u/crates/editor)
   Compiling warp_isolation_platform v0.1.0 (/Users/tedczj/workspace/term4u/crates/isolation_platform)
   Compiling secret_redaction v0.0.0 (/Users/tedczj/workspace/term4u/crates/secret_redaction)
   Compiling warp_assets v0.0.0 (/Users/tedczj/workspace/term4u/crates/warp_assets)
   Compiling simple_logger v0.1.0 (/Users/tedczj/workspace/term4u/crates/simple_logger)
   Compiling jsonrpc v0.1.0 (/Users/tedczj/workspace/term4u/crates/jsonrpc)
   Compiling tempfile v3.23.0
   Compiling counter v0.5.7
   Compiling languages v0.0.0 (/Users/tedczj/workspace/term4u/crates/languages)
   Compiling libgit2-sys v0.18.3+1.9.2
   Compiling syntax_tree v0.1.0 (/Users/tedczj/workspace/term4u/crates/syntax_tree)
   Compiling uneval v0.2.3 (https://github.com/warpdotdev/uneval?rev=df4d9fad372aedc447e6f93ca0f930fabaf9dd1a#df4d9fad)
   Compiling memmap v0.7.0
   Compiling prost-build v0.14.3
   Compiling warp-workflows v0.1.0 (https://github.com/warpdotdev/workflows?rev=793a98ddda6ef19682aed66364faebd2829f0e01#793a98dd)
   Compiling warp_terminal v0.0.0 (/Users/tedczj/workspace/term4u/crates/warp_terminal)
   Compiling cynic-codegen v3.8.0
   Compiling lsp v0.1.0 (/Users/tedczj/workspace/term4u/crates/lsp)
   Compiling input_classifier v0.0.0 (/Users/tedczj/workspace/term4u/crates/input_classifier)
   Compiling warp_ripgrep v0.1.0 (/Users/tedczj/workspace/term4u/crates/warp_ripgrep)
   Compiling build_cache v0.1.0 (/Users/tedczj/workspace/term4u/crates/build_cache)
   Compiling ui_components v0.0.0 (/Users/tedczj/workspace/term4u/crates/ui_components)
   Compiling palette_derive v0.6.1
   Compiling serial_test_derive v0.8.0
   Compiling plist v1.5.1
   Compiling serial_test v0.8.0
   Compiling palette v0.6.1
   Compiling onig v6.5.1
   Compiling cynic-proc-macros v3.8.0
   Compiling warp v0.1.0 (/Users/tedczj/workspace/term4u/app)
   Compiling warp_search_core v0.1.0 (/Users/tedczj/workspace/term4u/crates/warp_search_core)
   Compiling warp_logging v0.0.0 (/Users/tedczj/workspace/term4u/crates/warp_logging)
   Compiling warp_files v0.1.0 (/Users/tedczj/workspace/term4u/crates/warp_files)
   Compiling http_server v0.0.0 (/Users/tedczj/workspace/term4u/crates/http_server)
   Compiling ipc v0.1.0 (/Users/tedczj/workspace/term4u/crates/ipc)
   Compiling app-installation-detection v0.1.0 (/Users/tedczj/workspace/term4u/crates/app-installation-detection)
   Compiling asset_macro v0.1.0 (/Users/tedczj/workspace/term4u/crates/asset_macro)
   Compiling bytecount v0.6.9
   Compiling syntect v5.2.0
   Compiling cynic v3.8.0
   Compiling kmeans_colors v0.5.0
   Compiling lasso v0.7.3
   Compiling variant_count v1.1.0
   Compiling wasm-bindgen-shared v0.2.117
   Compiling simplelog v0.12.2
   Compiling virtual-fs v0.1.0 (/Users/tedczj/workspace/term4u/crates/virtual_fs)
   Compiling ctor v0.1.26
   Compiling rquickjs-sys v0.3.1
   Compiling wasm-bindgen-macro-support v0.2.117
   Compiling wasm-bindgen v0.2.117
   Compiling wasm-bindgen-macro v0.2.117
   Compiling num-rational v0.4.2
   Compiling num-iter v0.1.45
   Compiling num-complex v0.4.6
   Compiling borrow-or-share v0.2.4
   Compiling predicates-core v1.0.6
   Compiling mockall_derive v0.13.1
   Compiling integration v0.1.0 (/Users/tedczj/workspace/term4u/crates/integration)
   Compiling bit-vec v0.8.0
   Compiling bit-set v0.8.0
   Compiling fluent-uri v0.4.1
   Compiling num v0.4.3
   Compiling plotters-backend v0.3.5
   Compiling termtree v0.4.1
   Compiling whoami v1.5.2
   Compiling vsimd v0.8.0
   Compiling outref v0.5.2
   Compiling uuid-simd v0.8.0
   Compiling predicates-tree v1.0.9
   Compiling plotters-svg v0.3.5
   Compiling js-sys v0.3.94
   Compiling fraction v0.15.3
   Compiling referencing v0.45.1
   Compiling rquickjs-core v0.3.1
   Compiling fancy-regex v0.17.0
   Compiling predicates v3.1.3
   Compiling xattr v1.5.1
   Compiling node_runtime v0.1.0 (/Users/tedczj/workspace/term4u/crates/node_runtime)
   Compiling email_address v0.2.9
   Compiling fragile v2.0.0
   Compiling downcast v0.11.0
   Compiling cast v0.3.0
   Compiling num-cmp v0.1.0
   Compiling criterion-plot v0.5.0
   Compiling jsonschema v0.45.1
   Compiling mockall v0.13.1
   Compiling serde-wasm-bindgen v0.6.5
   Compiling tar v0.4.46
   Compiling rquickjs v0.3.1
   Compiling plotters v0.3.5
   Compiling ciborium v0.2.2
   Compiling tinytemplate v1.2.1
   Compiling oorandom v11.1.3
   Compiling anes v0.1.6
   Compiling futures-test-sink v0.1.1
   Compiling criterion v0.5.1
   Compiling warp_js v0.1.0 (/Users/tedczj/workspace/term4u/crates/warp_js)
   Compiling warp_web_event_bus v0.0.0 (/Users/tedczj/workspace/term4u/crates/warp_web_event_bus)
   Compiling git2 v0.20.4
error[E0433]: failed to resolve: could not find `cloud_objects` in `server`
 --> app/src/integration_testing/assertions.rs:7:20
  |
7 | use crate::server::cloud_objects::listener::Listener;
  |                    ^^^^^^^^^^^^^ could not find `cloud_objects` in `server`

error[E0433]: failed to resolve: could not find `cloud_objects` in `server`
 --> app/src/integration_testing/assertions.rs:8:20
  |
8 | use crate::server::cloud_objects::update_manager::UpdateManager;
  |                    ^^^^^^^^^^^^^ could not find `cloud_objects` in `server`

error[E0433]: failed to resolve: could not find `blocklist` in `ai`
 --> app/src/integration_testing/input/step.rs:6:16
  |
6 | use crate::ai::blocklist::agent_view::AgentInputFooterEvent;
  |                ^^^^^^^^^ could not find `blocklist` in `ai`

error[E0432]: unresolved import `crate::server::ids`
 --> app/src/integration_testing/assertions.rs:9:20
  |
9 | use crate::server::ids::ClientId;
  |                    ^^^ could not find `ids` in `server`

error[E0432]: unresolved import `crate::ai::blocklist`
 --> app/src/integration_testing/input/step.rs:7:16
  |
7 | use crate::ai::blocklist::{InputConfig, InputType};
  |                ^^^^^^^^^ could not find `blocklist` in `ai`

error[E0432]: unresolved import `crate::integration_testing::cloud_object`
 --> app/src/integration_testing/notebook/assertion.rs:9:33
  |
9 | use crate::integration_testing::cloud_object::assert_metadata_revision;
  |                                 ^^^^^^^^^^^^ could not find `cloud_object` in `integration_testing`

error[E0433]: failed to resolve: could not find `cloud_objects` in `server`
  --> app/src/integration_testing/notebook/step.rs:14:20
   |
14 | use crate::server::cloud_objects::update_manager::UpdateManager;
   |                    ^^^^^^^^^^^^^ could not find `cloud_objects` in `server`

error[E0432]: unresolved import `crate::server::ids`
  --> app/src/integration_testing/notebook/assertion.rs:15:20
   |
15 | use crate::server::ids::SyncId;
   |                    ^^^ could not find `ids` in `server`

error[E0433]: failed to resolve: could not find `agent` in `ai`
 --> app/src/integration_testing/secret_redaction/assertion.rs:4:16
  |
4 | use crate::ai::agent::redaction::redact_secrets;
  |                ^^^^^ could not find `agent` in `ai`

error[E0433]: failed to resolve: could not find `blocklist` in `ai`
 --> app/src/integration_testing/secret_redaction/assertion.rs:5:16
  |
5 | use crate::ai::blocklist::block::secret_redaction::find_secrets_in_text;
  |                ^^^^^^^^^ could not find `blocklist` in `ai`

error[E0433]: failed to resolve: could not find `execution_profiles` in `ai`
 --> app/src/integration_testing/settings/execution_profiles.rs:5:16
  |
5 | use crate::ai::execution_profiles::profiles::AIExecutionProfilesModel;
  |                ^^^^^^^^^^^^^^^^^^ could not find `execution_profiles` in `ai`

error[E0432]: unresolved import `crate::server::ids`
  --> app/src/integration_testing/notebook/step.rs:15:20
   |
15 | use crate::server::ids::{ClientId, SyncId};
   |                    ^^^ could not find `ids` in `server`

error[E0432]: unresolved import `crate::ai::execution_profiles`
 --> app/src/integration_testing/settings/execution_profiles.rs:6:16
  |
6 | use crate::ai::execution_profiles::{AIExecutionProfile, ActionPermission, ExecutionProfileId};
  |                ^^^^^^^^^^^^^^^^^^ could not find `execution_profiles` in `ai`

error[E0432]: unresolved import `crate::integration_testing::cloud_object`
 --> app/src/integration_testing/workflow/assertion.rs:4:33
  |
4 | use crate::integration_testing::cloud_object::assert_metadata_revision;
  |                                 ^^^^^^^^^^^^ could not find `cloud_object` in `integration_testing`

error[E0433]: failed to resolve: could not find `cloud_objects` in `server`
  --> app/src/integration_testing/workflow/step.rs:10:20
   |
10 | use crate::server::cloud_objects::update_manager::UpdateManager;
   |                    ^^^^^^^^^^^^^ could not find `cloud_objects` in `server`

error[E0432]: unresolved import `crate::server::ids`
 --> app/src/integration_testing/workflow/assertion.rs:6:20
  |
6 | use crate::server::ids::SyncId;
  |                    ^^^ could not find `ids` in `server`

error[E0433]: failed to resolve: could not find `cloud_object` in the crate root
 --> app/src/integration_testing/assertions.rs:4:12
  |
4 | use crate::cloud_object::model::persistence::CloudModel;
  |            ^^^^^^^^^^^^ could not find `cloud_object` in the crate root

error[E0432]: unresolved import `crate::server::ids`
  --> app/src/integration_testing/workflow/step.rs:11:20
   |
11 | use crate::server::ids::{ClientId, SyncId};
   |                    ^^^ could not find `ids` in `server`

error[E0433]: failed to resolve: unresolved import
  --> app/src/integration_testing/assertions.rs:12:12
   |
12 | use crate::workspaces::team::{Team, TeamVisibility};
   |            ^^^^^^^^^^
   |            |
   |            unresolved import
   |            help: a similar path exists: `persistence::schema::workspaces`

error[E0433]: failed to resolve: unresolved import
  --> app/src/integration_testing/assertions.rs:13:12
   |
13 | use crate::workspaces::user_workspaces::UserWorkspaces;
   |            ^^^^^^^^^^
   |            |
   |            unresolved import
   |            help: a similar path exists: `persistence::schema::workspaces`

error[E0433]: failed to resolve: unresolved import
  --> app/src/integration_testing/assertions.rs:14:12
   |
14 | use crate::workspaces::workspace::Workspace;
   |            ^^^^^^^^^^
   |            |
   |            unresolved import
   |            help: a similar path exists: `persistence::schema::workspaces`

error[E0432]: unresolved import `crate::cloud_object`
 --> app/src/integration_testing/assertions.rs:5:12
  |
5 | use crate::cloud_object::{CloudObjectEventEntrypoint, CloudObjectLocation, Space};
  |            ^^^^^^^^^^^^ could not find `cloud_object` in the crate root

error[E0432]: unresolved import `crate::terminal::block_list_viewport`
  --> app/src/integration_testing/block/assertions.rs:11:22
   |
11 | use crate::terminal::block_list_viewport::ViewportState;
   |                      ^^^^^^^^^^^^^^^^^^^ could not find `block_list_viewport` in `terminal`

error[E0432]: unresolved import `crate::terminal::view::BlockVisibilityMode`
  --> app/src/integration_testing/block/assertions.rs:13:5
   |
13 | use crate::terminal::view::BlockVisibilityMode;
   |     ^^^^^^^^^^^^^^^^^^^^^^^^^^^^^^^^^^^^^^^^^^ no `BlockVisibilityMode` in `terminal::view`

error[E0432]: unresolved import `crate::context_chips`
 --> app/src/integration_testing/context_chips/assertions.rs:4:12
  |
4 | use crate::context_chips::ContextChipKind;
  |            ^^^^^^^^^^^^^
  |            |
  |            unresolved import
  |            help: a similar path exists: `integration_testing::context_chips`

error[E0432]: unresolved import `crate::terminal::input::InputSuggestionsMode`
 --> app/src/integration_testing/input/assertions.rs:5:5
  |
5 | use crate::terminal::input::InputSuggestionsMode;
  |     ^^^^^^^^^^^^^^^^^^^^^^^^^^^^^^^^^^^^^^^^^^^^ no `InputSuggestionsMode` in `terminal::input`

error[E0432]: unresolved import `crate::terminal::CLIAgent`
  --> app/src/integration_testing/input/step.rs:14:5
   |
14 | use crate::terminal::CLIAgent;
   |     ^^^^^^^^^^^^^^^^^^^^^^^^^ no `CLIAgent` in `terminal`

error[E0432]: unresolved import `crate::terminal::cli_agent_sessions`
  --> app/src/integration_testing/input/step.rs:15:22
   |
15 | use crate::terminal::cli_agent_sessions::{
   |                      ^^^^^^^^^^^^^^^^^^ could not find `cli_agent_sessions` in `terminal`

error[E0433]: failed to resolve: could not find `cloud_object` in the crate root
 --> app/src/integration_testing/notebook/assertion.rs:7:12
  |
7 | use crate::cloud_object::model::generic_string_model::GenericStringObjectId;
  |            ^^^^^^^^^^^^ could not find `cloud_object` in the crate root

error[E0433]: failed to resolve: could not find `cloud_object` in the crate root
 --> app/src/integration_testing/notebook/assertion.rs:8:12
  |
8 | use crate::cloud_object::model::persistence::CloudModel;
  |            ^^^^^^^^^^^^ could not find `cloud_object` in the crate root

error[E0432]: unresolved import `crate::terminal::input::models`
  --> app/src/integration_testing/input/step.rs:19:29
   |
19 | use crate::terminal::input::models::InlineModelSelectorTab;
   |                             ^^^^^^ could not find `models` in `input`

error[E0432]: unresolved import `crate::notebooks::CloudNotebookModel`
  --> app/src/integration_testing/notebook/assertion.rs:13:24
   |
13 | use crate::notebooks::{CloudNotebookModel, NotebookId};
   |                        ^^^^^^^^^^^^^^^^^^ no `CloudNotebookModel` in `notebooks`

error[E0433]: failed to resolve: could not find `cloud_object` in the crate root
 --> app/src/integration_testing/notebook/step.rs:9:12
  |
9 | use crate::cloud_object::model::persistence::CloudModel;
  |            ^^^^^^^^^^^^ could not find `cloud_object` in the crate root

error[E0432]: unresolved imports `crate::settings::CloudPreferenceModel`, `crate::settings::Preference`
  --> app/src/integration_testing/notebook/assertion.rs:16:23
   |
16 | use crate::settings::{CloudPreferenceModel, Preference};
   |                       ^^^^^^^^^^^^^^^^^^^^  ^^^^^^^^^^ no `Preference` in `settings`
   |                       |
   |                       no `CloudPreferenceModel` in `settings`

error[E0432]: unresolved import `crate::cloud_object`
  --> app/src/integration_testing/notebook/step.rs:10:12
   |
10 | use crate::cloud_object::{CloudObjectEventEntrypoint, Space};
   |            ^^^^^^^^^^^^ could not find `cloud_object` in the crate root

error[E0433]: failed to resolve: unresolved import
  --> app/src/integration_testing/notebook/step.rs:16:12
   |
16 | use crate::workspaces::user_workspaces::UserWorkspaces;
   |            ^^^^^^^^^^
   |            |
   |            unresolved import
   |            help: a similar path exists: `persistence::schema::workspaces`

error[E0432]: unresolved import `crate::drive`
  --> app/src/integration_testing/notebook/step.rs:11:12
   |
11 | use crate::drive::OpenWarpDriveObjectSettings;
   |            ^^^^^ could not find `drive` in the crate root

error[E0432]: unresolved import `crate::terminal::view::WithinBlockBanner`
  --> app/src/integration_testing/subshell/step.rs:17:5
   |
17 | use crate::terminal::view::WithinBlockBanner;
   |     ^^^^^^^^^^^^^^^^^^^^^^^^^^^^^^^^^^^^^^^^ no `WithinBlockBanner` in `terminal::view`

error[E0432]: unresolved import `crate::terminal::block_list_viewport`
  --> app/src/integration_testing/terminal/assertion.rs:16:22
   |
16 | use crate::terminal::block_list_viewport::{InputMode, ScrollPosition};
   |                      ^^^^^^^^^^^^^^^^^^^ could not find `block_list_viewport` in `terminal`

error[E0432]: unresolved import `crate::terminal::view::TerminalViewState`
  --> app/src/integration_testing/terminal/assertion.rs:22:5
   |
22 | use crate::terminal::view::TerminalViewState;
   |     ^^^^^^^^^^^^^^^^^^^^^^^^^^^^^^^^^^^^^^^^ no `TerminalViewState` in `terminal::view`
   |
help: a similar name exists in the module
   |
22 - use crate::terminal::view::TerminalViewState;
22 + use crate::terminal::view::TerminalInputState;
   |
help: consider importing this enum instead
   |
22 - use crate::terminal::view::TerminalViewState;
22 + use crate::pane_group::TerminalViewState;
   |

error[E0433]: failed to resolve: could not find `ai_assistant` in the crate root
  --> app/src/integration_testing/view_getters.rs:11:12
   |
11 | use crate::ai_assistant::panel::AIAssistantPanelView;
   |            ^^^^^^^^^^^^ could not find `ai_assistant` in the crate root

error[E0432]: unresolved import `crate::terminal::input::InputSuggestionsMode`
  --> app/src/integration_testing/terminal/step.rs:30:5
   |
30 | use crate::terminal::input::InputSuggestionsMode;
   |     ^^^^^^^^^^^^^^^^^^^^^^^^^^^^^^^^^^^^^^^^^^^^ no `InputSuggestionsMode` in `terminal::input`

error[E0432]: unresolved import `crate::input_suggestions`
  --> app/src/integration_testing/view_getters.rs:12:12
   |
12 | use crate::input_suggestions::InputSuggestions;
   |            ^^^^^^^^^^^^^^^^^ could not find `input_suggestions` in the crate root

error[E0433]: failed to resolve: could not find `cloud_object` in the crate root
 --> app/src/integration_testing/workflow/step.rs:6:12
  |
6 | use crate::cloud_object::model::persistence::CloudModel;
  |            ^^^^^^^^^^^^ could not find `cloud_object` in the crate root

error[E0432]: unresolved import `crate::workflows::CloudWorkflowModel`
 --> app/src/integration_testing/workflow/assertion.rs:8:24
  |
8 | use crate::workflows::{CloudWorkflowModel, WorkflowId};
  |                        ^^^^^^^^^^^^^^^^^^ no `CloudWorkflowModel` in `workflows`

error[E0432]: unresolved import `crate::cloud_object`
 --> app/src/integration_testing/workflow/step.rs:7:12
  |
7 | use crate::cloud_object::{CloudObjectEventEntrypoint, Space};
  |            ^^^^^^^^^^^^ could not find `cloud_object` in the crate root

error[E0433]: failed to resolve: unresolved import
  --> app/src/integration_testing/workflow/step.rs:15:12
   |
15 | use crate::workspaces::user_workspaces::UserWorkspaces;
   |            ^^^^^^^^^^
   |            |
   |            unresolved import
   |            help: a similar path exists: `persistence::schema::workspaces`

error[E0432]: unresolved import `crate::drive`
 --> app/src/integration_testing/workflow/step.rs:8:12
  |
8 | use crate::drive::OpenWarpDriveObjectSettings;
  |            ^^^^^ could not find `drive` in the crate root

error[E0433]: failed to resolve: could not find `editor` in `notebooks`
  --> app/src/integration_testing/notebook/step.rs:23:35
   |
23 | ) -> ViewHandle<crate::notebooks::editor::view::RichTextEditorView> {
   |                                   ^^^^^^ could not find `editor` in `notebooks`

warning: unused import: `read_skills_from_directories`
  --> app/src/ai/skills/skill_manager.rs:10:70
   |
10 |     SkillWatcher, SkillWatcherEvent, extract_skill_parent_directory, read_skills_from_directories,
   |                                                                      ^^^^^^^^^^^^^^^^^^^^^^^^^^^^
   |
   = note: `#[warn(unused_imports)]` (part of `#[warn(unused)]`) on by default

warning: unused import: `telemetry_event::CodeReviewTelemetryEvent`
  --> app/src/code_review/mod.rs:17:9
   |
17 | pub use telemetry_event::CodeReviewTelemetryEvent;
   |         ^^^^^^^^^^^^^^^^^^^^^^^^^^^^^^^^^^^^^^^^^

warning: unused import: `is_figma_png::is_figma_png`
 --> app/src/editor/view/figma_utils/mod.rs:3:9
  |
3 | pub use is_figma_png::is_figma_png;
  |         ^^^^^^^^^^^^^^^^^^^^^^^^^^

warning: unexpected `cfg` condition value: `warp_managed_secrets`
   --> app/src/features.rs:324:15
    |
324 |         #[cfg(feature = "warp_managed_secrets")]
    |               ^^^^^^^^^^^^^^^^^^^^^^^^^^^^^^^^
    |
    = note: expected values for `feature` are: `account_first_onboarding`, `active_conversation_requires_interaction`, `agent_cli_launch_modal`, `agent_decides_command_execution`, `agent_harness`, `agent_management_details_view`, `agent_management_popup`, `agent_management_view`, `agent_mode`, `agent_mode_computer_use`, `agent_mode_debug`, `agent_mode_evals`, `agent_mode_pre_plan_xml`, `agent_mode_primary_xml`, `agent_onboarding`, `agent_shared_sessions`, `agent_tips`, `agent_toolbar_editor`, `agent_view`, `agent_view_block_context`, `agent_view_conversation_list_view`, `agent_view_prompt_chip`, `ai_context_menu`, `ai_context_menu_code`, `ai_context_menu_commands`, `ai_resume_button`, `ai_rules`, `alacritty_settings_import`, `allow_ignoring_input_suggestions`, `allow_opening_file_links_using_editor_env`, `am_workflows`, `ambient_agents_command_line`, `ambient_agents_image_upload`, `ambient_agents_rtc`, and `api_key_management` and 262 more
    = help: consider adding `warp_managed_secrets` as a feature in `Cargo.toml`
    = note: see <https://doc.rust-lang.org/nightly/rustc/check-cfg/cargo-specifics.html> for more information about checking conditional configuration
    = note: `#[warn(unexpected_cfgs)]` on by default

warning: unused import: `telemetry::LifecycleTelemetryEvent`
  --> app/src/terminal/model/lifecycle/mod.rs:12:29
   |
12 | pub(in crate::terminal) use telemetry::LifecycleTelemetryEvent;
   |                             ^^^^^^^^^^^^^^^^^^^^^^^^^^^^^^^^^^

warning: unused macro definition: `assert_eventually`
 --> app/src/test_util/mod.rs:8:14
  |
8 | macro_rules! assert_eventually {
  |              ^^^^^^^^^^^^^^^^^
  |
  = note: `#[warn(unused_macros)]` (part of `#[warn(unused)]`) on by default

error[E0061]: this method takes 0 arguments but 1 argument was supplied
   --> app/src/integration_testing/notebook/assertion.rs:146:61
    |
146 |         .filter(move |view| view.read(app, |view, ctx| view.notebook_id(ctx)) == Some(id))
    |                                                             ^^^^^^^^^^^ --- unexpected argument of type `&warpui_core::AppContext`
    |
note: method defined here
   --> app/src/notebooks/notebook.rs:159:12
    |
159 |     pub fn notebook_id(&self) -> Option<NotebookId> {
    |            ^^^^^^^^^^^
help: remove the extra argument
    |
146 -         .filter(move |view| view.read(app, |view, ctx| view.notebook_id(ctx)) == Some(id))
146 +         .filter(move |view| view.read(app, |view, ctx| view.notebook_id()) == Some(id))
    |

error[E0599]: no method named `input_type` found for reference `&terminal::input::Input` in the current scope
   --> app/src/integration_testing/terminal/step.rs:231:47
    |
231 |                 .read(ctx, |input, ctx| input.input_type(ctx).is_ai())
    |                                               ^^^^^^^^^^ method not found in `&terminal::input::Input`

error[E0599]: no method named `set_input_mode_terminal` found for mutable reference `&mut terminal::input::Input` in the current scope
   --> app/src/integration_testing/terminal/step.rs:237:27
    |
237 |                     input.set_input_mode_terminal(false, ctx);
    |                           ^^^^^^^^^^^^^^^^^^^^^^^ method not found in `&mut terminal::input::Input`

error[E0599]: no method named `set_input_mode_agent` found for mutable reference `&mut terminal::input::Input` in the current scope
   --> app/src/integration_testing/terminal/step.rs:261:27
    |
261 |                     input.set_input_mode_agent(false, ctx);
    |                           ^^^^^^^^^^^^^^^^^^^^ method not found in `&mut terminal::input::Input`

error[E0282]: type annotations needed
  --> app/src/integration_testing/assertions.rs:48:54
   |
48 |             UserWorkspaces::handle(app).update(app, |user_workspaces, ctx| {
   |                                                      ^^^^^^^^^^^^^^^
...
84 |                 user_workspaces.update_workspaces(workspaces, ctx);
   |                 --------------- type must be known at this point
   |
help: consider giving this closure parameter an explicit type
   |
48 |             UserWorkspaces::handle(app).update(app, |user_workspaces: /* Type */, ctx| {
   |                                                                     ++++++++++++

error[E0282]: type annotations needed
  --> app/src/integration_testing/assertions.rs:89:52
   |
89 |             UserWorkspaces::handle(app).read(app, |user_workspaces, _| {
   |                                                    ^^^^^^^^^^^^^^^
90 |                 async_assert!(user_workspaces.has_teams(), "user is on a team")
   |                               --------------- type must be known at this point
   |
help: consider giving this closure parameter an explicit type
   |
89 |             UserWorkspaces::handle(app).read(app, |user_workspaces: /* Type */, _| {
   |                                                                   ++++++++++++

error[E0282]: type annotations needed
  --> app/src/integration_testing/assertions.rs:94:52
   |
94 |             UserWorkspaces::handle(app).read(app, |user_workspaces, _| {
   |                                                    ^^^^^^^^^^^^^^^
95 |                 async_assert!(user_workspaces.has_workspaces(), "user is on a workspace")
   |                               --------------- type must be known at this point
   |
help: consider giving this closure parameter an explicit type
   |
94 |             UserWorkspaces::handle(app).read(app, |user_workspaces: /* Type */, _| {
   |                                                                   ++++++++++++

error[E0282]: type annotations needed
   --> app/src/integration_testing/assertions.rs:103:53
    |
103 |             UpdateManager::handle(app).update(app, |update_manager, ctx| {
    |                                                     ^^^^^^^^^^^^^^
104 |                 update_manager.create_workflow(
    |                 -------------- type must be known at this point
    |
help: consider giving this closure parameter an explicit type
    |
103 |             UpdateManager::handle(app).update(app, |update_manager: /* Type */, ctx| {
    |                                                                   ++++++++++++

error[E0282]: type annotations needed
   --> app/src/integration_testing/assertions.rs:118:48
    |
118 |             CloudModel::handle(app).read(app, |cloud_model, ctx| {
    |                                                ^^^^^^^^^^^
119 |                 async_assert!(
120 |                     cloud_model
    |                     ----------- type must be known at this point
    |
help: consider giving this closure parameter an explicit type
    |
118 |             CloudModel::handle(app).read(app, |cloud_model: /* Type */, ctx| {
    |                                                           ++++++++++++

error[E0282]: type annotations needed
   --> app/src/integration_testing/assertions.rs:154:46
    |
154 |             Listener::handle(app).read(app, |listener, _| {
    |                                              ^^^^^^^^
155 |                 async_assert!(
156 |                     listener.has_current_subscription_abort_handle(),
    |                     -------- type must be known at this point
    |
help: consider giving this closure parameter an explicit type
    |
154 |             Listener::handle(app).read(app, |listener: /* Type */, _| {
    |                                                      ++++++++++++

error[E0282]: type annotations needed
   --> app/src/integration_testing/assertions.rs:168:46
    |
168 |             Listener::handle(app).read(app, |listener, _| {
    |                                              ^^^^^^^^
169 |                 async_assert!(
170 |                     !listener.has_current_subscription_abort_handle(),
    |                      -------- type must be known at this point
    |
help: consider giving this closure parameter an explicit type
    |
168 |             Listener::handle(app).read(app, |listener: /* Type */, _| {
    |                                                      ++++++++++++

error[E0599]: no method named `terminal_position_id` found for reference `&TerminalView` in the current scope
  --> app/src/integration_testing/block/assertions.rs:69:67
   |
69 |             .element_position_by_id_at_last_frame(window_id, view.terminal_position_id())
   |                                                                   ^^^^^^^^^^^^^^^^^^^^ method not found in `&TerminalView`

error[E0599]: no method named `viewport_state` found for reference `&TerminalView` in the current scope
   --> app/src/integration_testing/block/assertions.rs:121:33
    |
121 |             let viewport = view.viewport_state(model.block_list(), input_mode, ctx);
    |                                 ^^^^^^^^^^^^^^ method not found in `&TerminalView`

error[E0599]: no method named `viewport_state` found for reference `&TerminalView` in the current scope
   --> app/src/integration_testing/block/assertions.rs:146:33
    |
146 |             let viewport = view.viewport_state(model.block_list(), input_mode, ctx);
    |                                 ^^^^^^^^^^^^^^ method not found in `&TerminalView`

error[E0599]: no method named `viewport_state` found for reference `&TerminalView` in the current scope
   --> app/src/integration_testing/block/assertions.rs:171:33
    |
171 |             let viewport = view.viewport_state(model.block_list(), input_mode, ctx);
    |                                 ^^^^^^^^^^^^^^ method not found in `&TerminalView`

error[E0599]: no method named `active_filter_editor_block_index` found for reference `&TerminalView` in the current scope
   --> app/src/integration_testing/block_filtering/step.rs:317:26
    |
317 |                     view.active_filter_editor_block_index(),
    |                          ^^^^^^^^^^^^^^^^^^^^^^^^^^^^^^^^ method not found in `&TerminalView`

error[E0599]: no method named `active_filter_editor_block_index` found for reference `&TerminalView` in the current scope
   --> app/src/integration_testing/block_filtering/step.rs:332:26
    |
332 |                     view.active_filter_editor_block_index(),
    |                          ^^^^^^^^^^^^^^^^^^^^^^^^^^^^^^^^ method not found in `&TerminalView`

error[E0599]: no method named `active_filter_editor_block_index` found for reference `&TerminalView` in the current scope
   --> app/src/integration_testing/block_filtering/step.rs:346:26
    |
346 |                     view.active_filter_editor_block_index(),
    |                          ^^^^^^^^^^^^^^^^^^^^^^^^^^^^^^^^ method not found in `&TerminalView`

error[E0599]: no method named `active_filter_editor_block_index` found for reference `&TerminalView` in the current scope
   --> app/src/integration_testing/block_filtering/step.rs:360:26
    |
360 |                     view.active_filter_editor_block_index(),
    |                          ^^^^^^^^^^^^^^^^^^^^^^^^^^^^^^^^ method not found in `&TerminalView`

error[E0599]: no method named `is_palette_open` found for reference `&workspace::view::Workspace` in the current scope
  --> app/src/integration_testing/command_palette/assertions.rs:13:27
   |
13 |                 workspace.is_palette_open(),
   |                           ^^^^^^^^^^^^^^^ method not found in `&workspace::view::Workspace`

error[E0599]: no method named `is_palette_open` found for reference `&workspace::view::Workspace` in the current scope
  --> app/src/integration_testing/command_palette/assertions.rs:27:28
   |
27 |                 !workspace.is_palette_open(),
   |                            ^^^^^^^^^^^^^^^ method not found in `&workspace::view::Workspace`

error[E0599]: no method named `is_command_search_open` found for reference `&workspace::view::Workspace` in the current scope
  --> app/src/integration_testing/command_search/assertion.rs:11:37
   |
11 |             async_assert!(workspace.is_command_search_open())
   |                                     ^^^^^^^^^^^^^^^^^^^^^^ method not found in `&workspace::view::Workspace`

error[E0599]: no method named `current_prompt` found for reference `&TerminalView` in the current scope
  --> app/src/integration_testing/context_chips/assertions.rs:12:31
   |
12 |             let prompt = view.current_prompt();
   |                               ^^^^^^^^^^^^^^ method not found in `&TerminalView`

error[E0282]: type annotations needed
  --> app/src/integration_testing/context_chips/assertions.rs:13:31
   |
13 |             prompt.read(ctx, |prompt, ctx| {
   |                               ^^^^^^
14 |                 async_assert!(
15 |                     prompt
   |                     ------ type must be known at this point
   |
help: consider giving this closure parameter an explicit type
   |
13 |             prompt.read(ctx, |prompt: /* Type */, ctx| {
   |                                     ++++++++++++

error[E0599]: no method named `is_workflows_info_box_open` found for reference `&terminal::input::Input` in the current scope
  --> app/src/integration_testing/input/assertions.rs:11:33
   |
11 |             async_assert!(input.is_workflows_info_box_open())
   |                                 ^^^^^^^^^^^^^^^^^^^^^^^^^^ method not found in `&terminal::input::Input`

error[E0599]: no method named `suggestions_mode_model` found for reference `&terminal::input::Input` in the current scope
  --> app/src/integration_testing/input/assertions.rs:67:22
   |
67 |                 view.suggestions_mode_model().as_ref(ctx).mode(),
   |                      ^^^^^^^^^^^^^^^^^^^^^^ method not found in `&terminal::input::Input`

error[E0599]: no method named `suggestions_mode_model` found for reference `&terminal::input::Input` in the current scope
  --> app/src/integration_testing/input/assertions.rs:81:26
   |
81 |                     view.suggestions_mode_model().as_ref(ctx).mode(),
   |                          ^^^^^^^^^^^^^^^^^^^^^^ method not found in `&terminal::input::Input`

error[E0599]: no method named `suggestions_mode_model` found for reference `&terminal::input::Input` in the current scope
  --> app/src/integration_testing/input/assertions.rs:86:26
   |
86 |                     view.suggestions_mode_model().as_ref(ctx).mode(),
   |                          ^^^^^^^^^^^^^^^^^^^^^^ method not found in `&terminal::input::Input`

error[E0599]: no method named `latest_buffer_operations` found for reference `&terminal::input::Input` in the current scope
   --> app/src/integration_testing/input/assertions.rs:104:36
    |
104 |                 async_assert!(view.latest_buffer_operations().count() == 0)
    |                                    ^^^^^^^^^^^^^^^^^^^^^^^^ method not found in `&terminal::input::Input`

error[E0599]: no method named `latest_buffer_operations` found for reference `&terminal::input::Input` in the current scope
   --> app/src/integration_testing/input/assertions.rs:106:36
    |
106 |                 async_assert!(view.latest_buffer_operations().count() > 0)
    |                                    ^^^^^^^^^^^^^^^^^^^^^^^^ method not found in `&terminal::input::Input`

error[E0599]: no method named `view_id` found for mutable reference `&mut TerminalView` in the current scope
  --> app/src/integration_testing/input/step.rs:28:36
   |
28 |                 let view_id = view.view_id();
   |                                    ^^^^^^^ private field, not a method

error[E0282]: type annotations needed
  --> app/src/integration_testing/input/step.rs:30:65
   |
30 |                 CLIAgentSessionsModel::handle(ctx).update(ctx, |sessions, ctx| {
   |                                                                 ^^^^^^^^
31 |                     sessions.set_session(
   |                     -------- type must be known at this point
   |
help: consider giving this closure parameter an explicit type
   |
30 |                 CLIAgentSessionsModel::handle(ctx).update(ctx, |sessions: /* Type */, ctx| {
   |                                                                         ++++++++++++

error[E0282]: type annotations needed
  --> app/src/integration_testing/input/step.rs:50:65
   |
50 |                 CLIAgentSessionsModel::handle(ctx).update(ctx, |sessions, ctx| {
   |                                                                 ^^^^^^^^
51 |                     sessions.open_input(
   |                     -------- type must be known at this point
   |
help: consider giving this closure parameter an explicit type
   |
50 |                 CLIAgentSessionsModel::handle(ctx).update(ctx, |sessions: /* Type */, ctx| {
   |                                                                         ++++++++++++

error[E0599]: no variant named `OpenInputContextMenu` found for enum `TerminalAction`
   --> app/src/integration_testing/input/step.rs:126:34
    |
126 |                 &TerminalAction::OpenInputContextMenu {
    |                                  ^^^^^^^^^^^^^^^^^^^^ variant not found in `TerminalAction`
    |
   ::: app/src/terminal/view/action.rs:14:1
    |
 14 | pub enum TerminalAction {
    | ----------------------- variant `OpenInputContextMenu` not found here

error[E0599]: no method named `agent_input_footer` found for reference `&terminal::input::Input` in the current scope
   --> app/src/integration_testing/input/step.rs:140:57
    |
140 |             let footer = input.read(app, |view, _| view.agent_input_footer().clone());
    |                                                         ^^^^^^^^^^^^^^^^^^ method not found in `&terminal::input::Input`

error[E0282]: type annotations needed
   --> app/src/integration_testing/input/step.rs:141:36
    |
141 |             footer.update(app, |_, ctx| {
    |                                    ^^^
142 |                 ctx.emit(AgentInputFooterEvent::ToggleInlineModelSelector {
    |                 --- type must be known at this point
    |
help: consider giving this closure parameter an explicit type
    |
141 |             footer.update(app, |_, ctx: /* Type */| {
    |                                       ++++++++++++

error[E0599]: no method named `is_palette_mode_enabled` found for reference `&workspace::view::Workspace` in the current scope
  --> app/src/integration_testing/navigation_palette/assertion.rs:24:27
   |
24 |                 workspace.is_palette_mode_enabled(PaletteMode::Navigation, ctx),
   |                           ^^^^^^^^^^^^^^^^^^^^^^^ method not found in `&workspace::view::Workspace`

error[E0599]: no method named `is_palette_open` found for reference `&workspace::view::Workspace` in the current scope
  --> app/src/integration_testing/navigation_palette/step.rs:28:27
   |
28 |                     !view.is_palette_open(),
   |                           ^^^^^^^^^^^^^^^ method not found in `&workspace::view::Workspace`

error[E0599]: no method named `content` found for reference `&NotebookView` in the current scope
  --> app/src/integration_testing/notebook/assertion.rs:27:37
   |
27 |             let contents = notebook.content(ctx);
   |                                     ^^^^^^^
   |
   = help: items from traits can only be used if the trait is implemented and in scope
   = note: the following trait defines an item `content`, perhaps you need to implement it:
           candidate #1: `CoreEditorModel`
help: there is a method `focus_contents` with a similar name
   |
27 -             let contents = notebook.content(ctx);
27 +             let contents = notebook.focus_contents(ctx);
   |

error[E0282]: type annotations needed
  --> app/src/integration_testing/notebook/assertion.rs:40:29
   |
40 |                 .read(app, |cloud_model, _| {
   |                             ^^^^^^^^^^^
41 |                     let object = cloud_model
   |                                  ----------- type must be known at this point
   |
help: consider giving this closure parameter an explicit type
   |
40 |                 .read(app, |cloud_model: /* Type */, _| {
   |                                        ++++++++++++

error[E0282]: type annotations needed
  --> app/src/integration_testing/notebook/assertion.rs:43:32
   |
43 |                         .find(|p| p.model().string_model == expected_preference)
   |                                ^  - type must be known at this point
   |
help: consider giving this closure parameter an explicit type
   |
43 |                         .find(|p: /* Type */| p.model().string_model == expected_preference)
   |                                 ++++++++++++

error[E0061]: this method takes 0 arguments but 1 argument was supplied
   --> app/src/integration_testing/notebook/assertion.rs:75:31
    |
 75 |             let id = notebook.notebook_id(ctx);
    |                               ^^^^^^^^^^^ --- unexpected argument of type `&warpui_core::AppContext`
    |
note: method defined here
   --> app/src/notebooks/notebook.rs:159:12
    |
159 |     pub fn notebook_id(&self) -> Option<NotebookId> {
    |            ^^^^^^^^^^^
help: remove the extra argument
    |
 75 -             let id = notebook.notebook_id(ctx);
 75 +             let id = notebook.notebook_id();
    |

error[E0599]: no method named `is_open_in_warp_banner_open` found for reference `&TerminalView` in the current scope
   --> app/src/integration_testing/notebook/assertion.rs:154:22
    |
154 |                 view.is_open_in_warp_banner_open(),
    |                      ^^^^^^^^^^^^^^^^^^^^^^^^^^^ method not found in `&TerminalView`

error[E0599]: no method named `input_editor` found for reference `&NotebookView` in the current scope
   --> app/src/integration_testing/notebook/assertion.rs:168:50
    |
168 |             .read(app, |notebook, _ctx| notebook.input_editor());
    |                                                  ^^^^^^^^^^^^ method not found in `&NotebookView`

error[E0282]: type annotations needed
   --> app/src/integration_testing/notebook/assertion.rs:169:27
    |
169 |         editor.read(app, |editor, ctx| {
    |                           ^^^^^^
170 |             let is_mermaid_diagram = editor
    |                                      ------ type must be known at this point
    |
help: consider giving this closure parameter an explicit type
    |
169 |         editor.read(app, |editor: /* Type */, ctx| {
    |                                 ++++++++++++

error[E0599]: no method named `input_editor` found for reference `&NotebookView` in the current scope
  --> app/src/integration_testing/notebook/step.rs:25:46
   |
25 |         .read(app, |notebook, _ctx| notebook.input_editor())
   |                                              ^^^^^^^^^^^^ method not found in `&NotebookView`

error[E0282]: type annotations needed
  --> app/src/integration_testing/notebook/step.rs:36:53
   |
36 |             UpdateManager::handle(app).update(app, |update_manager, ctx| {
   |                                                     ^^^^^^^^^^^^^^
37 |                 update_manager.create_notebook(
   |                 -------------- type must be known at this point
   |
help: consider giving this closure parameter an explicit type
   |
36 |             UpdateManager::handle(app).update(app, |update_manager: /* Type */, ctx| {
   |                                                                   ++++++++++++

error[E0282]: type annotations needed
  --> app/src/integration_testing/notebook/step.rs:56:48
   |
56 |             CloudModel::handle(app).read(app, |cloud_model, ctx| {
   |                                                ^^^^^^^^^^^
57 |                 async_assert!(
58 |                     cloud_model
   |                     ----------- type must be known at this point
   |
help: consider giving this closure parameter an explicit type
   |
56 |             CloudModel::handle(app).read(app, |cloud_model: /* Type */, ctx| {
   |                                                           ++++++++++++

error[E0061]: this method takes 3 arguments but 4 arguments were supplied
   --> app/src/integration_testing/notebook/step.rs:80:23
    |
 80 |             workspace.open_notebook(
    |                       ^^^^^^^^^^^^^
 81 |                 &NotebookSource::Existing(*notebook_id),
 82 |                 &OpenWarpDriveObjectSettings::default(),
    |                 --------------------------------------- unexpected argument #2
    |
note: method defined here
   --> app/src/workspace/view.rs:568:12
    |
568 |     pub fn open_notebook(
    |            ^^^^^^^^^^^^^
help: remove the extra argument
    |
 81 -                 &NotebookSource::Existing(*notebook_id),
 82 -                 &OpenWarpDriveObjectSettings::default(),
 81 +                 &NotebookSource::Existing(*notebook_id),
    |

error[E0599]: no method named `toggle_mode` found for mutable reference `&mut NotebookView` in the current scope
  --> app/src/integration_testing/notebook/step.rs:99:59
   |
99 |             notebook.update(app, |notebook, ctx| notebook.toggle_mode(ctx));
   |                                                           ^^^^^^^^^^^ method not found in `&mut NotebookView`

error[E0282]: type annotations needed
   --> app/src/integration_testing/notebook/step.rs:101:33
    |
101 |             editor.update(app, |editor, ctx| {
    |                                 ^^^^^^
102 |                 editor.reset_with_markdown(&markdown, ctx);
    |                 ------ type must be known at this point
    |
help: consider giving this closure parameter an explicit type
    |
101 |             editor.update(app, |editor: /* Type */, ctx| {
    |                                       ++++++++++++

error[E0282]: type annotations needed
   --> app/src/integration_testing/notebook/step.rs:115:29
    |
115 |         editor.update(app, |editor, ctx| {
    |                             ^^^^^^
116 |             editor.model().update(ctx, |model, ctx| {
    |             ------ type must be known at this point
    |
help: consider giving this closure parameter an explicit type
    |
115 |         editor.update(app, |editor: /* Type */, ctx| {
    |                                   ++++++++++++

error[E0282]: type annotations needed
   --> app/src/integration_testing/notebook/step.rs:116:41
    |
116 |             editor.model().update(ctx, |model, ctx| {
    |                                         ^^^^^
117 |                 model.cursor_at(CharOffset::from(offset), ctx)
    |                 ----- type must be known at this point
    |
help: consider giving this closure parameter an explicit type
    |
116 |             editor.model().update(ctx, |model: /* Type */, ctx| {
    |                                              ++++++++++++

error[E0599]: no method named `number_of_shared_sessions` found for reference `&PaneGroup` in the current scope
    --> app/src/integration_testing/pane_group/assertions.rs:13:35
     |
  13 |             async_assert_eq!(view.number_of_shared_sessions(ctx), num_shared_sessions)
     |                                   ^^^^^^^^^^^^^^^^^^^^^^^^^
     |
help: there is a method `pane_sessions` with a similar name, but with different arguments
    --> app/src/pane_group/mod.rs:1454:5
     |
1454 | /     pub fn pane_sessions<'a>(
1455 | |         &'a self,
1456 | |         pane_group_id: EntityId,
1457 | |         window_id: WindowId,
1458 | |         app: &'a AppContext,
1459 | |     ) -> impl Iterator<Item = SessionNavigationData> + 'a {
     | |_________________________________________________________^

error[E0599]: no method named `is_secret_tooltip_open` found for reference `&TerminalView` in the current scope
  --> app/src/integration_testing/secret_redaction/assertion.rs:18:35
   |
18 |             async_assert_eq!(view.is_secret_tooltip_open(), open, "{}", error_message)
   |                                   ^^^^^^^^^^^^^^^^^^^^^^ method not found in `&TerminalView`

error[E0282]: type annotations needed
  --> app/src/integration_testing/settings/execution_profiles.rs:52:19
   |
52 |             .map(|profile| snapshot(profile.data()))
   |                   ^^^^^^^           ------- type must be known at this point
   |
help: consider giving this closure parameter an explicit type
   |
52 |             .map(|profile: /* Type */| snapshot(profile.data()))
   |                          ++++++++++++

error[E0282]: type annotations needed
  --> app/src/integration_testing/settings/execution_profiles.rs:67:23
   |
67 |         .update(app, |profiles, ctx| {
   |                       ^^^^^^^^
68 |             let profile_id = profiles
   |                              -------- type must be known at this point
   |
help: consider giving this closure parameter an explicit type
   |
67 |         .update(app, |profiles: /* Type */, ctx| {
   |                               ++++++++++++

error[E0599]: no variant or associated item named `DispatchToSettingsTab` found for enum `WorkspaceAction` in the current scope
  --> app/src/integration_testing/settings/step.rs:34:61
   |
34 |             dispatch_workspace_action(app, WorkspaceAction::DispatchToSettingsTab(action.clone()));
   |                                                             ^^^^^^^^^^^^^^^^^^^^^ variant or associated item not found in `WorkspaceAction`
   |
  ::: app/src/workspace/action.rs:50:1
   |
50 | pub enum WorkspaceAction {
   | ------------------------ variant or associated item `DispatchToSettingsTab` not found for this enum

error[E0599]: no method named `block_banner` found for reference `&terminal::model::block::Block` in the current scope
   --> app/src/integration_testing/subshell/step.rs:104:26
    |
100 | /                     view.model
101 | |                         .lock()
102 | |                         .block_list_mut()
103 | |                         .active_block()
104 | |                         .block_banner(),
    | |                         -^^^^^^^^^^^^ method not found in `&terminal::model::block::Block`
    | |_________________________|
    |

error[E0599]: no method named `terminal_position_id` found for reference `&TerminalView` in the current scope
   --> app/src/integration_testing/terminal/assertion.rs:186:71
    |
186 |                 .element_position_by_id_at_last_frame(window_id, view.terminal_position_id())
    |                                                                       ^^^^^^^^^^^^^^^^^^^^ method not found in `&TerminalView`

error[E0599]: no method named `is_selecting` found for reference `&TerminalView` in the current scope
   --> app/src/integration_testing/terminal/assertion.rs:219:42
    |
219 |             let view_is_selecting = view.is_selecting();
    |                                          ^^^^^^^^^^^^ private field, not a method

error[E0599]: no method named `waterfall_background_position_id` found for reference `&TerminalView` in the current scope
   --> app/src/integration_testing/terminal/assertion.rs:239:26
    |
239 |                     view.waterfall_background_position_id(),
    |                          ^^^^^^^^^^^^^^^^^^^^^^^^^^^^^^^^ method not found in `&TerminalView`

error[E0599]: no method named `is_input_box_visible` found for reference `&TerminalView` in the current scope
   --> app/src/integration_testing/terminal/assertion.rs:371:34
    |
371 |         let input_visible = view.is_input_box_visible(&model, ctx);
    |                                  ^^^^^^^^^^^^^^^^^^^^ method not found in `&TerminalView`

error[E0599]: no method named `selected_blocks_tail_index` found for reference `&TerminalView` in the current scope
   --> app/src/integration_testing/terminal/assertion.rs:401:18
    |
400 |               let selected_block_index = view
    |  ________________________________________-
401 | |                 .selected_blocks_tail_index()
    | |                 -^^^^^^^^^^^^^^^^^^^^^^^^^^ method not found in `&TerminalView`
    | |_________________|
    |

error[E0599]: no method named `selected_blocks_tail_index` found for reference `&TerminalView` in the current scope
   --> app/src/integration_testing/terminal/assertion.rs:434:18
    |
433 |               let selected_block_index = view
    |  ________________________________________-
434 | |                 .selected_blocks_tail_index()
    | |                 -^^^^^^^^^^^^^^^^^^^^^^^^^^ method not found in `&TerminalView`
    | |_________________|
    |

error[E0599]: no method named `is_context_menu_open` found for reference `&TerminalView` in the current scope
   --> app/src/integration_testing/terminal/assertion.rs:576:22
    |
576 |                 view.is_context_menu_open(),
    |                      ^^^^^^^^^^^^^^^^^^^^ method not found in `&TerminalView`

error[E0308]: mismatched types
   --> app/src/integration_testing/terminal/assertion.rs:720:38
    |
720 |                 .get_pane_group_view(tab_index)
    |                  ------------------- ^^^^^^^^^ expected `EntityId`, found `usize`
    |                  |
    |                  arguments to this method are incorrect
    |
note: method defined here
   --> app/src/workspace/view.rs:395:12
    |
395 |     pub fn get_pane_group_view(&self, id: EntityId) -> Option<&ViewHandle<PaneGroup>> {
    |            ^^^^^^^^^^^^^^^^^^^        ------------

error[E0599]: no method named `scroll_position` found for reference `&TerminalView` in the current scope
   --> app/src/integration_testing/terminal/assertion.rs:762:47
    |
762 |             let actual_scroll_position = view.scroll_position();
    |                                               ^^^^^^^^^^^^^^^ method not found in `&TerminalView`

error[E0599]: no method named `suggestions_mode_model` found for reference `&terminal::input::Input` in the current scope
  --> app/src/integration_testing/terminal/step.rs:95:31
   |
95 |                         input.suggestions_mode_model().as_ref(ctx).mode(),
   |                               ^^^^^^^^^^^^^^^^^^^^^^ method not found in `&terminal::input::Input`

error[E0599]: no method named `suggestions_mode_model` found for reference `&terminal::input::Input` in the current scope
  --> app/src/integration_testing/terminal/step.rs:99:35
   |
99 | ...                   input.suggestions_mode_model().as_ref(ctx).mode(),
   |                             ^^^^^^^^^^^^^^^^^^^^^^ method not found in `&terminal::input::Input`

error[E0599]: no method named `hovered_block_index` found for reference `&TerminalView` in the current scope
   --> app/src/integration_testing/terminal/step.rs:455:26
    |
455 |                     view.hovered_block_index(),
    |                          ^^^^^^^^^^^^^^^^^^^ method not found in `&TerminalView`

error[E0599]: no method named `hovered_block_index` found for reference `&TerminalView` in the current scope
   --> app/src/integration_testing/terminal/step.rs:457:26
    |
457 |                     view.hovered_block_index()
    |                          ^^^^^^^^^^^^^^^^^^^ method not found in `&TerminalView`

error[E0599]: no method named `is_theme_chooser_open` found for reference `&workspace::view::Workspace` in the current scope
  --> app/src/integration_testing/themes/step.rs:14:27
   |
14 |                 workspace.is_theme_chooser_open(),
   |                           ^^^^^^^^^^^^^^^^^^^^^ method not found in `&workspace::view::Workspace`

error[E0599]: no method named `input_suggestions` found for reference `&terminal::input::Input` in the current scope
  --> app/src/integration_testing/view_getters.rs:73:37
   |
73 |         .read(app, |input, _| input.input_suggestions().to_owned())
   |                                     ^^^^^^^^^^^^^^^^^ method not found in `&terminal::input::Input`

error[E0308]: mismatched types
   --> app/src/integration_testing/view_getters.rs:201:34
    |
201 |             .get_pane_group_view(tab_index)
    |              ------------------- ^^^^^^^^^ expected `EntityId`, found `usize`
    |              |
    |              arguments to this method are incorrect
    |
note: method defined here
   --> app/src/workspace/view.rs:395:12
    |
395 |     pub fn get_pane_group_view(&self, id: EntityId) -> Option<&ViewHandle<PaneGroup>> {
    |            ^^^^^^^^^^^^^^^^^^^        ------------

error[E0599]: no method named `command_palette_view` found for reference `&workspace::view::Workspace` in the current scope
   --> app/src/integration_testing/view_getters.rs:255:53
    |
255 |     workspace.read(app, |workspace, _ctx| workspace.command_palette_view())
    |                                                     ^^^^^^^^^^^^^^^^^^^^ method not found in `&workspace::view::Workspace`

error[E0599]: no method named `terminal_position_id` found for reference `&terminal::view::TerminalView` in the current scope
  --> app/src/integration_testing/block/assertions.rs:69:67
   |
69 |             .element_position_by_id_at_last_frame(window_id, view.terminal_position_id())
   |                                                                   ^^^^^^^^^^^^^^^^^^^^ method not found in `&terminal::view::TerminalView`

error[E0599]: no method named `is_team_workflow` found for reference `&WorkflowView` in the current scope
   --> app/src/integration_testing/workflow/assertion.rs:50:52
    |
 50 |             .filter(|view| view.read(app, |v, _| v.is_team_workflow()))
    |                                                    ^^^^^^^^^^^^^^^^
    |
help: there is a method `workflow` with a similar name, but with different arguments
   --> app/src/workflows/workflow_view.rs:107:5
    |
107 |     pub fn workflow(&self, app: &AppContext) -> Workflow {
    |     ^^^^^^^^^^^^^^^^^^^^^^^^^^^^^^^^^^^^^^^^^^^^^^^^^^^^

error[E0599]: no method named `viewport_state` found for reference `&terminal::view::TerminalView` in the current scope
   --> app/src/integration_testing/block/assertions.rs:121:33
    |
121 |             let viewport = view.viewport_state(model.block_list(), input_mode, ctx);
    |                                 ^^^^^^^^^^^^^^ method not found in `&terminal::view::TerminalView`

error[E0599]: no method named `is_team_workflow` found for reference `&WorkflowView` in the current scope
   --> app/src/integration_testing/workflow/assertion.rs:70:52
    |
 70 |             .filter(|view| view.read(app, |v, _| v.is_team_workflow()))
    |                                                    ^^^^^^^^^^^^^^^^
    |
help: there is a method `workflow` with a similar name, but with different arguments
   --> app/src/workflows/workflow_view.rs:107:5
    |
107 |     pub fn workflow(&self, app: &AppContext) -> Workflow {
    |     ^^^^^^^^^^^^^^^^^^^^^^^^^^^^^^^^^^^^^^^^^^^^^^^^^^^^

error[E0282]: type annotations needed
  --> app/src/integration_testing/workflow/step.rs:25:53
   |
25 |             UpdateManager::handle(app).update(app, |update_manager, ctx| {
   |                                                     ^^^^^^^^^^^^^^
26 |                 update_manager.create_workflow(
   |                 -------------- type must be known at this point
   |
help: consider giving this closure parameter an explicit type
   |
25 |             UpdateManager::handle(app).update(app, |update_manager: /* Type */, ctx| {
   |                                                                   ++++++++++++

error[E0282]: type annotations needed
  --> app/src/integration_testing/workflow/step.rs:42:48
   |
42 |             CloudModel::handle(app).read(app, |cloud_model, ctx| {
   |                                                ^^^^^^^^^^^
43 |                 async_assert!(
44 |                     cloud_model
   |                     ----------- type must be known at this point
   |
help: consider giving this closure parameter an explicit type
   |
42 |             CloudModel::handle(app).read(app, |cloud_model: /* Type */, ctx| {
   |                                                           ++++++++++++

error[E0533]: expected value, found struct variant `WorkflowOpenSource::Existing`
  --> app/src/integration_testing/workflow/step.rs:70:22
   |
70 |                     &WorkflowOpenSource::Existing(*workflow_id),
   |                      ^^^^^^^^^^^^^^^^^^^^^^^^^^^^ not a value
   |
help: you might have meant to create a new value of the struct
   |
70 -                     &WorkflowOpenSource::Existing(*workflow_id),
70 +                     &WorkflowOpenSource::Existing { id: /* value */, workflow: /* value */ },
   |

error[E0599]: no method named `viewport_state` found for reference `&terminal::view::TerminalView` in the current scope
   --> app/src/integration_testing/block/assertions.rs:146:33
    |
146 |             let viewport = view.viewport_state(model.block_list(), input_mode, ctx);
    |                                 ^^^^^^^^^^^^^^ method not found in `&terminal::view::TerminalView`

error[E0061]: this method takes 3 arguments but 4 arguments were supplied
   --> app/src/integration_testing/workflow/step.rs:69:27
    |
 69 |                 workspace.open_workflow_in_pane(
    |                           ^^^^^^^^^^^^^^^^^^^^^
...
 72 |                     WorkflowViewMode::View,
    |                     ---------------------- unexpected argument #3 of type `WorkflowViewMode`
    |
note: method defined here
   --> app/src/workspace/view.rs:587:12
    |
587 |     pub fn open_workflow_in_pane(
    |            ^^^^^^^^^^^^^^^^^^^^^
help: remove the extra argument
    |
 71 -                     &OpenWarpDriveObjectSettings::default(),
 72 -                     WorkflowViewMode::View,
 71 +                     &OpenWarpDriveObjectSettings::default(),
    |

error[E0599]: no method named `viewport_state` found for reference `&terminal::view::TerminalView` in the current scope
   --> app/src/integration_testing/block/assertions.rs:171:33
    |
171 |             let viewport = view.viewport_state(model.block_list(), input_mode, ctx);
    |                                 ^^^^^^^^^^^^^^ method not found in `&terminal::view::TerminalView`

error[E0599]: no method named `is_native_quit_modal_open` found for reference `&workspace::view::Workspace` in the current scope
  --> app/src/integration_testing/workspace/step.rs:19:43
   |
19 |                     workspace.as_ref(ctx).is_native_quit_modal_open(ctx),
   |                                           ^^^^^^^^^^^^^^^^^^^^^^^^^ method not found in `&workspace::view::Workspace`

error[E0599]: no function or associated item named `press_native_modal_button` found for struct `workspace::view::Workspace` in the current scope
  --> app/src/integration_testing/workspace/step.rs:22:28
   |
22 |                 Workspace::press_native_modal_button(&workspace, button_index, ctx);
   |                            ^^^^^^^^^^^^^^^^^^^^^^^^^ function or associated item not found in `workspace::view::Workspace`
   |
  ::: app/src/workspace/view.rs:53:1
   |
53 | pub struct Workspace {
   | -------------------- function or associated item `press_native_modal_button` not found for this struct
   |
note: if you're trying to build a new `workspace::view::Workspace` consider using one of the following associated functions:
      workspace::view::Workspace::new
      workspace::view::Workspace::new_for_test
  --> app/src/workspace/view.rs:64:5
   |
64 | /     pub fn new(
65 | |         resources: GlobalResourceHandles,
66 | |         source: NewWorkspaceSource,
67 | |         ctx: &mut ViewContext<Self>,
68 | |     ) -> Self {
   | |_____________^
...
95 |       pub fn new_for_test(resources: GlobalResourceHandles, ctx: &mut ViewContext<Self>) -> Self {
   |       ^^^^^^^^^^^^^^^^^^^^^^^^^^^^^^^^^^^^^^^^^^^^^^^^^^^^^^^^^^^^^^^^^^^^^^^^^^^^^^^^^^^^^^^^^^

error[E0599]: no method named `active_filter_editor_block_index` found for reference `&terminal::view::TerminalView` in the current scope
   --> app/src/integration_testing/block_filtering/step.rs:317:26
    |
317 |                     view.active_filter_editor_block_index(),
    |                          ^^^^^^^^^^^^^^^^^^^^^^^^^^^^^^^^ method not found in `&terminal::view::TerminalView`

error[E0599]: no method named `is_native_quit_modal_open` found for reference `&workspace::view::Workspace` in the current scope
  --> app/src/integration_testing/workspace/step.rs:29:32
   |
29 |                     !workspace.is_native_quit_modal_open(ctx),
   |                                ^^^^^^^^^^^^^^^^^^^^^^^^^ method not found in `&workspace::view::Workspace`

error[E0599]: no method named `active_filter_editor_block_index` found for reference `&terminal::view::TerminalView` in the current scope
   --> app/src/integration_testing/block_filtering/step.rs:332:26
    |
332 |                     view.active_filter_editor_block_index(),
    |                          ^^^^^^^^^^^^^^^^^^^^^^^^^^^^^^^^ method not found in `&terminal::view::TerminalView`

error[E0599]: no method named `active_filter_editor_block_index` found for reference `&terminal::view::TerminalView` in the current scope
   --> app/src/integration_testing/block_filtering/step.rs:346:26
    |
346 |                     view.active_filter_editor_block_index(),
    |                          ^^^^^^^^^^^^^^^^^^^^^^^^^^^^^^^^ method not found in `&terminal::view::TerminalView`

error[E0599]: no method named `active_filter_editor_block_index` found for reference `&terminal::view::TerminalView` in the current scope
   --> app/src/integration_testing/block_filtering/step.rs:360:26
    |
360 |                     view.active_filter_editor_block_index(),
    |                          ^^^^^^^^^^^^^^^^^^^^^^^^^^^^^^^^ method not found in `&terminal::view::TerminalView`

error[E0599]: no method named `current_prompt` found for reference `&terminal::view::TerminalView` in the current scope
  --> app/src/integration_testing/context_chips/assertions.rs:12:31
   |
12 |             let prompt = view.current_prompt();
   |                               ^^^^^^^^^^^^^^ method not found in `&terminal::view::TerminalView`

error[E0599]: no method named `view_id` found for mutable reference `&mut terminal::view::TerminalView` in the current scope
  --> app/src/integration_testing/input/step.rs:28:36
   |
28 |                 let view_id = view.view_id();
   |                                    ^^^^^^^ private field, not a method

error[E0599]: no method named `content` found for reference `&NotebookView` in the current scope
  --> app/src/integration_testing/notebook/assertion.rs:27:37
   |
27 |             let contents = notebook.content(ctx);
   |                                     ^^^^^^^
   |
   = help: items from traits can only be used if the trait is implemented and in scope
   = note: the following trait defines an item `content`, perhaps you need to implement it:
           candidate #1: `warp_editor::model::CoreEditorModel`
help: there is a method `focus_contents` with a similar name
   |
27 -             let contents = notebook.content(ctx);
27 +             let contents = notebook.focus_contents(ctx);
   |

error[E0599]: no method named `is_open_in_warp_banner_open` found for reference `&terminal::view::TerminalView` in the current scope
   --> app/src/integration_testing/notebook/assertion.rs:154:22
    |
154 |                 view.is_open_in_warp_banner_open(),
    |                      ^^^^^^^^^^^^^^^^^^^^^^^^^^^ method not found in `&terminal::view::TerminalView`

error[E0599]: no method named `number_of_shared_sessions` found for reference `&pane_group::PaneGroup` in the current scope
    --> app/src/integration_testing/pane_group/assertions.rs:13:35
     |
  13 |             async_assert_eq!(view.number_of_shared_sessions(ctx), num_shared_sessions)
     |                                   ^^^^^^^^^^^^^^^^^^^^^^^^^
     |
help: there is a method `pane_sessions` with a similar name, but with different arguments
    --> app/src/pane_group/mod.rs:1454:5
     |
1454 | /     pub fn pane_sessions<'a>(
1455 | |         &'a self,
1456 | |         pane_group_id: EntityId,
1457 | |         window_id: WindowId,
1458 | |         app: &'a AppContext,
1459 | |     ) -> impl Iterator<Item = SessionNavigationData> + 'a {
     | |_________________________________________________________^

error[E0599]: no method named `is_secret_tooltip_open` found for reference `&terminal::view::TerminalView` in the current scope
  --> app/src/integration_testing/secret_redaction/assertion.rs:18:35
   |
18 |             async_assert_eq!(view.is_secret_tooltip_open(), open, "{}", error_message)
   |                                   ^^^^^^^^^^^^^^^^^^^^^^ method not found in `&terminal::view::TerminalView`

error[E0599]: no method named `terminal_position_id` found for reference `&terminal::view::TerminalView` in the current scope
   --> app/src/integration_testing/terminal/assertion.rs:186:71
    |
186 |                 .element_position_by_id_at_last_frame(window_id, view.terminal_position_id())
    |                                                                       ^^^^^^^^^^^^^^^^^^^^ method not found in `&terminal::view::TerminalView`

error[E0599]: no method named `is_selecting` found for reference `&terminal::view::TerminalView` in the current scope
   --> app/src/integration_testing/terminal/assertion.rs:219:42
    |
219 |             let view_is_selecting = view.is_selecting();
    |                                          ^^^^^^^^^^^^ private field, not a method

error[E0599]: no method named `waterfall_background_position_id` found for reference `&terminal::view::TerminalView` in the current scope
   --> app/src/integration_testing/terminal/assertion.rs:239:26
    |
239 |                     view.waterfall_background_position_id(),
    |                          ^^^^^^^^^^^^^^^^^^^^^^^^^^^^^^^^ method not found in `&terminal::view::TerminalView`

error[E0599]: no method named `is_input_box_visible` found for reference `&terminal::view::TerminalView` in the current scope
   --> app/src/integration_testing/terminal/assertion.rs:371:34
    |
371 |         let input_visible = view.is_input_box_visible(&model, ctx);
    |                                  ^^^^^^^^^^^^^^^^^^^^ method not found in `&terminal::view::TerminalView`

error[E0599]: no method named `selected_blocks_tail_index` found for reference `&terminal::view::TerminalView` in the current scope
   --> app/src/integration_testing/terminal/assertion.rs:401:18
    |
400 |               let selected_block_index = view
    |  ________________________________________-
401 | |                 .selected_blocks_tail_index()
    | |                 -^^^^^^^^^^^^^^^^^^^^^^^^^^ method not found in `&terminal::view::TerminalView`
    | |_________________|
    |

error[E0599]: no method named `selected_blocks_tail_index` found for reference `&terminal::view::TerminalView` in the current scope
   --> app/src/integration_testing/terminal/assertion.rs:434:18
    |
433 |               let selected_block_index = view
    |  ________________________________________-
434 | |                 .selected_blocks_tail_index()
    | |                 -^^^^^^^^^^^^^^^^^^^^^^^^^^ method not found in `&terminal::view::TerminalView`
    | |_________________|
    |

error[E0599]: no method named `is_context_menu_open` found for reference `&terminal::view::TerminalView` in the current scope
   --> app/src/integration_testing/terminal/assertion.rs:576:22
    |
576 |                 view.is_context_menu_open(),
    |                      ^^^^^^^^^^^^^^^^^^^^ method not found in `&terminal::view::TerminalView`

error[E0599]: no method named `scroll_position` found for reference `&terminal::view::TerminalView` in the current scope
   --> app/src/integration_testing/terminal/assertion.rs:762:47
    |
762 |             let actual_scroll_position = view.scroll_position();
    |                                               ^^^^^^^^^^^^^^^ method not found in `&terminal::view::TerminalView`

error[E0599]: no method named `hovered_block_index` found for reference `&terminal::view::TerminalView` in the current scope
   --> app/src/integration_testing/terminal/step.rs:455:26
    |
455 |                     view.hovered_block_index(),
    |                          ^^^^^^^^^^^^^^^^^^^ method not found in `&terminal::view::TerminalView`

error[E0599]: no method named `hovered_block_index` found for reference `&terminal::view::TerminalView` in the current scope
   --> app/src/integration_testing/terminal/step.rs:457:26
    |
457 |                     view.hovered_block_index()
    |                          ^^^^^^^^^^^^^^^^^^^ method not found in `&terminal::view::TerminalView`

warning: unused import: `super::diff_viewer::DiffViewer`
  --> app/src/code/view.rs:33:5
   |
33 | use super::diff_viewer::DiffViewer;
   |     ^^^^^^^^^^^^^^^^^^^^^^^^^^^^^^

warning: unused import: `warp_editor::model::CoreEditorModel`
  --> app/src/code_review/comment_list_view.rs:12:5
   |
12 | use warp_editor::model::CoreEditorModel;
   |     ^^^^^^^^^^^^^^^^^^^^^^^^^^^^^^^^^^^

warning: unused import: `std::str::FromStr`
 --> app/src/persistence/sqlite.rs:3:5
  |
3 | use std::str::FromStr;
  |     ^^^^^^^^^^^^^^^^^

warning: unused import: `SingletonEntity`
 --> app/src/session_management.rs:4:44
  |
4 | use warpui::{AppContext, Entity, EntityId, SingletonEntity, WindowId};
  |                                            ^^^^^^^^^^^^^^^

warning: unused import: `SingletonEntity`
  --> app/src/util/tooltips.rs:10:49
   |
10 | use warpui::{AppContext, Element, EventContext, SingletonEntity};
   |                                                 ^^^^^^^^^^^^^^^

warning: unused import: `warp_editor::model::CoreEditorModel`
  --> app/src/terminal/view.rs:16:5
   |
16 | use warp_editor::model::CoreEditorModel as _;
   |     ^^^^^^^^^^^^^^^^^^^^^^^^^^^^^^^^^^^

warning: unused import: `Setting`
 --> app/src/settings_view/features_page.rs:1:16
  |
1 | use settings::{Setting as _, ToggleableSetting as _};
  |                ^^^^^^^

warning: unused variable: `had_content`
   --> app/src/code/language_server_extension.rs:358:25
    |
358 |                     let had_content = !segments.is_empty();
    |                         ^^^^^^^^^^^ help: if this is intentional, prefix it with an underscore: `_had_content`
    |
    = note: `#[warn(unused_variables)]` (part of `#[warn(unused)]`) on by default

warning: unused variable: `had_diagnostics`
   --> app/src/code/language_server_extension.rs:359:25
    |
359 |                     let had_diagnostics = !diagnostics.is_empty();
    |                         ^^^^^^^^^^^^^^^ help: if this is intentional, prefix it with an underscore: `_had_diagnostics`

warning: unused variable: `server`
   --> app/src/code/language_server_extension.rs:360:33
    |
360 |                     if let Some(server) = me.lsp_server.as_ref() {
    |                                 ^^^^^^ help: if this is intentional, prefix it with an underscore: `_server`

warning: unused variable: `server`
   --> app/src/code/local_code_editor.rs:779:21
    |
779 |         if let Some(server) = &self.lsp_server {
    |                     ^^^^^^ help: if this is intentional, prefix it with an underscore: `_server`

warning: unused variable: `had_result`
    --> app/src/code/local_code_editor.rs:2121:21
     |
2121 |                 let had_result = matches!(&result, Ok(locations) if !locations.is_empty());
     |                     ^^^^^^^^^^ help: if this is intentional, prefix it with an underscore: `_had_result`

warning: unused variable: `server_type`
    --> app/src/code/local_code_editor.rs:2123:29
     |
2123 |                 if let Some(server_type) = server_type_name {
     |                             ^^^^^^^^^^^ help: if this is intentional, prefix it with an underscore: `_server_type`

warning: unused variable: `is_directory`
    --> app/src/code/file_tree/view.rs:2413:13
     |
2413 |         let is_directory = matches!(item, FileTreeItem::DirectoryHeader { .. });
     |             ^^^^^^^^^^^^ help: if this is intentional, prefix it with an underscore: `_is_directory`

warning: unused variable: `st`
    --> app/src/code/footer.rs:1802:33
     |
1802 |                     if let Some(st) = server_type {
     |                                 ^^ help: if this is intentional, prefix it with an underscore: `_st`

warning: unused variable: `server_name`
    --> app/src/code/footer.rs:1828:21
     |
1828 |                 let server_name = self
     |                     ^^^^^^^^^^^ help: if this is intentional, prefix it with an underscore: `_server_name`

warning: unused variable: `app`
    --> app/src/code/view.rs:2050:22
     |
2050 |     fn render(&self, app: &AppContext) -> Box<dyn Element> {
     |                      ^^^ help: if this is intentional, prefix it with an underscore: `_app`

warning: unused variable: `load_duration`
    --> app/src/code_review/code_review_view.rs:2378:9
     |
2378 |         load_duration: Option<Duration>,
     |         ^^^^^^^^^^^^^ help: if this is intentional, prefix it with an underscore: `_load_duration`

warning: unused variable: `is_local`
    --> app/src/code_review/code_review_view.rs:2448:13
     |
2448 |         let is_local = self.repo_is_local();
     |             ^^^^^^^^ help: if this is intentional, prefix it with an underscore: `_is_local`

warning: unused variable: `diff_mode`
    --> app/src/code_review/code_review_view.rs:2449:13
     |
2449 |         let diff_mode = self.diff_state_model.as_ref(ctx).diff_mode(ctx);
     |             ^^^^^^^^^ help: if this is intentional, prefix it with an underscore: `_diff_mode`

warning: unused variable: `is_imported`
    --> app/src/code_review/code_review_view.rs:2698:17
     |
2698 |             let is_imported = model
     |                 ^^^^^^^^^^^ help: if this is intentional, prefix it with an underscore: `_is_imported`

warning: unused variable: `active_count`
    --> app/src/code_review/code_review_view.rs:3520:18
     |
3520 |             let (active_count, outdated_count) = relocated_comments
     |                  ^^^^^^^^^^^^ help: if this is intentional, prefix it with an underscore: `_active_count`

warning: unused variable: `outdated_count`
    --> app/src/code_review/code_review_view.rs:3520:32
     |
3520 |             let (active_count, outdated_count) = relocated_comments
     |                                ^^^^^^^^^^^^^^ help: if this is intentional, prefix it with an underscore: `_outdated_count`

warning: unused variable: `app`
    --> app/src/code_review/code_review_view.rs:3942:9
     |
3942 |         app: &AppContext,
     |         ^^^ help: if this is intentional, prefix it with an underscore: `_app`

warning: variable `has_changes` is assigned to, but never used
    --> app/src/code_review/code_review_view.rs:6090:13
     |
6090 |         let mut has_changes = false;
     |             ^^^^^^^^^^^^^^^
     |
     = note: consider using `_has_changes` instead

warning: value assigned to `has_changes` is never read
    --> app/src/code_review/code_review_view.rs:6092:13
     |
6092 |             has_changes = !loaded.to_diff_stats().has_no_changes();
     |             ^^^^^^^^^^^^^^^^^^^^^^^^^^^^^^^^^^^^^^^^^^^^^^^^^^^^^^
     |
     = help: maybe it is overwritten before being read?
     = note: `#[warn(unused_assignments)]` (part of `#[warn(unused)]`) on by default

warning: unused variable: `state_change`
    --> app/src/code_review/code_review_view.rs:6577:21
     |
6577 |                 let state_change = if is_currently_maximized {
     |                     ^^^^^^^^^^^^ help: if this is intentional, prefix it with an underscore: `_state_change`

warning: unused variable: `branch`
    --> app/src/code_review/diff_state/local.rs:1350:29
     |
1350 |     pub fn create_pr(&self, branch: String, ctx: &mut ModelContext<Self>) {
     |                             ^^^^^^ help: if this is intentional, prefix it with an underscore: `_branch`

warning: unused variable: `load_duration`
    --> app/src/code_review/diff_state/local.rs:1635:21
     |
1635 |                 let load_duration = self
     |                     ^^^^^^^^^^^^^ help: if this is intentional, prefix it with an underscore: `_load_duration`

warning: unused variable: `me`
   --> app/src/code_review/git_dialog/commit.rs:370:5
    |
370 |     me: &GitDialog,
    |     ^^ help: if this is intentional, prefix it with an underscore: `_me`

warning: unused variable: `operation`
   --> app/src/code_review/git_dialog/commit.rs:375:9
    |
375 |     let operation = match intent {
    |         ^^^^^^^^^ help: if this is intentional, prefix it with an underscore: `_operation`

warning: unused variable: `status`
   --> app/src/code_review/git_dialog/commit.rs:380:10
    |
380 |     let (status, error) = match &result {
    |          ^^^^^^ help: if this is intentional, prefix it with an underscore: `_status`

warning: unused variable: `error`
   --> app/src/code_review/git_dialog/commit.rs:380:18
    |
380 |     let (status, error) = match &result {
    |                  ^^^^^ help: if this is intentional, prefix it with an underscore: `_error`

warning: unused variable: `me`
   --> app/src/code_review/git_dialog/pr.rs:131:5
    |
131 |     me: &GitDialog,
    |     ^^ help: if this is intentional, prefix it with an underscore: `_me`

warning: unused variable: `status`
   --> app/src/code_review/git_dialog/pr.rs:135:10
    |
135 |     let (status, error) = match &result {
    |          ^^^^^^ help: if this is intentional, prefix it with an underscore: `_status`

warning: unused variable: `error`
   --> app/src/code_review/git_dialog/pr.rs:135:18
    |
135 |     let (status, error) = match &result {
    |                  ^^^^^ help: if this is intentional, prefix it with an underscore: `_error`

warning: unused variable: `me`
   --> app/src/code_review/git_dialog/push.rs:113:5
    |
113 |     me: &GitDialog,
    |     ^^ help: if this is intentional, prefix it with an underscore: `_me`

warning: unused variable: `status`
   --> app/src/code_review/git_dialog/push.rs:118:10
    |
118 |     let (status, error) = match &result {
    |          ^^^^^^ help: if this is intentional, prefix it with an underscore: `_status`

warning: unused variable: `error`
   --> app/src/code_review/git_dialog/push.rs:118:18
    |
118 |     let (status, error) = match &result {
    |                  ^^^^^ help: if this is intentional, prefix it with an underscore: `_error`

warning: unused variable: `operation`
   --> app/src/code_review/git_dialog/mod.rs:863:25
    |
863 |                     let operation = match &self.mode {
    |                         ^^^^^^^^^ help: if this is intentional, prefix it with an underscore: `_operation`

warning: unused variable: `is_local`
   --> app/src/code_review/git_dialog/mod.rs:883:25
    |
883 |                     let is_local = !self.repo_location.is_remote();
    |                         ^^^^^^^^ help: if this is intentional, prefix it with an underscore: `_is_local`

warning: unused variable: `has_no_changes`
   --> app/src/code_review/code_review_header/mod.rs:118:13
    |
118 |         let has_no_changes = state.to_diff_stats().has_no_changes();
    |             ^^^^^^^^^^^^^^ help: if this is intentional, prefix it with an underscore: `_has_no_changes`

warning: unused variable: `has_no_changes`
   --> app/src/code_review/code_review_header/mod.rs:196:13
    |
196 |         let has_no_changes = state.to_diff_stats().has_no_changes();
    |             ^^^^^^^^^^^^^^ help: if this is intentional, prefix it with an underscore: `_has_no_changes`

warning: unused variable: `memory_breakdown`
   --> app/src/system/info.rs:219:13
    |
219 |         let memory_breakdown = memory_footprint::memory_breakdown();
    |             ^^^^^^^^^^^^^^^^ help: if this is intentional, prefix it with an underscore: `_memory_breakdown`

warning: unused variable: `total_application_usage_bytes`
   --> app/src/system/info.rs:234:13
    |
234 |         let total_application_usage_bytes = rss.as_u64();
    |             ^^^^^^^^^^^^^^^^^^^^^^^^^^^^^ help: if this is intentional, prefix it with an underscore: `_total_application_usage_bytes`

warning: unused variable: `cpu_usage_stats`
   --> app/src/system/info.rs:379:13
    |
379 |         let cpu_usage_stats = Self::compute_cpu_usage_stats(samples);
    |             ^^^^^^^^^^^^^^^ help: if this is intentional, prefix it with an underscore: `_cpu_usage_stats`

warning: unused variable: `memory_usage_stats`
   --> app/src/system/info.rs:380:13
    |
380 |         let memory_usage_stats = Self::compute_memory_usage_stats(total_application_usage, ctx);
    |             ^^^^^^^^^^^^^^^^^^ help: if this is intentional, prefix it with an underscore: `_memory_usage_stats`

warning: unused variable: `app`
  --> app/src/util/tooltips.rs:63:5
   |
63 |     app: &AppContext,
   |     ^^^ help: if this is intentional, prefix it with an underscore: `_app`

warning: unused variable: `app`
   --> app/src/view_components/compactible_action_button.rs:229:5
    |
229 |     app: &AppContext,
    |     ^^^ help: if this is intentional, prefix it with an underscore: `_app`

warning: unused import: `SingletonEntity`
  --> app/src/code_review/find_model_tests.rs:10:46
   |
10 | use warpui::{App, Element as _, ModelHandle, SingletonEntity, ViewHandle};
   |                                              ^^^^^^^^^^^^^^^

warning: unused import: `SingletonEntity`
   --> app/src/terminal/mock_terminal_manager.rs:116:32
    |
116 |     use warpui::{App, Element, SingletonEntity};
    |                                ^^^^^^^^^^^^^^^

warning: unused variable: `ctx`
    --> app/src/editor/view/mod.rs:7307:31
     |
7307 |     fn render_controls(&self, ctx: &AppContext) -> Option<Box<dyn Element>> {
     |                               ^^^ help: if this is intentional, prefix it with an underscore: `_ctx`

warning: unused variable: `ctx`
  --> app/src/pane_group/pane/terminal_pane.rs:69:9
   |
69 |         ctx: &AppContext,
   |         ^^^ help: if this is intentional, prefix it with an underscore: `_ctx`

warning: unused variable: `app`
   --> app/src/pane_group/pane/view/header/mod.rs:376:39
    |
376 |     fn render_toolbelt_buttons(&self, app: &AppContext) -> Box<dyn Element> {
    |                                       ^^^ help: if this is intentional, prefix it with an underscore: `_app`

warning: unused variable: `app`
   --> app/src/search/command_search/view.rs:205:71
    |
205 |                 let source = History::handle(ctx).read(ctx, |history, app| {
    |                                                                       ^^^ help: if this is intentional, prefix it with an underscore: `_app`

warning: unused variable: `buffer_length`
   --> app/src/search/command_search/view.rs:283:13
    |
283 |         let buffer_length = self.search_bar.as_ref(ctx).query(ctx).len();
    |             ^^^^^^^^^^^^^ help: if this is intentional, prefix it with an underscore: `_buffer_length`

warning: unused variable: `buffer_length`
   --> app/src/search/command_search/view.rs:302:21
    |
302 |                 let buffer_length = self.search_bar.as_ref(ctx).query(ctx).len();
    |                     ^^^^^^^^^^^^^ help: if this is intentional, prefix it with an underscore: `_buffer_length`

warning: unused variable: `buffer_len`
   --> app/src/search/command_search/view.rs:313:45
    |
313 |             SearchBarEvent::BufferCleared { buffer_len } => {
    |                                             ^^^^^^^^^^ help: try ignoring the field: `buffer_len: _`

warning: unused variable: `result_index`
   --> app/src/search/command_search/view.rs:390:17
    |
390 |             let result_index = match self.search_bar_state.as_ref(ctx).query_result_renderers() {
    |                 ^^^^^^^^^^^^ help: if this is intentional, prefix it with an underscore: `_result_index`

warning: unused variable: `imported_settings`
   --> app/src/settings/import/view.rs:890:13
    |
890 |         let imported_settings = model.read(ctx, |model, _ctx| {
    |             ^^^^^^^^^^^^^^^^^ help: if this is intentional, prefix it with an underscore: `_imported_settings`

warning: unused variable: `new_val`
   --> app/src/settings_view/appearance_page.rs:659:28
    |
659 |                         Ok(new_val) => {
    |                            ^^^^^^^ help: if this is intentional, prefix it with an underscore: `_new_val`

warning: unused variable: `new_value`
    --> app/src/settings_view/appearance_page.rs:2216:20
     |
2216 |                 Ok(new_value) => {
     |                    ^^^^^^^^^ help: if this is intentional, prefix it with an underscore: `_new_value`

warning: unused variable: `old_mode`
    --> app/src/settings_view/appearance_page.rs:2262:13
     |
2262 |         let old_mode = *InputModeSettings::as_ref(ctx).input_mode.value();
     |             ^^^^^^^^ help: if this is intentional, prefix it with an underscore: `_old_mode`

warning: unused variable: `is_udi_enabled`
    --> app/src/settings_view/appearance_page.rs:2291:17
     |
2291 |             let is_udi_enabled = new_type == InputBoxType::Universal;
     |                 ^^^^^^^^^^^^^^ help: if this is intentional, prefix it with an underscore: `_is_udi_enabled`

warning: unused variable: `previous_value`
    --> app/src/settings_view/appearance_page.rs:2446:13
     |
2446 |         let previous_value = TabSettings::handle(ctx).update(ctx, |tab_settings, ctx| {
     |             ^^^^^^^^^^^^^^ help: if this is intentional, prefix it with an underscore: `_previous_value`

warning: unused variable: `new_value`
    --> app/src/settings_view/appearance_page.rs:2466:14
     |
2466 |         let (new_value, previous_value) =
     |              ^^^^^^^^^ help: if this is intentional, prefix it with an underscore: `_new_value`

warning: unused variable: `previous_value`
    --> app/src/settings_view/appearance_page.rs:2466:25
     |
2466 |         let (new_value, previous_value) =
     |                         ^^^^^^^^^^^^^^ help: if this is intentional, prefix it with an underscore: `_previous_value`

warning: unused variable: `view`
    --> app/src/settings_view/appearance_page.rs:2829:9
     |
2829 |         view: &Self::View,
     |         ^^^^ help: if this is intentional, prefix it with an underscore: `_view`

warning: unused variable: `view`
    --> app/src/settings_view/appearance_page.rs:3272:9
     |
3272 |         view: &Self::View,
     |         ^^^^ help: if this is intentional, prefix it with an underscore: `_view`

warning: unused variable: `view`
    --> app/src/settings_view/appearance_page.rs:3393:9
     |
3393 |         view: &Self::View,
     |         ^^^^ help: if this is intentional, prefix it with an underscore: `_view`

warning: unused variable: `app`
    --> app/src/settings_view/appearance_page.rs:3580:9
     |
3580 |         app: &AppContext,
     |         ^^^ help: if this is intentional, prefix it with an underscore: `_app`

warning: unused variable: `view`
    --> app/src/settings_view/appearance_page.rs:3608:9
     |
3608 |         view: &Self::View,
     |         ^^^^ help: if this is intentional, prefix it with an underscore: `_view`

warning: unused variable: `view`
    --> app/src/settings_view/appearance_page.rs:3646:9
     |
3646 |         view: &Self::View,
     |         ^^^^ help: if this is intentional, prefix it with an underscore: `_view`

warning: unused variable: `view`
    --> app/src/settings_view/appearance_page.rs:3684:9
     |
3684 |         view: &Self::View,
     |         ^^^^ help: if this is intentional, prefix it with an underscore: `_view`

warning: unused variable: `view`
    --> app/src/settings_view/appearance_page.rs:3727:9
     |
3727 |         view: &Self::View,
     |         ^^^^ help: if this is intentional, prefix it with an underscore: `_view`

warning: unused variable: `view`
    --> app/src/settings_view/appearance_page.rs:3771:9
     |
3771 |         view: &Self::View,
     |         ^^^^ help: if this is intentional, prefix it with an underscore: `_view`

warning: unused variable: `app`
    --> app/src/settings_view/appearance_page.rs:3905:9
     |
3905 |         app: &AppContext,
     |         ^^^ help: if this is intentional, prefix it with an underscore: `_app`

warning: unused variable: `app`
    --> app/src/settings_view/appearance_page.rs:4158:9
     |
4158 |         app: &AppContext,
     |         ^^^ help: if this is intentional, prefix it with an underscore: `_app`

warning: unused variable: `app`
    --> app/src/settings_view/appearance_page.rs:4186:9
     |
4186 |         app: &AppContext,
     |         ^^^ help: if this is intentional, prefix it with an underscore: `_app`

warning: unused variable: `view`
    --> app/src/settings_view/appearance_page.rs:4215:9
     |
4215 |         view: &Self::View,
     |         ^^^^ help: if this is intentional, prefix it with an underscore: `_view`

warning: unused variable: `view`
    --> app/src/settings_view/appearance_page.rs:4272:9
     |
4272 |         view: &Self::View,
     |         ^^^^ help: if this is intentional, prefix it with an underscore: `_view`

warning: unused variable: `view`
    --> app/src/settings_view/appearance_page.rs:4340:9
     |
4340 |         view: &Self::View,
     |         ^^^^ help: if this is intentional, prefix it with an underscore: `_view`

warning: unused variable: `app`
    --> app/src/settings_view/appearance_page.rs:4380:9
     |
4380 |         app: &AppContext,
     |         ^^^ help: if this is intentional, prefix it with an underscore: `_app`

warning: unused variable: `view`
    --> app/src/settings_view/appearance_page.rs:4408:9
     |
4408 |         view: &Self::View,
     |         ^^^^ help: if this is intentional, prefix it with an underscore: `_view`

warning: unused variable: `view`
    --> app/src/settings_view/appearance_page.rs:4448:9
     |
4448 |         view: &Self::View,
     |         ^^^^ help: if this is intentional, prefix it with an underscore: `_view`

warning: unused variable: `view`
    --> app/src/settings_view/appearance_page.rs:4488:9
     |
4488 |         view: &Self::View,
     |         ^^^^ help: if this is intentional, prefix it with an underscore: `_view`

warning: unused variable: `view`
    --> app/src/settings_view/appearance_page.rs:4528:9
     |
4528 |         view: &Self::View,
     |         ^^^^ help: if this is intentional, prefix it with an underscore: `_view`

warning: unused variable: `view`
    --> app/src/settings_view/appearance_page.rs:4573:9
     |
4573 |         view: &Self::View,
     |         ^^^^ help: if this is intentional, prefix it with an underscore: `_view`

warning: unused variable: `view`
    --> app/src/settings_view/appearance_page.rs:4618:9
     |
4618 |         view: &Self::View,
     |         ^^^^ help: if this is intentional, prefix it with an underscore: `_view`

warning: unused variable: `app`
    --> app/src/settings_view/appearance_page.rs:4886:9
     |
4886 |         app: &AppContext,
     |         ^^^ help: if this is intentional, prefix it with an underscore: `_app`

warning: unused variable: `new_value`
   --> app/src/settings_view/features/external_editor.rs:231:13
    |
231 |         let new_value = EditorSettings::handle(ctx).update(ctx, |settings, ctx| {
    |             ^^^^^^^^^ help: if this is intentional, prefix it with an underscore: `_new_value`

warning: unused variable: `new_value`
   --> app/src/settings_view/features/external_editor.rs:248:13
    |
248 |         let new_value = EditorSettings::handle(ctx).update(ctx, |settings, ctx| {
    |             ^^^^^^^^^ help: if this is intentional, prefix it with an underscore: `_new_value`

warning: unused variable: `app`
    --> app/src/settings_view/keybindings.rs:1102:9
     |
1102 |         app: &AppContext,
     |         ^^^ help: if this is intentional, prefix it with an underscore: `_app`

warning: unused variable: `app`
   --> app/src/settings_view/scripting_page.rs:156:9
    |
156 |         app: &AppContext,
    |         ^^^ help: if this is intentional, prefix it with an underscore: `_app`

warning: unused variable: `selected_range`
   --> app/src/terminal/alt_screen/alt_screen_element.rs:191:9
    |
191 |         selected_range: &Range<usize>,
    |         ^^^^^^^^^^^^^^ help: if this is intentional, prefix it with an underscore: `_selected_range`

warning: unused variable: `app`
   --> app/src/terminal/alt_screen/alt_screen_element.rs:303:9
    |
303 |         app: &AppContext,
    |         ^^^ help: if this is intentional, prefix it with an underscore: `_app`

warning: unused variable: `ctx`
   --> app/src/terminal/alt_screen/alt_screen_element.rs:906:41
    |
906 |     fn scroll(&mut self, delta: Pixels, ctx: &mut EventContext) {
    |                                         ^^^ help: if this is intentional, prefix it with an underscore: `_ctx`

warning: unused variable: `mode`
  --> app/src/terminal/local_tty/terminal_manager.rs:77:13
   |
77 |         let mode = match mode {
   |             ^^^^ help: if this is intentional, prefix it with an underscore: `_mode`

warning: unused variable: `max_bytes_per_second`
   --> app/src/terminal/local_tty/terminal_manager.rs:362:23
    |
362 |                 move |max_bytes_per_second| {
    |                       ^^^^^^^^^^^^^^^^^^^^ help: if this is intentional, prefix it with an underscore: `_max_bytes_per_second`

warning: unused variable: `auth_state`
   --> app/src/terminal/local_tty/terminal_manager.rs:353:17
    |
353 |             let auth_state = AuthStateProvider::as_ref(ctx).get().clone();
    |                 ^^^^^^^^^^ help: if this is intentional, prefix it with an underscore: `_auth_state`

warning: unused variable: `auth_state`
   --> app/src/terminal/local_tty/terminal_manager.rs:931:5
    |
931 |     auth_state: &AuthState,
    |     ^^^^^^^^^^ help: if this is intentional, prefix it with an underscore: `_auth_state`

warning: unused variable: `unsupported_shell`
   --> app/src/terminal/local_tty/terminal_manager.rs:942:25
    |
942 |             if let Some(unsupported_shell) = unsupported_shell {
    |                         ^^^^^^^^^^^^^^^^^ help: if this is intentional, prefix it with an underscore: `_unsupported_shell`

warning: unused variable: `transcript_scope`
    --> app/src/terminal/model/block.rs:1143:37
     |
1143 |     pub fn should_hide_block(&self, transcript_scope: &TranscriptScope) -> bool {
     |                                     ^^^^^^^^^^^^^^^^ help: if this is intentional, prefix it with an underscore: `_transcript_scope`

warning: unused variable: `app`
   --> app/src/terminal/model/blocks/selection.rs:924:9
    |
924 |         app: &AppContext,
    |         ^^^ help: if this is intentional, prefix it with an underscore: `_app`

warning: unused variable: `warp_attributed_bootstrap_duration_seconds`
   --> app/src/terminal/model/session.rs:296:13
    |
296 |         let warp_attributed_bootstrap_duration_seconds =
    |             ^^^^^^^^^^^^^^^^^^^^^^^^^^^^^^^^^^^^^^^^^^ help: if this is intentional, prefix it with an underscore: `_warp_attributed_bootstrap_duration_seconds`

warning: unused variable: `was_triggered_by_rc_file`
   --> app/src/terminal/model/session.rs:301:13
    |
301 |         let was_triggered_by_rc_file = session
    |             ^^^^^^^^^^^^^^^^^^^^^^^^ help: if this is intentional, prefix it with an underscore: `_was_triggered_by_rc_file`

warning: unused variable: `block_id`
    --> app/src/terminal/model/terminal_model.rs:1832:13
     |
1832 |         let block_id = data.next_block_id.to_string();
     |             ^^^^^^^^ help: if this is intentional, prefix it with an underscore: `_block_id`

warning: unused variable: `record`
   --> app/src/terminal/model_events.rs:230:38
    |
230 |             Event::LifecycleRecovery(record) => {
    |                                      ^^^^^^ help: if this is intentional, prefix it with an underscore: `_record`

Some errors have detailed explanations: E0061, E0282, E0308, E0432, E0433, E0533, E0599.
For more information about an error, try `rustc --explain E0061`.
warning: `warp` (lib) generated 111 warnings
error: could not compile `warp` (lib) due to 134 previous errors; 111 warnings emitted
warning: build failed, waiting for other jobs to finish...
warning: `warp` (lib test) generated 114 warnings (111 duplicates)
error: could not compile `warp` (lib test) due to 134 previous errors; 114 warnings emitted
error: command `/Users/tedczj/.rustup/toolchains/1.92.0-aarch64-apple-darwin/bin/cargo '--color=auto' test --no-run --message-format json-render-diagnostics --workspace --exclude command-signatures-v2` exited with code 101
