warning: patch `tink-core v0.3.0 (https://github.com/warpdotdev/tink-rust?rev=54b9ac9af93b0c08b446a7bc0582836c9403a71b#54b9ac9a)` was not used in the crate graph
warning: patch `tink-hybrid v0.3.0 (https://github.com/warpdotdev/tink-rust?rev=54b9ac9af93b0c08b446a7bc0582836c9403a71b#54b9ac9a)` was not used in the crate graph
warning: patch `tink-proto v0.3.0 (https://github.com/warpdotdev/tink-rust?rev=54b9ac9af93b0c08b446a7bc0582836c9403a71b#54b9ac9a)` was not used in the crate graph
help: Check that the patched package version and available features are compatible
      with the dependency requirements. If the patch has a different version from
      what is locked in the Cargo.lock file, run `cargo update` to use the new
      version. This may also occur with an optional dependency that is not enabled.
    Checking warp v0.1.0 (/Users/tedczj/workspace/term4u/app)
   Compiling command-signatures-v2 v0.1.0 (/Users/tedczj/workspace/term4u/crates/command-signatures-v2)
warning: command-signatures-v2@0.1.0: Failed to build command signatures JS. Proceeding with stale command signatures!
error[E0433]: failed to resolve: could not find `cloud_objects` in `server`
 --> app/src/integration_testing/assertions.rs:7:20
  |
7 | use crate::server::cloud_objects::listener::Listener;
  |                    ^^^^^^^^^^^^^ could not find `cloud_objects` in `server`

error[E0433]: failed to resolve: could not find `cloud_objects` in `server`
 --> app/src/integration_testing/assertions.rs:8:20
  |
8 | use crate::server::cloud_objects::update_manager::UpdateManager;
  |                    ^^^^^^^^^^^^^ could not find `cloud_objects` in `server`

error[E0433]: failed to resolve: could not find `blocklist` in `ai`
 --> app/src/integration_testing/input/step.rs:6:16
  |
6 | use crate::ai::blocklist::agent_view::AgentInputFooterEvent;
  |                ^^^^^^^^^ could not find `blocklist` in `ai`

error[E0432]: unresolved import `crate::server::ids`
 --> app/src/integration_testing/assertions.rs:9:20
  |
9 | use crate::server::ids::ClientId;
  |                    ^^^ could not find `ids` in `server`

error[E0432]: unresolved import `crate::ai::blocklist`
 --> app/src/integration_testing/input/step.rs:7:16
  |
7 | use crate::ai::blocklist::{InputConfig, InputType};
  |                ^^^^^^^^^ could not find `blocklist` in `ai`

error[E0432]: unresolved import `crate::integration_testing::cloud_object`
 --> app/src/integration_testing/notebook/assertion.rs:9:33
  |
9 | use crate::integration_testing::cloud_object::assert_metadata_revision;
  |                                 ^^^^^^^^^^^^ could not find `cloud_object` in `integration_testing`

error[E0433]: failed to resolve: could not find `cloud_objects` in `server`
  --> app/src/integration_testing/notebook/step.rs:14:20
   |
14 | use crate::server::cloud_objects::update_manager::UpdateManager;
   |                    ^^^^^^^^^^^^^ could not find `cloud_objects` in `server`

error[E0432]: unresolved import `crate::server::ids`
  --> app/src/integration_testing/notebook/assertion.rs:15:20
   |
15 | use crate::server::ids::SyncId;
   |                    ^^^ could not find `ids` in `server`

error[E0433]: failed to resolve: could not find `agent` in `ai`
 --> app/src/integration_testing/secret_redaction/assertion.rs:4:16
  |
4 | use crate::ai::agent::redaction::redact_secrets;
  |                ^^^^^ could not find `agent` in `ai`

error[E0433]: failed to resolve: could not find `blocklist` in `ai`
 --> app/src/integration_testing/secret_redaction/assertion.rs:5:16
  |
5 | use crate::ai::blocklist::block::secret_redaction::find_secrets_in_text;
  |                ^^^^^^^^^ could not find `blocklist` in `ai`

error[E0433]: failed to resolve: could not find `execution_profiles` in `ai`
 --> app/src/integration_testing/settings/execution_profiles.rs:5:16
  |
5 | use crate::ai::execution_profiles::profiles::AIExecutionProfilesModel;
  |                ^^^^^^^^^^^^^^^^^^ could not find `execution_profiles` in `ai`

error[E0432]: unresolved import `crate::server::ids`
  --> app/src/integration_testing/notebook/step.rs:15:20
   |
15 | use crate::server::ids::{ClientId, SyncId};
   |                    ^^^ could not find `ids` in `server`

error[E0432]: unresolved import `crate::ai::execution_profiles`
 --> app/src/integration_testing/settings/execution_profiles.rs:6:16
  |
6 | use crate::ai::execution_profiles::{AIExecutionProfile, ActionPermission, ExecutionProfileId};
  |                ^^^^^^^^^^^^^^^^^^ could not find `execution_profiles` in `ai`

error[E0432]: unresolved import `crate::integration_testing::cloud_object`
 --> app/src/integration_testing/workflow/assertion.rs:4:33
  |
4 | use crate::integration_testing::cloud_object::assert_metadata_revision;
  |                                 ^^^^^^^^^^^^ could not find `cloud_object` in `integration_testing`

error[E0433]: failed to resolve: could not find `cloud_objects` in `server`
  --> app/src/integration_testing/workflow/step.rs:10:20
   |
10 | use crate::server::cloud_objects::update_manager::UpdateManager;
   |                    ^^^^^^^^^^^^^ could not find `cloud_objects` in `server`

error[E0432]: unresolved import `crate::server::ids`
 --> app/src/integration_testing/workflow/assertion.rs:6:20
  |
6 | use crate::server::ids::SyncId;
  |                    ^^^ could not find `ids` in `server`

error[E0433]: failed to resolve: could not find `cloud_object` in the crate root
 --> app/src/integration_testing/assertions.rs:4:12
  |
4 | use crate::cloud_object::model::persistence::CloudModel;
  |            ^^^^^^^^^^^^ could not find `cloud_object` in the crate root

error[E0432]: unresolved import `crate::server::ids`
  --> app/src/integration_testing/workflow/step.rs:11:20
   |
11 | use crate::server::ids::{ClientId, SyncId};
   |                    ^^^ could not find `ids` in `server`

error[E0433]: failed to resolve: unresolved import
  --> app/src/integration_testing/assertions.rs:12:12
   |
12 | use crate::workspaces::team::{Team, TeamVisibility};
   |            ^^^^^^^^^^
   |            |
   |            unresolved import
   |            help: a similar path exists: `persistence::schema::workspaces`

error[E0433]: failed to resolve: unresolved import
  --> app/src/integration_testing/assertions.rs:13:12
   |
13 | use crate::workspaces::user_workspaces::UserWorkspaces;
   |            ^^^^^^^^^^
   |            |
   |            unresolved import
   |            help: a similar path exists: `persistence::schema::workspaces`

error[E0433]: failed to resolve: unresolved import
  --> app/src/integration_testing/assertions.rs:14:12
   |
14 | use crate::workspaces::workspace::Workspace;
   |            ^^^^^^^^^^
   |            |
   |            unresolved import
   |            help: a similar path exists: `persistence::schema::workspaces`

error[E0432]: unresolved import `crate::cloud_object`
 --> app/src/integration_testing/assertions.rs:5:12
  |
5 | use crate::cloud_object::{CloudObjectEventEntrypoint, CloudObjectLocation, Space};
  |            ^^^^^^^^^^^^ could not find `cloud_object` in the crate root

error[E0432]: unresolved import `crate::terminal::block_list_viewport`
  --> app/src/integration_testing/block/assertions.rs:11:22
   |
11 | use crate::terminal::block_list_viewport::ViewportState;
   |                      ^^^^^^^^^^^^^^^^^^^ could not find `block_list_viewport` in `terminal`

error[E0432]: unresolved import `crate::terminal::view::BlockVisibilityMode`
  --> app/src/integration_testing/block/assertions.rs:13:5
   |
13 | use crate::terminal::view::BlockVisibilityMode;
   |     ^^^^^^^^^^^^^^^^^^^^^^^^^^^^^^^^^^^^^^^^^^ no `BlockVisibilityMode` in `terminal::view`

error[E0432]: unresolved import `crate::context_chips`
 --> app/src/integration_testing/context_chips/assertions.rs:4:12
  |
4 | use crate::context_chips::ContextChipKind;
  |            ^^^^^^^^^^^^^
  |            |
  |            unresolved import
  |            help: a similar path exists: `integration_testing::context_chips`

error[E0432]: unresolved import `crate::terminal::input::InputSuggestionsMode`
 --> app/src/integration_testing/input/assertions.rs:5:5
  |
5 | use crate::terminal::input::InputSuggestionsMode;
  |     ^^^^^^^^^^^^^^^^^^^^^^^^^^^^^^^^^^^^^^^^^^^^ no `InputSuggestionsMode` in `terminal::input`

error[E0432]: unresolved import `crate::terminal::CLIAgent`
  --> app/src/integration_testing/input/step.rs:14:5
   |
14 | use crate::terminal::CLIAgent;
   |     ^^^^^^^^^^^^^^^^^^^^^^^^^ no `CLIAgent` in `terminal`

error[E0432]: unresolved import `crate::terminal::cli_agent_sessions`
  --> app/src/integration_testing/input/step.rs:15:22
   |
15 | use crate::terminal::cli_agent_sessions::{
   |                      ^^^^^^^^^^^^^^^^^^ could not find `cli_agent_sessions` in `terminal`

error[E0433]: failed to resolve: could not find `cloud_object` in the crate root
 --> app/src/integration_testing/notebook/assertion.rs:7:12
  |
7 | use crate::cloud_object::model::generic_string_model::GenericStringObjectId;
  |            ^^^^^^^^^^^^ could not find `cloud_object` in the crate root

error[E0433]: failed to resolve: could not find `cloud_object` in the crate root
 --> app/src/integration_testing/notebook/assertion.rs:8:12
  |
8 | use crate::cloud_object::model::persistence::CloudModel;
  |            ^^^^^^^^^^^^ could not find `cloud_object` in the crate root

error[E0432]: unresolved import `crate::terminal::input::models`
  --> app/src/integration_testing/input/step.rs:19:29
   |
19 | use crate::terminal::input::models::InlineModelSelectorTab;
   |                             ^^^^^^ could not find `models` in `input`

error[E0432]: unresolved import `crate::notebooks::CloudNotebookModel`
  --> app/src/integration_testing/notebook/assertion.rs:13:24
   |
13 | use crate::notebooks::{CloudNotebookModel, NotebookId};
   |                        ^^^^^^^^^^^^^^^^^^ no `CloudNotebookModel` in `notebooks`

error[E0433]: failed to resolve: could not find `cloud_object` in the crate root
 --> app/src/integration_testing/notebook/step.rs:9:12
  |
9 | use crate::cloud_object::model::persistence::CloudModel;
  |            ^^^^^^^^^^^^ could not find `cloud_object` in the crate root

error[E0432]: unresolved imports `crate::settings::CloudPreferenceModel`, `crate::settings::Preference`
  --> app/src/integration_testing/notebook/assertion.rs:16:23
   |
16 | use crate::settings::{CloudPreferenceModel, Preference};
   |                       ^^^^^^^^^^^^^^^^^^^^  ^^^^^^^^^^ no `Preference` in `settings`
   |                       |
   |                       no `CloudPreferenceModel` in `settings`

error[E0432]: unresolved import `crate::cloud_object`
  --> app/src/integration_testing/notebook/step.rs:10:12
   |
10 | use crate::cloud_object::{CloudObjectEventEntrypoint, Space};
   |            ^^^^^^^^^^^^ could not find `cloud_object` in the crate root

error[E0433]: failed to resolve: unresolved import
  --> app/src/integration_testing/notebook/step.rs:16:12
   |
16 | use crate::workspaces::user_workspaces::UserWorkspaces;
   |            ^^^^^^^^^^
   |            |
   |            unresolved import
   |            help: a similar path exists: `persistence::schema::workspaces`

error[E0432]: unresolved import `crate::drive`
  --> app/src/integration_testing/notebook/step.rs:11:12
   |
11 | use crate::drive::OpenWarpDriveObjectSettings;
   |            ^^^^^ could not find `drive` in the crate root

error[E0432]: unresolved import `crate::terminal::view::WithinBlockBanner`
  --> app/src/integration_testing/subshell/step.rs:17:5
   |
17 | use crate::terminal::view::WithinBlockBanner;
   |     ^^^^^^^^^^^^^^^^^^^^^^^^^^^^^^^^^^^^^^^^ no `WithinBlockBanner` in `terminal::view`

error[E0432]: unresolved import `crate::terminal::block_list_viewport`
  --> app/src/integration_testing/terminal/assertion.rs:16:22
   |
16 | use crate::terminal::block_list_viewport::{InputMode, ScrollPosition};
   |                      ^^^^^^^^^^^^^^^^^^^ could not find `block_list_viewport` in `terminal`

error[E0432]: unresolved import `crate::terminal::view::TerminalViewState`
  --> app/src/integration_testing/terminal/assertion.rs:22:5
   |
22 | use crate::terminal::view::TerminalViewState;
   |     ^^^^^^^^^^^^^^^^^^^^^^^^^^^^^^^^^^^^^^^^ no `TerminalViewState` in `terminal::view`
   |
help: a similar name exists in the module
   |
22 - use crate::terminal::view::TerminalViewState;
22 + use crate::terminal::view::TerminalInputState;
   |
help: consider importing this enum instead
   |
22 - use crate::terminal::view::TerminalViewState;
22 + use crate::pane_group::TerminalViewState;
   |

error[E0433]: failed to resolve: could not find `ai_assistant` in the crate root
  --> app/src/integration_testing/view_getters.rs:11:12
   |
11 | use crate::ai_assistant::panel::AIAssistantPanelView;
   |            ^^^^^^^^^^^^ could not find `ai_assistant` in the crate root

error[E0432]: unresolved import `crate::terminal::input::InputSuggestionsMode`
  --> app/src/integration_testing/terminal/step.rs:30:5
   |
30 | use crate::terminal::input::InputSuggestionsMode;
   |     ^^^^^^^^^^^^^^^^^^^^^^^^^^^^^^^^^^^^^^^^^^^^ no `InputSuggestionsMode` in `terminal::input`

error[E0432]: unresolved import `crate::input_suggestions`
  --> app/src/integration_testing/view_getters.rs:12:12
   |
12 | use crate::input_suggestions::InputSuggestions;
   |            ^^^^^^^^^^^^^^^^^ could not find `input_suggestions` in the crate root

error[E0433]: failed to resolve: could not find `cloud_object` in the crate root
 --> app/src/integration_testing/workflow/step.rs:6:12
  |
6 | use crate::cloud_object::model::persistence::CloudModel;
  |            ^^^^^^^^^^^^ could not find `cloud_object` in the crate root

error[E0432]: unresolved import `crate::workflows::CloudWorkflowModel`
 --> app/src/integration_testing/workflow/assertion.rs:8:24
  |
8 | use crate::workflows::{CloudWorkflowModel, WorkflowId};
  |                        ^^^^^^^^^^^^^^^^^^ no `CloudWorkflowModel` in `workflows`

error[E0432]: unresolved import `crate::cloud_object`
 --> app/src/integration_testing/workflow/step.rs:7:12
  |
7 | use crate::cloud_object::{CloudObjectEventEntrypoint, Space};
  |            ^^^^^^^^^^^^ could not find `cloud_object` in the crate root

error[E0433]: failed to resolve: unresolved import
  --> app/src/integration_testing/workflow/step.rs:15:12
   |
15 | use crate::workspaces::user_workspaces::UserWorkspaces;
   |            ^^^^^^^^^^
   |            |
   |            unresolved import
   |            help: a similar path exists: `persistence::schema::workspaces`

error[E0432]: unresolved import `crate::drive`
 --> app/src/integration_testing/workflow/step.rs:8:12
  |
8 | use crate::drive::OpenWarpDriveObjectSettings;
  |            ^^^^^ could not find `drive` in the crate root

error[E0433]: failed to resolve: could not find `editor` in `notebooks`
  --> app/src/integration_testing/notebook/step.rs:23:35
   |
23 | ) -> ViewHandle<crate::notebooks::editor::view::RichTextEditorView> {
   |                                   ^^^^^^ could not find `editor` in `notebooks`

error: unused import: `read_skills_from_directories`
  --> app/src/ai/skills/skill_manager.rs:10:70
   |
10 |     SkillWatcher, SkillWatcherEvent, extract_skill_parent_directory, read_skills_from_directories,
   |                                                                      ^^^^^^^^^^^^^^^^^^^^^^^^^^^^
   |
   = note: `-D unused-imports` implied by `-D warnings`
   = help: to override `-D warnings` add `#[allow(unused_imports)]`

error: empty lines after doc comment
    --> app/src/code_review/code_review_view.rs:4058:5
     |
4058 | /     /// them to an available terminal.
4059 | |
4060 | |     /// Called by the routing layer (RightPanelView) after attempting to submit review
4061 | |     /// comments to a terminal.
4062 | |
4063 | |     /// TODO(CODE-1649): de-duplicate entries in the diff set.
4064 | |
     | |_^
4065 |       /// Renders additions and deletions counts
4066 |       pub fn render_additions_and_deletions(
     |       ------------------------------------- the comment documents this function
     |
     = help: for further information visit https://rust-lang.github.io/rust-clippy/rust-1.92.0/index.html#empty_line_after_doc_comments
     = note: `-D clippy::empty-line-after-doc-comments` implied by `-D warnings`
     = help: to override `-D warnings` add `#[allow(clippy::empty_line_after_doc_comments)]`
     = help: if the empty lines are unintentional, remove them
help: if the documentation should include the empty lines include them in the comment
     |
4059 +     ///
4060 |     /// Called by the routing layer (RightPanelView) after attempting to submit review
4061 |     /// comments to a terminal.
4062 +     ///
4063 |     /// TODO(CODE-1649): de-duplicate entries in the diff set.
4064 +     ///
     |

error: empty line after doc comment
    --> app/src/code_review/code_review_view.rs:5475:5
     |
5475 | /     /// Insert diff hunk as an inline attachment in the terminal input
5476 | |
     | |_^
5477 |       /// Extract diff hunk data for the given file and line range
5478 |       fn extract_diff_hunk_data(
     |       ------------------------- the comment documents this function
     |
     = help: for further information visit https://rust-lang.github.io/rust-clippy/rust-1.92.0/index.html#empty_line_after_doc_comments
     = help: if the empty line is unintentional, remove it
help: if the documentation should include the empty line include it in the comment
     |
5476 |     ///
     |

error: empty lines after doc comment
   --> app/src/code_review/comment_list_view.rs:828:5
    |
828 | /     /// Whether the queued review comments can currently be sent to an agent.
829 | |
830 | |     /// Keep the stored "Send to Agent" button's enabled state and tooltip in sync with the current
831 | |     /// destination / comment / AI-availability state.
832 | |
833 | |     /// Computes the tooltip text for the send button based on current state.
834 | |
    | |_^
835 |       fn render_comment(
    |       ----------------- the comment documents this function
    |
    = help: for further information visit https://rust-lang.github.io/rust-clippy/rust-1.92.0/index.html#empty_line_after_doc_comments
    = help: if the empty lines are unintentional, remove them

error: empty line after doc comment
    --> app/src/code_review/diff_state/local.rs:1371:5
     |
1371 | /     /// Generates an AI commit message for the working tree and emits `CommitMessageGenerated`.
1372 | |
     | |_^
...
1376 |       fn interactive_path_future(
     |       -------------------------- the comment documents this function
     |
     = help: for further information visit https://rust-lang.github.io/rust-clippy/rust-1.92.0/index.html#empty_line_after_doc_comments
     = help: if the empty line is unintentional, remove it
help: if the documentation should include the empty line include it in the comment
     |
1372 |     ///
     |

error: unused import: `telemetry_event::CodeReviewTelemetryEvent`
  --> app/src/code_review/mod.rs:17:9
   |
17 | pub use telemetry_event::CodeReviewTelemetryEvent;
   |         ^^^^^^^^^^^^^^^^^^^^^^^^^^^^^^^^^^^^^^^^^

error: empty lines after outer attribute
   --> app/src/user_config/native.rs:145:5
    |
145 | /     #[cfg(feature = "local_fs")]
146 | |
147 | |     /// Deletes a custom model router file from disk.
148 | |     /// The filesystem watcher in [`Self::handle_warp_managed_paths_event`] will
149 | |     /// pick up the deletion and reload `custom_model_routers`.
150 | |     #[cfg(feature = "local_fs")]
151 | |
    | |_^
...
155 |       pub fn save_new_launch_config(
    |       ----------------------------- the attribute applies to this function
    |
    = help: for further information visit https://rust-lang.github.io/rust-clippy/rust-1.92.0/index.html#empty_line_after_outer_attr
    = note: `-D clippy::empty-line-after-outer-attr` implied by `-D warnings`
    = help: to override `-D warnings` add `#[allow(clippy::empty_line_after_outer_attr)]`
    = help: if the empty lines are unintentional, remove them

error: empty lines after outer attribute
   --> app/src/user_config/mod.rs:121:5
    |
121 | /     #[cfg_attr(target_family = "wasm", allow(dead_code))]
122 | |
123 | |     /// Parse errors for `custom_model_routers/` files that failed to load.
124 | |     #[cfg_attr(target_family = "wasm", allow(dead_code))]
125 | |
    | |_^
...
128 |       pub fn append_launch_config(
    |       --------------------------- the attribute applies to this function
    |
    = help: for further information visit https://rust-lang.github.io/rust-clippy/rust-1.92.0/index.html#empty_line_after_outer_attr
    = help: if the empty lines are unintentional, remove them

error: unused import: `is_figma_png::is_figma_png`
 --> app/src/editor/view/figma_utils/mod.rs:3:9
  |
3 | pub use is_figma_png::is_figma_png;
  |         ^^^^^^^^^^^^^^^^^^^^^^^^^^

error: empty line after doc comment
    --> app/src/editor/view/mod.rs:3176:5
     |
3176 | /     /// If there's an empty buffer, populates the input with an intelligent autosuggestion for the input_type.
3177 | |
     | |_^
...
3180 |       pub fn set_placeholder_text_with_prefix(
     |       --------------------------------------- the comment documents this function
     |
     = help: for further information visit https://rust-lang.github.io/rust-clippy/rust-1.92.0/index.html#empty_line_after_doc_comments
     = help: if the empty line is unintentional, remove it
help: if the documentation should include the empty line include it in the comment
     |
3177 |     ///
     |

error: empty line after doc comment
    --> app/src/editor/view/mod.rs:3243:5
     |
3243 | /     /// Clears any next command state. Autosuggestion (ghosted text) is not cleared.
3244 | |
     | |_^
3245 |       /// Remove a specific placeholder by prefix.
3246 |       pub fn clear_placeholder_text_with_prefix(
     |       ----------------------------------------- the comment documents this function
     |
     = help: for further information visit https://rust-lang.github.io/rust-clippy/rust-1.92.0/index.html#empty_line_after_doc_comments
     = help: if the empty line is unintentional, remove it
help: if the documentation should include the empty line include it in the comment
     |
3244 |     ///
     |

error: empty lines after doc comment
    --> app/src/editor/view/mod.rs:4561:5
     |
4561 | /     /// and processes them for AI context attachment via `process_and_attach_images_as_ai_context`.
4562 | |
4563 | |     /// Processes and attaches images to the AI context model.
4564 | |     ///
...    |
4568 | |     /// Stores non-image files selected via the file picker into the pending files context.
4569 | |
     | |_^
...
4572 |       fn vim_user_insert(&mut self, text: &str, ctx: &mut ViewContext<Self>) {
     |       ------------------ the comment documents this function
     |
     = help: for further information visit https://rust-lang.github.io/rust-clippy/rust-1.92.0/index.html#empty_line_after_doc_comments
     = help: if the empty lines are unintentional, remove them
help: if the documentation should include the empty lines include them in the comment
     |
4562 +     ///
4563 |     /// Processes and attaches images to the AI context model.
 ...
4566 |     /// updating the context model and UI state accordingly.
4567 +     ///
4568 |     /// Stores non-image files selected via the file picker into the pending files context.
4569 +     ///
     |

error: unexpected `cfg` condition value: `warp_managed_secrets`
   --> app/src/features.rs:324:15
    |
324 |         #[cfg(feature = "warp_managed_secrets")]
    |               ^^^^^^^^^^^^^^^^^^^^^^^^^^^^^^^^
    |
    = note: expected values for `feature` are: `account_first_onboarding`, `active_conversation_requires_interaction`, `agent_cli_launch_modal`, `agent_decides_command_execution`, `agent_harness`, `agent_management_details_view`, `agent_management_popup`, `agent_management_view`, `agent_mode`, `agent_mode_computer_use`, `agent_mode_debug`, `agent_mode_evals`, `agent_mode_pre_plan_xml`, `agent_mode_primary_xml`, `agent_onboarding`, `agent_shared_sessions`, `agent_tips`, `agent_toolbar_editor`, `agent_view`, `agent_view_block_context`, `agent_view_conversation_list_view`, `agent_view_prompt_chip`, `ai_context_menu`, `ai_context_menu_code`, `ai_context_menu_commands`, `ai_resume_button`, `ai_rules`, `alacritty_settings_import`, `allow_ignoring_input_suggestions`, `allow_opening_file_links_using_editor_env`, `am_workflows`, `ambient_agents_command_line`, `ambient_agents_image_upload`, `ambient_agents_rtc`, and `api_key_management` and 262 more
    = help: consider adding `warp_managed_secrets` as a feature in `Cargo.toml`
    = note: see <https://doc.rust-lang.org/nightly/rustc/check-cfg/cargo-specifics.html> for more information about checking conditional configuration
    = note: `-D unexpected-cfgs` implied by `-D warnings`
    = help: to override `-D warnings` add `#[allow(unexpected_cfgs)]`

error: empty lines after doc comment
   --> app/src/pane_group/pane/mod.rs:162:5
    |
162 | /     /// Creates a [`PaneId`] from a [`ViewContext<PaneView<EnvVarCollectionView>>`]
163 | |
164 | |     /// Creates a [`PaneId`] from a [`ViewContext<PaneView<EnvironmentsPageView>>`]
165 | |
    | |_^
166 |       /// Creates a [`PaneId`] from a [`ViewContext<PaneView<WorkflowView>>`]
167 |       pub fn from_workflow_pane_ctx(ctx: &ViewContext<PaneView<WorkflowView>>) -> Self {
    |       ----------------------------- the comment documents this function
    |
    = help: for further information visit https://rust-lang.github.io/rust-clippy/rust-1.92.0/index.html#empty_line_after_doc_comments
    = help: if the empty lines are unintentional, remove them
help: if the documentation should include the empty lines include them in the comment
    |
163 +     ///
164 |     /// Creates a [`PaneId`] from a [`ViewContext<PaneView<EnvironmentsPageView>>`]
165 +     ///
    |

error: empty line after doc comment
   --> app/src/pane_group/pane/mod.rs:176:5
    |
176 | /     /// Creates a [`PaneId`] from a [`ViewContext<PaneView<CodeDiffView>>`]
177 | |
    | |_^
178 |       /// Creates a [`PaneId`] from a [`ViewContext<PaneView<SettingsView>>`]
179 |       pub fn from_settings_pane_ctx(ctx: &ViewContext<PaneView<SettingsView>>) -> Self {
    |       ----------------------------- the comment documents this function
    |
    = help: for further information visit https://rust-lang.github.io/rust-clippy/rust-1.92.0/index.html#empty_line_after_doc_comments
    = help: if the empty line is unintentional, remove it
help: if the documentation should include the empty line include it in the comment
    |
177 |     ///
    |

error: empty lines after doc comment
   --> app/src/pane_group/pane/mod.rs:183:5
    |
183 | /     /// Creates a [`PaneId`] from a [`ViewContext<PaneView<AIFactView>>`]
184 | |
185 | |     /// Creates a [`PaneId`] from a [`ViewContext<PaneView<AIDocumentView>>`]
...   |
189 | |     /// Creates a [`PaneId`] from a [`ViewContext<PaneView<ExecutionProfileEditorView>>`]
190 | |
    | |_^
191 |       pub fn from_get_started_pane_ctx(ctx: &ViewContext<PaneView<GetStartedView>>) -> Self {
    |       -------------------------------- the comment documents this function
    |
    = help: for further information visit https://rust-lang.github.io/rust-clippy/rust-1.92.0/index.html#empty_line_after_doc_comments
    = help: if the empty lines are unintentional, remove them

error: empty line after doc comment
   --> app/src/pane_group/pane/mod.rs:195:5
    |
195 | /     /// Creates a [`PaneId`] from a [`ViewContext<PaneView<NetworkLogView>>`].
196 | |
    | |_^
197 |       /// Creates a [`PaneId`] from a [`PaneView<TerminalView>`] entity ID.
198 |       pub fn from_terminal_pane_view(
    |       ------------------------------ the comment documents this function
    |
    = help: for further information visit https://rust-lang.github.io/rust-clippy/rust-1.92.0/index.html#empty_line_after_doc_comments
    = help: if the empty line is unintentional, remove it
help: if the documentation should include the empty line include it in the comment
    |
196 |     ///
    |

error: empty line after doc comment
   --> app/src/pane_group/pane/mod.rs:211:5
    |
211 | /     /// Creates a [`PaneId`] from a [`PaneView<FileNotebookView>`] entity ID.
212 | |
    | |_^
213 |       /// Creates a [`PaneId`] from a [`PaneView<TextView>`] entity ID.
214 |       pub fn from_code_pane_view(code_pane_view: &ViewHandle<PaneView<CodeView>>) -> Self {
    |       -------------------------- the comment documents this function
    |
    = help: for further information visit https://rust-lang.github.io/rust-clippy/rust-1.92.0/index.html#empty_line_after_doc_comments
    = help: if the empty line is unintentional, remove it
help: if the documentation should include the empty line include it in the comment
    |
212 |     ///
    |

error: empty lines after doc comment
   --> app/src/pane_group/pane/mod.rs:218:5
    |
218 | /     /// Creates a [`PaneId`] from a [`PaneView<CodeDiffView>`] entity ID.
219 | |
220 | |     /// Creates a [`PaneId`] from a [`PaneView<EnvVarCollection>`] entity ID.
...   |
223 | |
    | |_^
224 |       /// Creates a [`PaneId`] from a [`PaneView<WorkflowView>`] entity ID.
225 |       pub fn from_workflow_pane_view(
    |       ------------------------------ the comment documents this function
    |
    = help: for further information visit https://rust-lang.github.io/rust-clippy/rust-1.92.0/index.html#empty_line_after_doc_comments
    = help: if the empty lines are unintentional, remove them
help: if the documentation should include the empty lines include them in the comment
    |
219 +     ///
220 |     /// Creates a [`PaneId`] from a [`PaneView<EnvVarCollection>`] entity ID.
221 +     ///
222 |     /// Creates a [`PaneId`] from a [`PaneView<EnvironmentsPageView>`] entity ID.
223 +     ///
    |

error: empty lines after doc comment
   --> app/src/pane_group/pane/mod.rs:238:5
    |
238 | /     /// Creates a [`PaneId`] from a [`PaneView<AIFactView>`] entity ID.
239 | |
240 | |     /// Creates a [`PaneId`] from a [`PaneView<AIDocumentView>`] entity ID.
...   |
244 | |     /// Creates a [`PaneId`] from a [`PaneView<ExecutionProfileEditorView>`] entity ID.
245 | |
    | |_^
246 |       pub fn from_get_started_pane_view(
    |       --------------------------------- the comment documents this function
    |
    = help: for further information visit https://rust-lang.github.io/rust-clippy/rust-1.92.0/index.html#empty_line_after_doc_comments
    = help: if the empty lines are unintentional, remove them

error: empty line after doc comment
   --> app/src/pane_group/pane/mod.rs:252:5
    |
252 | /     /// Creates a [`PaneId`] from a [`PaneView<NetworkLogView>`] entity ID.
253 | |
    | |_^
254 |       #[cfg_attr(not(feature = "local_fs"), allow(dead_code))]
255 |       pub(super) fn deferred_placeholder_pane_id() -> Self {
    |       ------------------------------------------ the comment documents this function
    |
    = help: for further information visit https://rust-lang.github.io/rust-clippy/rust-1.92.0/index.html#empty_line_after_doc_comments
    = help: if the empty line is unintentional, remove it

error: empty line after doc comment
   --> app/src/pane_group/pane/mod.rs:304:5
    |
304 | /     /// Returns true if this pane contains a Warp Drive object (notebook, workflow, etc.).
305 | |
    | |_^
306 |       /// Renders the child view backing this pane.
307 |       pub fn render(self, app: &AppContext) -> Box<dyn Element> {
    |       ------------- the comment documents this function
    |
    = help: for further information visit https://rust-lang.github.io/rust-clippy/rust-1.92.0/index.html#empty_line_after_doc_comments
    = help: if the empty line is unintentional, remove it
help: if the documentation should include the empty line include it in the comment
    |
305 |     ///
    |

error: empty line after doc comment
   --> app/src/pane_group/pane/mod.rs:650:5
    |
650 | /     /// Sets the shareable object in the current pane. If `None`, the share button is removed.
651 | |
    | |_^
...
655 |       pub fn notify_header_content_changed(&mut self, ctx: &mut ModelContext<Self>) {
    |       ------------------------------------ the comment documents this function
    |
    = help: for further information visit https://rust-lang.github.io/rust-clippy/rust-1.92.0/index.html#empty_line_after_doc_comments
    = help: if the empty line is unintentional, remove it
help: if the documentation should include the empty line include it in the comment
    |
651 |     ///
    |

error: empty line after doc comment
   --> app/src/pane_group/mod.rs:806:5
    |
806 | /     /// Returns true iff one of the terminal panes in this group is being shared.
807 | |
    | |_^
808 |       pub fn smart_split_direction(
    |       ---------------------------- the comment documents this function
    |
    = help: for further information visit https://rust-lang.github.io/rust-clippy/rust-1.92.0/index.html#empty_line_after_doc_comments
    = help: if the empty line is unintentional, remove it

error: empty line after doc comment
    --> app/src/pane_group/mod.rs:1356:5
     |
1356 | /     /// Iterate over the file notebook panes in this pane group.
1357 | |
     | |_^
1358 |       fn close_panes(&mut self, pane_ids: Vec<PaneId>, ctx: &mut ViewContext<Self>) {
     |       -------------- the comment documents this function
     |
     = help: for further information visit https://rust-lang.github.io/rust-clippy/rust-1.92.0/index.html#empty_line_after_doc_comments
     = help: if the empty line is unintentional, remove it

error: empty lines after doc comment
    --> app/src/pane_group/mod.rs:1364:5
     |
1364 | /     /// Checks if this pane group contains a visible AI document pane with the given document ID.
1365 | |
1366 | |     /// Closes all visible AI document panes that are *not* for `document_id`, then applies the
1367 | |     /// requested `action` to the pane for `document_id`.
...    |
1371 | |     /// Closes any other ai document panes, and opens the specified document_id.
1372 | |
     | |_^
...
1377 |       pub fn has_active_code_pane_with_unsaved_indicator(&self, ctx: &AppContext) -> bool {
     |       -------------------------------------------------- the comment documents this function
     |
     = help: for further information visit https://rust-lang.github.io/rust-clippy/rust-1.92.0/index.html#empty_line_after_doc_comments
     = help: if the empty lines are unintentional, remove them
help: if the documentation should include the empty lines include them in the comment
     |
1365 +     ///
1366 |     /// Closes all visible AI document panes that are *not* for `document_id`, then applies the
 ...
1369 |     /// This enforces the UI invariant that only one AI document pane should be visible at a time.
1370 +     ///
1371 |     /// Closes any other ai document panes, and opens the specified document_id.
1372 +     ///
     |

error: empty lines after doc comment
    --> app/src/pane_group/mod.rs:1508:5
     |
1508 | /     /// which element is focused.
1509 | |
1510 | |     /// If modal is already open, we update it with the new role request
...    |
1513 | |
     | |_^
1514 |       fn new_internal(
     |       --------------- the comment documents this function
     |
     = help: for further information visit https://rust-lang.github.io/rust-clippy/rust-1.92.0/index.html#empty_line_after_doc_comments
     = help: if the empty lines are unintentional, remove them

error: empty line after doc comment
    --> app/src/pane_group/mod.rs:1597:5
     |
1597 | /     /// that owner lives outside this pane group.
1598 | |
     | |_^
...
1601 |       fn terminal_pane_data(
     |       --------------------- the comment documents this function
     |
     = help: for further information visit https://rust-lang.github.io/rust-clippy/rust-1.92.0/index.html#empty_line_after_doc_comments
     = help: if the empty line is unintentional, remove it
help: if the documentation should include the empty line include it in the comment
     |
1598 |     ///
     |

error: empty lines after doc comment
    --> app/src/pane_group/mod.rs:1622:5
     |
1622 | /     /// Helper to create the terminal manager and view for an ambient agent pane.
1623 | |
1624 | |     /// Installs the long-lived AgentConversationsModel subscription used by
1625 | |     /// `pending_ambient_agent_conversation_restorations`,
...    |
1632 | |     /// Initial layout for a [`PaneGroup`] with a single ambient agent pane.
1633 | |
     | |_^
...
1636 |       fn initial_single_terminal_pane(
     |       ------------------------------- the comment documents this function
     |
     = help: for further information visit https://rust-lang.github.io/rust-clippy/rust-1.92.0/index.html#empty_line_after_doc_comments
     = help: if the empty lines are unintentional, remove them
help: if the documentation should include the empty lines include them in the comment
     |
1623 +     ///
1624 |     /// Installs the long-lived AgentConversationsModel subscription used by
 ...
1627 |     /// it has not been installed yet. Idempotent across multiple callers.
1628 +     ///
1629 |     /// Subscription handler that processes pending ambient agent pane restorations
1630 |     /// whenever task data is updated or conversations finish loading.
1631 +     ///
1632 |     /// Initial layout for a [`PaneGroup`] with a single ambient agent pane.
1633 +     ///
     |

error: empty lines after doc comment
    --> app/src/pane_group/mod.rs:1774:5
     |
1774 | /     /// Create a new pane group for a view-only cloud conversation.
1775 | |
1776 | |     /// Create a new pane group with a loading state for a conversation viewer.
1777 | |     /// The actual conversation data will be loaded asynchronously.
...    |
1782 | |     /// Load conversation data into a specific transcript viewer terminal view.
1783 | |
     | |_^
1784 |       fn handle_windowing_state_update(
     |       -------------------------------- the comment documents this function
     |
     = help: for further information visit https://rust-lang.github.io/rust-clippy/rust-1.92.0/index.html#empty_line_after_doc_comments
     = help: if the empty lines are unintentional, remove them

error: empty lines after doc comment
    --> app/src/pane_group/mod.rs:1875:5
     |
1875 | /     /// host's `StopSharingCurrentSession` cleans it up.
1876 | |
1877 | |     /// Dispatches a share on every direct child agent pane in this group
1878 | |     /// that isn't already sharing, mirroring
...    |
1899 | |     /// pill bar's swap or split-off paths.
1900 | |
     | |_^
...
1905 |       pub fn terminal_pane_view_at_pane_index(
     |       --------------------------------------- the comment documents this function
     |
     = help: for further information visit https://rust-lang.github.io/rust-clippy/rust-1.92.0/index.html#empty_line_after_doc_comments
     = help: if the empty lines are unintentional, remove them
help: if the documentation should include the empty lines include them in the comment
     |
1876 +     ///
1877 |     /// Dispatches a share on every direct child agent pane in this group
 ...
1881 |     #[cfg(not(target_family = "wasm"))]
1882 +     ///
1883 |     /// Stop the shared session on every child pane that was transitively
 ...
1887 |     #[cfg(not(target_family = "wasm"))]
1888 +     ///
1889 |     /// Removes `pane_id` from the transitive-share tracking map.
1890 +     ///
1891 |     /// Creates a cloud-mode pane that lives off-tree as a child agent pane.
 ...
1894 |     /// explicitly before the deferred shared-session viewer binds to it.
1895 +     ///
1896 |     /// Inserts `pane` into `pane_contents` and attaches it (so subscriptions,
 ...
1899 |     /// pill bar's swap or split-off paths.
1900 +     ///
     |

error: empty line after doc comment
    --> app/src/pane_group/mod.rs:2177:5
     |
2177 | /     /// no-ops otherwise.
2178 | |
     | |_^
...
2183 |       fn focus_next_terminal_pane_and_activate_session(
     |       ------------------------------------------------ the comment documents this function
     |
     = help: for further information visit https://rust-lang.github.io/rust-clippy/rust-1.92.0/index.html#empty_line_after_doc_comments
     = help: if the empty line is unintentional, remove it
help: if the documentation should include the empty line include it in the comment
     |
2178 |     ///
     |

error: empty lines after doc comment
    --> app/src/pane_group/mod.rs:2216:5
     |
2216 | /     /// Returns true if the given pane is a child agent pane tracked in `child_agent_panes`.
2217 | |
2218 | |     /// Collects the child agent pane IDs whose conversations are parented by
2219 | |     /// a conversation on the given terminal view.
...    |
2226 | |     /// Permanently discards the pane backing a child agent conversation.
2227 | |
     | |_^
2228 |       pub fn close_pane(&mut self, pane_id: PaneId, ctx: &mut ViewContext<Self>) {
     |       ----------------- the comment documents this function
     |
     = help: for further information visit https://rust-lang.github.io/rust-clippy/rust-1.92.0/index.html#empty_line_after_doc_comments
     = help: if the empty lines are unintentional, remove them

error: empty line after outer attribute
    --> app/src/pane_group/mod.rs:2375:5
     |
2375 | /     #[cfg(feature = "local_fs")]
2376 | |
     | |_^
2377 |       /// Handle a common pane event, such as splitting off another pane.
2378 |       pub(crate) fn handle_pane_event(
     |       ------------------------------- the attribute applies to this function
     |
     = help: for further information visit https://rust-lang.github.io/rust-clippy/rust-1.92.0/index.html#empty_line_after_outer_attr
     = help: if the empty line is unintentional, remove it

error: empty line after doc comment
    --> app/src/pane_group/mod.rs:2581:5
     |
2581 | /     /// `&mut self` use it to seed the parent's children from server data.
2582 | |
     | |_^
...
2585 |       fn clear_hidden_closed_panes(&mut self, ctx: &mut ViewContext<Self>) {
     |       ---------------------------- the comment documents this function
     |
     = help: for further information visit https://rust-lang.github.io/rust-clippy/rust-1.92.0/index.html#empty_line_after_doc_comments
     = help: if the empty line is unintentional, remove it
help: if the documentation should include the empty line include it in the comment
     |
2582 |     ///
     |

error: empty lines after outer attribute
    --> app/src/pane_group/mod.rs:3171:5
     |
3171 | /     #[allow(clippy::too_many_arguments)]
3172 | |
3173 | |     /// Builds a live-session pane for an orchestration child with its ambient
3174 | |     /// model wired up, so the pane gets ambient controls and `FailedToJoin`
...    |
3178 | |     /// This is used by both `new_for_conversation_transcript_viewer_loading` and `create_loading_terminal_pane`.
3179 | |
     | |_^
...
3184 |       fn should_ignore_custom_startup_directory(
     |       ----------------------------------------- the attribute applies to this function
     |
     = help: for further information visit https://rust-lang.github.io/rust-clippy/rust-1.92.0/index.html#empty_line_after_outer_attr
     = help: if the empty lines are unintentional, remove them

error: empty lines after doc comment
    --> app/src/pane_group/mod.rs:3209:5
     |
3209 | /     /// Returns the pane ID so it can be replaced later with the real terminal pane.
3210 | |
3211 | |     /// Replaces a loading pane with a real terminal pane that has a conversation restored.
3212 | |     /// Returns true if replacement was successful.
3213 | |
     | |_^
3214 |       #[allow(clippy::too_many_arguments)]
3215 |       pub fn add_session(
     |       ------------------ the comment documents this function
     |
     = help: for further information visit https://rust-lang.github.io/rust-clippy/rust-1.92.0/index.html#empty_line_after_doc_comments
     = help: if the empty lines are unintentional, remove them

error: empty line after outer attribute
    --> app/src/pane_group/mod.rs:3244:5
     |
3244 | /     #[allow(clippy::too_many_arguments)]
3245 | |
     | |_^
...
3250 |       fn create_terminal_pane_data(
     |       ---------------------------- the attribute applies to this function
     |
     = help: for further information visit https://rust-lang.github.io/rust-clippy/rust-1.92.0/index.html#empty_line_after_outer_attr
     = help: if the empty line is unintentional, remove it

error: empty lines after doc comment
    --> app/src/pane_group/mod.rs:3667:5
     |
3667 | /     /// reporting success leaves the user focused on a pane with no input box.
3668 | |
3669 | |     /// Resolve the pane id that owns a given conversation's `TerminalView`,
3670 | |     /// without applying any visibility filtering. Used by the pill-bar swap
...    |
3716 | |     /// remain in `pane_contents` even when they are not in the tree.
3717 | |
     | |_^
3718 |       /// Given a pane ID, retrieve its backing code view, if the pane is a code pane.
3719 |       pub fn code_view_from_pane_id(
     |       ----------------------------- the comment documents this function
     |
     = help: for further information visit https://rust-lang.github.io/rust-clippy/rust-1.92.0/index.html#empty_line_after_doc_comments
     = help: if the empty lines are unintentional, remove them
help: if the documentation should include the empty lines include them in the comment
     |
3668 +     ///
3669 |     /// Resolve the pane id that owns a given conversation's `TerminalView`,
 ...
3674 |     /// matches the history model's owner for `conversation_id`.
3675 +     ///
3676 |     /// Make the pane that owns `conversation_id` the visible one in the
3677 |     /// focused pane's slot via temporary replacement. The previous occupant
3678 |     /// is restored on revert (back-button, ESC, pill-click, close, split-off).
3679 +     ///
3680 |     /// Reveal the child agent pane for `conversation_id` as a visible
 ...
3684 |     /// orchestrators in the same group are left alone.
3685 +     ///
3686 |     /// Detach the child agent pane for `conversation_id` so it can be
3687 |     /// re-parented into a new tab ("Open in new tab"). Reuses the
3688 |     /// existing view to avoid cancelling in-flight commands.
3689 +     ///
3690 |     /// Stamp this pane group as the destination of a split-off child
3691 |     /// agent pane, so closing the tab re-adopts the live view back to
3692 |     /// the source group.
3693 +     ///
3694 |     /// Returns the origin metadata if this group is hosting a split-off
3695 |     /// child agent tab.
3696 +     ///
3697 |     /// Re-adopt a previously detached child agent pane back into this
3698 |     /// group as off-tree, and clear its split-off marker so the next
3699 |     /// reveal renders pills instead of breadcrumbs.
3700 +     ///
3701 |     /// Diagnostic logging for [`swap_active_pane_to_conversation`] when none of
 ...
3704 |     /// conversation. Dumps enough state to identify which step is wrong.
3705 +     ///
3706 |     /// Walk the visible terminal panes in this group looking for one whose
 ...
3716 |     /// remain in `pane_contents` even when they are not in the tree.
3717 +     ///
     |

error: unused macro definition: `assert_eventually`
 --> app/src/test_util/mod.rs:8:14
  |
8 | macro_rules! assert_eventually {
  |              ^^^^^^^^^^^^^^^^^
  |
  = note: `-D unused-macros` implied by `-D warnings`
  = help: to override `-D warnings` add `#[allow(unused_macros)]`

error: empty lines after doc comment
   --> app/src/terminal/model/block.rs:850:5
    |
850 | /     /// Use this when a block is being created/assigned to a conversation (e.g., entering agent view).
851 | |
852 | |     /// Resets this block's visibility to terminal mode.
853 | |     /// Use this when a block is being returned to terminal context (e.g., exiting agent view).
...   |
866 | |     /// Moves the block from pending context to attached context for the given conversation ID.
867 | |
    | |_^
...
872 |       pub fn nld_overridden(&self) -> bool {
    |       --------------------- the comment documents this function
    |
    = help: for further information visit https://rust-lang.github.io/rust-clippy/rust-1.92.0/index.html#empty_line_after_doc_comments
    = help: if the empty lines are unintentional, remove them
help: if the documentation should include the empty lines include them in the comment
    |
851 +     ///
852 |     /// Resets this block's visibility to terminal mode.
853 |     /// Use this when a block is being returned to terminal context (e.g., exiting agent view).
854 +     ///
855 |     /// Sets this block's agent view visibility state directly.
856 |     /// Use this when restoring a block from serialization.
857 +     ///
858 |     /// Adds a conversation ID to the set of conversations where this block is attached as context.
859 +     ///
860 |     /// Adds a conversation ID to the set of conversations where this block is pending context.
861 |     /// It maybe removed if the user removes the block attachment before sending the request, else if it is attached it will be 'promoted'.
862 +     ///
863 |     /// Removes a conversation ID from the set of conversations where this block should be visible.
864 |     /// Returns true if the conversation ID was present and removed, false if it wasn't present.
865 +     ///
866 |     /// Moves the block from pending context to attached context for the given conversation ID.
867 +     ///
    |

error: empty line after doc comment
    --> app/src/terminal/model/block.rs:2542:5
     |
2542 | /     /// Returns `true` if this block is a valid option to use as context for an AI model.
2543 | |
     | |_^
2544 |       pub fn estimated_heap_usage_bytes(&self) -> usize {
     |       --------------------------------- the comment documents this function
     |
     = help: for further information visit https://rust-lang.github.io/rust-clippy/rust-1.92.0/index.html#empty_line_after_doc_comments
     = help: if the empty line is unintentional, remove it

error: empty lines after doc comment
    --> app/src/terminal/model/blocks.rs:1491:5
     |
1491 | /     /// Returns the conversation associated with newly created command blocks.
1492 | |
1493 | |     /// Returns whether the active conversation executes in a cloud context.
1494 | |
     | |_^
1495 |       /// Updates the transcript membership used by the cached block-height layout.
1496 |       pub fn set_transcript_scope(&mut self, scope: TranscriptScope) {
     |       --------------------------- the comment documents this function
     |
     = help: for further information visit https://rust-lang.github.io/rust-clippy/rust-1.92.0/index.html#empty_line_after_doc_comments
     = help: if the empty lines are unintentional, remove them
help: if the documentation should include the empty lines include them in the comment
     |
1492 +     ///
1493 |     /// Returns whether the active conversation executes in a cloud context.
1494 +     ///
     |

error: empty lines after doc comment
    --> app/src/terminal/model/blocks.rs:1504:5
     |
1504 | /     /// Associates subsequent command blocks with an active conversation.
1505 | |
1506 | |     /// Clears the active conversation association without changing transcript scope.
...    |
1513 | |     /// any change that affects which rich content is visible for the current agent view state.
1514 | |
     | |_^
1515 |       pub fn refresh_heights_for_loaded_passive_code_diff(
     |       --------------------------------------------------- the comment documents this function
     |
     = help: for further information visit https://rust-lang.github.io/rust-clippy/rust-1.92.0/index.html#empty_line_after_doc_comments
     = help: if the empty lines are unintentional, remove them

error: empty lines after doc comment
    --> app/src/terminal/model/blocks.rs:1526:5
     |
1526 | /     /// Returns a Vec of (block_id, visibility) for blocks that were found.
1527 | |
1528 | |     /// Attaches every non-oz-startup block in the list to `conversation_id` so each block is
1529 | |     /// visible while that conversation is the active one in agent view. Skips blocks flagged
...    |
1536 | |     /// Returns a Vec of (block_id, visibility) for blocks that were modified.
1537 | |
     | |_^
...
1541 |       fn update_live_block_height(&mut self, block_index: BlockIndex) {
     |       --------------------------- the comment documents this function
     |
     = help: for further information visit https://rust-lang.github.io/rust-clippy/rust-1.92.0/index.html#empty_line_after_doc_comments
     = help: if the empty lines are unintentional, remove them
help: if the documentation should include the empty lines include them in the comment
     |
1527 +     ///
1528 |     /// Attaches every non-oz-startup block in the list to `conversation_id` so each block is
1529 |     /// visible while that conversation is the active one in agent view. Skips blocks flagged
1530 |     /// as `is_oz_environment_startup_command` since those are hidden by their own mechanism.
1531 +     ///
1532 |     /// Removes the conversation association from the given blocks, making them disappear from that conversation's agent view.
1533 |     /// Returns a Vec of (block_id, visibility) for blocks that were modified.
1534 +     ///
1535 |     /// Promotes all blocks that are pending for the given conversation to attached.
1536 |     /// Returns a Vec of (block_id, visibility) for blocks that were modified.
1537 +     ///
     |

error: empty lines after doc comment
    --> app/src/terminal/model/blocks.rs:1791:5
     |
1791 | /     /// items, gaps, banners, and other non-navigable rich content.
1792 | |
1793 | |     /// Updates whether an AI rich-content item is a navigable user-query segment.
1794 | |     /// Used when streaming exchange inputs become renderable after initial mount.
1795 | |
     | |_^
1796 |       /// Return the height of the last non hidden rich content block after a blo...
1797 |       pub fn last_non_hidden_rich_content_block_after_block(
     |       ----------------------------------------------------- the comment documents this function
     |
     = help: for further information visit https://rust-lang.github.io/rust-clippy/rust-1.92.0/index.html#empty_line_after_doc_comments
     = help: if the empty lines are unintentional, remove them
help: if the documentation should include the empty lines include them in the comment
     |
1792 +     ///
1793 |     /// Updates whether an AI rich-content item is a navigable user-query segment.
1794 |     /// Used when streaming exchange inputs become renderable after initial mount.
1795 +     ///
     |

error: unused import: `telemetry::LifecycleTelemetryEvent`
  --> app/src/terminal/model/lifecycle/mod.rs:12:29
   |
12 | pub(in crate::terminal) use telemetry::LifecycleTelemetryEvent;
   |                             ^^^^^^^^^^^^^^^^^^^^^^^^^^^^^^^^^^

error: empty lines after doc comment
    --> app/src/terminal/model/terminal_model.rs:1317:5
     |
1317 | /     /// Starts the execution for a command in a shared session (sharer or viewer).
1318 | |
1319 | |     /// Starts the command execution (per `Self::start_command_execution`) and additionally sets
1320 | |     /// the given `ai_metadata` on the active block.
1321 | |
     | |_^
1322 |       pub(in crate::terminal) fn start_in_band_command_execution(&mut self) -> StartCommandOutcome {
     |       ---------------------------------------------------------- the comment documents this function
     |
     = help: for further information visit https://rust-lang.github.io/rust-clippy/rust-1.92.0/index.html#empty_line_after_doc_comments
     = help: if the empty lines are unintentional, remove them

error: empty line after doc comment
    --> app/src/terminal/model/terminal_model.rs:1623:5
     |
1623 | /     /// Returns whether this terminal is viewing a shared session.
1624 | |
     | |_^
...
1627 |       pub fn resize(&mut self, size_update: SizeUpdate) {
     |       ------------- the comment documents this function
     |
     = help: for further information visit https://rust-lang.github.io/rust-clippy/rust-1.92.0/index.html#empty_line_after_doc_comments
     = help: if the empty line is unintentional, remove it
help: if the documentation should include the empty line include it in the comment
     |
1624 |     ///
     |

error: empty line after doc comment
    --> app/src/terminal/model/terminal_model.rs:1738:5
     |
1738 | /     /// from the `first_scrollback_block_index` onwards.
1739 | |
     | |_^
1740 |       fn restored_block_commands(&self) -> Vec<HistoryEntry> {
     |       -------------------------- the comment documents this function
     |
     = help: for further information visit https://rust-lang.github.io/rust-clippy/rust-1.92.0/index.html#empty_line_after_doc_comments
     = help: if the empty line is unintentional, remove it

error: empty line after doc comment
   --> app/src/terminal/writeable_pty/pty_controller.rs:554:5
    |
554 | /     /// Writes agent input to the PTY.
555 | |
    | |_^
...
560 |       pub fn write_bytes<B: Into<Cow<'static, [u8]>>>(
    |       ------------------ the comment documents this function
    |
    = help: for further information visit https://rust-lang.github.io/rust-clippy/rust-1.92.0/index.html#empty_line_after_doc_comments
    = help: if the empty line is unintentional, remove it
help: if the documentation should include the empty line include it in the comment
    |
555 |     ///
    |

error: empty lines after outer attribute
    --> app/src/terminal/model/terminal_model.rs:1076:5
     |
1076 | /     #[allow(clippy::too_many_arguments)]
1077 | |
1078 | |     /// Creates a terminal model for a terminal session that is being viewed.
1079 | |     #[allow(clippy::too_many_arguments)]
...    |
1112 | |
     | |_^
1113 |       pub fn obfuscate_secrets(&self) -> ObfuscateSecrets {
     |       ------------------------ the attribute applies to this function
     |
     = help: for further information visit https://rust-lang.github.io/rust-clippy/rust-1.92.0/index.html#empty_line_after_outer_attr
     = help: if the empty lines are unintentional, remove them

error[E0061]: this method takes 0 arguments but 1 argument was supplied
   --> app/src/integration_testing/notebook/assertion.rs:146:61
    |
146 |         .filter(move |view| view.read(app, |view, ctx| view.notebook_id(ctx)) == Some(id))
    |                                                             ^^^^^^^^^^^ --- unexpected argument of type `&warpui_core::AppContext`
    |
note: method defined here
   --> app/src/notebooks/notebook.rs:159:12
    |
159 |     pub fn notebook_id(&self) -> Option<NotebookId> {
    |            ^^^^^^^^^^^
help: remove the extra argument
    |
146 -         .filter(move |view| view.read(app, |view, ctx| view.notebook_id(ctx)) == Some(id))
146 +         .filter(move |view| view.read(app, |view, ctx| view.notebook_id()) == Some(id))
    |

error[E0599]: no method named `input_type` found for reference `&terminal::input::Input` in the current scope
   --> app/src/integration_testing/terminal/step.rs:231:47
    |
231 |                 .read(ctx, |input, ctx| input.input_type(ctx).is_ai())
    |                                               ^^^^^^^^^^ method not found in `&terminal::input::Input`

error[E0599]: no method named `set_input_mode_terminal` found for mutable reference `&mut terminal::input::Input` in the current scope
   --> app/src/integration_testing/terminal/step.rs:237:27
    |
237 |                     input.set_input_mode_terminal(false, ctx);
    |                           ^^^^^^^^^^^^^^^^^^^^^^^ method not found in `&mut terminal::input::Input`

error[E0599]: no method named `set_input_mode_agent` found for mutable reference `&mut terminal::input::Input` in the current scope
   --> app/src/integration_testing/terminal/step.rs:261:27
    |
261 |                     input.set_input_mode_agent(false, ctx);
    |                           ^^^^^^^^^^^^^^^^^^^^ method not found in `&mut terminal::input::Input`

error[E0282]: type annotations needed
  --> app/src/integration_testing/assertions.rs:48:54
   |
48 |             UserWorkspaces::handle(app).update(app, |user_workspaces, ctx| {
   |                                                      ^^^^^^^^^^^^^^^
...
84 |                 user_workspaces.update_workspaces(workspaces, ctx);
   |                 --------------- type must be known at this point
   |
help: consider giving this closure parameter an explicit type
   |
48 |             UserWorkspaces::handle(app).update(app, |user_workspaces: /* Type */, ctx| {
   |                                                                     ++++++++++++

error[E0282]: type annotations needed
  --> app/src/integration_testing/assertions.rs:89:52
   |
89 |             UserWorkspaces::handle(app).read(app, |user_workspaces, _| {
   |                                                    ^^^^^^^^^^^^^^^
90 |                 async_assert!(user_workspaces.has_teams(), "user is on a team")
   |                               --------------- type must be known at this point
   |
help: consider giving this closure parameter an explicit type
   |
89 |             UserWorkspaces::handle(app).read(app, |user_workspaces: /* Type */, _| {
   |                                                                   ++++++++++++

error[E0282]: type annotations needed
  --> app/src/integration_testing/assertions.rs:94:52
   |
94 |             UserWorkspaces::handle(app).read(app, |user_workspaces, _| {
   |                                                    ^^^^^^^^^^^^^^^
95 |                 async_assert!(user_workspaces.has_workspaces(), "user is on a workspace")
   |                               --------------- type must be known at this point
   |
help: consider giving this closure parameter an explicit type
   |
94 |             UserWorkspaces::handle(app).read(app, |user_workspaces: /* Type */, _| {
   |                                                                   ++++++++++++

error[E0282]: type annotations needed
   --> app/src/integration_testing/assertions.rs:103:53
    |
103 |             UpdateManager::handle(app).update(app, |update_manager, ctx| {
    |                                                     ^^^^^^^^^^^^^^
104 |                 update_manager.create_workflow(
    |                 -------------- type must be known at this point
    |
help: consider giving this closure parameter an explicit type
    |
103 |             UpdateManager::handle(app).update(app, |update_manager: /* Type */, ctx| {
    |                                                                   ++++++++++++

error[E0282]: type annotations needed
   --> app/src/integration_testing/assertions.rs:118:48
    |
118 |             CloudModel::handle(app).read(app, |cloud_model, ctx| {
    |                                                ^^^^^^^^^^^
119 |                 async_assert!(
120 |                     cloud_model
    |                     ----------- type must be known at this point
    |
help: consider giving this closure parameter an explicit type
    |
118 |             CloudModel::handle(app).read(app, |cloud_model: /* Type */, ctx| {
    |                                                           ++++++++++++

error[E0282]: type annotations needed
   --> app/src/integration_testing/assertions.rs:154:46
    |
154 |             Listener::handle(app).read(app, |listener, _| {
    |                                              ^^^^^^^^
155 |                 async_assert!(
156 |                     listener.has_current_subscription_abort_handle(),
    |                     -------- type must be known at this point
    |
help: consider giving this closure parameter an explicit type
    |
154 |             Listener::handle(app).read(app, |listener: /* Type */, _| {
    |                                                      ++++++++++++

error[E0282]: type annotations needed
   --> app/src/integration_testing/assertions.rs:168:46
    |
168 |             Listener::handle(app).read(app, |listener, _| {
    |                                              ^^^^^^^^
169 |                 async_assert!(
170 |                     !listener.has_current_subscription_abort_handle(),
    |                      -------- type must be known at this point
    |
help: consider giving this closure parameter an explicit type
    |
168 |             Listener::handle(app).read(app, |listener: /* Type */, _| {
    |                                                      ++++++++++++

error[E0599]: no method named `terminal_position_id` found for reference `&terminal::view::TerminalView` in the current scope
  --> app/src/integration_testing/block/assertions.rs:69:67
   |
69 |             .element_position_by_id_at_last_frame(window_id, view.terminal_position_id())
   |                                                                   ^^^^^^^^^^^^^^^^^^^^ method not found in `&terminal::view::TerminalView`

error[E0599]: no method named `viewport_state` found for reference `&terminal::view::TerminalView` in the current scope
   --> app/src/integration_testing/block/assertions.rs:121:33
    |
121 |             let viewport = view.viewport_state(model.block_list(), input_mode, ctx);
    |                                 ^^^^^^^^^^^^^^ method not found in `&terminal::view::TerminalView`

error[E0599]: no method named `viewport_state` found for reference `&terminal::view::TerminalView` in the current scope
   --> app/src/integration_testing/block/assertions.rs:146:33
    |
146 |             let viewport = view.viewport_state(model.block_list(), input_mode, ctx);
    |                                 ^^^^^^^^^^^^^^ method not found in `&terminal::view::TerminalView`

error[E0599]: no method named `viewport_state` found for reference `&terminal::view::TerminalView` in the current scope
   --> app/src/integration_testing/block/assertions.rs:171:33
    |
171 |             let viewport = view.viewport_state(model.block_list(), input_mode, ctx);
    |                                 ^^^^^^^^^^^^^^ method not found in `&terminal::view::TerminalView`

error[E0599]: no method named `active_filter_editor_block_index` found for reference `&terminal::view::TerminalView` in the current scope
   --> app/src/integration_testing/block_filtering/step.rs:317:26
    |
317 |                     view.active_filter_editor_block_index(),
    |                          ^^^^^^^^^^^^^^^^^^^^^^^^^^^^^^^^ method not found in `&terminal::view::TerminalView`

error[E0599]: no method named `active_filter_editor_block_index` found for reference `&terminal::view::TerminalView` in the current scope
   --> app/src/integration_testing/block_filtering/step.rs:332:26
    |
332 |                     view.active_filter_editor_block_index(),
    |                          ^^^^^^^^^^^^^^^^^^^^^^^^^^^^^^^^ method not found in `&terminal::view::TerminalView`

error[E0599]: no method named `active_filter_editor_block_index` found for reference `&terminal::view::TerminalView` in the current scope
   --> app/src/integration_testing/block_filtering/step.rs:346:26
    |
346 |                     view.active_filter_editor_block_index(),
    |                          ^^^^^^^^^^^^^^^^^^^^^^^^^^^^^^^^ method not found in `&terminal::view::TerminalView`

error[E0599]: no method named `active_filter_editor_block_index` found for reference `&terminal::view::TerminalView` in the current scope
   --> app/src/integration_testing/block_filtering/step.rs:360:26
    |
360 |                     view.active_filter_editor_block_index(),
    |                          ^^^^^^^^^^^^^^^^^^^^^^^^^^^^^^^^ method not found in `&terminal::view::TerminalView`

error[E0599]: no method named `is_palette_open` found for reference `&workspace::view::Workspace` in the current scope
  --> app/src/integration_testing/command_palette/assertions.rs:13:27
   |
13 |                 workspace.is_palette_open(),
   |                           ^^^^^^^^^^^^^^^ method not found in `&workspace::view::Workspace`

error[E0599]: no method named `is_palette_open` found for reference `&workspace::view::Workspace` in the current scope
  --> app/src/integration_testing/command_palette/assertions.rs:27:28
   |
27 |                 !workspace.is_palette_open(),
   |                            ^^^^^^^^^^^^^^^ method not found in `&workspace::view::Workspace`

error[E0599]: no method named `is_command_search_open` found for reference `&workspace::view::Workspace` in the current scope
  --> app/src/integration_testing/command_search/assertion.rs:11:37
   |
11 |             async_assert!(workspace.is_command_search_open())
   |                                     ^^^^^^^^^^^^^^^^^^^^^^ method not found in `&workspace::view::Workspace`

error[E0599]: no method named `current_prompt` found for reference `&terminal::view::TerminalView` in the current scope
  --> app/src/integration_testing/context_chips/assertions.rs:12:31
   |
12 |             let prompt = view.current_prompt();
   |                               ^^^^^^^^^^^^^^ method not found in `&terminal::view::TerminalView`

error[E0282]: type annotations needed
  --> app/src/integration_testing/context_chips/assertions.rs:13:31
   |
13 |             prompt.read(ctx, |prompt, ctx| {
   |                               ^^^^^^
14 |                 async_assert!(
15 |                     prompt
   |                     ------ type must be known at this point
   |
help: consider giving this closure parameter an explicit type
   |
13 |             prompt.read(ctx, |prompt: /* Type */, ctx| {
   |                                     ++++++++++++

error[E0599]: no method named `is_workflows_info_box_open` found for reference `&terminal::input::Input` in the current scope
  --> app/src/integration_testing/input/assertions.rs:11:33
   |
11 |             async_assert!(input.is_workflows_info_box_open())
   |                                 ^^^^^^^^^^^^^^^^^^^^^^^^^^ method not found in `&terminal::input::Input`

error[E0599]: no method named `suggestions_mode_model` found for reference `&terminal::input::Input` in the current scope
  --> app/src/integration_testing/input/assertions.rs:67:22
   |
67 |                 view.suggestions_mode_model().as_ref(ctx).mode(),
   |                      ^^^^^^^^^^^^^^^^^^^^^^ method not found in `&terminal::input::Input`

error[E0599]: no method named `suggestions_mode_model` found for reference `&terminal::input::Input` in the current scope
  --> app/src/integration_testing/input/assertions.rs:81:26
   |
81 |                     view.suggestions_mode_model().as_ref(ctx).mode(),
   |                          ^^^^^^^^^^^^^^^^^^^^^^ method not found in `&terminal::input::Input`

error[E0599]: no method named `suggestions_mode_model` found for reference `&terminal::input::Input` in the current scope
  --> app/src/integration_testing/input/assertions.rs:86:26
   |
86 |                     view.suggestions_mode_model().as_ref(ctx).mode(),
   |                          ^^^^^^^^^^^^^^^^^^^^^^ method not found in `&terminal::input::Input`

error[E0599]: no method named `latest_buffer_operations` found for reference `&terminal::input::Input` in the current scope
   --> app/src/integration_testing/input/assertions.rs:104:36
    |
104 |                 async_assert!(view.latest_buffer_operations().count() == 0)
    |                                    ^^^^^^^^^^^^^^^^^^^^^^^^ method not found in `&terminal::input::Input`

error[E0599]: no method named `latest_buffer_operations` found for reference `&terminal::input::Input` in the current scope
   --> app/src/integration_testing/input/assertions.rs:106:36
    |
106 |                 async_assert!(view.latest_buffer_operations().count() > 0)
    |                                    ^^^^^^^^^^^^^^^^^^^^^^^^ method not found in `&terminal::input::Input`

error[E0599]: no method named `view_id` found for mutable reference `&mut terminal::view::TerminalView` in the current scope
  --> app/src/integration_testing/input/step.rs:28:36
   |
28 |                 let view_id = view.view_id();
   |                                    ^^^^^^^ private field, not a method

error[E0282]: type annotations needed
  --> app/src/integration_testing/input/step.rs:30:65
   |
30 |                 CLIAgentSessionsModel::handle(ctx).update(ctx, |sessions, ctx| {
   |                                                                 ^^^^^^^^
31 |                     sessions.set_session(
   |                     -------- type must be known at this point
   |
help: consider giving this closure parameter an explicit type
   |
30 |                 CLIAgentSessionsModel::handle(ctx).update(ctx, |sessions: /* Type */, ctx| {
   |                                                                         ++++++++++++

error[E0282]: type annotations needed
  --> app/src/integration_testing/input/step.rs:50:65
   |
50 |                 CLIAgentSessionsModel::handle(ctx).update(ctx, |sessions, ctx| {
   |                                                                 ^^^^^^^^
51 |                     sessions.open_input(
   |                     -------- type must be known at this point
   |
help: consider giving this closure parameter an explicit type
   |
50 |                 CLIAgentSessionsModel::handle(ctx).update(ctx, |sessions: /* Type */, ctx| {
   |                                                                         ++++++++++++

error[E0599]: no variant named `OpenInputContextMenu` found for enum `terminal::view::action::TerminalAction`
   --> app/src/integration_testing/input/step.rs:126:34
    |
126 |                 &TerminalAction::OpenInputContextMenu {
    |                                  ^^^^^^^^^^^^^^^^^^^^ variant not found in `terminal::view::action::TerminalAction`
    |
   ::: app/src/terminal/view/action.rs:14:1
    |
 14 | pub enum TerminalAction {
    | ----------------------- variant `OpenInputContextMenu` not found here

error[E0599]: no method named `agent_input_footer` found for reference `&terminal::input::Input` in the current scope
   --> app/src/integration_testing/input/step.rs:140:57
    |
140 |             let footer = input.read(app, |view, _| view.agent_input_footer().clone());
    |                                                         ^^^^^^^^^^^^^^^^^^ method not found in `&terminal::input::Input`

error[E0282]: type annotations needed
   --> app/src/integration_testing/input/step.rs:141:36
    |
141 |             footer.update(app, |_, ctx| {
    |                                    ^^^
142 |                 ctx.emit(AgentInputFooterEvent::ToggleInlineModelSelector {
    |                 --- type must be known at this point
    |
help: consider giving this closure parameter an explicit type
    |
141 |             footer.update(app, |_, ctx: /* Type */| {
    |                                       ++++++++++++

error[E0599]: no method named `is_palette_mode_enabled` found for reference `&workspace::view::Workspace` in the current scope
  --> app/src/integration_testing/navigation_palette/assertion.rs:24:27
   |
24 |                 workspace.is_palette_mode_enabled(PaletteMode::Navigation, ctx),
   |                           ^^^^^^^^^^^^^^^^^^^^^^^ method not found in `&workspace::view::Workspace`

error[E0599]: no method named `is_palette_open` found for reference `&workspace::view::Workspace` in the current scope
  --> app/src/integration_testing/navigation_palette/step.rs:28:27
   |
28 |                     !view.is_palette_open(),
   |                           ^^^^^^^^^^^^^^^ method not found in `&workspace::view::Workspace`

error[E0599]: no method named `content` found for reference `&notebooks::notebook::NotebookView` in the current scope
  --> app/src/integration_testing/notebook/assertion.rs:27:37
   |
27 |             let contents = notebook.content(ctx);
   |                                     ^^^^^^^
   |
   = help: items from traits can only be used if the trait is implemented and in scope
   = note: the following trait defines an item `content`, perhaps you need to implement it:
           candidate #1: `warp_editor::model::CoreEditorModel`
help: there is a method `focus_contents` with a similar name
   |
27 -             let contents = notebook.content(ctx);
27 +             let contents = notebook.focus_contents(ctx);
   |

error[E0282]: type annotations needed
  --> app/src/integration_testing/notebook/assertion.rs:40:29
   |
40 |                 .read(app, |cloud_model, _| {
   |                             ^^^^^^^^^^^
41 |                     let object = cloud_model
   |                                  ----------- type must be known at this point
   |
help: consider giving this closure parameter an explicit type
   |
40 |                 .read(app, |cloud_model: /* Type */, _| {
   |                                        ++++++++++++

error[E0282]: type annotations needed
  --> app/src/integration_testing/notebook/assertion.rs:43:32
   |
43 |                         .find(|p| p.model().string_model == expected_preference)
   |                                ^  - type must be known at this point
   |
help: consider giving this closure parameter an explicit type
   |
43 |                         .find(|p: /* Type */| p.model().string_model == expected_preference)
   |                                 ++++++++++++

error[E0061]: this method takes 0 arguments but 1 argument was supplied
   --> app/src/integration_testing/notebook/assertion.rs:75:31
    |
 75 |             let id = notebook.notebook_id(ctx);
    |                               ^^^^^^^^^^^ --- unexpected argument of type `&warpui_core::AppContext`
    |
note: method defined here
   --> app/src/notebooks/notebook.rs:159:12
    |
159 |     pub fn notebook_id(&self) -> Option<NotebookId> {
    |            ^^^^^^^^^^^
help: remove the extra argument
    |
 75 -             let id = notebook.notebook_id(ctx);
 75 +             let id = notebook.notebook_id();
    |

error[E0599]: no method named `is_open_in_warp_banner_open` found for reference `&terminal::view::TerminalView` in the current scope
   --> app/src/integration_testing/notebook/assertion.rs:154:22
    |
154 |                 view.is_open_in_warp_banner_open(),
    |                      ^^^^^^^^^^^^^^^^^^^^^^^^^^^ method not found in `&terminal::view::TerminalView`

error[E0599]: no method named `input_editor` found for reference `&notebooks::notebook::NotebookView` in the current scope
   --> app/src/integration_testing/notebook/assertion.rs:168:50
    |
168 |             .read(app, |notebook, _ctx| notebook.input_editor());
    |                                                  ^^^^^^^^^^^^ method not found in `&notebooks::notebook::NotebookView`

error[E0282]: type annotations needed
   --> app/src/integration_testing/notebook/assertion.rs:169:27
    |
169 |         editor.read(app, |editor, ctx| {
    |                           ^^^^^^
170 |             let is_mermaid_diagram = editor
    |                                      ------ type must be known at this point
    |
help: consider giving this closure parameter an explicit type
    |
169 |         editor.read(app, |editor: /* Type */, ctx| {
    |                                 ++++++++++++

error[E0599]: no method named `input_editor` found for reference `&notebooks::notebook::NotebookView` in the current scope
  --> app/src/integration_testing/notebook/step.rs:25:46
   |
25 |         .read(app, |notebook, _ctx| notebook.input_editor())
   |                                              ^^^^^^^^^^^^ method not found in `&notebooks::notebook::NotebookView`

error[E0282]: type annotations needed
  --> app/src/integration_testing/notebook/step.rs:36:53
   |
36 |             UpdateManager::handle(app).update(app, |update_manager, ctx| {
   |                                                     ^^^^^^^^^^^^^^
37 |                 update_manager.create_notebook(
   |                 -------------- type must be known at this point
   |
help: consider giving this closure parameter an explicit type
   |
36 |             UpdateManager::handle(app).update(app, |update_manager: /* Type */, ctx| {
   |                                                                   ++++++++++++

error[E0282]: type annotations needed
  --> app/src/integration_testing/notebook/step.rs:56:48
   |
56 |             CloudModel::handle(app).read(app, |cloud_model, ctx| {
   |                                                ^^^^^^^^^^^
57 |                 async_assert!(
58 |                     cloud_model
   |                     ----------- type must be known at this point
   |
help: consider giving this closure parameter an explicit type
   |
56 |             CloudModel::handle(app).read(app, |cloud_model: /* Type */, ctx| {
   |                                                           ++++++++++++

error[E0061]: this method takes 3 arguments but 4 arguments were supplied
   --> app/src/integration_testing/notebook/step.rs:80:23
    |
 80 |             workspace.open_notebook(
    |                       ^^^^^^^^^^^^^
 81 |                 &NotebookSource::Existing(*notebook_id),
 82 |                 &OpenWarpDriveObjectSettings::default(),
    |                 --------------------------------------- unexpected argument #2
    |
note: method defined here
   --> app/src/workspace/view.rs:568:12
    |
568 |     pub fn open_notebook(
    |            ^^^^^^^^^^^^^
help: remove the extra argument
    |
 81 -                 &NotebookSource::Existing(*notebook_id),
 82 -                 &OpenWarpDriveObjectSettings::default(),
 81 +                 &NotebookSource::Existing(*notebook_id),
    |

error[E0599]: no method named `toggle_mode` found for mutable reference `&mut notebooks::notebook::NotebookView` in the current scope
  --> app/src/integration_testing/notebook/step.rs:99:59
   |
99 |             notebook.update(app, |notebook, ctx| notebook.toggle_mode(ctx));
   |                                                           ^^^^^^^^^^^ method not found in `&mut notebooks::notebook::NotebookView`

error[E0282]: type annotations needed
   --> app/src/integration_testing/notebook/step.rs:101:33
    |
101 |             editor.update(app, |editor, ctx| {
    |                                 ^^^^^^
102 |                 editor.reset_with_markdown(&markdown, ctx);
    |                 ------ type must be known at this point
    |
help: consider giving this closure parameter an explicit type
    |
101 |             editor.update(app, |editor: /* Type */, ctx| {
    |                                       ++++++++++++

error[E0282]: type annotations needed
   --> app/src/integration_testing/notebook/step.rs:115:29
    |
115 |         editor.update(app, |editor, ctx| {
    |                             ^^^^^^
116 |             editor.model().update(ctx, |model, ctx| {
    |             ------ type must be known at this point
    |
help: consider giving this closure parameter an explicit type
    |
115 |         editor.update(app, |editor: /* Type */, ctx| {
    |                                   ++++++++++++

error[E0282]: type annotations needed
   --> app/src/integration_testing/notebook/step.rs:116:41
    |
116 |             editor.model().update(ctx, |model, ctx| {
    |                                         ^^^^^
117 |                 model.cursor_at(CharOffset::from(offset), ctx)
    |                 ----- type must be known at this point
    |
help: consider giving this closure parameter an explicit type
    |
116 |             editor.model().update(ctx, |model: /* Type */, ctx| {
    |                                              ++++++++++++

error[E0599]: no method named `number_of_shared_sessions` found for reference `&pane_group::PaneGroup` in the current scope
    --> app/src/integration_testing/pane_group/assertions.rs:13:35
     |
  13 |             async_assert_eq!(view.number_of_shared_sessions(ctx), num_shared_sessions)
     |                                   ^^^^^^^^^^^^^^^^^^^^^^^^^
     |
help: there is a method `pane_sessions` with a similar name, but with different arguments
    --> app/src/pane_group/mod.rs:1454:5
     |
1454 | /     pub fn pane_sessions<'a>(
1455 | |         &'a self,
1456 | |         pane_group_id: EntityId,
1457 | |         window_id: WindowId,
1458 | |         app: &'a AppContext,
1459 | |     ) -> impl Iterator<Item = SessionNavigationData> + 'a {
     | |_________________________________________________________^

error[E0599]: no method named `is_secret_tooltip_open` found for reference `&terminal::view::TerminalView` in the current scope
  --> app/src/integration_testing/secret_redaction/assertion.rs:18:35
   |
18 |             async_assert_eq!(view.is_secret_tooltip_open(), open, "{}", error_message)
   |                                   ^^^^^^^^^^^^^^^^^^^^^^ method not found in `&terminal::view::TerminalView`

error[E0282]: type annotations needed
  --> app/src/integration_testing/settings/execution_profiles.rs:52:19
   |
52 |             .map(|profile| snapshot(profile.data()))
   |                   ^^^^^^^           ------- type must be known at this point
   |
help: consider giving this closure parameter an explicit type
   |
52 |             .map(|profile: /* Type */| snapshot(profile.data()))
   |                          ++++++++++++

error[E0282]: type annotations needed
  --> app/src/integration_testing/settings/execution_profiles.rs:67:23
   |
67 |         .update(app, |profiles, ctx| {
   |                       ^^^^^^^^
68 |             let profile_id = profiles
   |                              -------- type must be known at this point
   |
help: consider giving this closure parameter an explicit type
   |
67 |         .update(app, |profiles: /* Type */, ctx| {
   |                               ++++++++++++

error[E0599]: no variant or associated item named `DispatchToSettingsTab` found for enum `workspace::action::WorkspaceAction` in the current scope
  --> app/src/integration_testing/settings/step.rs:34:61
   |
34 |             dispatch_workspace_action(app, WorkspaceAction::DispatchToSettingsTab(action.clone()));
   |                                                             ^^^^^^^^^^^^^^^^^^^^^ variant or associated item not found in `workspace::action::WorkspaceAction`
   |
  ::: app/src/workspace/action.rs:50:1
   |
50 | pub enum WorkspaceAction {
   | ------------------------ variant or associated item `DispatchToSettingsTab` not found for this enum

error[E0599]: no method named `block_banner` found for reference `&terminal::model::block::Block` in the current scope
   --> app/src/integration_testing/subshell/step.rs:104:26
    |
100 | /                     view.model
101 | |                         .lock()
102 | |                         .block_list_mut()
103 | |                         .active_block()
104 | |                         .block_banner(),
    | |                         -^^^^^^^^^^^^ method not found in `&terminal::model::block::Block`
    | |_________________________|
    |

error[E0599]: no method named `terminal_position_id` found for reference `&terminal::view::TerminalView` in the current scope
   --> app/src/integration_testing/terminal/assertion.rs:186:71
    |
186 |                 .element_position_by_id_at_last_frame(window_id, view.terminal_position_id())
    |                                                                       ^^^^^^^^^^^^^^^^^^^^ method not found in `&terminal::view::TerminalView`

error[E0599]: no method named `is_selecting` found for reference `&terminal::view::TerminalView` in the current scope
   --> app/src/integration_testing/terminal/assertion.rs:219:42
    |
219 |             let view_is_selecting = view.is_selecting();
    |                                          ^^^^^^^^^^^^ private field, not a method

error[E0599]: no method named `waterfall_background_position_id` found for reference `&terminal::view::TerminalView` in the current scope
   --> app/src/integration_testing/terminal/assertion.rs:239:26
    |
239 |                     view.waterfall_background_position_id(),
    |                          ^^^^^^^^^^^^^^^^^^^^^^^^^^^^^^^^ method not found in `&terminal::view::TerminalView`

error[E0599]: no method named `is_input_box_visible` found for reference `&terminal::view::TerminalView` in the current scope
   --> app/src/integration_testing/terminal/assertion.rs:371:34
    |
371 |         let input_visible = view.is_input_box_visible(&model, ctx);
    |                                  ^^^^^^^^^^^^^^^^^^^^ method not found in `&terminal::view::TerminalView`

error[E0599]: no method named `selected_blocks_tail_index` found for reference `&terminal::view::TerminalView` in the current scope
   --> app/src/integration_testing/terminal/assertion.rs:401:18
    |
400 |               let selected_block_index = view
    |  ________________________________________-
401 | |                 .selected_blocks_tail_index()
    | |                 -^^^^^^^^^^^^^^^^^^^^^^^^^^ method not found in `&terminal::view::TerminalView`
    | |_________________|
    |

error[E0599]: no method named `selected_blocks_tail_index` found for reference `&terminal::view::TerminalView` in the current scope
   --> app/src/integration_testing/terminal/assertion.rs:434:18
    |
433 |               let selected_block_index = view
    |  ________________________________________-
434 | |                 .selected_blocks_tail_index()
    | |                 -^^^^^^^^^^^^^^^^^^^^^^^^^^ method not found in `&terminal::view::TerminalView`
    | |_________________|
    |

error[E0599]: no method named `is_context_menu_open` found for reference `&terminal::view::TerminalView` in the current scope
   --> app/src/integration_testing/terminal/assertion.rs:576:22
    |
576 |                 view.is_context_menu_open(),
    |                      ^^^^^^^^^^^^^^^^^^^^ method not found in `&terminal::view::TerminalView`

error[E0308]: mismatched types
   --> app/src/integration_testing/terminal/assertion.rs:720:38
    |
720 |                 .get_pane_group_view(tab_index)
    |                  ------------------- ^^^^^^^^^ expected `EntityId`, found `usize`
    |                  |
    |                  arguments to this method are incorrect
    |
note: method defined here
   --> app/src/workspace/view.rs:395:12
    |
395 |     pub fn get_pane_group_view(&self, id: EntityId) -> Option<&ViewHandle<PaneGroup>> {
    |            ^^^^^^^^^^^^^^^^^^^        ------------

error[E0599]: no method named `scroll_position` found for reference `&terminal::view::TerminalView` in the current scope
   --> app/src/integration_testing/terminal/assertion.rs:762:47
    |
762 |             let actual_scroll_position = view.scroll_position();
    |                                               ^^^^^^^^^^^^^^^ method not found in `&terminal::view::TerminalView`

error[E0599]: no method named `suggestions_mode_model` found for reference `&terminal::input::Input` in the current scope
  --> app/src/integration_testing/terminal/step.rs:95:31
   |
95 |                         input.suggestions_mode_model().as_ref(ctx).mode(),
   |                               ^^^^^^^^^^^^^^^^^^^^^^ method not found in `&terminal::input::Input`

error[E0599]: no method named `suggestions_mode_model` found for reference `&terminal::input::Input` in the current scope
  --> app/src/integration_testing/terminal/step.rs:99:35
   |
99 | ...                   input.suggestions_mode_model().as_ref(ctx).mode(),
   |                             ^^^^^^^^^^^^^^^^^^^^^^ method not found in `&terminal::input::Input`

error[E0599]: no method named `hovered_block_index` found for reference `&terminal::view::TerminalView` in the current scope
   --> app/src/integration_testing/terminal/step.rs:455:26
    |
455 |                     view.hovered_block_index(),
    |                          ^^^^^^^^^^^^^^^^^^^ method not found in `&terminal::view::TerminalView`

error[E0599]: no method named `hovered_block_index` found for reference `&terminal::view::TerminalView` in the current scope
   --> app/src/integration_testing/terminal/step.rs:457:26
    |
457 |                     view.hovered_block_index()
    |                          ^^^^^^^^^^^^^^^^^^^ method not found in `&terminal::view::TerminalView`

error[E0599]: no method named `is_theme_chooser_open` found for reference `&workspace::view::Workspace` in the current scope
  --> app/src/integration_testing/themes/step.rs:14:27
   |
14 |                 workspace.is_theme_chooser_open(),
   |                           ^^^^^^^^^^^^^^^^^^^^^ method not found in `&workspace::view::Workspace`

error[E0599]: no method named `input_suggestions` found for reference `&terminal::input::Input` in the current scope
  --> app/src/integration_testing/view_getters.rs:73:37
   |
73 |         .read(app, |input, _| input.input_suggestions().to_owned())
   |                                     ^^^^^^^^^^^^^^^^^ method not found in `&terminal::input::Input`

error[E0308]: mismatched types
   --> app/src/integration_testing/view_getters.rs:201:34
    |
201 |             .get_pane_group_view(tab_index)
    |              ------------------- ^^^^^^^^^ expected `EntityId`, found `usize`
    |              |
    |              arguments to this method are incorrect
    |
note: method defined here
   --> app/src/workspace/view.rs:395:12
    |
395 |     pub fn get_pane_group_view(&self, id: EntityId) -> Option<&ViewHandle<PaneGroup>> {
    |            ^^^^^^^^^^^^^^^^^^^        ------------

error[E0599]: no method named `command_palette_view` found for reference `&workspace::view::Workspace` in the current scope
   --> app/src/integration_testing/view_getters.rs:255:53
    |
255 |     workspace.read(app, |workspace, _ctx| workspace.command_palette_view())
    |                                                     ^^^^^^^^^^^^^^^^^^^^ method not found in `&workspace::view::Workspace`

error[E0599]: no method named `is_team_workflow` found for reference `&workflows::workflow_view::WorkflowView` in the current scope
   --> app/src/integration_testing/workflow/assertion.rs:50:52
    |
 50 |             .filter(|view| view.read(app, |v, _| v.is_team_workflow()))
    |                                                    ^^^^^^^^^^^^^^^^
    |
help: there is a method `workflow` with a similar name, but with different arguments
   --> app/src/workflows/workflow_view.rs:107:5
    |
107 |     pub fn workflow(&self, app: &AppContext) -> Workflow {
    |     ^^^^^^^^^^^^^^^^^^^^^^^^^^^^^^^^^^^^^^^^^^^^^^^^^^^^

error[E0599]: no method named `is_team_workflow` found for reference `&workflows::workflow_view::WorkflowView` in the current scope
   --> app/src/integration_testing/workflow/assertion.rs:70:52
    |
 70 |             .filter(|view| view.read(app, |v, _| v.is_team_workflow()))
    |                                                    ^^^^^^^^^^^^^^^^
    |
help: there is a method `workflow` with a similar name, but with different arguments
   --> app/src/workflows/workflow_view.rs:107:5
    |
107 |     pub fn workflow(&self, app: &AppContext) -> Workflow {
    |     ^^^^^^^^^^^^^^^^^^^^^^^^^^^^^^^^^^^^^^^^^^^^^^^^^^^^

error[E0282]: type annotations needed
  --> app/src/integration_testing/workflow/step.rs:25:53
   |
25 |             UpdateManager::handle(app).update(app, |update_manager, ctx| {
   |                                                     ^^^^^^^^^^^^^^
26 |                 update_manager.create_workflow(
   |                 -------------- type must be known at this point
   |
help: consider giving this closure parameter an explicit type
   |
25 |             UpdateManager::handle(app).update(app, |update_manager: /* Type */, ctx| {
   |                                                                   ++++++++++++

error[E0282]: type annotations needed
  --> app/src/integration_testing/workflow/step.rs:42:48
   |
42 |             CloudModel::handle(app).read(app, |cloud_model, ctx| {
   |                                                ^^^^^^^^^^^
43 |                 async_assert!(
44 |                     cloud_model
   |                     ----------- type must be known at this point
   |
help: consider giving this closure parameter an explicit type
   |
42 |             CloudModel::handle(app).read(app, |cloud_model: /* Type */, ctx| {
   |                                                           ++++++++++++

error[E0533]: expected value, found struct variant `WorkflowOpenSource::Existing`
  --> app/src/integration_testing/workflow/step.rs:70:22
   |
70 |                     &WorkflowOpenSource::Existing(*workflow_id),
   |                      ^^^^^^^^^^^^^^^^^^^^^^^^^^^^ not a value
   |
help: you might have meant to create a new value of the struct
   |
70 -                     &WorkflowOpenSource::Existing(*workflow_id),
70 +                     &WorkflowOpenSource::Existing { id: /* value */, workflow: /* value */ },
   |

error[E0061]: this method takes 3 arguments but 4 arguments were supplied
   --> app/src/integration_testing/workflow/step.rs:69:27
    |
 69 |                 workspace.open_workflow_in_pane(
    |                           ^^^^^^^^^^^^^^^^^^^^^
...
 72 |                     WorkflowViewMode::View,
    |                     ---------------------- unexpected argument #3 of type `workflows::WorkflowViewMode`
    |
note: method defined here
   --> app/src/workspace/view.rs:587:12
    |
587 |     pub fn open_workflow_in_pane(
    |            ^^^^^^^^^^^^^^^^^^^^^
help: remove the extra argument
    |
 71 -                     &OpenWarpDriveObjectSettings::default(),
 72 -                     WorkflowViewMode::View,
 71 +                     &OpenWarpDriveObjectSettings::default(),
    |

error[E0599]: no method named `is_native_quit_modal_open` found for reference `&workspace::view::Workspace` in the current scope
  --> app/src/integration_testing/workspace/step.rs:19:43
   |
19 |                     workspace.as_ref(ctx).is_native_quit_modal_open(ctx),
   |                                           ^^^^^^^^^^^^^^^^^^^^^^^^^ method not found in `&workspace::view::Workspace`

error[E0599]: no function or associated item named `press_native_modal_button` found for struct `workspace::view::Workspace` in the current scope
  --> app/src/integration_testing/workspace/step.rs:22:28
   |
22 |                 Workspace::press_native_modal_button(&workspace, button_index, ctx);
   |                            ^^^^^^^^^^^^^^^^^^^^^^^^^ function or associated item not found in `workspace::view::Workspace`
   |
  ::: app/src/workspace/view.rs:53:1
   |
53 | pub struct Workspace {
   | -------------------- function or associated item `press_native_modal_button` not found for this struct
   |
note: if you're trying to build a new `workspace::view::Workspace` consider using one of the following associated functions:
      workspace::view::Workspace::new
      workspace::view::Workspace::new_for_test
  --> app/src/workspace/view.rs:64:5
   |
64 | /     pub fn new(
65 | |         resources: GlobalResourceHandles,
66 | |         source: NewWorkspaceSource,
67 | |         ctx: &mut ViewContext<Self>,
68 | |     ) -> Self {
   | |_____________^
...
95 |       pub fn new_for_test(resources: GlobalResourceHandles, ctx: &mut ViewContext<Self>) -> Self {
   |       ^^^^^^^^^^^^^^^^^^^^^^^^^^^^^^^^^^^^^^^^^^^^^^^^^^^^^^^^^^^^^^^^^^^^^^^^^^^^^^^^^^^^^^^^^^

error[E0599]: no method named `is_native_quit_modal_open` found for reference `&workspace::view::Workspace` in the current scope
  --> app/src/integration_testing/workspace/step.rs:29:32
   |
29 |                     !workspace.is_native_quit_modal_open(ctx),
   |                                ^^^^^^^^^^^^^^^^^^^^^^^^^ method not found in `&workspace::view::Workspace`

error: unused import: `super::diff_viewer::DiffViewer`
  --> app/src/code/view.rs:33:5
   |
33 | use super::diff_viewer::DiffViewer;
   |     ^^^^^^^^^^^^^^^^^^^^^^^^^^^^^^

error: unused import: `warp_editor::model::CoreEditorModel`
  --> app/src/code_review/comment_list_view.rs:12:5
   |
12 | use warp_editor::model::CoreEditorModel;
   |     ^^^^^^^^^^^^^^^^^^^^^^^^^^^^^^^^^^^

error: unused import: `std::str::FromStr`
 --> app/src/persistence/sqlite.rs:3:5
  |
3 | use std::str::FromStr;
  |     ^^^^^^^^^^^^^^^^^

error: unused import: `SingletonEntity`
 --> app/src/session_management.rs:4:44
  |
4 | use warpui::{AppContext, Entity, EntityId, SingletonEntity, WindowId};
  |                                            ^^^^^^^^^^^^^^^

error: unused import: `SingletonEntity`
  --> app/src/util/tooltips.rs:10:49
   |
10 | use warpui::{AppContext, Element, EventContext, SingletonEntity};
   |                                                 ^^^^^^^^^^^^^^^

error: unused import: `warp_editor::model::CoreEditorModel`
  --> app/src/terminal/view.rs:16:5
   |
16 | use warp_editor::model::CoreEditorModel as _;
   |     ^^^^^^^^^^^^^^^^^^^^^^^^^^^^^^^^^^^

error: unused import: `Setting`
 --> app/src/settings_view/features_page.rs:1:16
  |
1 | use settings::{Setting as _, ToggleableSetting as _};
  |                ^^^^^^^

error: unused variable: `had_content`
   --> app/src/code/language_server_extension.rs:358:25
    |
358 |                     let had_content = !segments.is_empty();
    |                         ^^^^^^^^^^^ help: if this is intentional, prefix it with an underscore: `_had_content`
    |
    = note: `-D unused-variables` implied by `-D warnings`
    = help: to override `-D warnings` add `#[allow(unused_variables)]`

error: unused variable: `had_diagnostics`
   --> app/src/code/language_server_extension.rs:359:25
    |
359 |                     let had_diagnostics = !diagnostics.is_empty();
    |                         ^^^^^^^^^^^^^^^ help: if this is intentional, prefix it with an underscore: `_had_diagnostics`

error: unused variable: `server`
   --> app/src/code/language_server_extension.rs:360:33
    |
360 |                     if let Some(server) = me.lsp_server.as_ref() {
    |                                 ^^^^^^ help: if this is intentional, prefix it with an underscore: `_server`

error: unused variable: `server`
   --> app/src/code/local_code_editor.rs:779:21
    |
779 |         if let Some(server) = &self.lsp_server {
    |                     ^^^^^^ help: if this is intentional, prefix it with an underscore: `_server`

error: unused variable: `had_result`
    --> app/src/code/local_code_editor.rs:2121:21
     |
2121 |                 let had_result = matches!(&result, Ok(locations) if !locations.is_empty());
     |                     ^^^^^^^^^^ help: if this is intentional, prefix it with an underscore: `_had_result`

error: unused variable: `server_type`
    --> app/src/code/local_code_editor.rs:2123:29
     |
2123 |                 if let Some(server_type) = server_type_name {
     |                             ^^^^^^^^^^^ help: if this is intentional, prefix it with an underscore: `_server_type`

error: unused variable: `is_directory`
    --> app/src/code/file_tree/view.rs:2413:13
     |
2413 |         let is_directory = matches!(item, FileTreeItem::DirectoryHeader { .. });
     |             ^^^^^^^^^^^^ help: if this is intentional, prefix it with an underscore: `_is_directory`

error: unused variable: `st`
    --> app/src/code/footer.rs:1802:33
     |
1802 |                     if let Some(st) = server_type {
     |                                 ^^ help: if this is intentional, prefix it with an underscore: `_st`

error: unused variable: `server_name`
    --> app/src/code/footer.rs:1828:21
     |
1828 |                 let server_name = self
     |                     ^^^^^^^^^^^ help: if this is intentional, prefix it with an underscore: `_server_name`

error: unused variable: `app`
    --> app/src/code/view.rs:2050:22
     |
2050 |     fn render(&self, app: &AppContext) -> Box<dyn Element> {
     |                      ^^^ help: if this is intentional, prefix it with an underscore: `_app`

error: unused variable: `load_duration`
    --> app/src/code_review/code_review_view.rs:2378:9
     |
2378 |         load_duration: Option<Duration>,
     |         ^^^^^^^^^^^^^ help: if this is intentional, prefix it with an underscore: `_load_duration`

error: unused variable: `is_local`
    --> app/src/code_review/code_review_view.rs:2448:13
     |
2448 |         let is_local = self.repo_is_local();
     |             ^^^^^^^^ help: if this is intentional, prefix it with an underscore: `_is_local`

error: unused variable: `diff_mode`
    --> app/src/code_review/code_review_view.rs:2449:13
     |
2449 |         let diff_mode = self.diff_state_model.as_ref(ctx).diff_mode(ctx);
     |             ^^^^^^^^^ help: if this is intentional, prefix it with an underscore: `_diff_mode`

error: unused variable: `is_imported`
    --> app/src/code_review/code_review_view.rs:2698:17
     |
2698 |             let is_imported = model
     |                 ^^^^^^^^^^^ help: if this is intentional, prefix it with an underscore: `_is_imported`

error: unused variable: `active_count`
    --> app/src/code_review/code_review_view.rs:3520:18
     |
3520 |             let (active_count, outdated_count) = relocated_comments
     |                  ^^^^^^^^^^^^ help: if this is intentional, prefix it with an underscore: `_active_count`

error: unused variable: `outdated_count`
    --> app/src/code_review/code_review_view.rs:3520:32
     |
3520 |             let (active_count, outdated_count) = relocated_comments
     |                                ^^^^^^^^^^^^^^ help: if this is intentional, prefix it with an underscore: `_outdated_count`

error: unused variable: `app`
    --> app/src/code_review/code_review_view.rs:3942:9
     |
3942 |         app: &AppContext,
     |         ^^^ help: if this is intentional, prefix it with an underscore: `_app`

error: variable `has_changes` is assigned to, but never used
    --> app/src/code_review/code_review_view.rs:6090:13
     |
6090 |         let mut has_changes = false;
     |             ^^^^^^^^^^^^^^^
     |
     = note: consider using `_has_changes` instead

error: value assigned to `has_changes` is never read
    --> app/src/code_review/code_review_view.rs:6092:13
     |
6092 |             has_changes = !loaded.to_diff_stats().has_no_changes();
     |             ^^^^^^^^^^^^^^^^^^^^^^^^^^^^^^^^^^^^^^^^^^^^^^^^^^^^^^
     |
     = help: maybe it is overwritten before being read?
     = note: `-D unused-assignments` implied by `-D warnings`
     = help: to override `-D warnings` add `#[allow(unused_assignments)]`

error: unused variable: `state_change`
    --> app/src/code_review/code_review_view.rs:6577:21
     |
6577 |                 let state_change = if is_currently_maximized {
     |                     ^^^^^^^^^^^^ help: if this is intentional, prefix it with an underscore: `_state_change`

error: unused variable: `branch`
    --> app/src/code_review/diff_state/local.rs:1350:29
     |
1350 |     pub fn create_pr(&self, branch: String, ctx: &mut ModelContext<Self>) {
     |                             ^^^^^^ help: if this is intentional, prefix it with an underscore: `_branch`

error: unused variable: `load_duration`
    --> app/src/code_review/diff_state/local.rs:1635:21
     |
1635 |                 let load_duration = self
     |                     ^^^^^^^^^^^^^ help: if this is intentional, prefix it with an underscore: `_load_duration`

error: unused variable: `me`
   --> app/src/code_review/git_dialog/commit.rs:370:5
    |
370 |     me: &GitDialog,
    |     ^^ help: if this is intentional, prefix it with an underscore: `_me`

error: unused variable: `operation`
   --> app/src/code_review/git_dialog/commit.rs:375:9
    |
375 |     let operation = match intent {
    |         ^^^^^^^^^ help: if this is intentional, prefix it with an underscore: `_operation`

error: unused variable: `status`
   --> app/src/code_review/git_dialog/commit.rs:380:10
    |
380 |     let (status, error) = match &result {
    |          ^^^^^^ help: if this is intentional, prefix it with an underscore: `_status`

error: unused variable: `error`
   --> app/src/code_review/git_dialog/commit.rs:380:18
    |
380 |     let (status, error) = match &result {
    |                  ^^^^^ help: if this is intentional, prefix it with an underscore: `_error`

error: unused variable: `me`
   --> app/src/code_review/git_dialog/pr.rs:131:5
    |
131 |     me: &GitDialog,
    |     ^^ help: if this is intentional, prefix it with an underscore: `_me`

error: unused variable: `status`
   --> app/src/code_review/git_dialog/pr.rs:135:10
    |
135 |     let (status, error) = match &result {
    |          ^^^^^^ help: if this is intentional, prefix it with an underscore: `_status`

error: unused variable: `error`
   --> app/src/code_review/git_dialog/pr.rs:135:18
    |
135 |     let (status, error) = match &result {
    |                  ^^^^^ help: if this is intentional, prefix it with an underscore: `_error`

error: unused variable: `me`
   --> app/src/code_review/git_dialog/push.rs:113:5
    |
113 |     me: &GitDialog,
    |     ^^ help: if this is intentional, prefix it with an underscore: `_me`

error: unused variable: `status`
   --> app/src/code_review/git_dialog/push.rs:118:10
    |
118 |     let (status, error) = match &result {
    |          ^^^^^^ help: if this is intentional, prefix it with an underscore: `_status`

error: unused variable: `error`
   --> app/src/code_review/git_dialog/push.rs:118:18
    |
118 |     let (status, error) = match &result {
    |                  ^^^^^ help: if this is intentional, prefix it with an underscore: `_error`

error: unused variable: `operation`
   --> app/src/code_review/git_dialog/mod.rs:863:25
    |
863 |                     let operation = match &self.mode {
    |                         ^^^^^^^^^ help: if this is intentional, prefix it with an underscore: `_operation`

error: unused variable: `is_local`
   --> app/src/code_review/git_dialog/mod.rs:883:25
    |
883 |                     let is_local = !self.repo_location.is_remote();
    |                         ^^^^^^^^ help: if this is intentional, prefix it with an underscore: `_is_local`

error: unused variable: `has_no_changes`
   --> app/src/code_review/code_review_header/mod.rs:118:13
    |
118 |         let has_no_changes = state.to_diff_stats().has_no_changes();
    |             ^^^^^^^^^^^^^^ help: if this is intentional, prefix it with an underscore: `_has_no_changes`

error: unused variable: `has_no_changes`
   --> app/src/code_review/code_review_header/mod.rs:196:13
    |
196 |         let has_no_changes = state.to_diff_stats().has_no_changes();
    |             ^^^^^^^^^^^^^^ help: if this is intentional, prefix it with an underscore: `_has_no_changes`

error: unused variable: `memory_breakdown`
   --> app/src/system/info.rs:219:13
    |
219 |         let memory_breakdown = memory_footprint::memory_breakdown();
    |             ^^^^^^^^^^^^^^^^ help: if this is intentional, prefix it with an underscore: `_memory_breakdown`

error: unused variable: `total_application_usage_bytes`
   --> app/src/system/info.rs:234:13
    |
234 |         let total_application_usage_bytes = rss.as_u64();
    |             ^^^^^^^^^^^^^^^^^^^^^^^^^^^^^ help: if this is intentional, prefix it with an underscore: `_total_application_usage_bytes`

error: unused variable: `cpu_usage_stats`
   --> app/src/system/info.rs:379:13
    |
379 |         let cpu_usage_stats = Self::compute_cpu_usage_stats(samples);
    |             ^^^^^^^^^^^^^^^ help: if this is intentional, prefix it with an underscore: `_cpu_usage_stats`

error: unused variable: `memory_usage_stats`
   --> app/src/system/info.rs:380:13
    |
380 |         let memory_usage_stats = Self::compute_memory_usage_stats(total_application_usage, ctx);
    |             ^^^^^^^^^^^^^^^^^^ help: if this is intentional, prefix it with an underscore: `_memory_usage_stats`

error: unused variable: `app`
  --> app/src/util/tooltips.rs:63:5
   |
63 |     app: &AppContext,
   |     ^^^ help: if this is intentional, prefix it with an underscore: `_app`

error: unused variable: `app`
   --> app/src/view_components/compactible_action_button.rs:229:5
    |
229 |     app: &AppContext,
    |     ^^^ help: if this is intentional, prefix it with an underscore: `_app`

error: unused variable: `ctx`
    --> app/src/editor/view/mod.rs:7307:31
     |
7307 |     fn render_controls(&self, ctx: &AppContext) -> Option<Box<dyn Element>> {
     |                               ^^^ help: if this is intentional, prefix it with an underscore: `_ctx`

error: unused import: `SingletonEntity`
  --> app/src/code_review/find_model_tests.rs:10:46
   |
10 | use warpui::{App, Element as _, ModelHandle, SingletonEntity, ViewHandle};
   |                                              ^^^^^^^^^^^^^^^

error: unused import: `SingletonEntity`
   --> app/src/terminal/mock_terminal_manager.rs:116:32
    |
116 |     use warpui::{App, Element, SingletonEntity};
    |                                ^^^^^^^^^^^^^^^

error: unused variable: `ctx`
  --> app/src/pane_group/pane/terminal_pane.rs:69:9
   |
69 |         ctx: &AppContext,
   |         ^^^ help: if this is intentional, prefix it with an underscore: `_ctx`

error: unused variable: `app`
   --> app/src/pane_group/pane/view/header/mod.rs:376:39
    |
376 |     fn render_toolbelt_buttons(&self, app: &AppContext) -> Box<dyn Element> {
    |                                       ^^^ help: if this is intentional, prefix it with an underscore: `_app`

error: unused variable: `app`
   --> app/src/search/command_search/view.rs:205:71
    |
205 |                 let source = History::handle(ctx).read(ctx, |history, app| {
    |                                                                       ^^^ help: if this is intentional, prefix it with an underscore: `_app`

error: unused variable: `buffer_length`
   --> app/src/search/command_search/view.rs:283:13
    |
283 |         let buffer_length = self.search_bar.as_ref(ctx).query(ctx).len();
    |             ^^^^^^^^^^^^^ help: if this is intentional, prefix it with an underscore: `_buffer_length`

error: unused variable: `buffer_length`
   --> app/src/search/command_search/view.rs:302:21
    |
302 |                 let buffer_length = self.search_bar.as_ref(ctx).query(ctx).len();
    |                     ^^^^^^^^^^^^^ help: if this is intentional, prefix it with an underscore: `_buffer_length`

error: unused variable: `buffer_len`
   --> app/src/search/command_search/view.rs:313:45
    |
313 |             SearchBarEvent::BufferCleared { buffer_len } => {
    |                                             ^^^^^^^^^^ help: try ignoring the field: `buffer_len: _`

error: unused variable: `result_index`
   --> app/src/search/command_search/view.rs:390:17
    |
390 |             let result_index = match self.search_bar_state.as_ref(ctx).query_result_renderers() {
    |                 ^^^^^^^^^^^^ help: if this is intentional, prefix it with an underscore: `_result_index`

error: unused variable: `imported_settings`
   --> app/src/settings/import/view.rs:890:13
    |
890 |         let imported_settings = model.read(ctx, |model, _ctx| {
    |             ^^^^^^^^^^^^^^^^^ help: if this is intentional, prefix it with an underscore: `_imported_settings`

error: unused variable: `new_val`
   --> app/src/settings_view/appearance_page.rs:659:28
    |
659 |                         Ok(new_val) => {
    |                            ^^^^^^^ help: if this is intentional, prefix it with an underscore: `_new_val`

error: unused variable: `new_value`
    --> app/src/settings_view/appearance_page.rs:2216:20
     |
2216 |                 Ok(new_value) => {
     |                    ^^^^^^^^^ help: if this is intentional, prefix it with an underscore: `_new_value`

error: unused variable: `old_mode`
    --> app/src/settings_view/appearance_page.rs:2262:13
     |
2262 |         let old_mode = *InputModeSettings::as_ref(ctx).input_mode.value();
     |             ^^^^^^^^ help: if this is intentional, prefix it with an underscore: `_old_mode`

error: unused variable: `is_udi_enabled`
    --> app/src/settings_view/appearance_page.rs:2291:17
     |
2291 |             let is_udi_enabled = new_type == InputBoxType::Universal;
     |                 ^^^^^^^^^^^^^^ help: if this is intentional, prefix it with an underscore: `_is_udi_enabled`

error: unused variable: `previous_value`
    --> app/src/settings_view/appearance_page.rs:2446:13
     |
2446 |         let previous_value = TabSettings::handle(ctx).update(ctx, |tab_settings, ctx| {
     |             ^^^^^^^^^^^^^^ help: if this is intentional, prefix it with an underscore: `_previous_value`

error: unused variable: `new_value`
    --> app/src/settings_view/appearance_page.rs:2466:14
     |
2466 |         let (new_value, previous_value) =
     |              ^^^^^^^^^ help: if this is intentional, prefix it with an underscore: `_new_value`

error: unused variable: `previous_value`
    --> app/src/settings_view/appearance_page.rs:2466:25
     |
2466 |         let (new_value, previous_value) =
     |                         ^^^^^^^^^^^^^^ help: if this is intentional, prefix it with an underscore: `_previous_value`

error: unused variable: `view`
    --> app/src/settings_view/appearance_page.rs:2829:9
     |
2829 |         view: &Self::View,
     |         ^^^^ help: if this is intentional, prefix it with an underscore: `_view`

error: unused variable: `view`
    --> app/src/settings_view/appearance_page.rs:3272:9
     |
3272 |         view: &Self::View,
     |         ^^^^ help: if this is intentional, prefix it with an underscore: `_view`

error: unused variable: `view`
    --> app/src/settings_view/appearance_page.rs:3393:9
     |
3393 |         view: &Self::View,
     |         ^^^^ help: if this is intentional, prefix it with an underscore: `_view`

error: unused variable: `app`
    --> app/src/settings_view/appearance_page.rs:3580:9
     |
3580 |         app: &AppContext,
     |         ^^^ help: if this is intentional, prefix it with an underscore: `_app`

error: unused variable: `view`
    --> app/src/settings_view/appearance_page.rs:3608:9
     |
3608 |         view: &Self::View,
     |         ^^^^ help: if this is intentional, prefix it with an underscore: `_view`

error: unused variable: `view`
    --> app/src/settings_view/appearance_page.rs:3646:9
     |
3646 |         view: &Self::View,
     |         ^^^^ help: if this is intentional, prefix it with an underscore: `_view`

error: unused variable: `view`
    --> app/src/settings_view/appearance_page.rs:3684:9
     |
3684 |         view: &Self::View,
     |         ^^^^ help: if this is intentional, prefix it with an underscore: `_view`

error: unused variable: `view`
    --> app/src/settings_view/appearance_page.rs:3727:9
     |
3727 |         view: &Self::View,
     |         ^^^^ help: if this is intentional, prefix it with an underscore: `_view`

error: unused variable: `view`
    --> app/src/settings_view/appearance_page.rs:3771:9
     |
3771 |         view: &Self::View,
     |         ^^^^ help: if this is intentional, prefix it with an underscore: `_view`

error: unused variable: `app`
    --> app/src/settings_view/appearance_page.rs:3905:9
     |
3905 |         app: &AppContext,
     |         ^^^ help: if this is intentional, prefix it with an underscore: `_app`

error: unused variable: `app`
    --> app/src/settings_view/appearance_page.rs:4158:9
     |
4158 |         app: &AppContext,
     |         ^^^ help: if this is intentional, prefix it with an underscore: `_app`

error: unused variable: `app`
    --> app/src/settings_view/appearance_page.rs:4186:9
     |
4186 |         app: &AppContext,
     |         ^^^ help: if this is intentional, prefix it with an underscore: `_app`

error: unused variable: `view`
    --> app/src/settings_view/appearance_page.rs:4215:9
     |
4215 |         view: &Self::View,
     |         ^^^^ help: if this is intentional, prefix it with an underscore: `_view`

error: unused variable: `view`
    --> app/src/settings_view/appearance_page.rs:4272:9
     |
4272 |         view: &Self::View,
     |         ^^^^ help: if this is intentional, prefix it with an underscore: `_view`

error: unused variable: `view`
    --> app/src/settings_view/appearance_page.rs:4340:9
     |
4340 |         view: &Self::View,
     |         ^^^^ help: if this is intentional, prefix it with an underscore: `_view`

error: unused variable: `app`
    --> app/src/settings_view/appearance_page.rs:4380:9
     |
4380 |         app: &AppContext,
     |         ^^^ help: if this is intentional, prefix it with an underscore: `_app`

error: unused variable: `view`
    --> app/src/settings_view/appearance_page.rs:4408:9
     |
4408 |         view: &Self::View,
     |         ^^^^ help: if this is intentional, prefix it with an underscore: `_view`

error: unused variable: `view`
    --> app/src/settings_view/appearance_page.rs:4448:9
     |
4448 |         view: &Self::View,
     |         ^^^^ help: if this is intentional, prefix it with an underscore: `_view`

error: unused variable: `view`
    --> app/src/settings_view/appearance_page.rs:4488:9
     |
4488 |         view: &Self::View,
     |         ^^^^ help: if this is intentional, prefix it with an underscore: `_view`

error: unused variable: `view`
    --> app/src/settings_view/appearance_page.rs:4528:9
     |
4528 |         view: &Self::View,
     |         ^^^^ help: if this is intentional, prefix it with an underscore: `_view`

error: unused variable: `view`
    --> app/src/settings_view/appearance_page.rs:4573:9
     |
4573 |         view: &Self::View,
     |         ^^^^ help: if this is intentional, prefix it with an underscore: `_view`

error: unused variable: `view`
    --> app/src/settings_view/appearance_page.rs:4618:9
     |
4618 |         view: &Self::View,
     |         ^^^^ help: if this is intentional, prefix it with an underscore: `_view`

error: unused variable: `app`
    --> app/src/settings_view/appearance_page.rs:4886:9
     |
4886 |         app: &AppContext,
     |         ^^^ help: if this is intentional, prefix it with an underscore: `_app`

error: unused variable: `new_value`
   --> app/src/settings_view/features/external_editor.rs:231:13
    |
231 |         let new_value = EditorSettings::handle(ctx).update(ctx, |settings, ctx| {
    |             ^^^^^^^^^ help: if this is intentional, prefix it with an underscore: `_new_value`

error: unused variable: `new_value`
   --> app/src/settings_view/features/external_editor.rs:248:13
    |
248 |         let new_value = EditorSettings::handle(ctx).update(ctx, |settings, ctx| {
    |             ^^^^^^^^^ help: if this is intentional, prefix it with an underscore: `_new_value`

error: unused variable: `app`
    --> app/src/settings_view/keybindings.rs:1102:9
     |
1102 |         app: &AppContext,
     |         ^^^ help: if this is intentional, prefix it with an underscore: `_app`

error: unused variable: `app`
   --> app/src/settings_view/scripting_page.rs:156:9
    |
156 |         app: &AppContext,
    |         ^^^ help: if this is intentional, prefix it with an underscore: `_app`

error: unused variable: `selected_range`
   --> app/src/terminal/alt_screen/alt_screen_element.rs:191:9
    |
191 |         selected_range: &Range<usize>,
    |         ^^^^^^^^^^^^^^ help: if this is intentional, prefix it with an underscore: `_selected_range`

error: unused variable: `app`
   --> app/src/terminal/alt_screen/alt_screen_element.rs:303:9
    |
303 |         app: &AppContext,
    |         ^^^ help: if this is intentional, prefix it with an underscore: `_app`

error: unused variable: `ctx`
   --> app/src/terminal/alt_screen/alt_screen_element.rs:906:41
    |
906 |     fn scroll(&mut self, delta: Pixels, ctx: &mut EventContext) {
    |                                         ^^^ help: if this is intentional, prefix it with an underscore: `_ctx`

error: unused variable: `mode`
  --> app/src/terminal/local_tty/terminal_manager.rs:77:13
   |
77 |         let mode = match mode {
   |             ^^^^ help: if this is intentional, prefix it with an underscore: `_mode`

error: unused variable: `max_bytes_per_second`
   --> app/src/terminal/local_tty/terminal_manager.rs:362:23
    |
362 |                 move |max_bytes_per_second| {
    |                       ^^^^^^^^^^^^^^^^^^^^ help: if this is intentional, prefix it with an underscore: `_max_bytes_per_second`

error: unused variable: `auth_state`
   --> app/src/terminal/local_tty/terminal_manager.rs:353:17
    |
353 |             let auth_state = AuthStateProvider::as_ref(ctx).get().clone();
    |                 ^^^^^^^^^^ help: if this is intentional, prefix it with an underscore: `_auth_state`

error: unused variable: `auth_state`
   --> app/src/terminal/local_tty/terminal_manager.rs:931:5
    |
931 |     auth_state: &AuthState,
    |     ^^^^^^^^^^ help: if this is intentional, prefix it with an underscore: `_auth_state`

error: unused variable: `unsupported_shell`
   --> app/src/terminal/local_tty/terminal_manager.rs:942:25
    |
942 |             if let Some(unsupported_shell) = unsupported_shell {
    |                         ^^^^^^^^^^^^^^^^^ help: if this is intentional, prefix it with an underscore: `_unsupported_shell`

error: unused variable: `transcript_scope`
    --> app/src/terminal/model/block.rs:1143:37
     |
1143 |     pub fn should_hide_block(&self, transcript_scope: &TranscriptScope) -> bool {
     |                                     ^^^^^^^^^^^^^^^^ help: if this is intentional, prefix it with an underscore: `_transcript_scope`

error: unused variable: `app`
   --> app/src/terminal/model/blocks/selection.rs:924:9
    |
924 |         app: &AppContext,
    |         ^^^ help: if this is intentional, prefix it with an underscore: `_app`

error: unused variable: `warp_attributed_bootstrap_duration_seconds`
   --> app/src/terminal/model/session.rs:296:13
    |
296 |         let warp_attributed_bootstrap_duration_seconds =
    |             ^^^^^^^^^^^^^^^^^^^^^^^^^^^^^^^^^^^^^^^^^^ help: if this is intentional, prefix it with an underscore: `_warp_attributed_bootstrap_duration_seconds`

error: unused variable: `was_triggered_by_rc_file`
   --> app/src/terminal/model/session.rs:301:13
    |
301 |         let was_triggered_by_rc_file = session
    |             ^^^^^^^^^^^^^^^^^^^^^^^^ help: if this is intentional, prefix it with an underscore: `_was_triggered_by_rc_file`

error: unused variable: `block_id`
    --> app/src/terminal/model/terminal_model.rs:1832:13
     |
1832 |         let block_id = data.next_block_id.to_string();
     |             ^^^^^^^^ help: if this is intentional, prefix it with an underscore: `_block_id`

error: unused variable: `record`
   --> app/src/terminal/model_events.rs:230:38
    |
230 |             Event::LifecycleRecovery(record) => {
    |                                      ^^^^^^ help: if this is intentional, prefix it with an underscore: `_record`

Some errors have detailed explanations: E0061, E0282, E0308, E0432, E0433, E0533, E0599.
For more information about an error, try `rustc --explain E0061`.
error: could not compile `warp` (lib) due to 290 previous errors
warning: build failed, waiting for other jobs to finish...
error: could not compile `warp` (lib test) due to 294 previous errors
