warning: patch `tink-core v0.3.0 (https://github.com/warpdotdev/tink-rust?rev=54b9ac9af93b0c08b446a7bc0582836c9403a71b#54b9ac9a)` was not used in the crate graph
warning: patch `tink-hybrid v0.3.0 (https://github.com/warpdotdev/tink-rust?rev=54b9ac9af93b0c08b446a7bc0582836c9403a71b#54b9ac9a)` was not used in the crate graph
warning: patch `tink-proto v0.3.0 (https://github.com/warpdotdev/tink-rust?rev=54b9ac9af93b0c08b446a7bc0582836c9403a71b#54b9ac9a)` was not used in the crate graph
help: Check that the patched package version and available features are compatible
      with the dependency requirements. If the patch has a different version from
      what is locked in the Cargo.lock file, run `cargo update` to use the new
      version. This may also occur with an optional dependency that is not enabled.
    Checking warp v0.1.0 (/Users/tedczj/workspace/term4u/app)
error: unused import: `read_skills_from_directories`
  --> app/src/ai/skills/skill_manager.rs:10:70
   |
10 |     SkillWatcher, SkillWatcherEvent, extract_skill_parent_directory, read_skills_from_directories,
   |                                                                      ^^^^^^^^^^^^^^^^^^^^^^^^^^^^
   |
   = note: `-D unused-imports` implied by `-D warnings`
   = help: to override `-D warnings` add `#[allow(unused_imports)]`

error: empty lines after doc comment
    --> app/src/code_review/code_review_view.rs:4058:5
     |
4058 | /     /// them to an available terminal.
4059 | |
4060 | |     /// Called by the routing layer (RightPanelView) after attempting to submit review
4061 | |     /// comments to a terminal.
4062 | |
4063 | |     /// TODO(CODE-1649): de-duplicate entries in the diff set.
4064 | |
     | |_^
4065 |       /// Renders additions and deletions counts
4066 |       pub fn render_additions_and_deletions(
     |       ------------------------------------- the comment documents this function
     |
     = help: for further information visit https://rust-lang.github.io/rust-clippy/rust-1.92.0/index.html#empty_line_after_doc_comments
     = note: `-D clippy::empty-line-after-doc-comments` implied by `-D warnings`
     = help: to override `-D warnings` add `#[allow(clippy::empty_line_after_doc_comments)]`
     = help: if the empty lines are unintentional, remove them
help: if the documentation should include the empty lines include them in the comment
     |
4059 +     ///
4060 |     /// Called by the routing layer (RightPanelView) after attempting to submit review
4061 |     /// comments to a terminal.
4062 +     ///
4063 |     /// TODO(CODE-1649): de-duplicate entries in the diff set.
4064 +     ///
     |

error: empty line after doc comment
    --> app/src/code_review/code_review_view.rs:5475:5
     |
5475 | /     /// Insert diff hunk as an inline attachment in the terminal input
5476 | |
     | |_^
5477 |       /// Extract diff hunk data for the given file and line range
5478 |       fn extract_diff_hunk_data(
     |       ------------------------- the comment documents this function
     |
     = help: for further information visit https://rust-lang.github.io/rust-clippy/rust-1.92.0/index.html#empty_line_after_doc_comments
     = help: if the empty line is unintentional, remove it
help: if the documentation should include the empty line include it in the comment
     |
5476 |     ///
     |

error: empty lines after doc comment
   --> app/src/code_review/comment_list_view.rs:828:5
    |
828 | /     /// Whether the queued review comments can currently be sent to an agent.
829 | |
830 | |     /// Keep the stored "Send to Agent" button's enabled state and tooltip in sync with the current
831 | |     /// destination / comment / AI-availability state.
832 | |
833 | |     /// Computes the tooltip text for the send button based on current state.
834 | |
    | |_^
835 |       fn render_comment(
    |       ----------------- the comment documents this function
    |
    = help: for further information visit https://rust-lang.github.io/rust-clippy/rust-1.92.0/index.html#empty_line_after_doc_comments
    = help: if the empty lines are unintentional, remove them

error: empty line after doc comment
    --> app/src/code_review/diff_state/local.rs:1371:5
     |
1371 | /     /// Generates an AI commit message for the working tree and emits `CommitMessageGenerated`.
1372 | |
     | |_^
...
1376 |       fn interactive_path_future(
     |       -------------------------- the comment documents this function
     |
     = help: for further information visit https://rust-lang.github.io/rust-clippy/rust-1.92.0/index.html#empty_line_after_doc_comments
     = help: if the empty line is unintentional, remove it
help: if the documentation should include the empty line include it in the comment
     |
1372 |     ///
     |

error: unused import: `telemetry_event::CodeReviewTelemetryEvent`
  --> app/src/code_review/mod.rs:17:9
   |
17 | pub use telemetry_event::CodeReviewTelemetryEvent;
   |         ^^^^^^^^^^^^^^^^^^^^^^^^^^^^^^^^^^^^^^^^^

error: empty lines after outer attribute
   --> app/src/user_config/native.rs:145:5
    |
145 | /     #[cfg(feature = "local_fs")]
146 | |
147 | |     /// Deletes a custom model router file from disk.
148 | |     /// The filesystem watcher in [`Self::handle_warp_managed_paths_event`] will
149 | |     /// pick up the deletion and reload `custom_model_routers`.
150 | |     #[cfg(feature = "local_fs")]
151 | |
    | |_^
...
155 |       pub fn save_new_launch_config(
    |       ----------------------------- the attribute applies to this function
    |
    = help: for further information visit https://rust-lang.github.io/rust-clippy/rust-1.92.0/index.html#empty_line_after_outer_attr
    = note: `-D clippy::empty-line-after-outer-attr` implied by `-D warnings`
    = help: to override `-D warnings` add `#[allow(clippy::empty_line_after_outer_attr)]`
    = help: if the empty lines are unintentional, remove them

error: empty lines after outer attribute
   --> app/src/user_config/mod.rs:121:5
    |
121 | /     #[cfg_attr(target_family = "wasm", allow(dead_code))]
122 | |
123 | |     /// Parse errors for `custom_model_routers/` files that failed to load.
124 | |     #[cfg_attr(target_family = "wasm", allow(dead_code))]
125 | |
    | |_^
...
128 |       pub fn append_launch_config(
    |       --------------------------- the attribute applies to this function
    |
    = help: for further information visit https://rust-lang.github.io/rust-clippy/rust-1.92.0/index.html#empty_line_after_outer_attr
    = help: if the empty lines are unintentional, remove them

error: unused import: `is_figma_png::is_figma_png`
 --> app/src/editor/view/figma_utils/mod.rs:3:9
  |
3 | pub use is_figma_png::is_figma_png;
  |         ^^^^^^^^^^^^^^^^^^^^^^^^^^

error: empty line after doc comment
    --> app/src/editor/view/mod.rs:3176:5
     |
3176 | /     /// If there's an empty buffer, populates the input with an intelligent autosuggestion for the input_type.
3177 | |
     | |_^
...
3180 |       pub fn set_placeholder_text_with_prefix(
     |       --------------------------------------- the comment documents this function
     |
     = help: for further information visit https://rust-lang.github.io/rust-clippy/rust-1.92.0/index.html#empty_line_after_doc_comments
     = help: if the empty line is unintentional, remove it
help: if the documentation should include the empty line include it in the comment
     |
3177 |     ///
     |

error: empty line after doc comment
    --> app/src/editor/view/mod.rs:3243:5
     |
3243 | /     /// Clears any next command state. Autosuggestion (ghosted text) is not cleared.
3244 | |
     | |_^
3245 |       /// Remove a specific placeholder by prefix.
3246 |       pub fn clear_placeholder_text_with_prefix(
     |       ----------------------------------------- the comment documents this function
     |
     = help: for further information visit https://rust-lang.github.io/rust-clippy/rust-1.92.0/index.html#empty_line_after_doc_comments
     = help: if the empty line is unintentional, remove it
help: if the documentation should include the empty line include it in the comment
     |
3244 |     ///
     |

error: empty lines after doc comment
    --> app/src/editor/view/mod.rs:4561:5
     |
4561 | /     /// and processes them for AI context attachment via `process_and_attach_images_as_ai_context`.
4562 | |
4563 | |     /// Processes and attaches images to the AI context model.
4564 | |     ///
...    |
4568 | |     /// Stores non-image files selected via the file picker into the pending files context.
4569 | |
     | |_^
...
4572 |       fn vim_user_insert(&mut self, text: &str, ctx: &mut ViewContext<Self>) {
     |       ------------------ the comment documents this function
     |
     = help: for further information visit https://rust-lang.github.io/rust-clippy/rust-1.92.0/index.html#empty_line_after_doc_comments
     = help: if the empty lines are unintentional, remove them
help: if the documentation should include the empty lines include them in the comment
     |
4562 +     ///
4563 |     /// Processes and attaches images to the AI context model.
 ...
4566 |     /// updating the context model and UI state accordingly.
4567 +     ///
4568 |     /// Stores non-image files selected via the file picker into the pending files context.
4569 +     ///
     |

error: unexpected `cfg` condition value: `warp_managed_secrets`
   --> app/src/features.rs:324:15
    |
324 |         #[cfg(feature = "warp_managed_secrets")]
    |               ^^^^^^^^^^^^^^^^^^^^^^^^^^^^^^^^
    |
    = note: expected values for `feature` are: `account_first_onboarding`, `active_conversation_requires_interaction`, `agent_cli_launch_modal`, `agent_decides_command_execution`, `agent_harness`, `agent_management_details_view`, `agent_management_popup`, `agent_management_view`, `agent_mode`, `agent_mode_computer_use`, `agent_mode_debug`, `agent_mode_evals`, `agent_mode_pre_plan_xml`, `agent_mode_primary_xml`, `agent_onboarding`, `agent_shared_sessions`, `agent_tips`, `agent_toolbar_editor`, `agent_view`, `agent_view_block_context`, `agent_view_conversation_list_view`, `agent_view_prompt_chip`, `ai_context_menu`, `ai_context_menu_code`, `ai_context_menu_commands`, `ai_resume_button`, `ai_rules`, `alacritty_settings_import`, `allow_ignoring_input_suggestions`, `allow_opening_file_links_using_editor_env`, `am_workflows`, `ambient_agents_command_line`, `ambient_agents_image_upload`, `ambient_agents_rtc`, and `api_key_management` and 262 more
    = help: consider adding `warp_managed_secrets` as a feature in `Cargo.toml`
    = note: see <https://doc.rust-lang.org/nightly/rustc/check-cfg/cargo-specifics.html> for more information about checking conditional configuration
    = note: `-D unexpected-cfgs` implied by `-D warnings`
    = help: to override `-D warnings` add `#[allow(unexpected_cfgs)]`

error: empty lines after doc comment
   --> app/src/pane_group/pane/mod.rs:162:5
    |
162 | /     /// Creates a [`PaneId`] from a [`ViewContext<PaneView<EnvVarCollectionView>>`]
163 | |
164 | |     /// Creates a [`PaneId`] from a [`ViewContext<PaneView<EnvironmentsPageView>>`]
165 | |
    | |_^
166 |       /// Creates a [`PaneId`] from a [`ViewContext<PaneView<WorkflowView>>`]
167 |       pub fn from_workflow_pane_ctx(ctx: &ViewContext<PaneView<WorkflowView>>) -> Self {
    |       ----------------------------- the comment documents this function
    |
    = help: for further information visit https://rust-lang.github.io/rust-clippy/rust-1.92.0/index.html#empty_line_after_doc_comments
    = help: if the empty lines are unintentional, remove them
help: if the documentation should include the empty lines include them in the comment
    |
163 +     ///
164 |     /// Creates a [`PaneId`] from a [`ViewContext<PaneView<EnvironmentsPageView>>`]
165 +     ///
    |

error: empty line after doc comment
   --> app/src/pane_group/pane/mod.rs:176:5
    |
176 | /     /// Creates a [`PaneId`] from a [`ViewContext<PaneView<CodeDiffView>>`]
177 | |
    | |_^
178 |       /// Creates a [`PaneId`] from a [`ViewContext<PaneView<SettingsView>>`]
179 |       pub fn from_settings_pane_ctx(ctx: &ViewContext<PaneView<SettingsView>>) -> Self {
    |       ----------------------------- the comment documents this function
    |
    = help: for further information visit https://rust-lang.github.io/rust-clippy/rust-1.92.0/index.html#empty_line_after_doc_comments
    = help: if the empty line is unintentional, remove it
help: if the documentation should include the empty line include it in the comment
    |
177 |     ///
    |

error: empty lines after doc comment
   --> app/src/pane_group/pane/mod.rs:183:5
    |
183 | /     /// Creates a [`PaneId`] from a [`ViewContext<PaneView<AIFactView>>`]
184 | |
185 | |     /// Creates a [`PaneId`] from a [`ViewContext<PaneView<AIDocumentView>>`]
...   |
189 | |     /// Creates a [`PaneId`] from a [`ViewContext<PaneView<ExecutionProfileEditorView>>`]
190 | |
    | |_^
191 |       pub fn from_get_started_pane_ctx(ctx: &ViewContext<PaneView<GetStartedView>>) -> Self {
    |       -------------------------------- the comment documents this function
    |
    = help: for further information visit https://rust-lang.github.io/rust-clippy/rust-1.92.0/index.html#empty_line_after_doc_comments
    = help: if the empty lines are unintentional, remove them

error: empty line after doc comment
   --> app/src/pane_group/pane/mod.rs:195:5
    |
195 | /     /// Creates a [`PaneId`] from a [`ViewContext<PaneView<NetworkLogView>>`].
196 | |
    | |_^
197 |       /// Creates a [`PaneId`] from a [`PaneView<TerminalView>`] entity ID.
198 |       pub fn from_terminal_pane_view(
    |       ------------------------------ the comment documents this function
    |
    = help: for further information visit https://rust-lang.github.io/rust-clippy/rust-1.92.0/index.html#empty_line_after_doc_comments
    = help: if the empty line is unintentional, remove it
help: if the documentation should include the empty line include it in the comment
    |
196 |     ///
    |

error: empty line after doc comment
   --> app/src/pane_group/pane/mod.rs:211:5
    |
211 | /     /// Creates a [`PaneId`] from a [`PaneView<FileNotebookView>`] entity ID.
212 | |
    | |_^
213 |       /// Creates a [`PaneId`] from a [`PaneView<TextView>`] entity ID.
214 |       pub fn from_code_pane_view(code_pane_view: &ViewHandle<PaneView<CodeView>>) -> Self {
    |       -------------------------- the comment documents this function
    |
    = help: for further information visit https://rust-lang.github.io/rust-clippy/rust-1.92.0/index.html#empty_line_after_doc_comments
    = help: if the empty line is unintentional, remove it
help: if the documentation should include the empty line include it in the comment
    |
212 |     ///
    |

error: empty lines after doc comment
   --> app/src/pane_group/pane/mod.rs:218:5
    |
218 | /     /// Creates a [`PaneId`] from a [`PaneView<CodeDiffView>`] entity ID.
219 | |
220 | |     /// Creates a [`PaneId`] from a [`PaneView<EnvVarCollection>`] entity ID.
...   |
223 | |
    | |_^
224 |       /// Creates a [`PaneId`] from a [`PaneView<WorkflowView>`] entity ID.
225 |       pub fn from_workflow_pane_view(
    |       ------------------------------ the comment documents this function
    |
    = help: for further information visit https://rust-lang.github.io/rust-clippy/rust-1.92.0/index.html#empty_line_after_doc_comments
    = help: if the empty lines are unintentional, remove them
help: if the documentation should include the empty lines include them in the comment
    |
219 +     ///
220 |     /// Creates a [`PaneId`] from a [`PaneView<EnvVarCollection>`] entity ID.
221 +     ///
222 |     /// Creates a [`PaneId`] from a [`PaneView<EnvironmentsPageView>`] entity ID.
223 +     ///
    |

error: empty lines after doc comment
   --> app/src/pane_group/pane/mod.rs:238:5
    |
238 | /     /// Creates a [`PaneId`] from a [`PaneView<AIFactView>`] entity ID.
239 | |
240 | |     /// Creates a [`PaneId`] from a [`PaneView<AIDocumentView>`] entity ID.
...   |
244 | |     /// Creates a [`PaneId`] from a [`PaneView<ExecutionProfileEditorView>`] entity ID.
245 | |
    | |_^
246 |       pub fn from_get_started_pane_view(
    |       --------------------------------- the comment documents this function
    |
    = help: for further information visit https://rust-lang.github.io/rust-clippy/rust-1.92.0/index.html#empty_line_after_doc_comments
    = help: if the empty lines are unintentional, remove them

error: empty line after doc comment
   --> app/src/pane_group/pane/mod.rs:252:5
    |
252 | /     /// Creates a [`PaneId`] from a [`PaneView<NetworkLogView>`] entity ID.
253 | |
    | |_^
254 |       #[cfg_attr(not(feature = "local_fs"), allow(dead_code))]
255 |       pub(super) fn deferred_placeholder_pane_id() -> Self {
    |       ------------------------------------------ the comment documents this function
    |
    = help: for further information visit https://rust-lang.github.io/rust-clippy/rust-1.92.0/index.html#empty_line_after_doc_comments
    = help: if the empty line is unintentional, remove it

error: empty line after doc comment
   --> app/src/pane_group/pane/mod.rs:304:5
    |
304 | /     /// Returns true if this pane contains a Warp Drive object (notebook, workflow, etc.).
305 | |
    | |_^
306 |       /// Renders the child view backing this pane.
307 |       pub fn render(self, app: &AppContext) -> Box<dyn Element> {
    |       ------------- the comment documents this function
    |
    = help: for further information visit https://rust-lang.github.io/rust-clippy/rust-1.92.0/index.html#empty_line_after_doc_comments
    = help: if the empty line is unintentional, remove it
help: if the documentation should include the empty line include it in the comment
    |
305 |     ///
    |

error: empty line after doc comment
   --> app/src/pane_group/pane/mod.rs:650:5
    |
650 | /     /// Sets the shareable object in the current pane. If `None`, the share button is removed.
651 | |
    | |_^
...
655 |       pub fn notify_header_content_changed(&mut self, ctx: &mut ModelContext<Self>) {
    |       ------------------------------------ the comment documents this function
    |
    = help: for further information visit https://rust-lang.github.io/rust-clippy/rust-1.92.0/index.html#empty_line_after_doc_comments
    = help: if the empty line is unintentional, remove it
help: if the documentation should include the empty line include it in the comment
    |
651 |     ///
    |

error: empty line after doc comment
   --> app/src/pane_group/mod.rs:806:5
    |
806 | /     /// Returns true iff one of the terminal panes in this group is being shared.
807 | |
    | |_^
808 |       pub fn smart_split_direction(
    |       ---------------------------- the comment documents this function
    |
    = help: for further information visit https://rust-lang.github.io/rust-clippy/rust-1.92.0/index.html#empty_line_after_doc_comments
    = help: if the empty line is unintentional, remove it

error: empty line after doc comment
    --> app/src/pane_group/mod.rs:1356:5
     |
1356 | /     /// Iterate over the file notebook panes in this pane group.
1357 | |
     | |_^
1358 |       fn close_panes(&mut self, pane_ids: Vec<PaneId>, ctx: &mut ViewContext<Self>) {
     |       -------------- the comment documents this function
     |
     = help: for further information visit https://rust-lang.github.io/rust-clippy/rust-1.92.0/index.html#empty_line_after_doc_comments
     = help: if the empty line is unintentional, remove it

error: empty lines after doc comment
    --> app/src/pane_group/mod.rs:1364:5
     |
1364 | /     /// Checks if this pane group contains a visible AI document pane with the given document ID.
1365 | |
1366 | |     /// Closes all visible AI document panes that are *not* for `document_id`, then applies the
1367 | |     /// requested `action` to the pane for `document_id`.
...    |
1371 | |     /// Closes any other ai document panes, and opens the specified document_id.
1372 | |
     | |_^
...
1377 |       pub fn has_active_code_pane_with_unsaved_indicator(&self, ctx: &AppContext) -> bool {
     |       -------------------------------------------------- the comment documents this function
     |
     = help: for further information visit https://rust-lang.github.io/rust-clippy/rust-1.92.0/index.html#empty_line_after_doc_comments
     = help: if the empty lines are unintentional, remove them
help: if the documentation should include the empty lines include them in the comment
     |
1365 +     ///
1366 |     /// Closes all visible AI document panes that are *not* for `document_id`, then applies the
 ...
1369 |     /// This enforces the UI invariant that only one AI document pane should be visible at a time.
1370 +     ///
1371 |     /// Closes any other ai document panes, and opens the specified document_id.
1372 +     ///
     |

error: empty lines after doc comment
    --> app/src/pane_group/mod.rs:1508:5
     |
1508 | /     /// which element is focused.
1509 | |
1510 | |     /// If modal is already open, we update it with the new role request
...    |
1513 | |
     | |_^
1514 |       fn new_internal(
     |       --------------- the comment documents this function
     |
     = help: for further information visit https://rust-lang.github.io/rust-clippy/rust-1.92.0/index.html#empty_line_after_doc_comments
     = help: if the empty lines are unintentional, remove them

error: empty line after doc comment
    --> app/src/pane_group/mod.rs:1597:5
     |
1597 | /     /// that owner lives outside this pane group.
1598 | |
     | |_^
...
1601 |       fn terminal_pane_data(
     |       --------------------- the comment documents this function
     |
     = help: for further information visit https://rust-lang.github.io/rust-clippy/rust-1.92.0/index.html#empty_line_after_doc_comments
     = help: if the empty line is unintentional, remove it
help: if the documentation should include the empty line include it in the comment
     |
1598 |     ///
     |

error: empty lines after doc comment
    --> app/src/pane_group/mod.rs:1622:5
     |
1622 | /     /// Helper to create the terminal manager and view for an ambient agent pane.
1623 | |
1624 | |     /// Installs the long-lived AgentConversationsModel subscription used by
1625 | |     /// `pending_ambient_agent_conversation_restorations`,
...    |
1632 | |     /// Initial layout for a [`PaneGroup`] with a single ambient agent pane.
1633 | |
     | |_^
...
1636 |       fn initial_single_terminal_pane(
     |       ------------------------------- the comment documents this function
     |
     = help: for further information visit https://rust-lang.github.io/rust-clippy/rust-1.92.0/index.html#empty_line_after_doc_comments
     = help: if the empty lines are unintentional, remove them
help: if the documentation should include the empty lines include them in the comment
     |
1623 +     ///
1624 |     /// Installs the long-lived AgentConversationsModel subscription used by
 ...
1627 |     /// it has not been installed yet. Idempotent across multiple callers.
1628 +     ///
1629 |     /// Subscription handler that processes pending ambient agent pane restorations
1630 |     /// whenever task data is updated or conversations finish loading.
1631 +     ///
1632 |     /// Initial layout for a [`PaneGroup`] with a single ambient agent pane.
1633 +     ///
     |

error: empty lines after doc comment
    --> app/src/pane_group/mod.rs:1774:5
     |
1774 | /     /// Create a new pane group for a view-only cloud conversation.
1775 | |
1776 | |     /// Create a new pane group with a loading state for a conversation viewer.
1777 | |     /// The actual conversation data will be loaded asynchronously.
...    |
1782 | |     /// Load conversation data into a specific transcript viewer terminal view.
1783 | |
     | |_^
1784 |       fn handle_windowing_state_update(
     |       -------------------------------- the comment documents this function
     |
     = help: for further information visit https://rust-lang.github.io/rust-clippy/rust-1.92.0/index.html#empty_line_after_doc_comments
     = help: if the empty lines are unintentional, remove them

error: empty line after doc comment
    --> app/src/pane_group/mod.rs:2177:5
     |
2177 | /     /// no-ops otherwise.
2178 | |
     | |_^
...
2183 |       fn focus_next_terminal_pane_and_activate_session(
     |       ------------------------------------------------ the comment documents this function
     |
     = help: for further information visit https://rust-lang.github.io/rust-clippy/rust-1.92.0/index.html#empty_line_after_doc_comments
     = help: if the empty line is unintentional, remove it
help: if the documentation should include the empty line include it in the comment
     |
2178 |     ///
     |

error: empty lines after doc comment
    --> app/src/pane_group/mod.rs:2216:5
     |
2216 | /     /// Returns true if the given pane is a child agent pane tracked in `child_agent_panes`.
2217 | |
2218 | |     /// Collects the child agent pane IDs whose conversations are parented by
2219 | |     /// a conversation on the given terminal view.
...    |
2226 | |     /// Permanently discards the pane backing a child agent conversation.
2227 | |
     | |_^
2228 |       pub fn close_pane(&mut self, pane_id: PaneId, ctx: &mut ViewContext<Self>) {
     |       ----------------- the comment documents this function
     |
     = help: for further information visit https://rust-lang.github.io/rust-clippy/rust-1.92.0/index.html#empty_line_after_doc_comments
     = help: if the empty lines are unintentional, remove them

error: empty line after outer attribute
    --> app/src/pane_group/mod.rs:2375:5
     |
2375 | /     #[cfg(feature = "local_fs")]
2376 | |
     | |_^
2377 |       /// Handle a common pane event, such as splitting off another pane.
2378 |       pub(crate) fn handle_pane_event(
     |       ------------------------------- the attribute applies to this function
     |
     = help: for further information visit https://rust-lang.github.io/rust-clippy/rust-1.92.0/index.html#empty_line_after_outer_attr
     = help: if the empty line is unintentional, remove it

error: empty line after doc comment
    --> app/src/pane_group/mod.rs:2581:5
     |
2581 | /     /// `&mut self` use it to seed the parent's children from server data.
2582 | |
     | |_^
...
2585 |       fn clear_hidden_closed_panes(&mut self, ctx: &mut ViewContext<Self>) {
     |       ---------------------------- the comment documents this function
     |
     = help: for further information visit https://rust-lang.github.io/rust-clippy/rust-1.92.0/index.html#empty_line_after_doc_comments
     = help: if the empty line is unintentional, remove it
help: if the documentation should include the empty line include it in the comment
     |
2582 |     ///
     |

error: empty lines after outer attribute
    --> app/src/pane_group/mod.rs:3171:5
     |
3171 | /     #[allow(clippy::too_many_arguments)]
3172 | |
3173 | |     /// Builds a live-session pane for an orchestration child with its ambient
3174 | |     /// model wired up, so the pane gets ambient controls and `FailedToJoin`
...    |
3178 | |     /// This is used by both `new_for_conversation_transcript_viewer_loading` and `create_loading_terminal_pane`.
3179 | |
     | |_^
...
3184 |       fn should_ignore_custom_startup_directory(
     |       ----------------------------------------- the attribute applies to this function
     |
     = help: for further information visit https://rust-lang.github.io/rust-clippy/rust-1.92.0/index.html#empty_line_after_outer_attr
     = help: if the empty lines are unintentional, remove them

error: empty lines after doc comment
    --> app/src/pane_group/mod.rs:3209:5
     |
3209 | /     /// Returns the pane ID so it can be replaced later with the real terminal pane.
3210 | |
3211 | |     /// Replaces a loading pane with a real terminal pane that has a conversation restored.
3212 | |     /// Returns true if replacement was successful.
3213 | |
     | |_^
3214 |       #[allow(clippy::too_many_arguments)]
3215 |       pub fn add_session(
     |       ------------------ the comment documents this function
     |
     = help: for further information visit https://rust-lang.github.io/rust-clippy/rust-1.92.0/index.html#empty_line_after_doc_comments
     = help: if the empty lines are unintentional, remove them

error: empty line after outer attribute
    --> app/src/pane_group/mod.rs:3244:5
     |
3244 | /     #[allow(clippy::too_many_arguments)]
3245 | |
     | |_^
...
3250 |       fn create_terminal_pane_data(
     |       ---------------------------- the attribute applies to this function
     |
     = help: for further information visit https://rust-lang.github.io/rust-clippy/rust-1.92.0/index.html#empty_line_after_outer_attr
     = help: if the empty line is unintentional, remove it

error: empty lines after doc comment
    --> app/src/pane_group/mod.rs:3667:5
     |
3667 | /     /// reporting success leaves the user focused on a pane with no input box.
3668 | |
3669 | |     /// Resolve the pane id that owns a given conversation's `TerminalView`,
3670 | |     /// without applying any visibility filtering. Used by the pill-bar swap
...    |
3716 | |     /// remain in `pane_contents` even when they are not in the tree.
3717 | |
     | |_^
3718 |       /// Given a pane ID, retrieve its backing code view, if the pane is a code pane.
3719 |       pub fn code_view_from_pane_id(
     |       ----------------------------- the comment documents this function
     |
     = help: for further information visit https://rust-lang.github.io/rust-clippy/rust-1.92.0/index.html#empty_line_after_doc_comments
     = help: if the empty lines are unintentional, remove them
help: if the documentation should include the empty lines include them in the comment
     |
3668 +     ///
3669 |     /// Resolve the pane id that owns a given conversation's `TerminalView`,
 ...
3674 |     /// matches the history model's owner for `conversation_id`.
3675 +     ///
3676 |     /// Make the pane that owns `conversation_id` the visible one in the
3677 |     /// focused pane's slot via temporary replacement. The previous occupant
3678 |     /// is restored on revert (back-button, ESC, pill-click, close, split-off).
3679 +     ///
3680 |     /// Reveal the child agent pane for `conversation_id` as a visible
 ...
3684 |     /// orchestrators in the same group are left alone.
3685 +     ///
3686 |     /// Detach the child agent pane for `conversation_id` so it can be
3687 |     /// re-parented into a new tab ("Open in new tab"). Reuses the
3688 |     /// existing view to avoid cancelling in-flight commands.
3689 +     ///
3690 |     /// Stamp this pane group as the destination of a split-off child
3691 |     /// agent pane, so closing the tab re-adopts the live view back to
3692 |     /// the source group.
3693 +     ///
3694 |     /// Returns the origin metadata if this group is hosting a split-off
3695 |     /// child agent tab.
3696 +     ///
3697 |     /// Re-adopt a previously detached child agent pane back into this
3698 |     /// group as off-tree, and clear its split-off marker so the next
3699 |     /// reveal renders pills instead of breadcrumbs.
3700 +     ///
3701 |     /// Diagnostic logging for [`swap_active_pane_to_conversation`] when none of
 ...
3704 |     /// conversation. Dumps enough state to identify which step is wrong.
3705 +     ///
3706 |     /// Walk the visible terminal panes in this group looking for one whose
 ...
3716 |     /// remain in `pane_contents` even when they are not in the tree.
3717 +     ///
     |

error: unused macro definition: `assert_eventually`
 --> app/src/test_util/mod.rs:8:14
  |
8 | macro_rules! assert_eventually {
  |              ^^^^^^^^^^^^^^^^^
  |
  = note: `-D unused-macros` implied by `-D warnings`
  = help: to override `-D warnings` add `#[allow(unused_macros)]`

error: empty lines after doc comment
   --> app/src/terminal/model/block.rs:850:5
    |
850 | /     /// Use this when a block is being created/assigned to a conversation (e.g., entering agent view).
851 | |
852 | |     /// Resets this block's visibility to terminal mode.
853 | |     /// Use this when a block is being returned to terminal context (e.g., exiting agent view).
...   |
866 | |     /// Moves the block from pending context to attached context for the given conversation ID.
867 | |
    | |_^
...
872 |       pub fn nld_overridden(&self) -> bool {
    |       --------------------- the comment documents this function
    |
    = help: for further information visit https://rust-lang.github.io/rust-clippy/rust-1.92.0/index.html#empty_line_after_doc_comments
    = help: if the empty lines are unintentional, remove them
help: if the documentation should include the empty lines include them in the comment
    |
851 +     ///
852 |     /// Resets this block's visibility to terminal mode.
853 |     /// Use this when a block is being returned to terminal context (e.g., exiting agent view).
854 +     ///
855 |     /// Sets this block's agent view visibility state directly.
856 |     /// Use this when restoring a block from serialization.
857 +     ///
858 |     /// Adds a conversation ID to the set of conversations where this block is attached as context.
859 +     ///
860 |     /// Adds a conversation ID to the set of conversations where this block is pending context.
861 |     /// It maybe removed if the user removes the block attachment before sending the request, else if it is attached it will be 'promoted'.
862 +     ///
863 |     /// Removes a conversation ID from the set of conversations where this block should be visible.
864 |     /// Returns true if the conversation ID was present and removed, false if it wasn't present.
865 +     ///
866 |     /// Moves the block from pending context to attached context for the given conversation ID.
867 +     ///
    |

error: empty line after doc comment
    --> app/src/terminal/model/block.rs:2542:5
     |
2542 | /     /// Returns `true` if this block is a valid option to use as context for an AI model.
2543 | |
     | |_^
2544 |       pub fn estimated_heap_usage_bytes(&self) -> usize {
     |       --------------------------------- the comment documents this function
     |
     = help: for further information visit https://rust-lang.github.io/rust-clippy/rust-1.92.0/index.html#empty_line_after_doc_comments
     = help: if the empty line is unintentional, remove it

error: empty lines after doc comment
    --> app/src/terminal/model/blocks.rs:1491:5
     |
1491 | /     /// Returns the conversation associated with newly created command blocks.
1492 | |
1493 | |     /// Returns whether the active conversation executes in a cloud context.
1494 | |
     | |_^
1495 |       /// Updates the transcript membership used by the cached block-height layout.
1496 |       pub fn set_transcript_scope(&mut self, scope: TranscriptScope) {
     |       --------------------------- the comment documents this function
     |
     = help: for further information visit https://rust-lang.github.io/rust-clippy/rust-1.92.0/index.html#empty_line_after_doc_comments
     = help: if the empty lines are unintentional, remove them
help: if the documentation should include the empty lines include them in the comment
     |
1492 +     ///
1493 |     /// Returns whether the active conversation executes in a cloud context.
1494 +     ///
     |

error: empty lines after doc comment
    --> app/src/terminal/model/blocks.rs:1504:5
     |
1504 | /     /// Associates subsequent command blocks with an active conversation.
1505 | |
1506 | |     /// Clears the active conversation association without changing transcript scope.
...    |
1513 | |     /// any change that affects which rich content is visible for the current agent view state.
1514 | |
     | |_^
1515 |       pub fn refresh_heights_for_loaded_passive_code_diff(
     |       --------------------------------------------------- the comment documents this function
     |
     = help: for further information visit https://rust-lang.github.io/rust-clippy/rust-1.92.0/index.html#empty_line_after_doc_comments
     = help: if the empty lines are unintentional, remove them

error: empty lines after doc comment
    --> app/src/terminal/model/blocks.rs:1526:5
     |
1526 | /     /// Returns a Vec of (block_id, visibility) for blocks that were found.
1527 | |
1528 | |     /// Attaches every non-oz-startup block in the list to `conversation_id` so each block is
1529 | |     /// visible while that conversation is the active one in agent view. Skips blocks flagged
...    |
1536 | |     /// Returns a Vec of (block_id, visibility) for blocks that were modified.
1537 | |
     | |_^
...
1541 |       fn update_live_block_height(&mut self, block_index: BlockIndex) {
     |       --------------------------- the comment documents this function
     |
     = help: for further information visit https://rust-lang.github.io/rust-clippy/rust-1.92.0/index.html#empty_line_after_doc_comments
     = help: if the empty lines are unintentional, remove them
help: if the documentation should include the empty lines include them in the comment
     |
1527 +     ///
1528 |     /// Attaches every non-oz-startup block in the list to `conversation_id` so each block is
1529 |     /// visible while that conversation is the active one in agent view. Skips blocks flagged
1530 |     /// as `is_oz_environment_startup_command` since those are hidden by their own mechanism.
1531 +     ///
1532 |     /// Removes the conversation association from the given blocks, making them disappear from that conversation's agent view.
1533 |     /// Returns a Vec of (block_id, visibility) for blocks that were modified.
1534 +     ///
1535 |     /// Promotes all blocks that are pending for the given conversation to attached.
1536 |     /// Returns a Vec of (block_id, visibility) for blocks that were modified.
1537 +     ///
     |

error: empty lines after doc comment
    --> app/src/terminal/model/blocks.rs:1791:5
     |
1791 | /     /// items, gaps, banners, and other non-navigable rich content.
1792 | |
1793 | |     /// Updates whether an AI rich-content item is a navigable user-query segment.
1794 | |     /// Used when streaming exchange inputs become renderable after initial mount.
1795 | |
     | |_^
1796 |       /// Return the height of the last non hidden rich content block after a blo...
1797 |       pub fn last_non_hidden_rich_content_block_after_block(
     |       ----------------------------------------------------- the comment documents this function
     |
     = help: for further information visit https://rust-lang.github.io/rust-clippy/rust-1.92.0/index.html#empty_line_after_doc_comments
     = help: if the empty lines are unintentional, remove them
help: if the documentation should include the empty lines include them in the comment
     |
1792 +     ///
1793 |     /// Updates whether an AI rich-content item is a navigable user-query segment.
1794 |     /// Used when streaming exchange inputs become renderable after initial mount.
1795 +     ///
     |

error: unused import: `telemetry::LifecycleTelemetryEvent`
  --> app/src/terminal/model/lifecycle/mod.rs:12:29
   |
12 | pub(in crate::terminal) use telemetry::LifecycleTelemetryEvent;
   |                             ^^^^^^^^^^^^^^^^^^^^^^^^^^^^^^^^^^

error: empty lines after doc comment
    --> app/src/terminal/model/terminal_model.rs:1317:5
     |
1317 | /     /// Starts the execution for a command in a shared session (sharer or viewer).
1318 | |
1319 | |     /// Starts the command execution (per `Self::start_command_execution`) and additionally sets
1320 | |     /// the given `ai_metadata` on the active block.
1321 | |
     | |_^
1322 |       pub(in crate::terminal) fn start_in_band_command_execution(&mut self) -> StartCommandOutcome {
     |       ---------------------------------------------------------- the comment documents this function
     |
     = help: for further information visit https://rust-lang.github.io/rust-clippy/rust-1.92.0/index.html#empty_line_after_doc_comments
     = help: if the empty lines are unintentional, remove them

error: empty line after doc comment
    --> app/src/terminal/model/terminal_model.rs:1623:5
     |
1623 | /     /// Returns whether this terminal is viewing a shared session.
1624 | |
     | |_^
...
1627 |       pub fn resize(&mut self, size_update: SizeUpdate) {
     |       ------------- the comment documents this function
     |
     = help: for further information visit https://rust-lang.github.io/rust-clippy/rust-1.92.0/index.html#empty_line_after_doc_comments
     = help: if the empty line is unintentional, remove it
help: if the documentation should include the empty line include it in the comment
     |
1624 |     ///
     |

error: empty line after doc comment
    --> app/src/terminal/model/terminal_model.rs:1738:5
     |
1738 | /     /// from the `first_scrollback_block_index` onwards.
1739 | |
     | |_^
1740 |       fn restored_block_commands(&self) -> Vec<HistoryEntry> {
     |       -------------------------- the comment documents this function
     |
     = help: for further information visit https://rust-lang.github.io/rust-clippy/rust-1.92.0/index.html#empty_line_after_doc_comments
     = help: if the empty line is unintentional, remove it

error: empty line after doc comment
   --> app/src/terminal/writeable_pty/pty_controller.rs:554:5
    |
554 | /     /// Writes agent input to the PTY.
555 | |
    | |_^
...
560 |       pub fn write_bytes<B: Into<Cow<'static, [u8]>>>(
    |       ------------------ the comment documents this function
    |
    = help: for further information visit https://rust-lang.github.io/rust-clippy/rust-1.92.0/index.html#empty_line_after_doc_comments
    = help: if the empty line is unintentional, remove it
help: if the documentation should include the empty line include it in the comment
    |
555 |     ///
    |

error: empty lines after doc comment
    --> app/src/pane_group/mod.rs:1875:5
     |
1875 | /     /// host's `StopSharingCurrentSession` cleans it up.
1876 | |
1877 | |     /// Dispatches a share on every direct child agent pane in this group
1878 | |     /// that isn't already sharing, mirroring
...    |
1899 | |     /// pill bar's swap or split-off paths.
1900 | |
     | |_^
...
1905 |       pub fn terminal_pane_view_at_pane_index(
     |       --------------------------------------- the comment documents this function
     |
     = help: for further information visit https://rust-lang.github.io/rust-clippy/rust-1.92.0/index.html#empty_line_after_doc_comments
     = help: if the empty lines are unintentional, remove them
help: if the documentation should include the empty lines include them in the comment
     |
1876 +     ///
1877 |     /// Dispatches a share on every direct child agent pane in this group
 ...
1881 |     #[cfg(not(target_family = "wasm"))]
1882 +     ///
1883 |     /// Stop the shared session on every child pane that was transitively
 ...
1887 |     #[cfg(not(target_family = "wasm"))]
1888 +     ///
1889 |     /// Removes `pane_id` from the transitive-share tracking map.
1890 +     ///
1891 |     /// Creates a cloud-mode pane that lives off-tree as a child agent pane.
 ...
1894 |     /// explicitly before the deferred shared-session viewer binds to it.
1895 +     ///
1896 |     /// Inserts `pane` into `pane_contents` and attaches it (so subscriptions,
 ...
1899 |     /// pill bar's swap or split-off paths.
1900 +     ///
     |

error: empty lines after outer attribute
    --> app/src/terminal/model/terminal_model.rs:1076:5
     |
1076 | /     #[allow(clippy::too_many_arguments)]
1077 | |
1078 | |     /// Creates a terminal model for a terminal session that is being viewed.
1079 | |     #[allow(clippy::too_many_arguments)]
...    |
1112 | |
     | |_^
1113 |       pub fn obfuscate_secrets(&self) -> ObfuscateSecrets {
     |       ------------------------ the attribute applies to this function
     |
     = help: for further information visit https://rust-lang.github.io/rust-clippy/rust-1.92.0/index.html#empty_line_after_outer_attr
     = help: if the empty lines are unintentional, remove them

error: unused import: `super::diff_viewer::DiffViewer`
  --> app/src/code/view.rs:33:5
   |
33 | use super::diff_viewer::DiffViewer;
   |     ^^^^^^^^^^^^^^^^^^^^^^^^^^^^^^

error: unused import: `warp_editor::model::CoreEditorModel`
  --> app/src/code_review/comment_list_view.rs:12:5
   |
12 | use warp_editor::model::CoreEditorModel;
   |     ^^^^^^^^^^^^^^^^^^^^^^^^^^^^^^^^^^^

error: unused import: `std::str::FromStr`
 --> app/src/persistence/sqlite.rs:3:5
  |
3 | use std::str::FromStr;
  |     ^^^^^^^^^^^^^^^^^

error: unused import: `SingletonEntity`
 --> app/src/session_management.rs:4:44
  |
4 | use warpui::{AppContext, Entity, EntityId, SingletonEntity, WindowId};
  |                                            ^^^^^^^^^^^^^^^

error: unused import: `SingletonEntity`
  --> app/src/util/tooltips.rs:10:49
   |
10 | use warpui::{AppContext, Element, EventContext, SingletonEntity};
   |                                                 ^^^^^^^^^^^^^^^

error: unused import: `warp_editor::model::CoreEditorModel`
  --> app/src/terminal/view.rs:16:5
   |
16 | use warp_editor::model::CoreEditorModel as _;
   |     ^^^^^^^^^^^^^^^^^^^^^^^^^^^^^^^^^^^

error: unused import: `Setting`
 --> app/src/settings_view/features_page.rs:1:16
  |
1 | use settings::{Setting as _, ToggleableSetting as _};
  |                ^^^^^^^

error: unused variable: `had_content`
   --> app/src/code/language_server_extension.rs:358:25
    |
358 |                     let had_content = !segments.is_empty();
    |                         ^^^^^^^^^^^ help: if this is intentional, prefix it with an underscore: `_had_content`
    |
    = note: `-D unused-variables` implied by `-D warnings`
    = help: to override `-D warnings` add `#[allow(unused_variables)]`

error: unused variable: `had_diagnostics`
   --> app/src/code/language_server_extension.rs:359:25
    |
359 |                     let had_diagnostics = !diagnostics.is_empty();
    |                         ^^^^^^^^^^^^^^^ help: if this is intentional, prefix it with an underscore: `_had_diagnostics`

error: unused variable: `server`
   --> app/src/code/language_server_extension.rs:360:33
    |
360 |                     if let Some(server) = me.lsp_server.as_ref() {
    |                                 ^^^^^^ help: if this is intentional, prefix it with an underscore: `_server`

error: unused variable: `server`
   --> app/src/code/local_code_editor.rs:779:21
    |
779 |         if let Some(server) = &self.lsp_server {
    |                     ^^^^^^ help: if this is intentional, prefix it with an underscore: `_server`

error: unused variable: `had_result`
    --> app/src/code/local_code_editor.rs:2121:21
     |
2121 |                 let had_result = matches!(&result, Ok(locations) if !locations.is_empty());
     |                     ^^^^^^^^^^ help: if this is intentional, prefix it with an underscore: `_had_result`

error: unused variable: `server_type`
    --> app/src/code/local_code_editor.rs:2123:29
     |
2123 |                 if let Some(server_type) = server_type_name {
     |                             ^^^^^^^^^^^ help: if this is intentional, prefix it with an underscore: `_server_type`

error: unused variable: `is_directory`
    --> app/src/code/file_tree/view.rs:2413:13
     |
2413 |         let is_directory = matches!(item, FileTreeItem::DirectoryHeader { .. });
     |             ^^^^^^^^^^^^ help: if this is intentional, prefix it with an underscore: `_is_directory`

error: unused variable: `st`
    --> app/src/code/footer.rs:1802:33
     |
1802 |                     if let Some(st) = server_type {
     |                                 ^^ help: if this is intentional, prefix it with an underscore: `_st`

error: unused variable: `server_name`
    --> app/src/code/footer.rs:1828:21
     |
1828 |                 let server_name = self
     |                     ^^^^^^^^^^^ help: if this is intentional, prefix it with an underscore: `_server_name`

error: unused variable: `app`
    --> app/src/code/view.rs:2050:22
     |
2050 |     fn render(&self, app: &AppContext) -> Box<dyn Element> {
     |                      ^^^ help: if this is intentional, prefix it with an underscore: `_app`

error: unused variable: `load_duration`
    --> app/src/code_review/code_review_view.rs:2378:9
     |
2378 |         load_duration: Option<Duration>,
     |         ^^^^^^^^^^^^^ help: if this is intentional, prefix it with an underscore: `_load_duration`

error: unused variable: `is_local`
    --> app/src/code_review/code_review_view.rs:2448:13
     |
2448 |         let is_local = self.repo_is_local();
     |             ^^^^^^^^ help: if this is intentional, prefix it with an underscore: `_is_local`

error: unused variable: `diff_mode`
    --> app/src/code_review/code_review_view.rs:2449:13
     |
2449 |         let diff_mode = self.diff_state_model.as_ref(ctx).diff_mode(ctx);
     |             ^^^^^^^^^ help: if this is intentional, prefix it with an underscore: `_diff_mode`

error: unused variable: `is_imported`
    --> app/src/code_review/code_review_view.rs:2698:17
     |
2698 |             let is_imported = model
     |                 ^^^^^^^^^^^ help: if this is intentional, prefix it with an underscore: `_is_imported`

error: unused variable: `active_count`
    --> app/src/code_review/code_review_view.rs:3520:18
     |
3520 |             let (active_count, outdated_count) = relocated_comments
     |                  ^^^^^^^^^^^^ help: if this is intentional, prefix it with an underscore: `_active_count`

error: unused variable: `outdated_count`
    --> app/src/code_review/code_review_view.rs:3520:32
     |
3520 |             let (active_count, outdated_count) = relocated_comments
     |                                ^^^^^^^^^^^^^^ help: if this is intentional, prefix it with an underscore: `_outdated_count`

error: unused variable: `app`
    --> app/src/code_review/code_review_view.rs:3942:9
     |
3942 |         app: &AppContext,
     |         ^^^ help: if this is intentional, prefix it with an underscore: `_app`

error: variable `has_changes` is assigned to, but never used
    --> app/src/code_review/code_review_view.rs:6090:13
     |
6090 |         let mut has_changes = false;
     |             ^^^^^^^^^^^^^^^
     |
     = note: consider using `_has_changes` instead

error: value assigned to `has_changes` is never read
    --> app/src/code_review/code_review_view.rs:6092:13
     |
6092 |             has_changes = !loaded.to_diff_stats().has_no_changes();
     |             ^^^^^^^^^^^^^^^^^^^^^^^^^^^^^^^^^^^^^^^^^^^^^^^^^^^^^^
     |
     = help: maybe it is overwritten before being read?
     = note: `-D unused-assignments` implied by `-D warnings`
     = help: to override `-D warnings` add `#[allow(unused_assignments)]`

error: unused variable: `state_change`
    --> app/src/code_review/code_review_view.rs:6577:21
     |
6577 |                 let state_change = if is_currently_maximized {
     |                     ^^^^^^^^^^^^ help: if this is intentional, prefix it with an underscore: `_state_change`

error: unused variable: `branch`
    --> app/src/code_review/diff_state/local.rs:1350:29
     |
1350 |     pub fn create_pr(&self, branch: String, ctx: &mut ModelContext<Self>) {
     |                             ^^^^^^ help: if this is intentional, prefix it with an underscore: `_branch`

error: unused variable: `load_duration`
    --> app/src/code_review/diff_state/local.rs:1635:21
     |
1635 |                 let load_duration = self
     |                     ^^^^^^^^^^^^^ help: if this is intentional, prefix it with an underscore: `_load_duration`

error: unused variable: `me`
   --> app/src/code_review/git_dialog/commit.rs:370:5
    |
370 |     me: &GitDialog,
    |     ^^ help: if this is intentional, prefix it with an underscore: `_me`

error: unused variable: `operation`
   --> app/src/code_review/git_dialog/commit.rs:375:9
    |
375 |     let operation = match intent {
    |         ^^^^^^^^^ help: if this is intentional, prefix it with an underscore: `_operation`

error: unused variable: `status`
   --> app/src/code_review/git_dialog/commit.rs:380:10
    |
380 |     let (status, error) = match &result {
    |          ^^^^^^ help: if this is intentional, prefix it with an underscore: `_status`

error: unused variable: `error`
   --> app/src/code_review/git_dialog/commit.rs:380:18
    |
380 |     let (status, error) = match &result {
    |                  ^^^^^ help: if this is intentional, prefix it with an underscore: `_error`

error: unused variable: `me`
   --> app/src/code_review/git_dialog/pr.rs:131:5
    |
131 |     me: &GitDialog,
    |     ^^ help: if this is intentional, prefix it with an underscore: `_me`

error: unused variable: `status`
   --> app/src/code_review/git_dialog/pr.rs:135:10
    |
135 |     let (status, error) = match &result {
    |          ^^^^^^ help: if this is intentional, prefix it with an underscore: `_status`

error: unused variable: `error`
   --> app/src/code_review/git_dialog/pr.rs:135:18
    |
135 |     let (status, error) = match &result {
    |                  ^^^^^ help: if this is intentional, prefix it with an underscore: `_error`

error: unused variable: `me`
   --> app/src/code_review/git_dialog/push.rs:113:5
    |
113 |     me: &GitDialog,
    |     ^^ help: if this is intentional, prefix it with an underscore: `_me`

error: unused variable: `status`
   --> app/src/code_review/git_dialog/push.rs:118:10
    |
118 |     let (status, error) = match &result {
    |          ^^^^^^ help: if this is intentional, prefix it with an underscore: `_status`

error: unused variable: `error`
   --> app/src/code_review/git_dialog/push.rs:118:18
    |
118 |     let (status, error) = match &result {
    |                  ^^^^^ help: if this is intentional, prefix it with an underscore: `_error`

error: unused variable: `operation`
   --> app/src/code_review/git_dialog/mod.rs:863:25
    |
863 |                     let operation = match &self.mode {
    |                         ^^^^^^^^^ help: if this is intentional, prefix it with an underscore: `_operation`

error: unused variable: `is_local`
   --> app/src/code_review/git_dialog/mod.rs:883:25
    |
883 |                     let is_local = !self.repo_location.is_remote();
    |                         ^^^^^^^^ help: if this is intentional, prefix it with an underscore: `_is_local`

error: unused variable: `has_no_changes`
   --> app/src/code_review/code_review_header/mod.rs:118:13
    |
118 |         let has_no_changes = state.to_diff_stats().has_no_changes();
    |             ^^^^^^^^^^^^^^ help: if this is intentional, prefix it with an underscore: `_has_no_changes`

error: unused variable: `has_no_changes`
   --> app/src/code_review/code_review_header/mod.rs:196:13
    |
196 |         let has_no_changes = state.to_diff_stats().has_no_changes();
    |             ^^^^^^^^^^^^^^ help: if this is intentional, prefix it with an underscore: `_has_no_changes`

error: unused variable: `memory_breakdown`
   --> app/src/system/info.rs:219:13
    |
219 |         let memory_breakdown = memory_footprint::memory_breakdown();
    |             ^^^^^^^^^^^^^^^^ help: if this is intentional, prefix it with an underscore: `_memory_breakdown`

error: unused variable: `total_application_usage_bytes`
   --> app/src/system/info.rs:234:13
    |
234 |         let total_application_usage_bytes = rss.as_u64();
    |             ^^^^^^^^^^^^^^^^^^^^^^^^^^^^^ help: if this is intentional, prefix it with an underscore: `_total_application_usage_bytes`

error: unused variable: `cpu_usage_stats`
   --> app/src/system/info.rs:379:13
    |
379 |         let cpu_usage_stats = Self::compute_cpu_usage_stats(samples);
    |             ^^^^^^^^^^^^^^^ help: if this is intentional, prefix it with an underscore: `_cpu_usage_stats`

error: unused variable: `memory_usage_stats`
   --> app/src/system/info.rs:380:13
    |
380 |         let memory_usage_stats = Self::compute_memory_usage_stats(total_application_usage, ctx);
    |             ^^^^^^^^^^^^^^^^^^ help: if this is intentional, prefix it with an underscore: `_memory_usage_stats`

error: unused variable: `app`
  --> app/src/util/tooltips.rs:63:5
   |
63 |     app: &AppContext,
   |     ^^^ help: if this is intentional, prefix it with an underscore: `_app`

error: unused variable: `app`
   --> app/src/view_components/compactible_action_button.rs:229:5
    |
229 |     app: &AppContext,
    |     ^^^ help: if this is intentional, prefix it with an underscore: `_app`

error: unused variable: `ctx`
    --> app/src/editor/view/mod.rs:7307:31
     |
7307 |     fn render_controls(&self, ctx: &AppContext) -> Option<Box<dyn Element>> {
     |                               ^^^ help: if this is intentional, prefix it with an underscore: `_ctx`

error: unused variable: `ctx`
  --> app/src/pane_group/pane/terminal_pane.rs:69:9
   |
69 |         ctx: &AppContext,
   |         ^^^ help: if this is intentional, prefix it with an underscore: `_ctx`

error: unused import: `SingletonEntity`
  --> app/src/code_review/find_model_tests.rs:10:46
   |
10 | use warpui::{App, Element as _, ModelHandle, SingletonEntity, ViewHandle};
   |                                              ^^^^^^^^^^^^^^^

error: unused import: `SingletonEntity`
   --> app/src/terminal/mock_terminal_manager.rs:116:32
    |
116 |     use warpui::{App, Element, SingletonEntity};
    |                                ^^^^^^^^^^^^^^^

error: unused variable: `app`
   --> app/src/pane_group/pane/view/header/mod.rs:376:39
    |
376 |     fn render_toolbelt_buttons(&self, app: &AppContext) -> Box<dyn Element> {
    |                                       ^^^ help: if this is intentional, prefix it with an underscore: `_app`

error: unused variable: `app`
   --> app/src/search/command_search/view.rs:205:71
    |
205 |                 let source = History::handle(ctx).read(ctx, |history, app| {
    |                                                                       ^^^ help: if this is intentional, prefix it with an underscore: `_app`

error: unused variable: `buffer_length`
   --> app/src/search/command_search/view.rs:283:13
    |
283 |         let buffer_length = self.search_bar.as_ref(ctx).query(ctx).len();
    |             ^^^^^^^^^^^^^ help: if this is intentional, prefix it with an underscore: `_buffer_length`

error: unused variable: `buffer_length`
   --> app/src/search/command_search/view.rs:302:21
    |
302 |                 let buffer_length = self.search_bar.as_ref(ctx).query(ctx).len();
    |                     ^^^^^^^^^^^^^ help: if this is intentional, prefix it with an underscore: `_buffer_length`

error: unused variable: `buffer_len`
   --> app/src/search/command_search/view.rs:313:45
    |
313 |             SearchBarEvent::BufferCleared { buffer_len } => {
    |                                             ^^^^^^^^^^ help: try ignoring the field: `buffer_len: _`

error: unused variable: `result_index`
   --> app/src/search/command_search/view.rs:390:17
    |
390 |             let result_index = match self.search_bar_state.as_ref(ctx).query_result_renderers() {
    |                 ^^^^^^^^^^^^ help: if this is intentional, prefix it with an underscore: `_result_index`

error: unused variable: `imported_settings`
   --> app/src/settings/import/view.rs:890:13
    |
890 |         let imported_settings = model.read(ctx, |model, _ctx| {
    |             ^^^^^^^^^^^^^^^^^ help: if this is intentional, prefix it with an underscore: `_imported_settings`

error: unused variable: `new_val`
   --> app/src/settings_view/appearance_page.rs:659:28
    |
659 |                         Ok(new_val) => {
    |                            ^^^^^^^ help: if this is intentional, prefix it with an underscore: `_new_val`

error: unused variable: `new_value`
    --> app/src/settings_view/appearance_page.rs:2216:20
     |
2216 |                 Ok(new_value) => {
     |                    ^^^^^^^^^ help: if this is intentional, prefix it with an underscore: `_new_value`

error: unused variable: `old_mode`
    --> app/src/settings_view/appearance_page.rs:2262:13
     |
2262 |         let old_mode = *InputModeSettings::as_ref(ctx).input_mode.value();
     |             ^^^^^^^^ help: if this is intentional, prefix it with an underscore: `_old_mode`

error: unused variable: `is_udi_enabled`
    --> app/src/settings_view/appearance_page.rs:2291:17
     |
2291 |             let is_udi_enabled = new_type == InputBoxType::Universal;
     |                 ^^^^^^^^^^^^^^ help: if this is intentional, prefix it with an underscore: `_is_udi_enabled`

error: unused variable: `previous_value`
    --> app/src/settings_view/appearance_page.rs:2446:13
     |
2446 |         let previous_value = TabSettings::handle(ctx).update(ctx, |tab_settings, ctx| {
     |             ^^^^^^^^^^^^^^ help: if this is intentional, prefix it with an underscore: `_previous_value`

error: unused variable: `new_value`
    --> app/src/settings_view/appearance_page.rs:2466:14
     |
2466 |         let (new_value, previous_value) =
     |              ^^^^^^^^^ help: if this is intentional, prefix it with an underscore: `_new_value`

error: unused variable: `previous_value`
    --> app/src/settings_view/appearance_page.rs:2466:25
     |
2466 |         let (new_value, previous_value) =
     |                         ^^^^^^^^^^^^^^ help: if this is intentional, prefix it with an underscore: `_previous_value`

error: unused variable: `view`
    --> app/src/settings_view/appearance_page.rs:2829:9
     |
2829 |         view: &Self::View,
     |         ^^^^ help: if this is intentional, prefix it with an underscore: `_view`

error: unused variable: `view`
    --> app/src/settings_view/appearance_page.rs:3272:9
     |
3272 |         view: &Self::View,
     |         ^^^^ help: if this is intentional, prefix it with an underscore: `_view`

error: unused variable: `view`
    --> app/src/settings_view/appearance_page.rs:3393:9
     |
3393 |         view: &Self::View,
     |         ^^^^ help: if this is intentional, prefix it with an underscore: `_view`

error: unused variable: `app`
    --> app/src/settings_view/appearance_page.rs:3580:9
     |
3580 |         app: &AppContext,
     |         ^^^ help: if this is intentional, prefix it with an underscore: `_app`

error: unused variable: `view`
    --> app/src/settings_view/appearance_page.rs:3608:9
     |
3608 |         view: &Self::View,
     |         ^^^^ help: if this is intentional, prefix it with an underscore: `_view`

error: unused variable: `view`
    --> app/src/settings_view/appearance_page.rs:3646:9
     |
3646 |         view: &Self::View,
     |         ^^^^ help: if this is intentional, prefix it with an underscore: `_view`

error: unused variable: `view`
    --> app/src/settings_view/appearance_page.rs:3684:9
     |
3684 |         view: &Self::View,
     |         ^^^^ help: if this is intentional, prefix it with an underscore: `_view`

error: unused variable: `view`
    --> app/src/settings_view/appearance_page.rs:3727:9
     |
3727 |         view: &Self::View,
     |         ^^^^ help: if this is intentional, prefix it with an underscore: `_view`

error: unused variable: `view`
    --> app/src/settings_view/appearance_page.rs:3771:9
     |
3771 |         view: &Self::View,
     |         ^^^^ help: if this is intentional, prefix it with an underscore: `_view`

error: unused variable: `app`
    --> app/src/settings_view/appearance_page.rs:3905:9
     |
3905 |         app: &AppContext,
     |         ^^^ help: if this is intentional, prefix it with an underscore: `_app`

error: unused variable: `app`
    --> app/src/settings_view/appearance_page.rs:4158:9
     |
4158 |         app: &AppContext,
     |         ^^^ help: if this is intentional, prefix it with an underscore: `_app`

error: unused variable: `app`
    --> app/src/settings_view/appearance_page.rs:4186:9
     |
4186 |         app: &AppContext,
     |         ^^^ help: if this is intentional, prefix it with an underscore: `_app`

error: unused variable: `view`
    --> app/src/settings_view/appearance_page.rs:4215:9
     |
4215 |         view: &Self::View,
     |         ^^^^ help: if this is intentional, prefix it with an underscore: `_view`

error: unused variable: `view`
    --> app/src/settings_view/appearance_page.rs:4272:9
     |
4272 |         view: &Self::View,
     |         ^^^^ help: if this is intentional, prefix it with an underscore: `_view`

error: unused variable: `view`
    --> app/src/settings_view/appearance_page.rs:4340:9
     |
4340 |         view: &Self::View,
     |         ^^^^ help: if this is intentional, prefix it with an underscore: `_view`

error: unused variable: `app`
    --> app/src/settings_view/appearance_page.rs:4380:9
     |
4380 |         app: &AppContext,
     |         ^^^ help: if this is intentional, prefix it with an underscore: `_app`

error: unused variable: `view`
    --> app/src/settings_view/appearance_page.rs:4408:9
     |
4408 |         view: &Self::View,
     |         ^^^^ help: if this is intentional, prefix it with an underscore: `_view`

error: unused variable: `view`
    --> app/src/settings_view/appearance_page.rs:4448:9
     |
4448 |         view: &Self::View,
     |         ^^^^ help: if this is intentional, prefix it with an underscore: `_view`

error: unused variable: `view`
    --> app/src/settings_view/appearance_page.rs:4488:9
     |
4488 |         view: &Self::View,
     |         ^^^^ help: if this is intentional, prefix it with an underscore: `_view`

error: unused variable: `view`
    --> app/src/settings_view/appearance_page.rs:4528:9
     |
4528 |         view: &Self::View,
     |         ^^^^ help: if this is intentional, prefix it with an underscore: `_view`

error: unused variable: `view`
    --> app/src/settings_view/appearance_page.rs:4573:9
     |
4573 |         view: &Self::View,
     |         ^^^^ help: if this is intentional, prefix it with an underscore: `_view`

error: unused variable: `view`
    --> app/src/settings_view/appearance_page.rs:4618:9
     |
4618 |         view: &Self::View,
     |         ^^^^ help: if this is intentional, prefix it with an underscore: `_view`

error: unused variable: `app`
    --> app/src/settings_view/appearance_page.rs:4886:9
     |
4886 |         app: &AppContext,
     |         ^^^ help: if this is intentional, prefix it with an underscore: `_app`

error: unused variable: `new_value`
   --> app/src/settings_view/features/external_editor.rs:231:13
    |
231 |         let new_value = EditorSettings::handle(ctx).update(ctx, |settings, ctx| {
    |             ^^^^^^^^^ help: if this is intentional, prefix it with an underscore: `_new_value`

error: unused variable: `new_value`
   --> app/src/settings_view/features/external_editor.rs:248:13
    |
248 |         let new_value = EditorSettings::handle(ctx).update(ctx, |settings, ctx| {
    |             ^^^^^^^^^ help: if this is intentional, prefix it with an underscore: `_new_value`

error: unused variable: `app`
    --> app/src/settings_view/keybindings.rs:1102:9
     |
1102 |         app: &AppContext,
     |         ^^^ help: if this is intentional, prefix it with an underscore: `_app`

error: unused variable: `app`
   --> app/src/settings_view/scripting_page.rs:156:9
    |
156 |         app: &AppContext,
    |         ^^^ help: if this is intentional, prefix it with an underscore: `_app`

error: unused variable: `selected_range`
   --> app/src/terminal/alt_screen/alt_screen_element.rs:191:9
    |
191 |         selected_range: &Range<usize>,
    |         ^^^^^^^^^^^^^^ help: if this is intentional, prefix it with an underscore: `_selected_range`

error: unused variable: `app`
   --> app/src/terminal/alt_screen/alt_screen_element.rs:303:9
    |
303 |         app: &AppContext,
    |         ^^^ help: if this is intentional, prefix it with an underscore: `_app`

error: unused variable: `ctx`
   --> app/src/terminal/alt_screen/alt_screen_element.rs:906:41
    |
906 |     fn scroll(&mut self, delta: Pixels, ctx: &mut EventContext) {
    |                                         ^^^ help: if this is intentional, prefix it with an underscore: `_ctx`

error: unused variable: `mode`
  --> app/src/terminal/local_tty/terminal_manager.rs:77:13
   |
77 |         let mode = match mode {
   |             ^^^^ help: if this is intentional, prefix it with an underscore: `_mode`

error: unused variable: `max_bytes_per_second`
   --> app/src/terminal/local_tty/terminal_manager.rs:362:23
    |
362 |                 move |max_bytes_per_second| {
    |                       ^^^^^^^^^^^^^^^^^^^^ help: if this is intentional, prefix it with an underscore: `_max_bytes_per_second`

error: unused variable: `auth_state`
   --> app/src/terminal/local_tty/terminal_manager.rs:353:17
    |
353 |             let auth_state = AuthStateProvider::as_ref(ctx).get().clone();
    |                 ^^^^^^^^^^ help: if this is intentional, prefix it with an underscore: `_auth_state`

error: unused variable: `auth_state`
   --> app/src/terminal/local_tty/terminal_manager.rs:931:5
    |
931 |     auth_state: &AuthState,
    |     ^^^^^^^^^^ help: if this is intentional, prefix it with an underscore: `_auth_state`

error: unused variable: `unsupported_shell`
   --> app/src/terminal/local_tty/terminal_manager.rs:942:25
    |
942 |             if let Some(unsupported_shell) = unsupported_shell {
    |                         ^^^^^^^^^^^^^^^^^ help: if this is intentional, prefix it with an underscore: `_unsupported_shell`

error: unused variable: `transcript_scope`
    --> app/src/terminal/model/block.rs:1143:37
     |
1143 |     pub fn should_hide_block(&self, transcript_scope: &TranscriptScope) -> bool {
     |                                     ^^^^^^^^^^^^^^^^ help: if this is intentional, prefix it with an underscore: `_transcript_scope`

error: unused variable: `app`
   --> app/src/terminal/model/blocks/selection.rs:924:9
    |
924 |         app: &AppContext,
    |         ^^^ help: if this is intentional, prefix it with an underscore: `_app`

error: unused variable: `warp_attributed_bootstrap_duration_seconds`
   --> app/src/terminal/model/session.rs:296:13
    |
296 |         let warp_attributed_bootstrap_duration_seconds =
    |             ^^^^^^^^^^^^^^^^^^^^^^^^^^^^^^^^^^^^^^^^^^ help: if this is intentional, prefix it with an underscore: `_warp_attributed_bootstrap_duration_seconds`

error: unused variable: `was_triggered_by_rc_file`
   --> app/src/terminal/model/session.rs:301:13
    |
301 |         let was_triggered_by_rc_file = session
    |             ^^^^^^^^^^^^^^^^^^^^^^^^ help: if this is intentional, prefix it with an underscore: `_was_triggered_by_rc_file`

error: unused variable: `block_id`
    --> app/src/terminal/model/terminal_model.rs:1832:13
     |
1832 |         let block_id = data.next_block_id.to_string();
     |             ^^^^^^^^ help: if this is intentional, prefix it with an underscore: `_block_id`

error: unused variable: `record`
   --> app/src/terminal/model_events.rs:230:38
    |
230 |             Event::LifecycleRecovery(record) => {
    |                                      ^^^^^^ help: if this is intentional, prefix it with an underscore: `_record`

error: variant `CommandLine` is never constructed
   --> app/src/lib.rs:224:5
    |
219 | pub(crate) enum LaunchMode {
    |                 ---------- variant in this enum
...
224 |     CommandLine {
    |     ^^^^^^^^^^^
    |
    = note: `-D dead-code` implied by `-D warnings`
    = help: to override `-D warnings` add `#[allow(dead_code)]`

error: method `supports_indexing` is never used
   --> app/src/lib.rs:358:8
    |
255 | impl LaunchMode {
    | --------------- method in this implementation
...
358 |     fn supports_indexing(&self) -> bool {
    |        ^^^^^^^^^^^^^^^^^

error: field `active_window_id` is never read
   --> app/src/lib.rs:984:5
    |
983 | pub struct UpdateQuakeModeEventArg {
    |            ----------------------- field in this struct
984 |     active_window_id: Option<WindowId>,
    |     ^^^^^^^^^^^^^^^^

error: function `focus_running_window_and_show_native_modal` is never used
    --> app/src/lib.rs:1541:4
     |
1541 | fn focus_running_window_and_show_native_modal(
     |    ^^^^^^^^^^^^^^^^^^^^^^^^^^^^^^^^^^^^^^^^^^

error: variant `WorkspaceAdded` is never constructed
  --> app/src/ai/persisted_workspace.rs:95:5
   |
85 | pub enum PersistedWorkspaceEvent {
   |          ----------------------- variant in this enum
...
95 |     WorkspaceAdded {
   |     ^^^^^^^^^^^^^^
   |
   = note: `PersistedWorkspaceEvent` has derived impls for the traits `Clone` and `Debug`, but these are intentionally ignored during dead code analysis

error: methods `all_lsp_servers`, `total_lsp_server_count`, `user_added_workspace`, `navigated_to_path`, and `workspace_for_path` are never used
   --> app/src/ai/persisted_workspace.rs:202:12
    |
106 | impl PersistedWorkspace {
    | ----------------------- methods in this implementation
...
202 |     pub fn all_lsp_servers(
    |            ^^^^^^^^^^^^^^^
...
219 |     pub fn total_lsp_server_count(&self, include_suggested: bool) -> usize {
    |            ^^^^^^^^^^^^^^^^^^^^^^
...
227 |     pub fn user_added_workspace(&mut self, path: PathBuf, ctx: &mut ModelContext<Self>) {
    |            ^^^^^^^^^^^^^^^^^^^^
...
253 |     pub fn navigated_to_path(&mut self, directory: &PathBuf) {
    |            ^^^^^^^^^^^^^^^^^
...
261 |     pub fn workspace_for_path(&self, root_path: &Path) -> Option<WorkspaceMetadata> {
    |            ^^^^^^^^^^^^^^^^^^

error: enum `ActiveSkillLookupError` is never used
  --> app/src/ai/skills/mod.rs:27:10
   |
27 | pub enum ActiveSkillLookupError {
   |          ^^^^^^^^^^^^^^^^^^^^^^

error: associated function `for_reference` is never used
  --> app/src/ai/skills/mod.rs:35:19
   |
34 | impl ActiveSkillLookupError {
   | --------------------------- associated function in this implementation
35 |     pub(crate) fn for_reference(reference: &SkillReference, path_origin: &SkillPathOrigin) -> Self {
   |                   ^^^^^^^^^^^^^

error: trait `SkillPathQuery` is never used
  --> app/src/ai/skills/mod.rs:51:11
   |
51 | pub trait SkillPathQuery {
   |           ^^^^^^^^^^^^^^

error: variants `Read` and `Opened` are never constructed
  --> app/src/ai/skills/telemetry.rs:27:5
   |
25 | pub enum SkillTelemetryEvent {
   |          ------------------- variants in this enum
26 |     /// Emitted when a skill is invoked via the ReadSkill tool call.
27 |     Read {
   |     ^^^^
...
40 |     Opened {
   |     ^^^^^^
   |
   = note: `SkillTelemetryEvent` has a derived impl for the trait `Debug`, but this is intentionally ignored during dead code analysis

error: field `0` is never read
  --> app/src/ai/skills/bundled.rs:25:21
   |
25 |     RequiresFeature(FeatureFlag),
   |     --------------- ^^^^^^^^^^^
   |     |
   |     field in this variant
   |
   = note: `BundledSkillActivation` has derived impls for the traits `Clone` and `Debug`, but these are intentionally ignored during dead code analysis
help: consider changing the field to be of unit type to suppress this warning while preserving the field numbering, or remove the field
   |
25 -     RequiresFeature(FeatureFlag),
25 +     RequiresFeature(()),
   |

error: field `0` is never read
  --> app/src/ai/skills/bundled.rs:27:18
   |
27 |     RequiresFile(PathBuf),
   |     ------------ ^^^^^^^
   |     |
   |     field in this variant
   |
   = note: `BundledSkillActivation` has derived impls for the traits `Clone` and `Debug`, but these are intentionally ignored during dead code analysis
help: consider changing the field to be of unit type to suppress this warning while preserving the field numbering, or remove the field
   |
27 -     RequiresFile(PathBuf),
27 +     RequiresFile(()),
   |

error: method `is_enabled` is never used
  --> app/src/ai/skills/bundled.rs:31:12
   |
30 | impl BundledSkillActivation {
   | --------------------------- method in this implementation
31 |     pub fn is_enabled(&self) -> bool {
   |            ^^^^^^^^^^

error: field `remote_by_host` is never read
  --> app/src/ai/skills/bundled.rs:44:5
   |
42 | pub struct BundledSkills {
   |            ------------- field in this struct
43 |     local: BundledSkill,
44 |     remote_by_host: HashMap<HostId, BundledSkill>,
   |     ^^^^^^^^^^^^^^
   |
   = note: `BundledSkills` has a derived impl for the trait `Debug`, but this is intentionally ignored during dead code analysis

error: multiple methods are never used
   --> app/src/ai/skills/bundled.rs:52:12
    |
 47 | impl BundledSkills {
    | ------------------ methods in this implementation
...
 52 |     pub fn active_descriptors(&self, path_origin: &SkillPathOrigin) -> Vec<SkillDescriptor> {
    |            ^^^^^^^^^^^^^^^^^^
...
 65 |     pub fn reference_for_path(&self, path: &LocalOrRemotePath) -> Option<SkillReference> {
    |            ^^^^^^^^^^^^^^^^^^
...
 69 |     pub fn local_skill(&self, id: &str) -> Option<&ParsedSkill> {
    |            ^^^^^^^^^^^
...
 73 |     pub fn active_skill(&self, id: &str, path_origin: &SkillPathOrigin) -> Option<&ParsedSkill> {
    |            ^^^^^^^^^^^^
...
 77 |     pub fn remote(&self, host_id: &HostId) -> Option<&BundledSkill> {
    |            ^^^^^^
...
 86 |     pub fn remote_skill_by_path(&self, path: &RemotePath) -> Option<&ParsedSkill> {
    |            ^^^^^^^^^^^^^^^^^^^^
...
 94 |     pub fn remote_active_skill_by_path(&self, path: &RemotePath) -> Option<&ParsedSkill> {
    |            ^^^^^^^^^^^^^^^^^^^^^^^^^^^
...
101 |     fn for_path_origin(&self, path_origin: &SkillPathOrigin) -> Option<&BundledSkill> {
    |        ^^^^^^^^^^^^^^^

error: fields `skill`, `activation`, and `icon` are never read
   --> app/src/ai/skills/bundled.rs:137:5
    |
136 | struct BundledSkillDefinition {
    |        ---------------------- fields in this struct
137 |     skill: ParsedSkill,
    |     ^^^^^
138 |     activation: BundledSkillActivation,
    |     ^^^^^^^^^^
139 |     icon: Icon,
    |     ^^^^
    |
    = note: `BundledSkillDefinition` has derived impls for the traits `Clone` and `Debug`, but these are intentionally ignored during dead code analysis

error: field `definitions` is never read
   --> app/src/ai/skills/bundled.rs:145:5
    |
144 | pub struct BundledSkill {
    |            ------------ field in this struct
145 |     definitions: HashMap<String, BundledSkillDefinition>,
    |     ^^^^^^^^^^^
    |
    = note: `BundledSkill` has a derived impl for the trait `Debug`, but this is intentionally ignored during dead code analysis

error: multiple methods are never used
   --> app/src/ai/skills/bundled.rs:170:12
    |
148 | impl BundledSkill {
    | ----------------- methods in this implementation
...
170 |     pub fn active_descriptors(&self) -> Vec<SkillDescriptor> {
    |            ^^^^^^^^^^^^^^^^^^
...
189 |     pub fn active_path_referenced_descriptors(&self) -> Vec<SkillDescriptor> {
    |            ^^^^^^^^^^^^^^^^^^^^^^^^^^^^^^^^^^
...
202 |     pub fn reference_for_path(&self, path: &LocalOrRemotePath) -> Option<SkillReference> {
    |            ^^^^^^^^^^^^^^^^^^
...
210 |     pub fn skill(&self, id: &str) -> Option<&ParsedSkill> {
    |            ^^^^^
...
215 |     pub fn active_skill(&self, id: &str) -> Option<&ParsedSkill> {
    |            ^^^^^^^^^^^^
...
224 |     pub fn skill_by_path(&self, path: &LocalOrRemotePath) -> Option<&ParsedSkill> {
    |            ^^^^^^^^^^^^^
...
233 |     pub fn active_skill_by_path(&self, path: &LocalOrRemotePath) -> Option<&ParsedSkill> {
    |            ^^^^^^^^^^^^^^^^^^^^

error: function `try_insert_skill` is never used
  --> app/src/ai/skills/skill_utils.rs:22:4
   |
22 | fn try_insert_skill(
   |    ^^^^^^^^^^^^^^^^

error: struct `SkillDeduplicator` is never constructed
  --> app/src/ai/skills/skill_utils.rs:50:19
   |
50 | pub(crate) struct SkillDeduplicator {
   |                   ^^^^^^^^^^^^^^^^^

error: methods `insert`, `extend_paths`, and `into_descriptors` are never used
  --> app/src/ai/skills/skill_utils.rs:56:19
   |
55 | impl SkillDeduplicator {
   | ---------------------- methods in this implementation
56 |     pub(crate) fn insert(&mut self, dir_path: &LocalOrRemotePath, skill: &ParsedSkill) {
   |                   ^^^^^^
...
65 |     pub(crate) fn extend_paths(
   |                   ^^^^^^^^^^^^
...
77 |     pub(crate) fn into_descriptors(self) -> Vec<SkillDescriptor> {
   |                   ^^^^^^^^^^^^^^^^

error: function `skill_path_from_location` is never used
   --> app/src/ai/skills/skill_utils.rs:102:8
    |
102 | pub fn skill_path_from_location(location: &LocalOrRemotePath) -> Option<LocalOrRemotePath> {
    |        ^^^^^^^^^^^^^^^^^^^^^^^^

error: fields `remote_home_directories` and `is_cloud_environment` are never read
  --> app/src/ai/skills/skill_manager.rs:49:5
   |
26 | pub struct SkillManager {
   |            ------------ fields in this struct
...
49 |     remote_home_directories: HashMap<HostId, LocalOrRemotePath>,
   |     ^^^^^^^^^^^^^^^^^^^^^^^
...
54 |     is_cloud_environment: bool,
   |     ^^^^^^^^^^^^^^^^^^^^

error: multiple methods are never used
   --> app/src/ai/skills/skill_manager.rs:93:12
    |
 59 | impl SkillManager {
    | ----------------- methods in this implementation
...
 93 |     pub fn set_cloud_environment(&mut self, value: bool) {
    |            ^^^^^^^^^^^^^^^^^^^^^
...
 98 |     pub fn get_skills_for_working_directory(
    |            ^^^^^^^^^^^^^^^^^^^^^^^^^^^^^^^^
...
113 |     pub fn get_skills_for_working_directory_with_origin(
    |            ^^^^^^^^^^^^^^^^^^^^^^^^^^^^^^^^^^^^^^^^^^^^
...
198 |     pub fn home_skill_paths(&self) -> Vec<LocalOrRemotePath> {
    |            ^^^^^^^^^^^^^^^^
...
209 |     pub fn directories_with_skills(&self) -> Vec<PathBuf> {
    |            ^^^^^^^^^^^^^^^^^^^^^^^
...
228 |     pub fn skill_paths_in_scope(&self, scope_dir: &Path) -> Vec<PathBuf> {
    |            ^^^^^^^^^^^^^^^^^^^^
...
253 |     pub fn skill_exists_for_any_provider(
    |            ^^^^^^^^^^^^^^^^^^^^^^^^^^^^^
...
278 |     pub fn best_supported_provider(
    |            ^^^^^^^^^^^^^^^^^^^^^^^
...
294 |     fn providers_for_descriptor<'a>(
    |        ^^^^^^^^^^^^^^^^^^^^^^^^
...
308 |     pub fn skill_paths_by_name(&self, name: &str) -> Vec<LocalOrRemotePath> {
    |            ^^^^^^^^^^^^^^^^^^^
...
321 |     pub fn skill_by_path<P: SkillPathQuery + ?Sized>(
    |            ^^^^^^^^^^^^^
...
331 |     pub fn reference_for_skill_path<P: SkillPathQuery + ?Sized>(
    |            ^^^^^^^^^^^^^^^^^^^^^^^^
...
345 |     pub fn skill_by_reference(&self, reference: &SkillReference) -> Option<&ParsedSkill> {
    |            ^^^^^^^^^^^^^^^^^^
...
358 |     pub fn active_skill_by_reference(&self, reference: &SkillReference) -> Option<&ParsedSkill> {
    |            ^^^^^^^^^^^^^^^^^^^^^^^^^
...
364 |     pub fn active_skill_by_reference_with_origin(
    |            ^^^^^^^^^^^^^^^^^^^^^^^^^^^^^^^^^^^^^
...
386 |     pub fn active_local_bundled_skill(&self, id: &str) -> Option<&ParsedSkill> {
    |            ^^^^^^^^^^^^^^^^^^^^^^^^^^
...
390 |     fn home_directory_for_origin(
    |        ^^^^^^^^^^^^^^^^^^^^^^^^^
...
403 |     fn is_home_directory(&self, path: &LocalOrRemotePath) -> bool {
    |        ^^^^^^^^^^^^^^^^^
...
413 |     fn skill_by_location(&self, location: &LocalOrRemotePath) -> Option<&ParsedSkill> {
    |        ^^^^^^^^^^^^^^^^^
...
499 |     pub fn add_skills_dirs_skills(&mut self, skills: Vec<ParsedSkill>) {
    |            ^^^^^^^^^^^^^^^^^^^^^^

error: function `path_matches_reference_location` is never used
   --> app/src/ai/skills/skill_manager.rs:587:4
    |
587 | fn path_matches_reference_location(path: &LocalOrRemotePath, reference: &SkillReference) -> bool {
    |    ^^^^^^^^^^^^^^^^^^^^^^^^^^^^^^^

error: associated function `read_local_skills_for_repos` is never used
  --> app/src/ai/skills/file_watchers/skill_watcher.rs:81:12
   |
76 | impl SkillWatcher {
   | ----------------- associated function in this implementation
...
81 |     pub fn read_local_skills_for_repos(
   |            ^^^^^^^^^^^^^^^^^^^^^^^^^^^

error: function `read_skills_from_files` is never used
   --> app/src/ai/skills/file_watchers/utils.rs:119:8
    |
119 | pub fn read_skills_from_files(skill_files: impl IntoIterator<Item = PathBuf>) -> Vec<ParsedSkill> {
    |        ^^^^^^^^^^^^^^^^^^^^^^

error: field `0` is never read
  --> app/src/antivirus/mod.rs:12:26
   |
12 | pub struct AntivirusInfo(Option<String>);
   |            ------------- ^^^^^^^^^^^^^^
   |            |
   |            field in this struct
   |
   = help: consider removing this field
   = note: `AntivirusInfo` has derived impls for the traits `Clone` and `Debug`, but these are intentionally ignored during dead code analysis

error: method `get` is never used
  --> app/src/antivirus/mod.rs:28:12
   |
14 | impl AntivirusInfo {
   | ------------------ method in this implementation
...
28 |     pub fn get(&self) -> Option<&str> {
   |            ^^^

error: method `is_persisted` is never used
   --> app/src/app_state.rs:123:19
    |
122 | impl LeafContents {
    | ----------------- method in this implementation
123 |     pub(crate) fn is_persisted(&self) -> bool {
    |                   ^^^^^^^^^^^^

error: field `auth_state` is never read
   --> app/src/auth/auth_state.rs:147:5
    |
146 | pub struct LocalAuthStateProvider {
    |            ---------------------- field in this struct
147 |     auth_state: Arc<AuthState>,
    |     ^^^^^^^^^^

error: method `get` is never used
   --> app/src/auth/auth_state.rs:155:12
    |
150 | impl LocalAuthStateProvider {
    | --------------------------- method in this implementation
...
155 |     pub fn get(&self) -> &Arc<AuthState> {
    |            ^^^

error: methods `ready_for_update` and `available_new_version` are never used
  --> app/src/autoupdate_disabled.rs:10:12
   |
 9 | impl AutoupdateStage {
   | -------------------- methods in this implementation
10 |     pub fn ready_for_update(&self) -> bool {
   |            ^^^^^^^^^^^^^^^^
...
14 |     pub fn available_new_version(&self) -> Option<&channel_versions::VersionInfo> {
   |            ^^^^^^^^^^^^^^^^^^^^^

error: field `stage` is never read
  --> app/src/autoupdate_disabled.rs:20:5
   |
19 | pub struct AutoupdateState {
   |            --------------- field in this struct
20 |     stage: AutoupdateStage,
   |     ^^^^^

error: methods `maybe_daily_check_for_update` and `manually_check_for_update` are never used
  --> app/src/autoupdate_disabled.rs:35:12
   |
23 | impl AutoupdateState {
   | -------------------- methods in this implementation
...
35 |     pub fn maybe_daily_check_for_update(&mut self, ctx: &mut ModelContext<Self>) {
   |            ^^^^^^^^^^^^^^^^^^^^^^^^^^^^
...
39 |     pub fn manually_check_for_update(&mut self, ctx: &mut ModelContext<Self>) {
   |            ^^^^^^^^^^^^^^^^^^^^^^^^^

error: function `get_update_state` is never used
  --> app/src/autoupdate_disabled.rs:50:8
   |
50 | pub fn get_update_state(app: &AppContext) -> AutoupdateStage {
   |        ^^^^^^^^^^^^^^^^

error: function `initiate_relaunch_for_update` is never used
  --> app/src/autoupdate_disabled.rs:54:8
   |
54 | pub fn initiate_relaunch_for_update(app: &mut AppContext) {
   |        ^^^^^^^^^^^^^^^^^^^^^^^^^^^^

error: function `manually_download_new_version` is never used
  --> app/src/autoupdate_disabled.rs:74:8
   |
74 | pub fn manually_download_new_version(ctx: &mut AppContext) {
   |        ^^^^^^^^^^^^^^^^^^^^^^^^^^^^^

error: function `is_incoming_version_past_current` is never used
  --> app/src/autoupdate_disabled.rs:93:8
   |
93 | pub fn is_incoming_version_past_current(version: Option<&str>) -> bool {
   |        ^^^^^^^^^^^^^^^^^^^^^^^^^^^^^^^^

error: variant `Action` is never constructed
   --> app/src/banner/view.rs:142:5
    |
139 | pub enum BannerAction<T: Action + Clone> {
    |          ------------ variant in this enum
...
142 |     Action(T),
    |     ^^^^^^
    |
    = note: `BannerAction` has derived impls for the traits `Debug` and `Clone`, but these are intentionally ignored during dead code analysis

error: associated items `new`, `set_content`, `set_action_button_label`, and `with_icon` are never used
   --> app/src/banner/view.rs:147:12
    |
145 | impl<T: Action + Clone> Banner<T> {
    | --------------------------------- associated items in this implementation
146 |     /// Creates a plain banner with a close button.
147 |     pub fn new(content: BannerTextContent<T>) -> Self {
    |            ^^^
...
198 |     pub fn set_content(&mut self, content: BannerTextContent<T>, ctx: &mut ViewContext<Self>) {
    |            ^^^^^^^^^^^
...
204 |     pub fn set_action_button_label(
    |            ^^^^^^^^^^^^^^^^^^^^^^^
...
216 |     pub fn with_icon(mut self, icon: Icon) -> Self {
    |            ^^^^^^^^^

error: function `init` is never used
   --> app/src/code/mod.rs:131:8
    |
131 | pub fn init(app: &mut AppContext) {
    |        ^^^^

error: function `init` is never used
  --> app/src/code/find_references_view.rs:42:8
   |
42 | pub fn init(app: &mut AppContext) {
   |        ^^^^

error: variants `ArrowUp`, `ArrowDown`, and `SelectReference` are never constructed
  --> app/src/code/find_references_view.rs:82:5
   |
76 | pub enum FindReferencesViewAction {
   |          ------------------------ variants in this enum
...
82 |     ArrowUp,
   |     ^^^^^^^
83 |     /// Move selection down (arrow down).
84 |     ArrowDown,
   |     ^^^^^^^^^
85 |     /// Select the currently highlighted reference (enter).
86 |     SelectReference,
   |     ^^^^^^^^^^^^^^^
   |
   = note: `FindReferencesViewAction` has derived impls for the traits `Debug` and `Clone`, but these are intentionally ignored during dead code analysis

error: constant `DROP_SHADOW_COLOR` is never used
  --> app/src/code/local_code_editor.rs:73:7
   |
73 | const DROP_SHADOW_COLOR: ColorU = ColorU {
   |       ^^^^^^^^^^^^^^^^^

error: function `init` is never used
  --> app/src/code/local_code_editor.rs:98:8
   |
98 | pub fn init(app: &mut AppContext) {
   |        ^^^^

error: fields `relative_file_path`, `line_range`, and `selected_text` are never read
   --> app/src/code/local_code_editor.rs:128:9
    |
127 |     SelectionAddedAsContext {
    |     ----------------------- fields in this variant
128 |         relative_file_path: String,
    |         ^^^^^^^^^^^^^^^^^^
129 |         /// 1-indexed line range of the selection: `[start, end]` both inclusive.
130 |         line_range: Range<LineCount>,
    |         ^^^^^^^^^^
131 |         /// Literal text content of the selection.
132 |         selected_text: String,
    |         ^^^^^^^^^^^^^

error: variant `DiffRejected` is never constructed
   --> app/src/code/local_code_editor.rs:120:5
    |
106 | pub enum LocalCodeEditorEvent {
    |          -------------------- variant in this enum
...
120 |     DiffRejected,
    |     ^^^^^^^^^^^^

error: field `mouse_state` is never read
   --> app/src/code/local_code_editor.rs:183:5
    |
182 | struct SelectionAsContextTooltip {
    |        ------------------------- field in this struct
183 |     mouse_state: MouseStateHandle,
    |     ^^^^^^^^^^^

error: variant `InsertSelectedTextToInput` is never constructed
   --> app/src/code/local_code_editor.rs:189:5
    |
188 | pub enum LocalCodeEditorAction {
    |          --------------------- variant in this enum
189 |     InsertSelectedTextToInput,
    |     ^^^^^^^^^^^^^^^^^^^^^^^^^
    |
    = note: `LocalCodeEditorAction` has derived impls for the traits `Clone` and `Debug`, but these are intentionally ignored during dead code analysis

error: methods `language_server_enabled`, `scroll_fraction`, `accept_diff`, and `render_selection_tooltip` are never used
    --> app/src/code/local_code_editor.rs:844:12
     |
 319 | impl LocalCodeEditorView {
     | ------------------------ methods in this implementation
...
 844 |     pub fn language_server_enabled(&self) -> bool {
     |            ^^^^^^^^^^^^^^^^^^^^^^^
...
1879 |     pub fn scroll_fraction(&self, ctx: &AppContext) -> f32 {
     |            ^^^^^^^^^^^^^^^
...
1887 |     pub fn accept_diff(&mut self, ctx: &mut ViewContext<Self>) {
     |            ^^^^^^^^^^^
...
1934 |     fn render_selection_tooltip(&self, app: &AppContext) -> Option<Box<dyn Element>> {
     |        ^^^^^^^^^^^^^^^^^^^^^^^^

error: variants `FullPane`, `Embedded`, and `InlineBanner` are never constructed
  --> app/src/code/diff_viewer.rs:18:5
   |
16 | pub enum DisplayMode {
   |          ----------- variants in this enum
17 |     /// The code diff view takes up its own pane.
18 |     FullPane,
   |     ^^^^^^^^
19 |     /// The code diff view is embedded inside an AI block.
20 |     Embedded { max_height: f32 },
   |     ^^^^^^^^
...
23 |     InlineBanner {
   |     ^^^^^^^^^^^^
   |
   = note: `DisplayMode` has derived impls for the traits `Debug` and `Clone`, but these are intentionally ignored during dead code analysis

error: multiple associated items are never used
   --> app/src/code/diff_viewer.rs:31:12
    |
 30 | impl DisplayMode {
    | ---------------- associated items in this implementation
 31 |     pub fn with_embedded(max_height: f32) -> Self {
    |            ^^^^^^^^^^^^^
...
 35 |     pub fn with_inline_banner(max_height: f32) -> Self {
    |            ^^^^^^^^^^^^^^^^^^
...
 43 |     pub fn max_height(&self) -> Option<f32> {
    |            ^^^^^^^^^^
...
 92 |     pub fn title(&self) -> Option<&str> {
    |            ^^^^^
...
 99 |     pub fn is_full_pane(&self) -> bool {
    |            ^^^^^^^^^^^^
...
103 |     pub fn is_embedded(&self) -> bool {
    |            ^^^^^^^^^^^
...
107 |     pub fn is_inline_banner(&self) -> bool {
    |            ^^^^^^^^^^^^^^^^

error: methods `was_edited`, `changed_lines`, `navigate_next_diff_hunk`, `navigate_previous_diff_hunk`, `reject_diff`, and `restore_diff_base` are never used
   --> app/src/code/diff_viewer.rs:123:8
    |
115 | pub trait DiffViewer
    |           ---------- methods in this trait
...
123 |     fn was_edited(&self) -> bool {
    |        ^^^^^^^^^^
...
128 |     fn changed_lines(&self, ctx: &AppContext) -> Vec<Range<usize>> {
    |        ^^^^^^^^^^^^^
...
145 |     fn navigate_next_diff_hunk(&self, ctx: &mut ViewContext<Self>) {
    |        ^^^^^^^^^^^^^^^^^^^^^^^
...
150 |     fn navigate_previous_diff_hunk(&self, ctx: &mut ViewContext<Self>) {
    |        ^^^^^^^^^^^^^^^^^^^^^^^^^^^
...
155 |     fn reject_diff(&mut self, _ctx: &mut ViewContext<Self>) {}
    |        ^^^^^^^^^^^
156 |
157 |     fn restore_diff_base(&mut self, _ctx: &mut ViewContext<Self>) -> Result<(), String> {
    |        ^^^^^^^^^^^^^^^^^

error: associated items `new_embedded` and `set_laid_out_size` are never used
   --> app/src/code/editor/comment_editor.rs:61:12
    |
 53 | impl CommentEditor {
    | ------------------ associated items in this implementation
...
 61 |     pub fn new_embedded(
    |            ^^^^^^^^^^^^
...
146 |     pub fn set_laid_out_size(&self, value: Vector2F) {
    |            ^^^^^^^^^^^^^^^^^

error: variants `FocusedDiffHunk` and `Fraction` are never constructed
  --> app/src/code/editor/scroll.rs:29:5
   |
27 | pub enum ScrollPosition {
   |          -------------- variants in this enum
28 |     LineAndColumn(LineAndColumnArg),
29 |     FocusedDiffHunk,
   |     ^^^^^^^^^^^^^^^
...
33 |     Fraction(f32),
   |     ^^^^^^^^
   |
   = note: `ScrollPosition` has a derived impl for the trait `Clone`, but this is intentionally ignored during dead code analysis

error: multiple methods are never used
    --> app/src/code/editor/view.rs:461:12
     |
 288 | impl CodeEditorView {
     | ------------------- methods in this implementation
...
 461 |     pub fn with_add_context_button(mut self) -> Self {
     |            ^^^^^^^^^^^^^^^^^^^^^^^
...
 543 |     pub fn changed_lines(&self, app: &AppContext) -> Vec<Range<usize>> {
     |            ^^^^^^^^^^^^^
...
 953 |     pub(crate) fn starting_line_number(&self) -> Option<usize> {
     |                   ^^^^^^^^^^^^^^^^^^^^
...
 957 |     pub(crate) fn set_starting_line_number(&mut self, starting_line_number: Option<usize>) {
     |                   ^^^^^^^^^^^^^^^^^^^^^^^^
...
1461 |     pub fn is_selecting(&self) -> bool {
     |            ^^^^^^^^^^^^
...
1553 |     pub fn append_at_end(&self, text: &str, ctx: &mut ViewContext<Self>) {
     |            ^^^^^^^^^^^^^
...
1562 |     pub fn system_append_autoscroll_vertical_only(&self, text: &str, ctx: &mut ViewContext<Self>) {
     |            ^^^^^^^^^^^^^^^^^^^^^^^^^^^^^^^^^^^^^^
...
1568 |     pub fn truncate(&self, len: usize, ctx: &mut ViewContext<Self>) {
     |            ^^^^^^^^
...
1574 |     pub fn retrieve_unified_diff(&self, file_name: String, ctx: &mut ViewContext<Self>) {
     |            ^^^^^^^^^^^^^^^^^^^^^
...
1604 |     pub fn scroll_fraction(&self, ctx: &AppContext) -> f32 {
     |            ^^^^^^^^^^^^^^^
...
1637 |     pub fn navigate_next_diff_hunk(&self, ctx: &mut ViewContext<Self>) {
     |            ^^^^^^^^^^^^^^^^^^^^^^^
...
1643 |     pub fn navigate_previous_diff_hunk(&self, ctx: &mut ViewContext<Self>) {
     |            ^^^^^^^^^^^^^^^^^^^^^^^^^^^
...
1958 |     pub fn diff_hunks_changed_lines(&self, app: &AppContext) -> (usize, usize) {
     |            ^^^^^^^^^^^^^^^^^^^^^^^^

error: constant `NON_EDITABLE_KEYMAP_CONTEXT` is never used
  --> app/src/code/editor/view/actions.rs:35:7
   |
35 | const NON_EDITABLE_KEYMAP_CONTEXT: &str = "NonEditableKeymapContext";
   |       ^^^^^^^^^^^^^^^^^^^^^^^^^^^

error: function `init` is never used
  --> app/src/code/editor/view/actions.rs:43:8
   |
43 | pub fn init(app: &mut AppContext) {
   |        ^^^^

error: multiple variants are never constructed
   --> app/src/code/editor/view/actions.rs:621:5
    |
618 | pub enum CodeEditorViewAction {
    |          -------------------- variants in this enum
...
621 |     Enter,
    |     ^^^^^
622 |     Delete,
    |     ^^^^^^
623 |     Backspace,
    |     ^^^^^^^^^
624 |     VimBackspace,
    |     ^^^^^^^^^^^^
625 |     ToggleComment,
    |     ^^^^^^^^^^^^^
...
628 |     ScrollHalfPageDown,
    |     ^^^^^^^^^^^^^^^^^^
629 |     ScrollHalfPageUp,
    |     ^^^^^^^^^^^^^^^^
630 |     SelectUp,
    |     ^^^^^^^^
631 |     SelectDown,
    |     ^^^^^^^^^^
632 |     SelectLeft,
    |     ^^^^^^^^^^
633 |     SelectRight,
    |     ^^^^^^^^^^^
634 |     SelectBackwardsByWord,
    |     ^^^^^^^^^^^^^^^^^^^^^
635 |     SelectForwardsByWord,
    |     ^^^^^^^^^^^^^^^^^^^^
636 |     SelectToLineStart,
    |     ^^^^^^^^^^^^^^^^^
637 |     SelectToLineEnd,
    |     ^^^^^^^^^^^^^^^
638 |     SelectAll,
    |     ^^^^^^^^^
...
659 |     DeleteLineLeft,
    |     ^^^^^^^^^^^^^^
660 |     DeleteLineRight,
    |     ^^^^^^^^^^^^^^^
661 |     DeleteWordLeft,
    |     ^^^^^^^^^^^^^^
662 |     DeleteWordRight,
    |     ^^^^^^^^^^^^^^^
663 |     CutLineLeft,
    |     ^^^^^^^^^^^
664 |     CutLineRight,
    |     ^^^^^^^^^^^^
665 |     CutWordLeft,
    |     ^^^^^^^^^^^
666 |     CutWordRight,
    |     ^^^^^^^^^^^^
667 |     MoveUp,
    |     ^^^^^^
668 |     MoveDown,
    |     ^^^^^^^^
669 |     MoveLeft,
    |     ^^^^^^^^
670 |     MoveRight,
    |     ^^^^^^^^^
671 |     MoveBackwardsByWord,
    |     ^^^^^^^^^^^^^^^^^^^
672 |     MoveForwardsByWord,
    |     ^^^^^^^^^^^^^^^^^^
673 |     MoveToLineStart,
    |     ^^^^^^^^^^^^^^^
674 |     MoveToLineEnd,
    |     ^^^^^^^^^^^^^
675 |     CursorAtBufferStart,
    |     ^^^^^^^^^^^^^^^^^^^
676 |     CursorAtBufferEnd,
    |     ^^^^^^^^^^^^^^^^^
...
702 |     Paste,
    |     ^^^^^
703 |     Cut,
    |     ^^^
704 |     Copy,
    |     ^^^^
...
707 |     Undo,
    |     ^^^^
708 |     Redo,
    |     ^^^^
709 |     Tab,
    |     ^^^
710 |     ShiftTab,
    |     ^^^^^^^^
711 |     ShowFindBar,
    |     ^^^^^^^^^^^
712 |     ShowGoToLine,
    |     ^^^^^^^^^^^^
713 |     Escape,
714 |     VimEnter,
    |     ^^^^^^^^
715 |     VimTab,
    |     ^^^^^^
716 |     VimDelete,
    |     ^^^^^^^^^
717 |     VimShiftTab,
    |     ^^^^^^^^^^^
718 |     VimShiftEnter,
    |     ^^^^^^^^^^^^^
719 |     VimEscape,
    |     ^^^^^^^^^
    |
    = note: `CodeEditorViewAction` has derived impls for the traits `Clone` and `Debug`, but these are intentionally ignored during dead code analysis

error: method `remove` is never used
   --> app/src/code/global_buffer_model.rs:648:12
    |
189 | impl GlobalBufferModel {
    | ---------------------- method in this implementation
...
648 |     pub fn remove(&mut self, file_id: FileId, ctx: &mut ModelContext<Self>) {
    |            ^^^^^^

error: type alias `SaveFuture` is never used
  --> app/src/code/inline_diff.rs:23:6
   |
23 | type SaveFuture = BoxFuture<'static, Result<(), Arc<FileSaveError>>>;
   |      ^^^^^^^^^^

error: enum `InlineDiffViewEvent` is never used
  --> app/src/code/inline_diff.rs:26:10
   |
26 | pub enum InlineDiffViewEvent {
   |          ^^^^^^^^^^^^^^^^^^^

error: struct `InlineDiffView` is never constructed
  --> app/src/code/inline_diff.rs:44:12
   |
44 | pub struct InlineDiffView {
   |            ^^^^^^^^^^^^^^

error: associated items `new`, `register_file`, `finish_file_registration`, `apply_diffs_if_any`, `save_content`, and `accept_and_save_diff` are never used
   --> app/src/code/inline_diff.rs:66:12
    |
 65 | impl InlineDiffView {
    | ------------------- associated items in this implementation
 66 |     pub fn new(
    |            ^^^
...
110 |     pub fn register_file(&mut self, ctx: &mut ViewContext<Self>) {
    |            ^^^^^^^^^^^^^
...
130 |     fn finish_file_registration(&mut self, file_id: FileId, ctx: &mut ViewContext<Self>) {
    |        ^^^^^^^^^^^^^^^^^^^^^^^^
...
160 |     fn apply_diffs_if_any(&self, ctx: &mut ViewContext<Self>) {
    |        ^^^^^^^^^^^^^^^^^^
...
192 |     fn save_content(&self, ctx: &mut ViewContext<Self>) -> Option<SaveFuture> {
    |        ^^^^^^^^^^^^
...
215 |     pub fn accept_and_save_diff(&self, ctx: &mut ViewContext<Self>) -> Option<SaveFuture> {
    |            ^^^^^^^^^^^^^^^^^^^^

error: methods `file_path`, `base_content`, and `file_name` are never used
   --> app/src/code/inline_diff.rs:229:12
    |
228 | impl InlineDiffView {
    | ------------------- methods in this implementation
229 |     pub fn file_path(&self) -> Option<&StandardizedPath> {
    |            ^^^^^^^^^
...
234 |     pub fn base_content(&self, app: &AppContext) -> Option<String> {
    |            ^^^^^^^^^^^^
...
245 |     pub fn file_name(&self) -> Option<String> {
    |            ^^^^^^^^^

error: constant `SCAN_INTERVAL` is never used
  --> app/src/code/language_server_shutdown_manager.rs:21:7
   |
21 | const SCAN_INTERVAL: Duration = Duration::from_secs(10);
   |       ^^^^^^^^^^^^^

error: field `in_progress_scan` is never read
  --> app/src/code/language_server_shutdown_manager.rs:24:5
   |
23 | pub struct LanguageServerShutdownManager {
   |            ----------------------------- field in this struct
24 |     in_progress_scan: Option<AbortHandle>,
   |     ^^^^^^^^^^^^^^^^

error: methods `has_in_progress_scan`, `schedule_next_scan`, and `scan_and_shutdown_unused_servers` are never used
  --> app/src/code/language_server_shutdown_manager.rs:34:12
   |
27 | impl LanguageServerShutdownManager {
   | ---------------------------------- methods in this implementation
...
34 |     pub fn has_in_progress_scan(&self) -> bool {
   |            ^^^^^^^^^^^^^^^^^^^^
...
38 |     pub fn schedule_next_scan(&mut self, ctx: &mut ModelContext<Self>) {
   |            ^^^^^^^^^^^^^^^^^^
...
64 |     fn scan_and_shutdown_unused_servers(&self, ctx: &mut ModelContext<Self>) -> bool {
   |        ^^^^^^^^^^^^^^^^^^^^^^^^^^^^^^^^

error: function `workspace_root_in_use` is never used
   --> app/src/code/language_server_shutdown_manager.rs:102:4
    |
102 | fn workspace_root_in_use(root: &Path, app: &AppContext) -> bool {
    |    ^^^^^^^^^^^^^^^^^^^^^

error: function `has_terminal_for_workspace` is never used
   --> app/src/code/language_server_shutdown_manager.rs:106:4
    |
106 | fn has_terminal_for_workspace(root: &Path, app: &AppContext) -> bool {
    |    ^^^^^^^^^^^^^^^^^^^^^^^^^^

error: function `has_open_file_for_workspace` is never used
   --> app/src/code/language_server_shutdown_manager.rs:124:4
    |
124 | fn has_open_file_for_workspace(root: &Path, app: &AppContext) -> bool {
    |    ^^^^^^^^^^^^^^^^^^^^^^^^^^^

error: multiple variants are never constructed
  --> app/src/code/lsp_telemetry.rs:39:5
   |
37 | pub enum LspTelemetryEvent {
   |          ----------------- variants in this enum
38 |     /// User enabled an LSP server for a workspace.
39 |     ServerEnabled {
   |     ^^^^^^^^^^^^^
...
45 |     ServerEnablementSkipped,
   |     ^^^^^^^^^^^^^^^^^^^^^^^
46 |     /// User removed an LSP server.
47 |     ServerRemoved {
   |     ^^^^^^^^^^^^^
...
52 |     HoverShown {
   |     ^^^^^^^^^^
...
58 |     GotoDefinition {
   |     ^^^^^^^^^^^^^^
...
63 |     FindReferencesShown {
   |     ^^^^^^^^^^^^^^^^^^^
...
68 |     ControlAction {
   |     ^^^^^^^^^^^^^
...
73 |     ServerStarted { server_type: String },
   |     ^^^^^^^^^^^^^
74 |     /// Server failed to start.
75 |     ServerFailed { server_type: String },
   |     ^^^^^^^^^^^^
   |
   = note: `LspTelemetryEvent` has a derived impl for the trait `Debug`, but this is intentionally ignored during dead code analysis

error: function `init` is never used
   --> app/src/code/file_tree/view.rs:130:8
    |
130 | pub fn init(app: &mut AppContext) {
    |        ^^^^

error: method `set_enablement_state` is never used
   --> app/src/code/file_tree/view.rs:883:19
    |
297 | impl FileTreeView {
    | ----------------- method in this implementation
...
883 |     pub(crate) fn set_enablement_state(
    |                   ^^^^^^^^^^^^^^^^^^^^

error: method `iter` is never used
  --> app/src/code/opened_files.rs:21:12
   |
15 | impl OpenedFilesInRepo {
   | ---------------------- method in this implementation
...
21 |     pub fn iter(&self) -> impl Iterator<Item = (&String, &Instant)> {
   |            ^^^^

error: constant `SAVE_FILE_BINDING_NAME` is never used
  --> app/src/code/view.rs:78:11
   |
78 | pub const SAVE_FILE_BINDING_NAME: &str = "code_view:save";
   |           ^^^^^^^^^^^^^^^^^^^^^^

error: constant `SAVE_FILE_BINDING_DESCRIPTION` is never used
  --> app/src/code/view.rs:79:11
   |
79 | pub const SAVE_FILE_BINDING_DESCRIPTION: &str = "Save file";
   |           ^^^^^^^^^^^^^^^^^^^^^^^^^^^^^

error: function `init` is never used
  --> app/src/code/view.rs:81:8
   |
81 | pub fn init(app: &mut AppContext) {
   |        ^^^^

error: methods `set_pending_scroll_fraction` and `scroll_fraction` are never used
   --> app/src/code/view.rs:717:19
    |
233 | impl CodeView {
    | ------------- methods in this implementation
...
717 |     pub(crate) fn set_pending_scroll_fraction(&self, fraction: f32, ctx: &mut ViewContext<Self>) {
    |                   ^^^^^^^^^^^^^^^^^^^^^^^^^^^
...
727 |     fn scroll_fraction(&self, ctx: &AppContext) -> Option<f32> {
    |        ^^^^^^^^^^^^^^^

error: enum `DiffSetScope` is never used
  --> app/src/code_review/mod.rs:51:10
   |
51 | pub enum DiffSetScope {
   |          ^^^^^^^^^^^^

error: method `undo_revert_in_code_review_pane` is never used
   --> app/src/code_review/mod.rs:165:12
    |
164 | impl GlobalCodeReviewModel {
    | -------------------------- method in this implementation
165 |     pub fn undo_revert_in_code_review_pane(
    |            ^^^^^^^^^^^^^^^^^^^^^^^^^^^^^^^

error: variant `DiffReverted` is never constructed
   --> app/src/code_review/mod.rs:176:5
    |
175 | pub enum GlobalCodeReviewEvent {
    |          --------------------- variant in this enum
176 |     DiffReverted {
    |     ^^^^^^^^^^^^

error: function `render_file_navigation_button` is never used
   --> app/src/code_review/code_review_view.rs:156:8
    |
156 | pub fn render_file_navigation_button<F>(
    |        ^^^^^^^^^^^^^^^^^^^^^^^^^^^^^

error: constant `CODE_REVIEW_TOOLTIP_TEXT` is never used
   --> app/src/code_review/code_review_view.rs:243:11
    |
243 | pub const CODE_REVIEW_TOOLTIP_TEXT: &str = "View changes";
    |           ^^^^^^^^^^^^^^^^^^^^^^^^

error: multiple methods are never used
    --> app/src/code_review/code_review_view.rs:3548:19
     |
 641 | impl CodeReviewView {
     | ------------------- methods in this implementation
...
3548 |     pub(crate) fn expand_comment_list(&mut self, ctx: &mut ViewContext<Self>) {
     |                   ^^^^^^^^^^^^^^^^^^^
...
3554 |     pub(crate) fn expand_comment_list_and_scroll_to_comment(
     |                   ^^^^^^^^^^^^^^^^^^^^^^^^^^^^^^^^^^^^^^^^^
...
4991 |     fn attach_diff_not_allowed_toast_id(&self, ctx: &mut ViewContext<Self>) -> String {
     |        ^^^^^^^^^^^^^^^^^^^^^^^^^^^^^^^^
...
4995 |     fn attach_context_not_allowed_toast_id(&self, ctx: &mut ViewContext<Self>) -> String {
     |        ^^^^^^^^^^^^^^^^^^^^^^^^^^^^^^^^^^^
...
5455 |     pub(crate) fn navigate_to_imported_comment(
     |                   ^^^^^^^^^^^^^^^^^^^^^^^^^^^^
...
5466 |     pub(crate) fn set_diff_base(&mut self, diff_mode: DiffMode, ctx: &mut ViewContext<Self>) {
     |                   ^^^^^^^^^^^^^
...
5478 |     fn extract_diff_hunk_data(
     |        ^^^^^^^^^^^^^^^^^^^^^^
...
5555 |     fn format_diff_hunk_content(&self, hunk: &DiffHunk) -> String {
     |        ^^^^^^^^^^^^^^^^^^^^^^^^

error: methods `repo_is_local` and `has_non_outdated_comments` are never used
   --> app/src/code_review/comment_list_view.rs:234:8
    |
168 | impl CommentListView {
    | -------------------- methods in this implementation
...
234 |     fn repo_is_local(&self) -> Option<bool> {
    |        ^^^^^^^^^^^^^
...
822 |     fn has_non_outdated_comments(&self) -> bool {
    |        ^^^^^^^^^^^^^^^^^^^^^^^^^

error: struct `DiffSetHunk` is never constructed
  --> app/src/code_review/context.rs:34:12
   |
34 | pub struct DiffSetHunk {
   |            ^^^^^^^^^^^

error: function `convert_file_diffs_to_diffset_hunks` is never used
  --> app/src/code_review/context.rs:41:8
   |
41 | pub fn convert_file_diffs_to_diffset_hunks<'a>(
   |        ^^^^^^^^^^^^^^^^^^^^^^^^^^^^^^^^^^^

error: variants `FileInvalidation` and `DiffLoad` are never constructed
  --> app/src/code_review/diff_state/mod.rs:61:5
   |
58 | pub enum DiffOperation {
   |          ------------- variants in this enum
...
61 |     FileInvalidation,
   |     ^^^^^^^^^^^^^^^^
...
64 |     DiffLoad,
   |     ^^^^^^^^
   |
   = note: `DiffOperation` has derived impls for the traits `Debug` and `Clone`, but these are intentionally ignored during dead code analysis

error: enum `GitDeltaPreference` is never used
   --> app/src/code_review/diff_state/mod.rs:276:10
    |
276 | pub enum GitDeltaPreference {
    |          ^^^^^^^^^^^^^^^^^^

error: method `set_diff_mode_and_fetch_base` is never used
   --> app/src/code_review/diff_state/mod.rs:565:19
    |
420 | impl DiffStateModel {
    | ------------------- method in this implementation
...
565 |     pub(crate) fn set_diff_mode_and_fetch_base(
    |                   ^^^^^^^^^^^^^^^^^^^^^^^^^^^^

error: field `backend_origin` is never read
   --> app/src/code_review/diff_state/local.rs:200:5
    |
194 | pub struct LocalDiffStateModel {
    |            ------------------- field in this struct
...
200 |     backend_origin: BackendOrigin,
    |     ^^^^^^^^^^^^^^

error: method `repo_is_local` is never used
   --> app/src/code_review/find_model.rs:101:8
    |
 72 | impl CodeReviewFindModel {
    | ------------------------ method in this implementation
...
101 |     fn repo_is_local(&self, ctx: &AppContext) -> Option<bool> {
    |        ^^^^^^^^^^^^^

error: fields `main_branch_name`, `stats_against_head`, and `branch_tracking_status` are never read
  --> app/src/code_review/git_repo_model/mod.rs:63:9
   |
61 | pub struct GitStatusMetadata {
   |            ----------------- fields in this struct
62 |     pub current_branch_name: String,
63 |     pub main_branch_name: String,
   |         ^^^^^^^^^^^^^^^^
64 |     pub stats_against_head: DiffStats,
   |         ^^^^^^^^^^^^^^^^^^
65 |     pub branch_tracking_status: GitBranchTrackingStatus,
   |         ^^^^^^^^^^^^^^^^^^^^^^
   |
   = note: `GitStatusMetadata` has derived impls for the traits `Clone` and `Debug`, but these are intentionally ignored during dead code analysis

error: method `refresh_metadata` is never used
   --> app/src/code_review/git_repo_model/mod.rs:113:12
    |
 95 | impl GitRepoStatusModel {
    | ----------------------- method in this implementation
...
113 |     pub fn refresh_metadata(&self, ctx: &mut ModelContext<Self>) {
    |            ^^^^^^^^^^^^^^^^

error: method `repo_path` is never used
   --> app/src/code_review/git_repo_model/local.rs:111:12
    |
 33 | impl LocalGitRepoStatusModel {
    | ---------------------------- method in this implementation
...
111 |     pub fn repo_path(&self) -> &Path {
    |            ^^^^^^^^^

error: methods `repository_info` and `refresh_repository_info` are never used
  --> app/src/code_review/github_repo_model/mod.rs:58:12
   |
37 | impl GitHubRepoModel {
   | -------------------- methods in this implementation
...
58 |     pub fn repository_info<'a>(&self, ctx: &'a AppContext) -> Option<&'a RepositoryInfo> {
   |            ^^^^^^^^^^^^^^^
...
82 |     pub fn refresh_repository_info(&self, ctx: &mut ModelContext<Self>) {
   |            ^^^^^^^^^^^^^^^^^^^^^^^

error: method `repository_info` is never used
   --> app/src/code_review/github_repo_model/local.rs:165:12
    |
 78 | impl LocalGitHubRepoModel {
    | ------------------------- method in this implementation
...
165 |     pub fn repository_info(&self) -> Option<&RepositoryInfo> {
    |            ^^^^^^^^^^^^^^^

error: variants `Commit`, `Push`, `Publish`, `CreatePr`, and `ViewPr` are never constructed
  --> app/src/code_review/telemetry_event.rs:20:5
   |
18 | pub enum GitButtonKind {
   |          ------------- variants in this enum
19 |     #[serde(rename = "commit")]
20 |     Commit,
   |     ^^^^^^
21 |     #[serde(rename = "push")]
22 |     Push,
   |     ^^^^
23 |     #[serde(rename = "publish")]
24 |     Publish,
   |     ^^^^^^^
25 |     #[serde(rename = "create_pr")]
26 |     CreatePr,
   |     ^^^^^^^^
27 |     #[serde(rename = "view_pr")]
28 |     ViewPr,
   |     ^^^^^^
   |
   = note: `GitButtonKind` has derived impls for the traits `Debug` and `Clone`, but these are intentionally ignored during dead code analysis

error: variant `Cancelled` is never constructed
  --> app/src/code_review/telemetry_event.rs:70:5
   |
60 | pub enum GitDialogStatus {
   |          --------------- variant in this enum
...
70 |     Cancelled,
   |     ^^^^^^^^^
   |
   = note: `GitDialogStatus` has derived impls for the traits `Debug` and `Clone`, but these are intentionally ignored during dead code analysis

error: variants `SelectedText` and `Gutter` are never constructed
   --> app/src/code_review/telemetry_event.rs:124:5
    |
121 | pub enum AddToContextOrigin {
    |          ------------------ variants in this enum
...
124 |     SelectedText,
    |     ^^^^^^^^^^^^
...
127 |     Gutter,
    |     ^^^^^^
    |
    = note: `AddToContextOrigin` has derived impls for the traits `Debug` and `Clone`, but these are intentionally ignored during dead code analysis

error: variants `Pty`, `AgentInput`, `AgentAttachment`, `ActiveCommandBuffer`, `AgentReview`, and `RichInput` are never constructed
   --> app/src/code_review/telemetry_event.rs:139:5
    |
136 | pub enum CodeReviewContextDestination {
    |          ---------------------------- variants in this enum
...
139 |     Pty,
    |     ^^^
...
142 |     AgentInput,
    |     ^^^^^^^^^^
...
145 |     AgentAttachment,
    |     ^^^^^^^^^^^^^^^
...
148 |     ActiveCommandBuffer,
    |     ^^^^^^^^^^^^^^^^^^^
...
151 |     AgentReview,
    |     ^^^^^^^^^^^
...
154 |     RichInput,
    |     ^^^^^^^^^
    |
    = note: `CodeReviewContextDestination` has derived impls for the traits `Debug` and `Clone`, but these are intentionally ignored during dead code analysis

error: variants `All` and `File` are never constructed
   --> app/src/code_review/telemetry_event.rs:163:5
    |
160 | pub enum DiffSetContextScope {
    |          ------------------- variants in this enum
...
163 |     All,
    |     ^^^
...
166 |     File,
    |     ^^^^
    |
    = note: `DiffSetContextScope` has derived impls for the traits `Debug` and `Clone`, but these are intentionally ignored during dead code analysis

error: multiple variants are never constructed
   --> app/src/code_review/telemetry_event.rs:186:5
    |
184 | pub enum CodeReviewTelemetryEvent {
    |          ------------------------ variants in this enum
185 |     /// Emitted when the code review pane is opened.
186 |     PaneOpened {
    |     ^^^^^^^^^^
...
194 |     AddToContext {
    |     ^^^^^^^^^^^^
...
201 |     RevertHunkClicked { is_local: Option<bool> },
    |     ^^^^^^^^^^^^^^^^^
202 |     /// Emitted when a file is saved in the code review pane.
203 |     FileSaved { is_local: Option<bool> },
    |     ^^^^^^^^^
204 |     /// Emitted when the code review pane is minimized or maximized.
205 |     PaneStateChanged {
    |     ^^^^^^^^^^^^^^^^
...
210 |     BaseChanged {
    |     ^^^^^^^^^^^
...
216 |     LoadMetadataFailed {
    |     ^^^^^^^^^^^^^^^^^^
...
224 |     LoadDiffFailed {
    |     ^^^^^^^^^^^^^^
...
235 |     DiffLoadCompleted {
    |     ^^^^^^^^^^^^^^^^^
...
248 |     FindBarToggled {
    |     ^^^^^^^^^^^^^^
...
254 |     FindBarModeChanged {
    |     ^^^^^^^^^^^^^^^^^^
...
262 |     FindNavigated {
    |     ^^^^^^^^^^^^^
...
268 |     CommentEditorOpened { is_local: Option<bool> },
    |     ^^^^^^^^^^^^^^^^^^^
269 |     /// Emitted when a new comment is added to the inline review.
270 |     CommentAdded { is_local: Option<bool> },
    |     ^^^^^^^^^^^^
271 |     /// Emitted when an existing comment is edited.
272 |     CommentEdited { is_local: Option<bool> },
    |     ^^^^^^^^^^^^^
273 |     /// Emitted when a comment is deleted from the inline review.
274 |     CommentDeleted {
    |     ^^^^^^^^^^^^^^
...
279 |     CommentListExpanded {
    |     ^^^^^^^^^^^^^^^^^^^
...
285 |     ReviewSubmitted {
    |     ^^^^^^^^^^^^^^^
...
295 |     CommentListItemClicked { is_local: Option<bool> },
    |     ^^^^^^^^^^^^^^^^^^^^^^
296 |     /// Emitted when one or more comments fail to be precisely relocated after code changes.
297 |     CommentRelocationFailed {
    |     ^^^^^^^^^^^^^^^^^^^^^^^
...
303 |     CommentResolved {
    |     ^^^^^^^^^^^^^^^
...
308 |     CommentsReceived {
    |     ^^^^^^^^^^^^^^^^
...
318 |     CommentsAttached {
    |     ^^^^^^^^^^^^^^^^
...
327 |     GitButtonTriggered {
    |     ^^^^^^^^^^^^^^^^^^
...
333 |     GitDialogCompleted {
    |     ^^^^^^^^^^^^^^^^^^
    |
    = note: `CodeReviewTelemetryEvent` has a derived impl for the trait `Debug`, but this is intentionally ignored during dead code analysis

error: method `render_header_dropdown_button` is never used
   --> app/src/code_review/code_review_header/mod.rs:387:8
    |
 47 | impl CodeReviewHeader {
    | --------------------- method in this implementation
...
387 |     fn render_header_dropdown_button(
    |        ^^^^^^^^^^^^^^^^^^^^^^^^^^^^^

error: methods `toggle_collapsed` and `is_collapsed` are never used
   --> app/src/code_review/comment_rendering.rs:343:19
    |
297 | impl CommentViewCard {
    | -------------------- methods in this implementation
...
343 |     pub(crate) fn toggle_collapsed(&mut self) {
    |                   ^^^^^^^^^^^^^^^^
...
347 |     pub(crate) fn is_collapsed(&self) -> bool {
    |                   ^^^^^^^^^^^^

error: methods `upsert_imported_comments` and `add_pending_imported_comments` are never used
   --> app/src/code_review/comments/batch.rs:118:19
    |
 31 | impl ReviewCommentBatch {
    | ----------------------- methods in this implementation
...
118 |     pub(crate) fn upsert_imported_comments(
    |                   ^^^^^^^^^^^^^^^^^^^^^^^^
...
185 |     pub(crate) fn add_pending_imported_comments(
    |                   ^^^^^^^^^^^^^^^^^^^^^^^^^^^^^

error: variants `Line`, `File`, and `General` are never constructed
  --> app/src/code_review/comments/pending_imported.rs:83:5
   |
81 | pub(crate) enum PendingImportedReviewCommentTarget {
   |                 ---------------------------------- variants in this enum
82 |     /// A comment attached to a specific diff line in a file.
83 |     Line {
   |     ^^^^
...
92 |     File {
   |     ^^^^
...
97 |     General,
   |     ^^^^^^^
   |
   = note: `PendingImportedReviewCommentTarget` has derived impls for the traits `Debug` and `Clone`, but these are intentionally ignored during dead code analysis

error: method `file_path` is never used
   --> app/src/code_review/comments/pending_imported.rs:101:19
    |
100 | impl PendingImportedReviewCommentTarget {
    | --------------------------------------- method in this implementation
101 |     pub(crate) fn file_path(&self) -> Option<&PathBuf> {
    |                   ^^^^^^^^^

error: variants `PendingRemoteSession` and `Disabled` are never constructed
  --> app/src/coding_panel_enablement_state.rs:8:5
   |
 2 | pub(crate) enum CodingPanelEnablementState {
   |                 -------------------------- variants in this enum
...
 8 |     PendingRemoteSession,
   |     ^^^^^^^^^^^^^^^^^^^^
...
20 |     Disabled,
   |     ^^^^^^^^
   |
   = note: `CodingPanelEnablementState` has derived impls for the traits `Debug` and `Clone`, but these are intentionally ignored during dead code analysis

error: associated function `from_session_env` is never used
  --> app/src/coding_panel_enablement_state.rs:24:19
   |
23 | impl CodingPanelEnablementState {
   | ------------------------------- associated function in this implementation
24 |     pub(crate) fn from_session_env(
   |                   ^^^^^^^^^^^^^^^^

error: method `refresh_directory_entries` is never used
  --> app/src/completer/mod.rs:59:25
   |
57 | impl SessionContext {
   | ------------------- method in this implementation
58 |     /// Lists `directory` fresh from disk and caches the results.
59 |     pub(crate) async fn refresh_directory_entries(
   |                         ^^^^^^^^^^^^^^^^^^^^^^^^^

error: struct `SessionAgnosticContext` is never constructed
   --> app/src/completer/mod.rs:374:12
    |
374 | pub struct SessionAgnosticContext {
    |            ^^^^^^^^^^^^^^^^^^^^^^

error: associated function `new` is never used
   --> app/src/completer/mod.rs:379:12
    |
378 | impl SessionAgnosticContext {
    | --------------------------- associated function in this implementation
379 |     pub fn new(command_registry: Arc<CommandRegistry>) -> Self {
    |            ^^^

error: struct `EmptyCompletionContext` is never constructed
   --> app/src/completer/mod.rs:413:12
    |
413 | pub struct EmptyCompletionContext;
    |            ^^^^^^^^^^^^^^^^^^^^^^

error: associated function `new` is never used
   --> app/src/completer/mod.rs:415:12
    |
414 | impl EmptyCompletionContext {
    | --------------------------- associated function in this implementation
415 |     pub fn new() -> Self {
    |            ^^^

error: trait `EnvVarExt` is never used
  --> app/src/env_vars/mod.rs:10:11
   |
10 | pub trait EnvVarExt {
   |           ^^^^^^^^^

error: trait `EnvVarCollectionExt` is never used
  --> app/src/env_vars/mod.rs:27:11
   |
27 | pub trait EnvVarCollectionExt {
   |           ^^^^^^^^^^^^^^^^^^^

error: struct `EnvVar` is never constructed
 --> app/src/env_vars/model.rs:4:12
  |
4 | pub struct EnvVar {
  |            ^^^^^^

error: struct `EnvVarCollection` is never constructed
  --> app/src/env_vars/model.rs:30:12
   |
30 | pub struct EnvVarCollection {
   |            ^^^^^^^^^^^^^^^^

error: field `classifier` is never read
  --> app/src/input_classifier.rs:13:9
   |
12 | pub struct InputClassifierModel {
   |            -------------------- field in this struct
13 |     pub classifier: Arc<dyn InputClassifier>,
   |         ^^^^^^^^^^

error: method `classifier` is never used
  --> app/src/input_classifier.rs:62:12
   |
16 | impl InputClassifierModel {
   | ------------------------- method in this implementation
...
62 |     pub fn classifier(&self) -> Arc<dyn InputClassifier> {
   |            ^^^^^^^^^^

error: method `all` is never used
  --> app/src/local_objects/notebook_store.rs:54:12
   |
16 | impl NotebookStore {
   | ------------------ method in this implementation
...
54 |     pub fn all(&self) -> impl Iterator<Item = &Notebook> {
   |            ^^^

error: variant `Above` is never constructed
   --> app/src/menu.rs:162:5
    |
159 | pub(crate) enum MenuTooltipPosition {
    |                 ------------------- variant in this enum
...
162 |     Above,
    |     ^^^^^
    |
    = note: `MenuTooltipPosition` has derived impls for the traits `Debug` and `Clone`, but these are intentionally ignored during dead code analysis

error: method `with_tooltip_position` is never used
   --> app/src/menu.rs:878:19
    |
489 | impl<A: Action + Clone> MenuItemFields<A> {
    | ----------------------------------------- method in this implementation
...
878 |     pub(crate) fn with_tooltip_position(mut self, position: MenuTooltipPosition) -> Self {
    |                   ^^^^^^^^^^^^^^^^^^^^^

error: enum `ModalState` is never used
  --> app/src/modal.rs:47:10
   |
47 | pub enum ModalState {
   |          ^^^^^^^^^^

error: struct `ModalViewState` is never constructed
  --> app/src/modal.rs:57:12
   |
57 | pub struct ModalViewState<T> {
   |            ^^^^^^^^^^^^^^

error: associated items `new`, `is_open`, `open`, `close`, and `render` are never used
  --> app/src/modal.rs:63:12
   |
62 | impl<T: View> ModalViewState<T> {
   | ------------------------------- associated items in this implementation
63 |     pub fn new(view: ViewHandle<T>) -> Self {
   |            ^^^
...
70 |     pub fn is_open(&self) -> bool {
   |            ^^^^^^^
...
74 |     pub fn open(&mut self) {
   |            ^^^^
...
78 |     pub fn close(&mut self) {
   |            ^^^^^
...
82 |     pub fn render(&self) -> Box<dyn Element> {
   |            ^^^^^^

error: function `init` is never used
   --> app/src/modal.rs:101:8
    |
101 | pub fn init(app: &mut AppContext) {
    |        ^^^^

error: methods `with_max_height_percentage`, `with_dismiss_keystroke`, `set_title`, `set_header_icon`, `set_header_icon_color`, and `set_offset_positioning` are never used
   --> app/src/modal.rs:208:12
    |
118 | impl<T: View> Modal<T> {
    | ---------------------- methods in this implementation
...
208 |     pub fn with_max_height_percentage(mut self, percentage: f32) -> Self {
    |            ^^^^^^^^^^^^^^^^^^^^^^^^^^
...
214 |     pub fn with_dismiss_keystroke(mut self, keystroke: Keystroke) -> Self {
    |            ^^^^^^^^^^^^^^^^^^^^^^
...
219 |     pub fn set_title(&mut self, title: Option<String>) {
    |            ^^^^^^^^^
...
223 |     pub fn set_header_icon(&mut self, icon: Option<icons::Icon>) {
    |            ^^^^^^^^^^^^^^^
...
227 |     pub fn set_header_icon_color(&mut self, color: Option<Fill>) {
    |            ^^^^^^^^^^^^^^^^^^^^^
...
231 |     pub fn set_offset_positioning(&mut self, offset_positioning: OffsetPositioning) {
    |            ^^^^^^^^^^^^^^^^^^^^^^

error: methods `status`, `is_online`, and `wait_until_online` are never used
  --> app/src/network.rs:40:12
   |
31 | impl NetworkStatus {
   | ------------------ methods in this implementation
...
40 |     pub fn status(&self) -> NetworkStatusKind {
   |            ^^^^^^
...
45 |     pub fn is_online(&self) -> bool {
   |            ^^^^^^^^^
...
79 |     pub fn wait_until_online(&self) -> impl Future<Output = ()> + use<> {
   |            ^^^^^^^^^^^^^^^^^

error: field `new_status` is never read
  --> app/src/network.rs:97:28
   |
97 |     NetworkStatusChanged { new_status: NetworkStatusKind },
   |     --------------------   ^^^^^^^^^^
   |     |
   |     field in this variant

error: variants `Rendered` and `Raw` are never constructed
  --> app/src/notebooks/mod.rs:9:5
   |
 8 | pub enum MarkdownDisplayMode {
   |          ------------------- variants in this enum
 9 |     Rendered,
   |     ^^^^^^^^
10 |     Raw,
   |     ^^^
   |
   = note: `MarkdownDisplayMode` has derived impls for the traits `Clone` and `Debug`, but these are intentionally ignored during dead code analysis

error: method `find_pane` is never used
  --> app/src/notebooks/manager.rs:27:12
   |
20 | impl NotebookManager {
   | -------------------- method in this implementation
...
27 |     pub fn find_pane(&self, source: &NotebookSource) -> Option<(WindowId, PaneViewLocator)> {
   |            ^^^^^^^^^

error: fields `window_id` and `locator` are never read
   --> app/src/notebooks/manager.rs:98:5
    |
 97 | struct NotebookPaneData {
    |        ---------------- fields in this struct
 98 |     window_id: WindowId,
    |     ^^^^^^^^^
 99 |     handle: WeakViewHandle<NotebookView>,
100 |     locator: PaneViewLocator,
    |     ^^^^^^^

error: function `init` is never used
  --> app/src/notebooks/notebook.rs:15:8
   |
15 | pub fn init(_app: &mut AppContext) {}
   |        ^^^^

error: function `current_scope` is never used
  --> app/src/persistence/mod.rs:69:8
   |
69 | pub fn current_scope() -> PersistenceScope {
   |        ^^^^^^^^^^^^^

error: variant `CodebaseIndicesOnly` is never constructed
  --> app/src/persistence/mod.rs:91:5
   |
82 | pub enum PersistedDataScope {
   |          ------------------ variant in this enum
...
91 |     CodebaseIndicesOnly,
   |     ^^^^^^^^^^^^^^^^^^^
   |
   = note: `PersistedDataScope` has derived impls for the traits `Clone` and `Debug`, but these are intentionally ignored during dead code analysis

error: methods `session_restoration`, `user_profiles`, and `gui_only_data` are never used
   --> app/src/persistence/mod.rs:96:8
    |
 94 | impl PersistedDataScope {
    | ----------------------- methods in this implementation
 95 |     /// Window/tab/pane snapshots and restored blocks.
 96 |     fn session_restoration(self) -> bool {
    |        ^^^^^^^^^^^^^^^^^^^
...
109 |     fn user_profiles(self) -> bool {
    |        ^^^^^^^^^^^^^
...
114 |     fn gui_only_data(self) -> bool {
    |        ^^^^^^^^^^^^^

error: type alias `PersistedBlocks` is never used
  --> app/src/persistence/block_list.rs:16:6
   |
16 | type PersistedBlocks = HashMap<PaneUuid, Vec<SerializedBlockListItem>>;
   |      ^^^^^^^^^^^^^^^

error: function `get_all_restored_blocks` is never used
  --> app/src/persistence/block_list.rs:19:15
   |
19 | pub(super) fn get_all_restored_blocks(
   |               ^^^^^^^^^^^^^^^^^^^^^^^

error: function `establish_ro_connection` is never used
  --> app/src/persistence/sqlite.rs:74:8
   |
74 | pub fn establish_ro_connection(database_url: &str) -> Result<SqliteConnection> {
   |        ^^^^^^^^^^^^^^^^^^^^^^^

error: function `database_file_path_for_current_scope` is never used
   --> app/src/persistence/sqlite.rs:156:8
    |
156 | pub fn database_file_path_for_current_scope() -> PathBuf {
    |        ^^^^^^^^^^^^^^^^^^^^^^^^^^^^^^^^^^^^

error: function `get_next_command` is never used
  --> app/src/persistence/commands.rs:10:8
   |
10 | pub fn get_next_command(
   |        ^^^^^^^^^^^^^^^^

error: function `get_previous_commands` is never used
  --> app/src/persistence/commands.rs:27:8
   |
27 | pub fn get_previous_commands(
   |        ^^^^^^^^^^^^^^^^^^^^^

error: function `get_same_commands_from_history` is never used
  --> app/src/persistence/commands.rs:45:8
   |
45 | pub fn get_same_commands_from_history(
   |        ^^^^^^^^^^^^^^^^^^^^^^^^^^^^^^

error: function `longest_common_prefix` is never used
 --> app/src/prefix.rs:5:8
  |
5 | pub fn longest_common_prefix<'a>(strings: impl IntoIterator<Item = &'a str>) -> Option<&'a str> {
  |        ^^^^^^^^^^^^^^^^^^^^^

error: function `dump_heap_profile_to_disk` is never used
  --> app/src/profiling.rs:65:14
   |
65 | pub async fn dump_heap_profile_to_disk() -> anyhow::Result<std::path::PathBuf> {
   |              ^^^^^^^^^^^^^^^^^^^^^^^^^

error: variant `Added` is never constructed
  --> app/src/projects.rs:14:5
   |
13 | pub enum ProjectEvent {
   |          ------------ variant in this enum
14 |     Added {
   |     ^^^^^
   |
   = note: `ProjectEvent` has a derived impl for the trait `Debug`, but this is intentionally ignored during dead code analysis

error: fields `projects` and `model_event_sender` are never read
  --> app/src/projects.rs:25:5
   |
24 | pub struct ProjectManagementModel {
   |            ---------------------- fields in this struct
25 |     projects: HashMap<PathBuf, Project>,
   |     ^^^^^^^^
26 |     model_event_sender: Option<SyncSender<ModelEvent>>,
   |     ^^^^^^^^^^^^^^^^^^

error: methods `upsert_project`, `all_projects`, and `save_project` are never used
  --> app/src/projects.rs:56:12
   |
35 | impl ProjectManagementModel {
   | --------------------------- methods in this implementation
...
56 |     pub fn upsert_project(&mut self, path: PathBuf, ctx: &mut ModelContext<Self>) {
   |            ^^^^^^^^^^^^^^
...
77 |     pub fn all_projects(&self) -> impl Iterator<Item = &Project> {
   |            ^^^^^^^^^^^^
...
82 |     fn save_project(&self, project: Project) {
   |        ^^^^^^^^^^^^

error: variant `Tabs` is never constructed
  --> app/src/quit_warning/mod.rs:30:5
   |
23 | enum QuitScope<'a> {
   |      --------- variant in this enum
...
30 |     Tabs(Vec<WeakViewHandle<PaneGroup>>),
   |     ^^^^
   |
   = note: `QuitScope` has a derived impl for the trait `Clone`, but this is intentionally ignored during dead code analysis

error: field `terminal_sessions` is never read
  --> app/src/quit_warning/mod.rs:52:5
   |
41 | pub struct UnsavedStateSummary<'a> {
   |            ------------------- field in this struct
...
52 |     terminal_sessions: Vec<SessionNavigationData>,
   |     ^^^^^^^^^^^^^^^^^

error: method `close_target` is never used
   --> app/src/quit_warning/mod.rs:244:8
    |
 71 | impl QuitScope<'_> {
    | ------------------ method in this implementation
...
244 |     fn close_target(&self) -> CloseTarget {
    |        ^^^^^^^^^^^^

error: associated function `for_tabs` is never used
   --> app/src/quit_warning/mod.rs:264:12
    |
255 | impl UnsavedStateSummary<'static> {
    | --------------------------------- associated function in this implementation
...
264 |     pub fn for_tabs(tabs: Vec<WeakViewHandle<PaneGroup>>, ctx: &mut AppContext) -> Self {
    |            ^^^^^^^^

error: method `running_sessions` is never used
   --> app/src/quit_warning/mod.rs:360:12
    |
284 | impl<'a> UnsavedStateSummary<'a> {
    | -------------------------------- method in this implementation
...
360 |     pub fn running_sessions(&self) -> RunningSessionSummary<'_> {
    |            ^^^^^^^^^^^^^^^^

error: struct `BootstrappingInfo` is never constructed
 --> app/src/server/telemetry/events.rs:7:12
  |
7 | pub struct BootstrappingInfo {
  |            ^^^^^^^^^^^^^^^^^

error: enum `CloseTarget` is never used
  --> app/src/server/telemetry/events.rs:22:10
   |
22 | pub enum CloseTarget {
   |          ^^^^^^^^^^^

error: enum `FindOption` is never used
  --> app/src/server/telemetry/events.rs:46:10
   |
46 | pub enum FindOption {
   |          ^^^^^^^^^^

error: enum `FileTreeSource` is never used
  --> app/src/server/telemetry/events.rs:66:10
   |
66 | pub enum FileTreeSource {
   |          ^^^^^^^^^^^^^^

error: enum `CodePanelsFileOpenEntrypoint` is never used
  --> app/src/server/telemetry/events.rs:74:10
   |
74 | pub enum CodePanelsFileOpenEntrypoint {
   |          ^^^^^^^^^^^^^^^^^^^^^^^^^^^^

error: enum `UndoCloseItemType` is never used
  --> app/src/server/telemetry/events.rs:86:10
   |
86 | pub enum UndoCloseItemType {
   |          ^^^^^^^^^^^^^^^^^

error: enum `PromptChoice` is never used
  --> app/src/server/telemetry/events.rs:93:10
   |
93 | pub enum PromptChoice {
   |          ^^^^^^^^^^^^

error: enum `ToggleBlockFilterSource` is never used
   --> app/src/server/telemetry/events.rs:100:10
    |
100 | pub enum ToggleBlockFilterSource {
    |          ^^^^^^^^^^^^^^^^^^^^^^^

error: enum `InteractionSource` is never used
   --> app/src/server/telemetry/events.rs:106:10
    |
106 | pub enum InteractionSource {
    |          ^^^^^^^^^^^^^^^^^

error: enum `CodeContextDestination` is never used
   --> app/src/server/telemetry/events.rs:118:10
    |
118 | pub enum CodeContextDestination {
    |          ^^^^^^^^^^^^^^^^^^^^^^

error: enum `InputUXChangeOrigin` is never used
   --> app/src/server/telemetry/events.rs:123:10
    |
123 | pub enum InputUXChangeOrigin {
    |          ^^^^^^^^^^^^^^^^^^^

error: enum `AutoReloadModalAction` is never used
   --> app/src/server/telemetry/events.rs:129:10
    |
129 | pub enum AutoReloadModalAction {
    |          ^^^^^^^^^^^^^^^^^^^^^

error: enum `SharingDialogSource` is never used
   --> app/src/server/telemetry/events.rs:135:10
    |
135 | pub enum SharingDialogSource {
    |          ^^^^^^^^^^^^^^^^^^^

error: enum `WarpDriveSource` is never used
   --> app/src/server/telemetry/events.rs:140:10
    |
140 | pub enum WarpDriveSource {
    |          ^^^^^^^^^^^^^^^

error: enum `AgentModeRewindEntrypoint` is never used
   --> app/src/server/telemetry/events.rs:145:10
    |
145 | pub enum AgentModeRewindEntrypoint {
    |          ^^^^^^^^^^^^^^^^^^^^^^^^^

error: enum `TelemetrySpace` is never used
   --> app/src/server/telemetry/events.rs:150:10
    |
150 | pub enum TelemetrySpace {
    |          ^^^^^^^^^^^^^^

error: struct `NotebookTelemetryMetadata` is never constructed
   --> app/src/server/telemetry/events.rs:155:12
    |
155 | pub struct NotebookTelemetryMetadata;
    |            ^^^^^^^^^^^^^^^^^^^^^^^^^

error: struct `NotebookActionEvent` is never constructed
   --> app/src/server/telemetry/events.rs:158:12
    |
158 | pub struct NotebookActionEvent;
    |            ^^^^^^^^^^^^^^^^^^^

error: function `num_shared_sessions` is never used
   --> app/src/session_management.rs:178:8
    |
178 | pub fn num_shared_sessions(_app: &AppContext) -> usize {
    |        ^^^^^^^^^^^^^^^^^^^

error: field `ignored_suggestions` is never read
  --> app/src/suggestions/ignored_suggestions_model.rs:40:5
   |
39 | pub struct IgnoredSuggestionsModel {
   |            ----------------------- field in this struct
40 |     ignored_suggestions: HashSet<IgnoredSuggestionKey>,
   |     ^^^^^^^^^^^^^^^^^^^

error: methods `add_ignored_suggestion`, `remove_ignored_suggestion`, `is_ignored`, and `get_ignored_suggestions_for_type` are never used
   --> app/src/suggestions/ignored_suggestions_model.rs:58:12
    |
 43 | impl IgnoredSuggestionsModel {
    | ---------------------------- methods in this implementation
...
 58 |     pub fn add_ignored_suggestion(
    |            ^^^^^^^^^^^^^^^^^^^^^^
...
 93 |     pub fn remove_ignored_suggestion(
    |            ^^^^^^^^^^^^^^^^^^^^^^^^^
...
126 |     pub fn is_ignored(&self, suggestion: &str, suggestion_type: SuggestionType) -> bool {
    |            ^^^^^^^^^^
...
135 |     pub fn get_ignored_suggestions_for_type(
    |            ^^^^^^^^^^^^^^^^^^^^^^^^^^^^^^^^

error: variant `SuggestionIgnored` is never constructed
   --> app/src/suggestions/ignored_suggestions_model.rs:149:5
    |
148 | pub enum IgnoredSuggestionsModelEvent {
    |          ---------------------------- variant in this enum
149 |     SuggestionIgnored,
    |     ^^^^^^^^^^^^^^^^^
    |
    = note: `IgnoredSuggestionsModelEvent` has derived impls for the traits `Clone` and `Debug`, but these are intentionally ignored during dead code analysis

error: function `long_os_version` is never used
  --> app/src/system.rs:40:8
   |
40 | pub fn long_os_version(ctx: &warpui::AppContext) -> Option<String> {
   |        ^^^^^^^^^^^^^^^

error: field `long_os_version` is never read
  --> app/src/system/info.rs:57:5
   |
43 | pub struct SystemInfo {
   |            ---------- field in this struct
...
57 |     long_os_version: Option<String>,
   |     ^^^^^^^^^^^^^^^

error: methods `handle_block_created` and `long_os_version` are never used
   --> app/src/system/info.rs:92:12
    |
 60 | impl SystemInfo {
    | --------------- methods in this implementation
...
 92 |     pub fn handle_block_created(&mut self) {
    |            ^^^^^^^^^^^^^^^^^^^^
...
128 |     pub fn long_os_version(&self) -> Option<&str> {
    |            ^^^^^^^^^^^^^^^

error: method `handle_block_created` is never used
   --> app/src/system/info.rs:318:8
    |
307 | impl ResourceUsageReporter {
    | -------------------------- method in this implementation
...
318 |     fn handle_block_created(&mut self) {
    |        ^^^^^^^^^^^^^^^^^^^^

error: fields `num_cpus`, `max_usage`, and `avg_usage` are never read
   --> app/src/system/info.rs:472:5
    |
469 | struct CpuUsageStats {
    |        ------------- fields in this struct
...
472 |     num_cpus: usize,
    |     ^^^^^^^^
...
475 |     max_usage: f32,
    |     ^^^^^^^^^
...
478 |     avg_usage: f32,
    |     ^^^^^^^^^

error: field `total_application_usage_bytes` is never read
   --> app/src/system/info.rs:483:5
    |
482 | struct MemoryUsageStats {
    |        ---------------- field in this struct
483 |     total_application_usage_bytes: usize,
    |     ^^^^^^^^^^^^^^^^^^^^^^^^^^^^^
    |
    = note: `MemoryUsageStats` has a derived impl for the trait `Clone`, but this is intentionally ignored during dead code analysis

error: enum `NewSessionMenuItem` is never used
  --> app/src/tab.rs:34:10
   |
34 | pub enum NewSessionMenuItem {
   |          ^^^^^^^^^^^^^^^^^^

error: enum `WelcomeTipFeature` is never used
  --> app/src/tips/mod.rs:12:10
   |
12 | pub enum WelcomeTipFeature {
   |          ^^^^^^^^^^^^^^^^^

error: constant `WELCOME_TIP_FEATURE_LENGTH` is never used
  --> app/src/tips/mod.rs:21:11
   |
21 | pub const WELCOME_TIP_FEATURE_LENGTH: usize = 6;
   |           ^^^^^^^^^^^^^^^^^^^^^^^^^^

error: methods `editable_binding_name` and `keyboard_shortcut` are never used
  --> app/src/tips/mod.rs:24:12
   |
23 | impl WelcomeTipFeature {
   | ---------------------- methods in this implementation
24 |     pub fn editable_binding_name(&self) -> &'static str {
   |            ^^^^^^^^^^^^^^^^^^^^^
...
35 |     pub fn keyboard_shortcut(&self, ctx: &mut AppContext) -> Option<Keystroke> {
   |            ^^^^^^^^^^^^^^^^^

error: constant `CHECK_MARK_WIDTH` is never used
  --> app/src/tips/tip_view.rs:24:7
   |
24 | const CHECK_MARK_WIDTH: f32 = 20.;
   |       ^^^^^^^^^^^^^^^^

error: constant `TIP_VIEW_WIDTH` is never used
  --> app/src/tips/tip_view.rs:25:7
   |
25 | const TIP_VIEW_WIDTH: f32 = 250.;
   |       ^^^^^^^^^^^^^^

error: constant `CHECK_SVG_PATH` is never used
  --> app/src/tips/tip_view.rs:26:7
   |
26 | const CHECK_SVG_PATH: &str = "bundled/svg/check-skinny.svg";
   |       ^^^^^^^^^^^^^^

error: constant `SKIP_BUTTON_OVERLAY_OPACITY` is never used
  --> app/src/tips/tip_view.rs:28:7
   |
28 | const SKIP_BUTTON_OVERLAY_OPACITY: u8 = 20;
   |       ^^^^^^^^^^^^^^^^^^^^^^^^^^^

error: constant `SCROLLABLE_AREA_HEIGHT` is never used
  --> app/src/tips/tip_view.rs:30:7
   |
30 | const SCROLLABLE_AREA_HEIGHT: f32 = 390.;
   |       ^^^^^^^^^^^^^^^^^^^^^^

error: constant `SKIP_BUTTON_HEIGHT` is never used
  --> app/src/tips/tip_view.rs:31:7
   |
31 | const SKIP_BUTTON_HEIGHT: f32 = 40.;
   |       ^^^^^^^^^^^^^^^^^^

error: constant `MODAL_WIDTH` is never used
  --> app/src/tips/tip_view.rs:32:7
   |
32 | const MODAL_WIDTH: f32 = 250.;
   |       ^^^^^^^^^^^

error: struct `TipItem` is never constructed
  --> app/src/tips/tip_view.rs:35:8
   |
35 | struct TipItem {
   |        ^^^^^^^

error: associated function `new` is never used
  --> app/src/tips/tip_view.rs:44:12
   |
43 | impl TipItem {
   | ------------ associated function in this implementation
44 |     pub fn new(
   |            ^^^

error: struct `TipsView` is never constructed
  --> app/src/tips/tip_view.rs:64:12
   |
64 | pub struct TipsView {
   |            ^^^^^^^^

error: struct `MouseStateHandles` is never constructed
  --> app/src/tips/tip_view.rs:74:8
   |
74 | struct MouseStateHandles {
   |        ^^^^^^^^^^^^^^^^^

error: variants `DismissTips`, `Click`, and `KeyDown` are never constructed
  --> app/src/tips/tip_view.rs:85:5
   |
81 | pub enum TipsAction {
   |          ---------- variants in this enum
...
85 |     DismissTips,
   |     ^^^^^^^^^^^
86 |     /// Action taken to perform the action associated with a tip
87 |     Click { index: usize },
   |     ^^^^^
88 |     /// Keydown on tips view.
89 |     KeyDown { keystroke: Keystroke },
   |     ^^^^^^^
   |
   = note: `TipsAction` has a derived impl for the trait `Debug`, but this is intentionally ignored during dead code analysis

error: enum `TipsEvent` is never used
   --> app/src/tips/tip_view.rs:103:10
    |
103 | pub enum TipsEvent {
    |          ^^^^^^^^^

error: multiple associated items are never used
   --> app/src/tips/tip_view.rs:111:8
    |
110 | impl TipsView {
    | ------------- associated items in this implementation
111 |     fn on_tips_model_changed(
    |        ^^^^^^^^^^^^^^^^^^^^^
...
119 |     pub fn new(
    |            ^^^
...
177 |     pub fn set_action_target(
    |            ^^^^^^^^^^^^^^^^^
...
192 |     fn dispatch_tip_action(&self, action: &dyn Action, ctx: &mut ViewContext<Self>) {
    |        ^^^^^^^^^^^^^^^^^^^
...
205 |     fn render_check_svg(&self) -> Box<dyn Element> {
    |        ^^^^^^^^^^^^^^^^
...
214 |     fn render_tip_item(
    |        ^^^^^^^^^^^^^^^
...
356 |     fn render_body(
    |        ^^^^^^^^^^^
...
438 |     fn render_completed_overlay(&self, appearance: &Appearance) -> Box<dyn Element> {
    |        ^^^^^^^^^^^^^^^^^^^^^^^^

error: enum `ActionTarget` is never used
   --> app/src/tips/tip_view.rs:528:6
    |
528 | enum ActionTarget {
    |      ^^^^^^^^^^^^

error: trait `Breadcrumb` is never used
  --> app/src/ui_components/breadcrumb.rs:13:11
   |
13 | pub trait Breadcrumb: Debug + 'static {
   |           ^^^^^^^^^^

error: struct `BreadcrumbState` is never constructed
  --> app/src/ui_components/breadcrumb.rs:45:12
   |
45 | pub struct BreadcrumbState<T: Breadcrumb> {
   |            ^^^^^^^^^^^^^^^

error: associated function `new` is never used
  --> app/src/ui_components/breadcrumb.rs:51:12
   |
50 | impl<T: Breadcrumb> BreadcrumbState<T> {
   | -------------------------------------- associated function in this implementation
51 |     pub fn new(breadcrumb: T) -> Self {
   |            ^^^

error: function `render_breadcrumb` is never used
  --> app/src/ui_components/breadcrumb.rs:60:4
   |
60 | fn render_breadcrumb<T: Breadcrumb>(
   |    ^^^^^^^^^^^^^^^^^

error: function `render_breadcrumbs` is never used
  --> app/src/ui_components/breadcrumb.rs:95:8
   |
95 | pub fn render_breadcrumbs<T, I>(
   |        ^^^^^^^^^^^^^^^^^^

error: function `combo_inner_button_styles` is never used
  --> app/src/ui_components/buttons.rs:88:4
   |
88 | fn combo_inner_button_styles(warp_theme: &WarpTheme, state: ButtonState) -> UiComponentStyles {
   |    ^^^^^^^^^^^^^^^^^^^^^^^^^

error: function `combo_inner_button` is never used
   --> app/src/ui_components/buttons.rs:117:8
    |
117 | pub fn combo_inner_button(
    |        ^^^^^^^^^^^^^^^^^^

error: function `accent_icon_button` is never used
   --> app/src/ui_components/buttons.rs:211:8
    |
211 | pub fn accent_icon_button(
    |        ^^^^^^^^^^^^^^^^^^

error: function `highlight` is never used
   --> app/src/ui_components/buttons.rs:231:8
    |
231 | pub fn highlight(button: Button, appearance: &Appearance) -> Button {
    |        ^^^^^^^^^

error: method `with_width` is never used
  --> app/src/ui_components/dialog.rs:90:12
   |
48 | impl Dialog {
   | ----------- method in this implementation
...
90 |     pub fn with_width(mut self, width: f32) -> Self {
   |            ^^^^^^^^^^

error: constant `CIRCLE_RATIO` is never used
 --> app/src/ui_components/icon_with_status.rs:6:18
  |
6 | pub(crate) const CIRCLE_RATIO: f32 = 0.76;
  |                  ^^^^^^^^^^^^

error: constant `NEUTRAL_GLYPH_RATIO` is never used
 --> app/src/ui_components/icon_with_status.rs:7:7
  |
7 | const NEUTRAL_GLYPH_RATIO: f32 = 16.0 / 24.0;
  |       ^^^^^^^^^^^^^^^^^^^

error: enum `IconWithStatusVariant` is never used
 --> app/src/ui_components/icon_with_status.rs:9:17
  |
9 | pub(crate) enum IconWithStatusVariant {
  |                 ^^^^^^^^^^^^^^^^^^^^^

error: function `render_icon_with_status` is never used
  --> app/src/ui_components/icon_with_status.rs:19:15
   |
19 | pub(crate) fn render_icon_with_status(
   |               ^^^^^^^^^^^^^^^^^^^^^^^

error: enum `MenuDirection` is never used
  --> app/src/ui_components/menu_button.rs:15:10
   |
15 | pub enum MenuDirection {
   |          ^^^^^^^^^^^^^

error: function `icon_button_with_context_menu` is never used
  --> app/src/ui_components/menu_button.rs:21:8
   |
21 | pub fn icon_button_with_context_menu<F, V: View>(
   |        ^^^^^^^^^^^^^^^^^^^^^^^^^^^^^

error: function `highlight_icon_button_with_context_menu` is never used
  --> app/src/ui_components/menu_button.rs:58:8
   |
58 | pub fn highlight_icon_button_with_context_menu<F, V: View>(
   |        ^^^^^^^^^^^^^^^^^^^^^^^^^^^^^^^^^^^^^^^

error: function `icon_button_with_context_menu_drive` is never used
  --> app/src/ui_components/menu_button.rs:92:8
   |
92 | pub fn icon_button_with_context_menu_drive<F, V: View>(
   |        ^^^^^^^^^^^^^^^^^^^^^^^^^^^^^^^^^^^

error: function `highlight_icon_button_with_context_menu_drive` is never used
   --> app/src/ui_components/menu_button.rs:127:8
    |
127 | pub fn highlight_icon_button_with_context_menu_drive<F, V: View>(
    |        ^^^^^^^^^^^^^^^^^^^^^^^^^^^^^^^^^^^^^^^^^^^^^

error: function `offset_positioning` is never used
   --> app/src/ui_components/menu_button.rs:162:4
    |
162 | fn offset_positioning(menu_direction: MenuDirection) -> OffsetPositioning {
    |    ^^^^^^^^^^^^^^^^^^

error: associated function `default_styles` is never used
  --> app/src/ui_components/red_notification_dot.rs:36:12
   |
14 | impl RedNotificationDot {
   | ----------------------- associated function in this implementation
...
36 |     pub fn default_styles(appearance: &Appearance) -> UiComponentStyles {
   |            ^^^^^^^^^^^^^^

error: struct `SettingsTab` is never constructed
  --> app/src/ui_components/tab_selector.rs:11:12
   |
11 | pub struct SettingsTab {
   |            ^^^^^^^^^^^

error: associated function `new` is never used
  --> app/src/ui_components/tab_selector.rs:17:12
   |
16 | impl SettingsTab {
   | ---------------- associated function in this implementation
17 |     pub fn new(label: impl Into<String>, mouse_state: MouseStateHandle) -> Self {
   |            ^^^

error: function `render_tab_selector` is never used
  --> app/src/ui_components/tab_selector.rs:26:8
   |
26 | pub fn render_tab_selector<F>(
   |        ^^^^^^^^^^^^^^^^^^^

error: variant `Tab` is never constructed
  --> app/src/undo_close/stack.rs:57:5
   |
55 | pub enum ClosedItem {
   |          ---------- variant in this enum
56 |     Window(Box<ClosedWindowData>),
57 |     Tab {
   |     ^^^

error: methods `is_pane_group_tab_in_stack`, `discard_pane_group_parent`, and `handle_tab_closed` are never used
   --> app/src/undo_close/stack.rs:125:12
    |
106 | impl UndoCloseStack {
    | ------------------- methods in this implementation
...
125 |     pub fn is_pane_group_tab_in_stack(&self, pane_group_id: EntityId) -> bool {
    |            ^^^^^^^^^^^^^^^^^^^^^^^^^^
...
132 |     pub fn discard_pane_group_parent(
    |            ^^^^^^^^^^^^^^^^^^^^^^^^^
...
160 |     pub fn handle_tab_closed(
    |            ^^^^^^^^^^^^^^^^^

error: field `0` is never read
  --> app/src/user_config/mod.rs:62:21
   |
62 |     TabConfigErrors(Vec<TabConfigError>),
   |     --------------- ^^^^^^^^^^^^^^^^^^^
   |     |
   |     field in this variant
   |
   = note: `WarpConfigUpdateEvent` has a derived impl for the trait `Clone`, but this is intentionally ignored during dead code analysis
help: consider changing the field to be of unit type to suppress this warning while preserving the field numbering, or remove the field
   |
62 -     TabConfigErrors(Vec<TabConfigError>),
62 +     TabConfigErrors(()),
   |

error: field `0` is never read
  --> app/src/user_config/mod.rs:68:20
   |
68 |     SettingsErrors(crate::settings::SettingsFileError),
   |     -------------- ^^^^^^^^^^^^^^^^^^^^^^^^^^^^^^^^^^
   |     |
   |     field in this variant
   |
   = note: `WarpConfigUpdateEvent` has a derived impl for the trait `Clone`, but this is intentionally ignored during dead code analysis
help: consider changing the field to be of unit type to suppress this warning while preserving the field numbering, or remove the field
   |
68 -     SettingsErrors(crate::settings::SettingsFileError),
68 +     SettingsErrors(()),
   |

error: methods `tab_configs`, `append_launch_config`, and `remove_tab_config_by_path` are never used
   --> app/src/user_config/mod.rs:108:12
    |
 95 | impl WarpConfig {
    | --------------- methods in this implementation
...
108 |     pub fn tab_configs(&self) -> &Vec<TabConfig> {
    |            ^^^^^^^^^^^
...
128 |     pub fn append_launch_config(
    |            ^^^^^^^^^^^^^^^^^^^^
...
162 |     pub fn remove_tab_config_by_path(&mut self, path: &Path, ctx: &mut ModelContext<Self>) {
    |            ^^^^^^^^^^^^^^^^^^^^^^^^^

error: function `ensure_default_worktree_config` is never used
   --> app/src/user_config/mod.rs:226:15
    |
226 | pub(crate) fn ensure_default_worktree_config() -> PathBuf {
    |               ^^^^^^^^^^^^^^^^^^^^^^^^^^^^^^

error: function `materialize_default_worktree_config` is never used
   --> app/src/user_config/mod.rs:248:15
    |
248 | pub(crate) fn materialize_default_worktree_config(
    |               ^^^^^^^^^^^^^^^^^^^^^^^^^^^^^^^^^^^

error: function `replace_default_worktree_placeholders` is never used
   --> app/src/user_config/mod.rs:289:4
    |
289 | fn replace_default_worktree_placeholders(
    |    ^^^^^^^^^^^^^^^^^^^^^^^^^^^^^^^^^^^^^

error: function `find_unused_tab_config_path` is never used
   --> app/src/user_config/mod.rs:326:15
    |
326 | pub(crate) fn find_unused_tab_config_path(dir: &Path) -> PathBuf {
    |               ^^^^^^^^^^^^^^^^^^^^^^^^^^^

error: function `sanitize_toml_base_name` is never used
   --> app/src/user_config/mod.rs:355:15
    |
355 | pub(crate) fn sanitize_toml_base_name(base_name: &str) -> String {
    |               ^^^^^^^^^^^^^^^^^^^^^^^

error: function `find_unused_worktree_config_path` is never used
   --> app/src/user_config/mod.rs:383:15
    |
383 | pub(crate) fn find_unused_worktree_config_path(dir: &Path, branch_name: &str) -> PathBuf {
    |               ^^^^^^^^^^^^^^^^^^^^^^^^^^^^^^^^

error: enum `DetectedLinkType` is never used
  --> app/src/util/link_detection.rs:19:17
   |
19 | pub(crate) enum DetectedLinkType {
   |                 ^^^^^^^^^^^^^^^^

error: type alias `SeparatorByteRange` is never used
  --> app/src/util/link_detection.rs:28:6
   |
28 | type SeparatorByteRange = Range<ByteOffset>;
   |      ^^^^^^^^^^^^^^^^^^

error: constant `MAX_WORD_LEN_FOR_FILE_PATH` is never used
  --> app/src/util/link_detection.rs:30:7
   |
30 | const MAX_WORD_LEN_FOR_FILE_PATH: usize = 96 * 1024;
   |       ^^^^^^^^^^^^^^^^^^^^^^^^^^

error: constant `MAX_SEPARATORS_PER_WORD` is never used
  --> app/src/util/link_detection.rs:31:7
   |
31 | const MAX_SEPARATORS_PER_WORD: usize = 256;
   |       ^^^^^^^^^^^^^^^^^^^^^^^

error: function `detect_urls` is never used
  --> app/src/util/link_detection.rs:34:4
   |
34 | fn detect_urls(text: &str) -> Vec<Range<usize>> {
   |    ^^^^^^^^^^^

error: function `addr_of` is never used
  --> app/src/util/link_detection.rs:88:4
   |
88 | fn addr_of(s: &str) -> usize {
   |    ^^^^^^^

error: function `separator_byte_ranges_for_file_path_search` is never used
  --> app/src/util/link_detection.rs:95:4
   |
95 | fn separator_byte_ranges_for_file_path_search(word: &str) -> Vec<SeparatorByteRange> {
   |    ^^^^^^^^^^^^^^^^^^^^^^^^^^^^^^^^^^^^^^^^^^

error: function `possible_file_paths_in_word` is never used
   --> app/src/util/link_detection.rs:136:4
    |
136 | fn possible_file_paths_in_word(word: &str) -> impl Iterator<Item = &str> {
    |    ^^^^^^^^^^^^^^^^^^^^^^^^^^^

error: function `compute_valid_file_path` is never used
   --> app/src/util/link_detection.rs:157:4
    |
157 | fn compute_valid_file_path(
    |    ^^^^^^^^^^^^^^^^^^^^^^^

error: function `get_files_and_folders_in_directory` is never used
   --> app/src/util/link_detection.rs:196:4
    |
196 | fn get_files_and_folders_in_directory(directory: &Path) -> HashSet<PathBuf> {
    |    ^^^^^^^^^^^^^^^^^^^^^^^^^^^^^^^^^^

error: function `detect_file_paths` is never used
   --> app/src/util/link_detection.rs:212:15
    |
212 | pub(crate) fn detect_file_paths(
    |               ^^^^^^^^^^^^^^^^^

error: function `parse_line_range` is never used
   --> app/src/util/link_detection.rs:329:4
    |
329 | fn parse_line_range(
    |    ^^^^^^^^^^^^^^^^

error: function `detect_line_ranges_after_file_path` is never used
   --> app/src/util/link_detection.rs:360:4
    |
360 | fn detect_line_ranges_after_file_path(
    |    ^^^^^^^^^^^^^^^^^^^^^^^^^^^^^^^^^^

error: method `are_traffic_lights_hovered` is never used
   --> app/src/util/traffic_lights.rs:115:12
    |
113 | impl TrafficLightMouseStates {
    | ---------------------------- method in this implementation
114 |     /// True if any of the traffic light buttons are hovered.
115 |     pub fn are_traffic_lights_hovered(&self) -> bool {
    |            ^^^^^^^^^^^^^^^^^^^^^^^^^^

error: method `render` is never used
   --> app/src/util/traffic_lights.rs:453:12
    |
138 | impl TrafficLightData {
    | --------------------- method in this implementation
...
453 |     pub fn render(
    |            ^^^^^^

error: function `truncate_from_end` is never used
 --> app/src/util/truncation.rs:3:8
  |
3 | pub fn truncate_from_end(text: &str, max_length: usize) -> String {
  |        ^^^^^^^^^^^^^^^^^

error: function `truncate_from_beginning` is never used
  --> app/src/util/truncation.rs:16:8
   |
16 | pub fn truncate_from_beginning(text: &str, max_length: usize) -> String {
   |        ^^^^^^^^^^^^^^^^^^^^^^^

error: struct `DangerSecondaryTheme` is never constructed
    --> app/src/view_components/action_button.rs:1022:12
     |
1022 | pub struct DangerSecondaryTheme;
     |            ^^^^^^^^^^^^^^^^^^^^

error: constant `AGENT_TOAST_WIDTH` is never used
  --> app/src/view_components/agent_toast.rs:26:7
   |
26 | const AGENT_TOAST_WIDTH: f32 = 260.;
   |       ^^^^^^^^^^^^^^^^^

error: constant `AGENT_TOAST_PADDING` is never used
  --> app/src/view_components/agent_toast.rs:27:7
   |
27 | const AGENT_TOAST_PADDING: f32 = 12.;
   |       ^^^^^^^^^^^^^^^^^^^

error: constant `AGENT_TOAST_CORNER_RADIUS` is never used
  --> app/src/view_components/agent_toast.rs:28:7
   |
28 | const AGENT_TOAST_CORNER_RADIUS: f32 = 4.;
   |       ^^^^^^^^^^^^^^^^^^^^^^^^^

error: constant `CLOSE_BUTTON_SIZE` is never used
  --> app/src/view_components/agent_toast.rs:29:7
   |
29 | const CLOSE_BUTTON_SIZE: f32 = 20.;
   |       ^^^^^^^^^^^^^^^^^

error: struct `AgentToastData` is never constructed
  --> app/src/view_components/agent_toast.rs:32:8
   |
32 | struct AgentToastData {
   |        ^^^^^^^^^^^^^^

error: struct `AgentToastStack` is never constructed
  --> app/src/view_components/agent_toast.rs:42:12
   |
42 | pub struct AgentToastStack {
   |            ^^^^^^^^^^^^^^^

error: multiple associated items are never used
   --> app/src/view_components/agent_toast.rs:52:12
    |
 51 | impl AgentToastStack {
    | -------------------- associated items in this implementation
 52 |     pub fn new(timeout: Duration, ctx: &mut ViewContext<Self>) -> Self {
    |            ^^^
...
 81 |     pub fn add_toast(&mut self, toast: AgentToast, ctx: &mut ViewContext<Self>) {
    |            ^^^^^^^^^
...
102 |     pub fn dismiss_toast_by_uuid(&mut self, uuid: &Uuid, ctx: &mut ViewContext<Self>) {
    |            ^^^^^^^^^^^^^^^^^^^^^
...
113 |     pub fn cancel_dismissal_timeout(&mut self, uuid: &Uuid) {
    |            ^^^^^^^^^^^^^^^^^^^^^^^^
...
122 |     pub fn start_dismissal_timeout(&mut self, uuid: Uuid, ctx: &mut ViewContext<Self>) {
    |            ^^^^^^^^^^^^^^^^^^^^^^^
...
141 |     pub fn latest_toast_uuid(&self) -> Option<Uuid> {
    |            ^^^^^^^^^^^^^^^^^
...
145 |     pub fn get_latest_toast_navigation_data(&self) -> Option<(WindowId, usize, EntityId)> {
    |            ^^^^^^^^^^^^^^^^^^^^^^^^^^^^^^^^

error: enum `AgentToastAction` is never used
   --> app/src/view_components/agent_toast.rs:190:10
    |
190 | pub enum AgentToastAction {
    |          ^^^^^^^^^^^^^^^^

error: struct `AgentToast` is never constructed
   --> app/src/view_components/agent_toast.rs:249:12
    |
249 | pub struct AgentToast {
    |            ^^^^^^^^^^

error: multiple associated items are never used
   --> app/src/view_components/agent_toast.rs:261:12
    |
260 | impl AgentToast {
    | --------------- associated items in this implementation
261 |     pub fn new(
    |            ^^^
...
280 |     fn text_color(&self, appearance: &Appearance) -> ColorU {
    |        ^^^^^^^^^^
...
287 |     fn position_id(&self, uuid: Uuid) -> String {
    |        ^^^^^^^^^^^
...
291 |     pub fn render(
    |            ^^^^^^
...
366 |     fn render_container(
    |        ^^^^^^^^^^^^^^^^
...
428 |     fn render_keyboard_shortcut(
    |        ^^^^^^^^^^^^^^^^^^^^^^^^
...
464 |     fn render_close_button(&self, appearance: &Appearance, uuid: Uuid) -> Box<dyn Element> {
    |        ^^^^^^^^^^^^^^^^^^^

error: constant `ALERT_CORNER_RADIUS` is never used
  --> app/src/view_components/alert.rs:13:7
   |
13 | const ALERT_CORNER_RADIUS: f32 = 4.;
   |       ^^^^^^^^^^^^^^^^^^^

error: constant `ALERT_VERTICAL_PADDING` is never used
  --> app/src/view_components/alert.rs:14:7
   |
14 | const ALERT_VERTICAL_PADDING: f32 = 8.;
   |       ^^^^^^^^^^^^^^^^^^^^^^

error: constant `ALERT_HORIZONTAL_PADDING` is never used
  --> app/src/view_components/alert.rs:15:7
   |
15 | const ALERT_HORIZONTAL_PADDING: f32 = 12.;
   |       ^^^^^^^^^^^^^^^^^^^^^^^^

error: constant `ALERT_ICON_RIGHT_MARGIN` is never used
  --> app/src/view_components/alert.rs:16:7
   |
16 | const ALERT_ICON_RIGHT_MARGIN: f32 = 8.;
   |       ^^^^^^^^^^^^^^^^^^^^^^^

error: constant `ALERT_ICON_SIZE` is never used
  --> app/src/view_components/alert.rs:17:7
   |
17 | const ALERT_ICON_SIZE: f32 = 16.;
   |       ^^^^^^^^^^^^^^^

error: constant `DEFAULT_MAIN_AXIS_SIZE` is never used
  --> app/src/view_components/alert.rs:19:7
   |
19 | const DEFAULT_MAIN_AXIS_SIZE: MainAxisSize = MainAxisSize::Min;
   |       ^^^^^^^^^^^^^^^^^^^^^^

error: constant `SUCCESS_ICON_PATH` is never used
  --> app/src/view_components/alert.rs:21:7
   |
21 | const SUCCESS_ICON_PATH: &str = "bundled/svg/check-skinny.svg";
   |       ^^^^^^^^^^^^^^^^^

error: constant `ERROR_ICON_PATH` is never used
  --> app/src/view_components/alert.rs:22:7
   |
22 | const ERROR_ICON_PATH: &str = "bundled/svg/alert-circle.svg";
   |       ^^^^^^^^^^^^^^^

error: variants `Error` and `Warning` are never constructed
  --> app/src/view_components/alert.rs:30:5
   |
26 | pub enum AlertFlavor {
   |          ----------- variants in this enum
...
30 |     Error,
   |     ^^^^^
31 |     Warning,
   |     ^^^^^^^
   |
   = note: `AlertFlavor` has derived impls for the traits `Debug` and `Clone`, but these are intentionally ignored during dead code analysis

error: methods `icon_path`, `text_color`, `bg_color`, and `border_color` are never used
  --> app/src/view_components/alert.rs:35:12
   |
34 | impl AlertFlavor {
   | ---------------- methods in this implementation
35 |     pub fn icon_path(&self) -> Option<&'static str> {
   |            ^^^^^^^^^
...
43 |     pub fn text_color(&self, appearance: &Appearance) -> ColorU {
   |            ^^^^^^^^^^
...
52 |     pub fn bg_color(&self, appearance: &Appearance) -> Fill {
   |            ^^^^^^^^
...
62 |     pub fn border_color(&self, appearance: &Appearance) -> Fill {
   |            ^^^^^^^^^^^^

error: fields `flavor`, `message`, and `main_axis_size` are never read
  --> app/src/view_components/alert.rs:76:9
   |
75 | pub struct AlertConfig {
   |            ----------- fields in this struct
76 |     pub flavor: AlertFlavor,
   |         ^^^^^^
77 |     pub message: String,
   |         ^^^^^^^
78 |     pub main_axis_size: Option<MainAxisSize>,
   |         ^^^^^^^^^^^^^^

error: struct `Alert` is never constructed
  --> app/src/view_components/alert.rs:83:12
   |
83 | pub struct Alert;
   |            ^^^^^

error: associated items `new`, `basic`, `render`, and `render_simple` are never used
   --> app/src/view_components/alert.rs:86:12
    |
 85 | impl Alert {
    | ---------- associated items in this implementation
 86 |     pub fn new() -> Self {
    |            ^^^
...
 92 |     pub fn basic() -> Self {
    |            ^^^^^
...
 96 |     pub fn render(&self, config: AlertConfig, appearance: &Appearance) -> Box<dyn Element> {
    |            ^^^^^^
...
108 |     fn render_simple(&self, config: &AlertConfig, appearance: &Appearance) -> Box<dyn Element> {
    |        ^^^^^^^^^^^^^

error: associated items `error`, `warning`, and `with_main_axis_size` are never used
   --> app/src/view_components/alert.rs:159:12
    |
150 | impl AlertConfig {
    | ---------------- associated items in this implementation
...
159 |     pub fn error(message: String) -> Self {
    |            ^^^^^
...
168 |     pub fn warning(message: String) -> Self {
    |            ^^^^^^^
...
172 |     pub fn with_main_axis_size(mut self, main_axis_size: MainAxisSize) -> Self {
    |            ^^^^^^^^^^^^^^^^^^^

error: enum `CalloutArrowDirection` is never used
  --> app/src/view_components/callout_bubble.rs:17:10
   |
17 | pub enum CalloutArrowDirection {
   |          ^^^^^^^^^^^^^^^^^^^^^

error: enum `CalloutArrowPosition` is never used
  --> app/src/view_components/callout_bubble.rs:24:10
   |
24 | pub enum CalloutArrowPosition {
   |          ^^^^^^^^^^^^^^^^^^^^

error: struct `CalloutBubbleConfig` is never constructed
  --> app/src/view_components/callout_bubble.rs:37:12
   |
37 | pub struct CalloutBubbleConfig {
   |            ^^^^^^^^^^^^^^^^^^^

error: function `callout_background_fill` is never used
  --> app/src/view_components/callout_bubble.rs:72:8
   |
72 | pub fn callout_background_fill(appearance: &Appearance) -> Fill {
   |        ^^^^^^^^^^^^^^^^^^^^^^^

error: function `callout_border_color` is never used
  --> app/src/view_components/callout_bubble.rs:78:8
   |
78 | pub fn callout_border_color(appearance: &Appearance) -> ColorU {
   |        ^^^^^^^^^^^^^^^^^^^^

error: function `render_callout_bubble` is never used
  --> app/src/view_components/callout_bubble.rs:88:8
   |
88 | pub fn render_callout_bubble(
   |        ^^^^^^^^^^^^^^^^^^^^^

error: function `callout_title_color` is never used
   --> app/src/view_components/callout_bubble.rs:180:8
    |
180 | pub fn callout_title_color(appearance: &Appearance) -> ColorU {
    |        ^^^^^^^^^^^^^^^^^^^

error: function `callout_body_color` is never used
   --> app/src/view_components/callout_bubble.rs:186:8
    |
186 | pub fn callout_body_color(appearance: &Appearance) -> ColorU {
    |        ^^^^^^^^^^^^^^^^^^

error: struct `ClickableTextInput` is never constructed
  --> app/src/view_components/clickable_text_input.rs:17:12
   |
17 | pub struct ClickableTextInput {
   |            ^^^^^^^^^^^^^^^^^^

error: associated items `new`, `set_placeholder_text`, `submit_input`, and `handle_editor_event` are never used
  --> app/src/view_components/clickable_text_input.rs:25:12
   |
24 | impl ClickableTextInput {
   | ----------------------- associated items in this implementation
25 |     pub fn new(text: String, ctx: &mut ViewContext<Self>) -> Self {
   |            ^^^
...
46 |     pub fn set_placeholder_text(&mut self, text: impl Into<String>, ctx: &mut ViewContext<Self>) {
   |            ^^^^^^^^^^^^^^^^^^^^
...
52 |     fn submit_input(&mut self, ctx: &mut ViewContext<Self>) {
   |        ^^^^^^^^^^^^
...
63 |     fn handle_editor_event(
   |        ^^^^^^^^^^^^^^^^^^^

error: enum `ClickableTextInputEvent` is never used
   --> app/src/view_components/clickable_text_input.rs:143:10
    |
143 | pub enum ClickableTextInputEvent {
    |          ^^^^^^^^^^^^^^^^^^^^^^^

error: enum `ClickableTextInputAction` is never used
   --> app/src/view_components/clickable_text_input.rs:152:10
    |
152 | pub enum ClickableTextInputAction {
    |          ^^^^^^^^^^^^^^^^^^^^^^^^

error: struct `CompactDropdown` is never constructed
  --> app/src/view_components/compact_dropdown.rs:32:12
   |
32 | pub struct CompactDropdown<A: DropdownItemAction = ()> {
   |            ^^^^^^^^^^^^^^^

error: struct `CompactDropdownItem` is never constructed
  --> app/src/view_components/compact_dropdown.rs:44:12
   |
44 | pub struct CompactDropdownItem<A: DropdownItemAction = ()> {
   |            ^^^^^^^^^^^^^^^^^^^

error: multiple associated items are never used
   --> app/src/view_components/compact_dropdown.rs:58:12
    |
 55 | impl<A: DropdownItemAction> CompactDropdown<A> {
    | ---------------------------------------------- associated items in this implementation
...
 58 |     pub fn new(menu_variant: MenuVariant, ctx: &mut ViewContext<Self>) -> Self {
    |            ^^^
...
 82 |     pub fn set_icon_size(&mut self, icon_size: f32) {
    |            ^^^^^^^^^^^^^
...
 87 |     pub fn set_items(
    |            ^^^^^^^^^
...
 99 |     pub fn set_selected_by_name(
    |            ^^^^^^^^^^^^^^^^^^^^
...
112 |     fn render_sized_icon(&self, appearance: &Appearance, icon: WarpUiIcon) -> Box<dyn Element> {
    |        ^^^^^^^^^^^^^^^^^
...
121 |     fn render_top_bar(&self, app: &AppContext) -> Box<dyn Element> {
    |        ^^^^^^^^^^^^^^
...
174 |     fn top_bar_label(&self) -> String {
    |        ^^^^^^^^^^^^^
...
178 |     fn handle_menu_event(&mut self, event: &MenuEvent, ctx: &mut ViewContext<Self>) {
    |        ^^^^^^^^^^^^^^^^^
...
191 |     fn toggle_expanded(&mut self, ctx: &mut ViewContext<Self>) {
    |        ^^^^^^^^^^^^^^^
...
199 |     fn focus(&mut self, ctx: &mut ViewContext<Self>) {
    |        ^^^^^
...
207 |     fn select_action_and_close(
    |        ^^^^^^^^^^^^^^^^^^^^^^^
...
217 |     fn close(&mut self, ctx: &mut ViewContext<Self>) {
    |        ^^^^^

error: associated items `new`, `with_icon_color`, and `menu_item` are never used
   --> app/src/view_components/compact_dropdown.rs:275:12
    |
274 | impl<A: DropdownItemAction> CompactDropdownItem<A> {
    | -------------------------------------------------- associated items in this implementation
275 |     pub fn new(icon: Icon, display_text: impl Into<String>, action: A) -> Self {
    |            ^^^
...
286 |     pub fn with_icon_color(mut self, color: Fill) -> Self {
    |            ^^^^^^^^^^^^^^^
...
291 |     fn menu_item(self) -> MenuItem<DropdownAction> {
    |        ^^^^^^^^^

error: enum `CompactDropdownEvent` is never used
   --> app/src/view_components/compact_dropdown.rs:303:10
    |
303 | pub enum CompactDropdownEvent {
    |          ^^^^^^^^^^^^^^^^^^^^

error: constant `BUTTON_MARGIN` is never used
  --> app/src/view_components/compactible_action_button.rs:14:7
   |
14 | const BUTTON_MARGIN: f32 = 8.;
   |       ^^^^^^^^^^^^^

error: constant `SMALL_SIZE_SWITCH_THRESHOLD` is never used
  --> app/src/view_components/compactible_action_button.rs:17:11
   |
17 | pub const SMALL_SIZE_SWITCH_THRESHOLD: f32 = 400.0;
   |           ^^^^^^^^^^^^^^^^^^^^^^^^^^^

error: constant `MEDIUM_SIZE_SWITCH_THRESHOLD` is never used
  --> app/src/view_components/compactible_action_button.rs:18:11
   |
18 | pub const MEDIUM_SIZE_SWITCH_THRESHOLD: f32 = 500.0;
   |           ^^^^^^^^^^^^^^^^^^^^^^^^^^^^

error: constant `LARGE_SIZE_SWITCH_THRESHOLD` is never used
  --> app/src/view_components/compactible_action_button.rs:19:11
   |
19 | pub const LARGE_SIZE_SWITCH_THRESHOLD: f32 = 600.0;
   |           ^^^^^^^^^^^^^^^^^^^^^^^^^^^

error: constant `XLARGE_SIZE_SWITCH_THRESHOLD` is never used
  --> app/src/view_components/compactible_action_button.rs:20:11
   |
20 | pub const XLARGE_SIZE_SWITCH_THRESHOLD: f32 = 650.0;
   |           ^^^^^^^^^^^^^^^^^^^^^^^^^^^^

error: trait `RenderCompactibleActionButton` is never used
  --> app/src/view_components/compactible_action_button.rs:30:11
   |
30 | pub trait RenderCompactibleActionButton {
   |           ^^^^^^^^^^^^^^^^^^^^^^^^^^^^^

error: methods `set_label`, `set_keybinding`, `set_disabled`, `set_tooltip`, `compact_button`, and `expanded_button` are never used
   --> app/src/view_components/compactible_action_button.rs:86:12
    |
 35 | impl CompactibleActionButton {
    | ---------------------------- methods in this implementation
...
 86 |     pub fn set_label<T: View>(&mut self, label: String, ctx: &mut ViewContext<T>) {
    |            ^^^^^^^^^
...
 95 |     pub fn set_keybinding<T: View>(
    |            ^^^^^^^^^^^^^^
...
127 |     pub fn set_disabled<T: View>(&mut self, disabled: bool, ctx: &mut ViewContext<T>) {
    |            ^^^^^^^^^^^^
...
139 |     pub fn set_tooltip<T: View>(&mut self, tooltip: Option<String>, ctx: &mut ViewContext<T>) {
    |            ^^^^^^^^^^^
...
150 |     pub fn compact_button(&self) -> &ViewHandle<ActionButton> {
    |            ^^^^^^^^^^^^^^
...
154 |     pub fn expanded_button(&self) -> &ViewHandle<ActionButton> {
    |            ^^^^^^^^^^^^^^^

error: function `render_compact_and_regular_button_rows` is never used
   --> app/src/view_components/compactible_action_button.rs:170:8
    |
170 | pub fn render_compact_and_regular_button_rows(
    |        ^^^^^^^^^^^^^^^^^^^^^^^^^^^^^^^^^^^^^^

error: function `render_button_row` is never used
   --> app/src/view_components/compactible_action_button.rs:208:4
    |
208 | fn render_button_row(buttons: Vec<Box<dyn Element>>) -> Flex {
    |    ^^^^^^^^^^^^^^^^^

error: function `render_expansion_icon` is never used
   --> app/src/view_components/compactible_action_button.rs:225:8
    |
225 | pub fn render_expansion_icon(
    |        ^^^^^^^^^^^^^^^^^^^^^

error: methods `render_button`, `set_keybinding`, `set_disabled`, and `set_tooltip` are never used
   --> app/src/view_components/compactible_split_action_button.rs:85:8
    |
 26 | impl CompactibleSplitActionButton {
    | --------------------------------- methods in this implementation
...
 85 |     fn render_button(&self, is_expanded: bool) -> Box<dyn Element> {
    |        ^^^^^^^^^^^^^
...
101 |     pub fn set_keybinding<T: View>(
    |            ^^^^^^^^^^^^^^
...
110 |     pub fn set_disabled<T: View>(&mut self, disabled: bool, ctx: &mut ViewContext<T>) {
    |            ^^^^^^^^^^^^
...
118 |     pub fn set_tooltip<T: View>(&mut self, tooltip: Option<String>, ctx: &mut ViewContext<T>) {
    |            ^^^^^^^^^^^

error: constant `COPY_FEEDBACK_DURATION` is never used
  --> app/src/view_components/copyable_text_field.rs:20:11
   |
20 | pub const COPY_FEEDBACK_DURATION: Duration = Duration::from_secs(2);
   |           ^^^^^^^^^^^^^^^^^^^^^^

error: struct `CopyableTextFieldConfig` is never constructed
  --> app/src/view_components/copyable_text_field.rs:23:12
   |
23 | pub struct CopyableTextFieldConfig<'a> {
   |            ^^^^^^^^^^^^^^^^^^^^^^^

error: enum `CopyButtonPlacement` is never used
  --> app/src/view_components/copyable_text_field.rs:47:10
   |
47 | pub enum CopyButtonPlacement {
   |          ^^^^^^^^^^^^^^^^^^^

error: multiple associated items are never used
   --> app/src/view_components/copyable_text_field.rs:53:12
    |
 51 | impl<'a> CopyableTextFieldConfig<'a> {
    | ------------------------------------ associated items in this implementation
 52 |     /// Creates a new config with the given text.
 53 |     pub fn new(text: impl Into<String>) -> Self {
    |            ^^^
...
 69 |     pub fn with_font_size(mut self, font_size: f32) -> Self {
    |            ^^^^^^^^^^^^^^
...
 75 |     pub fn with_text_color(mut self, color: ColorU) -> Self {
    |            ^^^^^^^^^^^^^^^
...
 81 |     pub fn with_icon_size(mut self, icon_size: f32) -> Self {
    |            ^^^^^^^^^^^^^^
...
 87 |     pub fn with_wrap_text(mut self, wrap_text: bool) -> Self {
    |            ^^^^^^^^^^^^^^
...
 93 |     pub fn with_mouse_state(mut self, mouse_state: MouseStateHandle) -> Self {
    |            ^^^^^^^^^^^^^^^^
...
 99 |     pub fn with_last_copied_at(mut self, last_copied_at: Option<&'a Instant>) -> Self {
    |            ^^^^^^^^^^^^^^^^^^^
...
104 |     pub fn with_copy_button_placement(mut self, placement: CopyButtonPlacement) -> Self {
    |            ^^^^^^^^^^^^^^^^^^^^^^^^^^
...
110 |     pub fn with_cross_axis_alignment(mut self, alignment: CrossAxisAlignment) -> Self {
    |            ^^^^^^^^^^^^^^^^^^^^^^^^^
...
116 |     pub fn should_show_checkmark(&self) -> bool {
    |            ^^^^^^^^^^^^^^^^^^^^^

error: function `render_copyable_text_field` is never used
   --> app/src/view_components/copyable_text_field.rs:143:8
    |
143 | pub fn render_copyable_text_field<F>(
    |        ^^^^^^^^^^^^^^^^^^^^^^^^^^

error: variant `ActionButtonSecondary` is never constructed
  --> app/src/view_components/dropdown.rs:72:5
   |
63 | pub enum DropdownStyle {
   |          ------------- variant in this enum
...
72 |     ActionButtonSecondary,
   |     ^^^^^^^^^^^^^^^^^^^^^
   |
   = note: `DropdownStyle` has a derived impl for the trait `Clone`, but this is intentionally ignored during dead code analysis

error: field `self_handle` is never read
   --> app/src/view_components/dropdown.rs:114:5
    |
101 | pub struct Dropdown<A: DropdownItemAction = ()> {
    |            -------- field in this struct
...
114 |     self_handle: WeakViewHandle<Self>,
    |     ^^^^^^^^^^^

error: multiple methods are never used
   --> app/src/view_components/dropdown.rs:318:12
    |
267 | / impl<A> Dropdown<A>
268 | | where
269 | |     A: DropdownItemAction,
    | |__________________________- methods in this implementation
...
318 |       pub fn set_render_popup_externally(&mut self, value: bool, ctx: &mut ViewContext<Self>) {
    |              ^^^^^^^^^^^^^^^^^^^^^^^^^^^
...
326 |       pub fn render_menu_as_overlay(&self) -> Option<(Box<dyn Element>, OffsetPositioning)> {
    |              ^^^^^^^^^^^^^^^^^^^^^^
...
350 |       pub fn set_use_overlay_layer(&mut self, use_overlay_layer: bool, ctx: &mut ViewContext<Self>) {
    |              ^^^^^^^^^^^^^^^^^^^^^
...
355 |       pub fn set_background(&mut self, background: Fill, ctx: &mut ViewContext<Self>) {
    |              ^^^^^^^^^^^^^^
...
360 |       pub fn set_border_width(&mut self, border_width: f32, ctx: &mut ViewContext<Self>) {
    |              ^^^^^^^^^^^^^^^^
...
365 |       pub fn set_border_radius(&mut self, border_radius: CornerRadius, ctx: &mut ViewContext<Self>) {
    |              ^^^^^^^^^^^^^^^^^
...
370 |       pub fn with_drop_shadow(mut self) -> Self {
    |              ^^^^^^^^^^^^^^^^
...
375 |       pub fn set_font_color(&mut self, color: ColorU, ctx: &mut ViewContext<Self>) {
    |              ^^^^^^^^^^^^^^
...
380 |       pub fn set_font_size(&mut self, size: f32, ctx: &mut ViewContext<Self>) {
    |              ^^^^^^^^^^^^^
...
385 |       pub fn set_vertical_margin(&mut self, margin: f32, ctx: &mut ViewContext<Self>) {
    |              ^^^^^^^^^^^^^^^^^^^
...
390 |       pub fn set_top_bar_height(&mut self, height: f32, ctx: &mut ViewContext<Self>) {
    |              ^^^^^^^^^^^^^^^^^^
...
395 |       pub fn set_padding(&mut self, padding: Coords, ctx: &mut ViewContext<Self>) {
    |              ^^^^^^^^^^^
...
410 |       pub fn set_main_axis_size(
    |              ^^^^^^^^^^^^^^^^^^
...
419 |       pub fn set_menu_header_text_override<F>(&mut self, formatter: F)
    |              ^^^^^^^^^^^^^^^^^^^^^^^^^^^^^
...
426 |       pub fn set_menu_position(
    |              ^^^^^^^^^^^^^^^^^
...
440 |       pub fn set_match_menu_width_to_top_bar(
    |              ^^^^^^^^^^^^^^^^^^^^^^^^^^^^^^^
...
461 |       pub fn is_focused(&self, ctx: &AppContext) -> bool {
    |              ^^^^^^^^^^
...
489 |       pub fn set_rich_items(
    |              ^^^^^^^^^^^^^^
...
500 |       pub fn set_disabled(&mut self, ctx: &mut ViewContext<Self>) {
    |              ^^^^^^^^^^^^
...
505 |       pub fn set_enabled(&mut self, ctx: &mut ViewContext<Self>) {
    |              ^^^^^^^^^^^
...
548 |       pub fn set_selected_to_none(&mut self, ctx: &mut ViewContext<Self>) {
    |              ^^^^^^^^^^^^^^^^^^^^
...
561 |       pub fn selected_action(&self) -> Option<A>
    |              ^^^^^^^^^^^^^^^
...
587 |       pub fn set_menu_max_height(&mut self, height: f32, ctx: &mut ViewContext<Self>) {
    |              ^^^^^^^^^^^^^^^^^^^

error: enum `NewFeaturePopupLabel` is never used
  --> app/src/view_components/feature_popup.rs:11:10
   |
11 | pub enum NewFeaturePopupLabel {
   |          ^^^^^^^^^^^^^^^^^^^^

error: enum `FeaturePopupBadge` is never used
  --> app/src/view_components/feature_popup.rs:18:10
   |
18 | pub enum FeaturePopupBadge {
   |          ^^^^^^^^^^^^^^^^^

error: struct `FeaturePopup` is never constructed
  --> app/src/view_components/feature_popup.rs:26:12
   |
26 | pub struct FeaturePopup {
   |            ^^^^^^^^^^^^

error: enum `NewFeaturePopupAction` is never used
  --> app/src/view_components/feature_popup.rs:33:10
   |
33 | pub enum NewFeaturePopupAction {
   |          ^^^^^^^^^^^^^^^^^^^^^

error: associated items `new_feature`, `alert_icon`, and `render_badge` are never used
  --> app/src/view_components/feature_popup.rs:38:12
   |
37 | impl FeaturePopup {
   | ----------------- associated items in this implementation
38 |     pub fn new_feature(label: NewFeaturePopupLabel) -> Self {
   |            ^^^^^^^^^^^
...
46 |     pub fn alert_icon(label: NewFeaturePopupLabel) -> Self {
   |            ^^^^^^^^^^
...
54 |     fn render_badge(&self, appearance: &Appearance) -> Box<dyn Element> {
   |        ^^^^^^^^^^^^

error: enum `NewFeaturePopupEvent` is never used
   --> app/src/view_components/feature_popup.rs:168:10
    |
168 | pub enum NewFeaturePopupEvent {
    |          ^^^^^^^^^^^^^^^^^^^^

error: variant `Up` is never constructed
  --> app/src/view_components/filterable_dropdown.rs:40:5
   |
39 | pub enum FilterableDropdownOrientation {
   |          ----------------------------- variant in this enum
40 |     Up,
   |     ^^
   |
   = note: `FilterableDropdownOrientation` has a derived impl for the trait `Debug`, but this is intentionally ignored during dead code analysis

error: multiple methods are never used
   --> app/src/view_components/filterable_dropdown.rs:151:12
    |
 87 | / impl<A> FilterableDropdown<A>
 88 | | where
 89 | |     A: DropdownItemAction,
    | |__________________________- methods in this implementation
...
151 |       pub fn set_use_overlay_layer(&mut self, use_overlay_layer: bool, ctx: &mut ViewContext<Self>) {
    |              ^^^^^^^^^^^^^^^^^^^^^
...
160 |       pub fn set_top_bar_height(&mut self, height: f32, ctx: &mut ViewContext<Self>) {
    |              ^^^^^^^^^^^^^^^^^^
...
168 |       pub fn set_vertical_margin(&mut self, vertical_margin: f32, ctx: &mut ViewContext<Self>) {
    |              ^^^^^^^^^^^^^^^^^^^
...
173 |       pub fn set_menu_header_text_override<F>(&mut self, formatter: F)
    |              ^^^^^^^^^^^^^^^^^^^^^^^^^^^^^
...
184 |       pub fn set_placeholder(&mut self, placeholder: impl Into<String>, ctx: &mut ViewContext<Self>) {
    |              ^^^^^^^^^^^^^^^
...
202 |       pub fn clear_footer(&mut self, ctx: &mut ViewContext<Self>) {
    |              ^^^^^^^^^^^^
...
213 |       pub fn set_main_axis_size(
    |              ^^^^^^^^^^^^^^^^^^
...
226 |       pub fn set_button_variant(&mut self, button_variant: ButtonVariant) {
    |              ^^^^^^^^^^^^^^^^^^
...
230 |       pub fn set_orientation(&mut self, orientation: FilterableDropdownOrientation) {
    |              ^^^^^^^^^^^^^^^
...
268 |       pub fn set_rich_items(
    |              ^^^^^^^^^^^^^^
...
278 |       pub fn len(&self) -> usize {
    |              ^^^
...
351 |       pub fn set_match_menu_width_to_top_bar(
    |              ^^^^^^^^^^^^^^^^^^^^^^^^^^^^^^^

error: constant `REGEX_TOGGLE_LABEL` is never used
  --> app/src/view_components/find.rs:41:11
   |
41 | pub const REGEX_TOGGLE_LABEL: &str = ". *";
   |           ^^^^^^^^^^^^^^^^^^

error: constant `CASE_SENSITIVE_LABEL` is never used
  --> app/src/view_components/find.rs:44:11
   |
44 | pub const CASE_SENSITIVE_LABEL: &str = "Aa";
   |           ^^^^^^^^^^^^^^^^^^^^

error: field `value` is never read
  --> app/src/view_components/find.rs:81:25
   |
81 |     ToggleFindInBlock { value: bool },
   |     -----------------   ^^^^^
   |     |
   |     field in this variant

error: methods `editor` and `is_editor_focused` are never used
   --> app/src/view_components/find.rs:196:12
    |
155 | impl<T: FindModel + Entity<Event = FindEvent> + 'static> Find<T> {
    | ---------------------------------------------------------------- methods in this implementation
...
196 |     pub fn editor(&self) -> &ViewHandle<EditorView> {
    |            ^^^^^^
...
200 |     pub fn is_editor_focused(&self, ctx: &AppContext) -> bool {
    |            ^^^^^^^^^^^^^^^^^

error: variant `ModeSelected` is never constructed
  --> app/src/view_components/markdown_toggle_view.rs:16:5
   |
15 | pub enum MarkdownToggleEvent {
   |          ------------------- variant in this enum
16 |     ModeSelected(MarkdownDisplayMode),
   |     ^^^^^^^^^^^^
   |
   = note: `MarkdownToggleEvent` has derived impls for the traits `Clone` and `Debug`, but these are intentionally ignored during dead code analysis

error: associated items `new` and `set_selected_mode` are never used
  --> app/src/view_components/markdown_toggle_view.rs:24:12
   |
23 | impl MarkdownToggleView {
   | ----------------------- associated items in this implementation
24 |     pub fn new(default_mode: MarkdownDisplayMode, ctx: &mut ViewContext<Self>) -> Self {
   |            ^^^
...
75 |     pub fn set_selected_mode(&mut self, mode: MarkdownDisplayMode, ctx: &mut ViewContext<Self>) {
   |            ^^^^^^^^^^^^^^^^^

error: function `markdown_toggle_styles` is never used
   --> app/src/view_components/markdown_toggle_view.rs:105:4
    |
105 | fn markdown_toggle_styles(app: &AppContext) -> UiComponentStyles {
    |    ^^^^^^^^^^^^^^^^^^^^^^

error: struct `WarningBoxButtonConfig` is never constructed
  --> app/src/view_components/warning_box.rs:17:12
   |
17 | pub struct WarningBoxButtonConfig {
   |            ^^^^^^^^^^^^^^^^^^^^^^

error: associated function `new` is never used
  --> app/src/view_components/warning_box.rs:24:12
   |
23 | impl WarningBoxButtonConfig {
   | --------------------------- associated function in this implementation
24 |     pub fn new(
   |            ^^^

error: enum `WarningBoxTitle` is never used
  --> app/src/view_components/warning_box.rs:36:10
   |
36 | pub enum WarningBoxTitle {
   |          ^^^^^^^^^^^^^^^

error: struct `WarningBoxConfig` is never constructed
  --> app/src/view_components/warning_box.rs:41:12
   |
41 | pub struct WarningBoxConfig {
   |            ^^^^^^^^^^^^^^^^

error: multiple associated items are never used
  --> app/src/view_components/warning_box.rs:56:12
   |
55 | impl WarningBoxConfig {
   | --------------------- associated items in this implementation
56 |     pub fn new(title: impl Into<String>) -> Self {
   |            ^^^
...
60 |     pub fn formatted_title(title: FormattedTextInline) -> Self {
   |            ^^^^^^^^^^^^^^^
...
64 |     fn from_title(title: WarningBoxTitle) -> Self {
   |        ^^^^^^^^^^
...
75 |     pub fn with_description(mut self, description: impl Into<String>) -> Self {
   |            ^^^^^^^^^^^^^^^^
...
80 |     pub fn with_icon(mut self, icon: Icon) -> Self {
   |            ^^^^^^^^^
...
85 |     pub fn with_width(mut self, width: f32) -> Self {
   |            ^^^^^^^^^^
...
90 |     pub fn with_button(mut self, button: WarningBoxButtonConfig) -> Self {
   |            ^^^^^^^^^^^

error: function `render_warning_box` is never used
  --> app/src/view_components/warning_box.rs:95:8
   |
95 | pub fn render_warning_box(config: WarningBoxConfig, appearance: &Appearance) -> Box<dyn Element> {
   |        ^^^^^^^^^^^^^^^^^^

error: variant `Workflows` is never constructed
  --> app/src/voltron.rs:81:5
   |
80 | pub enum VoltronFeatureViewHandle {
   |          ------------------------ variant in this enum
81 |     Workflows(ViewHandle<CategoriesView>),
   |     ^^^^^^^^^
   |
   = note: `VoltronFeatureViewHandle` has a derived impl for the trait `Clone`, but this is intentionally ignored during dead code analysis

error: variants `AiCommands`, `Workflows`, and `History` are never constructed
  --> app/src/voltron.rs:87:5
   |
86 | pub enum VoltronItem {
   |          ----------- variants in this enum
87 |     AiCommands,
   |     ^^^^^^^^^^
88 |     Workflows,
   |     ^^^^^^^^^
89 |     History,
   |     ^^^^^^^
   |
   = note: `VoltronItem` has derived impls for the traits `Debug` and `Clone`, but these are intentionally ignored during dead code analysis

error: method `handle_editor_event` is never used
   --> app/src/voltron.rs:127:8
    |
120 | pub trait VoltronFeatureViewMeta {
    |           ---------------------- method in this trait
...
127 |     fn handle_editor_event(
    |        ^^^^^^^^^^^^^^^^^^^

error: associated function `new` is never used
   --> app/src/voltron.rs:176:12
    |
175 | impl VoltronFeatureView {
    | ----------------------- associated function in this implementation
176 |     pub fn new(name: VoltronItem, feature_view_handle: VoltronFeatureViewHandle) -> Self {
    |            ^^^

error: associated items `new`, `handle_menu_event`, and `handle_editor_event` are never used
   --> app/src/voltron.rs:185:12
    |
184 | impl Voltron {
    | ------------ associated items in this implementation
185 |     pub fn new(features: Vec1<VoltronFeatureView>, ctx: &mut ViewContext<Self>) -> Self {
    |            ^^^
...
235 |     fn handle_menu_event(&mut self, event: &MenuEvent, ctx: &mut ViewContext<Self>) {
    |        ^^^^^^^^^^^^^^^^^
...
246 |     fn handle_editor_event(&mut self, event: &EditorEvent, ctx: &mut ViewContext<Self>) {
    |        ^^^^^^^^^^^^^^^^^^^

error: struct `WordBlockEditorView` is never constructed
  --> app/src/word_block_editor.rs:21:12
   |
21 | pub struct WordBlockEditorView {
   |            ^^^^^^^^^^^^^^^^^^^

error: enum `WordBlockLayout` is never used
  --> app/src/word_block_editor.rs:35:10
   |
35 | pub enum WordBlockLayout {
   |          ^^^^^^^^^^^^^^^

error: struct `WordBlockEditorStyles` is never constructed
  --> app/src/word_block_editor.rs:43:12
   |
43 | pub struct WordBlockEditorStyles {
   |            ^^^^^^^^^^^^^^^^^^^^^

error: struct `WordBlockStyles` is never constructed
  --> app/src/word_block_editor.rs:51:12
   |
51 | pub struct WordBlockStyles {
   |            ^^^^^^^^^^^^^^^

error: struct `Word` is never constructed
  --> app/src/word_block_editor.rs:56:8
   |
56 | struct Word {
   |        ^^^^

error: struct `ChipEditorState` is never constructed
  --> app/src/word_block_editor.rs:61:12
   |
61 | pub struct ChipEditorState {
   |            ^^^^^^^^^^^^^^^

error: multiple associated items are never used
   --> app/src/word_block_editor.rs:71:12
    |
 70 | impl WordBlockEditorView {
    | ------------------------ associated items in this implementation
 71 |     pub fn new(
    |            ^^^
...
111 |     pub fn get_list_of_invalid_words(&self, ctx: &AppContext) -> Vec<String> {
    |            ^^^^^^^^^^^^^^^^^^^^^^^^^
...
127 |     pub fn get_list_of_words(&self, ctx: &AppContext) -> Vec<String> {
    |            ^^^^^^^^^^^^^^^^^
...
141 |     pub fn num_chips(&self) -> usize {
    |            ^^^^^^^^^
...
145 |     pub fn with_validator(
    |            ^^^^^^^^^^^^^^
...
155 |     pub fn with_layout(mut self, layout: WordBlockLayout) -> Self {
    |            ^^^^^^^^^^^
...
162 |     pub fn with_styles(
    |            ^^^^^^^^^^^
...
177 |     pub fn set_propagate_navigation_keys(
    |            ^^^^^^^^^^^^^^^^^^^^^^^^^^^^^
...
187 |     pub fn clear_list_of_words(&mut self, ctx: &mut ViewContext<Self>) {
    |            ^^^^^^^^^^^^^^^^^^^
...
195 |     pub fn add_word(&mut self, word: &String, ctx: &mut ViewContext<Self>) {
    |            ^^^^^^^^
...
204 |     pub fn set_editor_buffer_text(&mut self, word: &str, ctx: &mut ViewContext<Self>) {
    |            ^^^^^^^^^^^^^^^^^^^^^^
...
212 |     pub fn set_interaction_state(&mut self, state: InteractionState, ctx: &mut ViewContext<Self>) {
    |            ^^^^^^^^^^^^^^^^^^^^^
...
219 |     fn delete_word(&mut self, index: usize, ctx: &mut ViewContext<Self>) {
    |        ^^^^^^^^^^^
...
225 |     fn handle_editor_view_event(&mut self, event: &Event, ctx: &mut ViewContext<Self>) {
    |        ^^^^^^^^^^^^^^^^^^^^^^^^

error: enum `WordBlockEditorViewAction` is never used
   --> app/src/word_block_editor.rs:281:10
    |
281 | pub enum WordBlockEditorViewAction {
    |          ^^^^^^^^^^^^^^^^^^^^^^^^^

error: enum `WordBlockEditorViewEvent` is never used
   --> app/src/word_block_editor.rs:295:10
    |
295 | pub enum WordBlockEditorViewEvent {
    |          ^^^^^^^^^^^^^^^^^^^^^^^^

error: associated function `default_styles` is never used
   --> app/src/word_block_editor.rs:444:8
    |
443 | impl WordBlockEditorStyles {
    | -------------------------- associated function in this implementation
444 |     fn default_styles(app: &AppContext) -> WordBlockEditorStyles {
    |        ^^^^^^^^^^^^^^

error: method `render_menu_button_tooltip` is never used
    --> app/src/editor/view/mod.rs:7206:8
     |
2706 | impl EditorView {
     | --------------- method in this implementation
...
7206 |     fn render_menu_button_tooltip(
     |        ^^^^^^^^^^^^^^^^^^^^^^^^^^

error: constant `PNG_SIGNATURE` is never used
 --> app/src/editor/view/figma_utils/is_figma_png.rs:6:7
  |
6 | const PNG_SIGNATURE: &[u8] = b"\x89PNG\r\n\x1a\n";
  |       ^^^^^^^^^^^^^

error: function `is_figma_png` is never used
 --> app/src/editor/view/figma_utils/is_figma_png.rs:8:8
  |
8 | pub fn is_figma_png(bytes: &[u8]) -> bool {
  |        ^^^^^^^^^^^^

error: constant `WARP_SHELL_COMPATIBILITY_DOCS` is never used
   --> app/src/pane_group/mod.rs:168:7
    |
168 | const WARP_SHELL_COMPATIBILITY_DOCS: &str =
    |       ^^^^^^^^^^^^^^^^^^^^^^^^^^^^^

error: methods `close_panes`, `revert_swap_clearing_split_off`, `close_temporary_replacement_pane`, `handle_pane_link_updated`, and `focus_pane_preserving_maximized_state` are never used
    --> app/src/pane_group/mod.rs:1358:8
     |
 749 | impl PaneGroup {
     | -------------- methods in this implementation
...
1358 |     fn close_panes(&mut self, pane_ids: Vec<PaneId>, ctx: &mut ViewContext<Self>) {
     |        ^^^^^^^^^^^
...
2278 |     fn revert_swap_clearing_split_off(
     |        ^^^^^^^^^^^^^^^^^^^^^^^^^^^^^^
...
2357 |     fn close_temporary_replacement_pane(
     |        ^^^^^^^^^^^^^^^^^^^^^^^^^^^^^^^^
...
3581 |     fn handle_pane_link_updated(&self, pane_id: PaneId, url: Option<Url>, ctx: &AppContext) {
     |        ^^^^^^^^^^^^^^^^^^^^^^^^
...
3797 |     fn focus_pane_preserving_maximized_state(
     |        ^^^^^^^^^^^^^^^^^^^^^^^^^^^^^^^^^^^^^

error: associated items `deferred_placeholder_pane_id`, `pane_type`, and `creation_order_id` are never used
   --> app/src/pane_group/pane/mod.rs:255:19
    |
136 | impl PaneId {
    | ----------- associated items in this implementation
...
255 |     pub(super) fn deferred_placeholder_pane_id() -> Self {
    |                   ^^^^^^^^^^^^^^^^^^^^^^^^^^^^
...
280 |     pub(crate) fn pane_type(&self) -> IPaneType {
    |                   ^^^^^^^^^
...
284 |     pub(crate) fn creation_order_id(&self) -> EntityId {
    |                   ^^^^^^^^^^^^^^^^^

error: method `delete_blocks` is never used
  --> app/src/pane_group/pane/terminal_pane.rs:74:34
   |
27 | impl TerminalPane {
   | ----------------- method in this implementation
...
74 |     pub(in crate::pane_group) fn delete_blocks(&self) {
   |                                  ^^^^^^^^^^^^^

error: method `pane_flex_sum_along_axis` is never used
   --> app/src/pane_group/tree.rs:850:34
    |
613 | impl PaneNode {
    | ------------- method in this implementation
...
850 |     pub(in crate::pane_group) fn pane_flex_sum_along_axis(&self, axis: SplitDirection) -> f32 {
    |                                  ^^^^^^^^^^^^^^^^^^^^^^^^

error: methods `insert_code_review_comments` and `upsert_flattened_code_review_comments` are never used
   --> app/src/pane_group/working_directories.rs:885:19
    |
305 | impl WorkingDirectoriesModel {
    | ---------------------------- methods in this implementation
...
885 |     pub(crate) fn insert_code_review_comments(
    |                   ^^^^^^^^^^^^^^^^^^^^^^^^^^^
...
918 |     pub(crate) fn upsert_flattened_code_review_comments(
    |                   ^^^^^^^^^^^^^^^^^^^^^^^^^^^^^^^^^^^^^

error: field `window_id` is never read
   --> app/src/root_view.rs:137:5
    |
135 | pub struct RootView {
    |            -------- field in this struct
136 |     workspace: ViewHandle<Workspace>,
137 |     window_id: WindowId,
    |     ^^^^^^^^^

error: method `insert_subshell_command` is never used
   --> app/src/root_view.rs:241:8
    |
140 | impl RootView {
    | ------------- method in this implementation
...
241 |     fn insert_subshell_command(&mut self, arg: &SubshellCommandArg, ctx: &mut ViewContext<Self>) {
    |        ^^^^^^^^^^^^^^^^^^^^^^^

error: method `active_query_filter` is never used
   --> app/src/search/command_search/view.rs:352:8
    |
111 | impl CommandSearchView {
    | ---------------------- method in this implementation
...
352 |     fn active_query_filter(&self, app: &AppContext) -> Option<QueryFilter> {
    |        ^^^^^^^^^^^^^^^^^^^

error: method `interrupt_block` is never used
   --> app/src/settings/import/view.rs:879:19
    |
120 | impl SettingsImportView {
    | ----------------------- method in this implementation
...
879 |     pub(crate) fn interrupt_block(&mut self, ctx: &mut warpui::ViewContext<Self>) {
    |                   ^^^^^^^^^^^^^^^

error: function `editor_text_colors` is never used
   --> app/src/settings_view/mod.rs:135:15
    |
135 | pub(super) fn editor_text_colors(appearance: &Appearance) -> TextColors {
    |               ^^^^^^^^^^^^^^^^^^

error: function `render_beta_chip` is never used
   --> app/src/settings_view/mod.rs:146:15
    |
146 | pub(super) fn render_beta_chip(appearance: &Appearance) -> Box<dyn Element> {
    |               ^^^^^^^^^^^^^^^^

error: function `render_model_chips` is never used
   --> app/src/settings_view/mod.rs:165:15
    |
165 | pub(super) fn render_model_chips(
    |               ^^^^^^^^^^^^^^^^^^

error: field `local_only_icon_tooltip_states` is never read
   --> app/src/settings_view/appearance_page.rs:513:5
    |
510 | pub struct AppearanceSettingsPageView {
    |            -------------------------- field in this struct
...
513 |     local_only_icon_tooltip_states: RefCell<HashMap<String, MouseStateHandle>>,
    |     ^^^^^^^^^^^^^^^^^^^^^^^^^^^^^^

error: field `local_only_icon_states` is never read
  --> app/src/settings_view/features/external_editor.rs:43:5
   |
36 | pub struct ExternalEditorView {
   |            ------------------ field in this struct
...
43 |     local_only_icon_states: RefCell<HashMap<String, MouseStateHandle>>,
   |     ^^^^^^^^^^^^^^^^^^^^^^

error: variants `SearchForKeybinding` and `FocusModal` are never constructed
  --> app/src/settings_view/features_page.rs:29:5
   |
28 | pub enum FeaturesSettingsPageEvent {
   |          ------------------------- variants in this enum
29 |     SearchForKeybinding(String),
   |     ^^^^^^^^^^^^^^^^^^^
30 |     FocusModal,
   |     ^^^^^^^^^^

error: function `render_group` is never used
   --> app/src/settings_view/features_page.rs:147:15
    |
147 | pub(super) fn render_group(
    |               ^^^^^^^^^^^^

error: field `local_only_icon_mouse_state` is never read
   --> app/src/settings_view/keybindings.rs:962:5
    |
961 | struct KeybindingsWidget {
    |        ----------------- field in this struct
962 |     local_only_icon_mouse_state: MouseStateHandle,
    |     ^^^^^^^^^^^^^^^^^^^^^^^^^^^

error: constant `LABEL_FONT_SIZE` is never used
  --> app/src/settings_view/privacy/add_regex_modal.rs:20:7
   |
20 | const LABEL_FONT_SIZE: f32 = 12.;
   |       ^^^^^^^^^^^^^^^

error: struct `AddRegexModal` is never constructed
  --> app/src/settings_view/privacy/add_regex_modal.rs:22:12
   |
22 | pub struct AddRegexModal {
   |            ^^^^^^^^^^^^^

error: enum `AddRegexModalAction` is never used
  --> app/src/settings_view/privacy/add_regex_modal.rs:30:10
   |
30 | pub enum AddRegexModalAction {
   |          ^^^^^^^^^^^^^^^^^^^

error: enum `AddRegexModalEvent` is never used
  --> app/src/settings_view/privacy/add_regex_modal.rs:35:10
   |
35 | pub enum AddRegexModalEvent {
   |          ^^^^^^^^^^^^^^^^^^

error: multiple associated items are never used
   --> app/src/settings_view/privacy/add_regex_modal.rs:41:12
    |
 40 | impl AddRegexModal {
    | ------------------ associated items in this implementation
 41 |     pub fn new(ctx: &mut ViewContext<Self>) -> Self {
    |            ^^^
...
 90 |     fn submit(&mut self, ctx: &mut ViewContext<Self>) {
    |        ^^^^^^
...
100 |     fn cancel(&mut self, ctx: &mut ViewContext<Self>) {
    |        ^^^^^^
...
104 |     pub fn on_close(&mut self, ctx: &mut ViewContext<Self>) {
    |            ^^^^^^^^
...
113 |     pub fn on_open(&mut self, ctx: &mut ViewContext<Self>) {
    |            ^^^^^^^
...
117 |     fn handle_name_editor_event(&mut self, event: &EditorEvent, ctx: &mut ViewContext<Self>) {
    |        ^^^^^^^^^^^^^^^^^^^^^^^^
...
146 |     fn handle_pattern_editor_event(&mut self, event: &EditorEvent, ctx: &mut ViewContext<Self>) {
    |        ^^^^^^^^^^^^^^^^^^^^^^^^^^^

error: struct `AddRegexModalViewState` is never constructed
   --> app/src/settings_view/privacy/add_regex_modal.rs:313:12
    |
313 | pub struct AddRegexModalViewState {
    |            ^^^^^^^^^^^^^^^^^^^^^^

error: associated items `new`, `is_open`, `render`, `open`, and `close` are never used
   --> app/src/settings_view/privacy/add_regex_modal.rs:318:12
    |
317 | impl AddRegexModalViewState {
    | --------------------------- associated items in this implementation
318 |     pub fn new(state: ModalViewState<Modal<AddRegexModal>>) -> Self {
    |            ^^^
...
322 |     pub fn is_open(&self) -> bool {
    |            ^^^^^^^
...
326 |     pub fn render(&self) -> Box<dyn Element> {
    |            ^^^^^^
...
330 |     pub fn open<T: View>(&mut self, ctx: &mut ViewContext<T>) {
    |            ^^^^
...
339 |     pub fn close<T: View>(&mut self, ctx: &mut ViewContext<T>) {
    |            ^^^^^

error: enum `PrivacyPageViewEvent` is never used
  --> app/src/settings_view/privacy_page.rs:25:10
   |
25 | pub enum PrivacyPageViewEvent {
   |          ^^^^^^^^^^^^^^^^^^^^

error: field `local_only_icon_tooltip_states` is never read
  --> app/src/settings_view/scripting_page.rs:27:5
   |
25 | pub struct ScriptingSettingsPageView {
   |            ------------------------- field in this struct
26 |     page: PageType<Self>,
27 |     local_only_icon_tooltip_states: RefCell<HashMap<String, MouseStateHandle>>,
   |     ^^^^^^^^^^^^^^^^^^^^^^^^^^^^^^

error: constant `GREY_TEXT_OPACITY` is never used
  --> app/src/settings_view/settings_page.rs:56:7
   |
56 | const GREY_TEXT_OPACITY: u8 = 60;
   |       ^^^^^^^^^^^^^^^^^

error: variant `Pane` is never constructed
   --> app/src/settings_view/settings_page.rs:164:5
    |
162 | pub enum SettingsPageEvent {
    |          ----------------- variant in this enum
163 |     FocusModal,
164 |     Pane(PaneEventWrapper),
    |     ^^^^

error: variant `Close` is never constructed
   --> app/src/settings_view/settings_page.rs:171:5
    |
170 | pub enum PaneEventWrapper {
    |          ---------------- variant in this enum
171 |     Close,
    |     ^^^^^
    |
    = note: `PaneEventWrapper` has derived impls for the traits `Clone` and `Debug`, but these are intentionally ignored during dead code analysis

error: function `render_customer_type_badge` is never used
   --> app/src/settings_view/settings_page.rs:174:8
    |
174 | pub fn render_customer_type_badge(appearance: &Appearance, text: String) -> Box<dyn Element> {
    |        ^^^^^^^^^^^^^^^^^^^^^^^^^^

error: function `render_sub_sub_header` is never used
   --> app/src/settings_view/settings_page.rs:283:8
    |
283 | pub fn render_sub_sub_header(
    |        ^^^^^^^^^^^^^^^^^^^^^

error: function `render_custom_size_header` is never used
   --> app/src/settings_view/settings_page.rs:316:8
    |
316 | pub fn render_custom_size_header(
    |        ^^^^^^^^^^^^^^^^^^^^^^^^^

error: function `render_cta_line` is never used
   --> app/src/settings_view/settings_page.rs:352:8
    |
352 | pub fn render_cta_line<A: Action + Clone>(
    |        ^^^^^^^^^^^^^^^

error: function `render_cta_banner` is never used
   --> app/src/settings_view/settings_page.rs:385:8
    |
385 | pub fn render_cta_banner<A: Action + Clone>(
    |        ^^^^^^^^^^^^^^^^^

error: function `render_banner` is never used
   --> app/src/settings_view/settings_page.rs:402:8
    |
402 | pub fn render_banner(
    |        ^^^^^^^^^^^^^

error: function `render_full_pane_width_ai_button` is never used
   --> app/src/settings_view/settings_page.rs:428:8
    |
428 | pub fn render_full_pane_width_ai_button(
    |        ^^^^^^^^^^^^^^^^^^^^^^^^^^^^^^^^

error: function `render_body_item_label_with_icon` is never used
   --> app/src/settings_view/settings_page.rs:631:8
    |
631 | pub fn render_body_item_label_with_icon<T: Clone + Action>(
    |        ^^^^^^^^^^^^^^^^^^^^^^^^^^^^^^^^

error: function `render_filterable_dropdown_item` is never used
   --> app/src/settings_view/settings_page.rs:958:15
    |
958 | pub(crate) fn render_filterable_dropdown_item<T: DropdownItemAction>(
    |               ^^^^^^^^^^^^^^^^^^^^^^^^^^^^^^^

error: function `render_settings_info_banner` is never used
   --> app/src/settings_view/settings_page.rs:998:15
    |
998 | pub(crate) fn render_settings_info_banner(
    |               ^^^^^^^^^^^^^^^^^^^^^^^^^^^

error: function `render_alternating_color_list` is never used
    --> app/src/settings_view/settings_page.rs:1131:8
     |
1131 | pub fn render_alternating_color_list<
     |        ^^^^^^^^^^^^^^^^^^^^^^^^^^^^^

error: function `add_setting` is never used
    --> app/src/settings_view/settings_page.rs:1267:8
     |
1267 | pub fn add_setting<F>(
     |        ^^^^^^^^^^^

error: method `set_min_page_width` is never used
    --> app/src/settings_view/settings_page.rs:1611:12
     |
1443 | impl<V: warpui::View> PageType<V> {
     | --------------------------------- method in this implementation
...
1611 |     pub fn set_min_page_width(&mut self, width: f32) {
     |            ^^^^^^^^^^^^^^^^^^

error: method `with_subtitle` is never used
    --> app/src/settings_view/settings_page.rs:1975:19
     |
1966 | impl<V: warpui::View> CategoryHeader<V> {
     | --------------------------------------- method in this implementation
...
1975 |     pub(super) fn with_subtitle(mut self, subtitle: &'static str) -> Self {
     |                   ^^^^^^^^^^^^^

error: associated function `static_widget_id` is never used
    --> app/src/settings_view/settings_page.rs:2044:8
     |
2040 | pub(super) trait SettingsWidget {
     |                  -------------- associated function in this trait
...
2044 |     fn static_widget_id() -> &'static str
     |        ^^^^^^^^^^^^^^^^

error: variant `EnvironmentsPageOpened` is never constructed
 --> app/src/settings_view/telemetry.rs:8:5
  |
7 | pub enum SettingsTelemetryEvent {
  |          ---------------------- variant in this enum
8 |     EnvironmentsPageOpened,
  |     ^^^^^^^^^^^^^^^^^^^^^^
  |
  = note: `SettingsTelemetryEvent` has a derived impl for the trait `Debug`, but this is intentionally ignored during dead code analysis

error: function `init` is never used
  --> app/src/tab_configs/remove_confirmation_dialog.rs:22:15
   |
22 | pub(crate) fn init(app: &mut AppContext) {
   |               ^^^^

error: constant `DIALOG_WIDTH` is never used
  --> app/src/tab_configs/remove_confirmation_dialog.rs:39:7
   |
39 | const DIALOG_WIDTH: f32 = 460.;
   |       ^^^^^^^^^^^^

error: enum `RemoveTabConfigConfirmationEvent` is never used
  --> app/src/tab_configs/remove_confirmation_dialog.rs:42:17
   |
42 | pub(crate) enum RemoveTabConfigConfirmationEvent {
   |                 ^^^^^^^^^^^^^^^^^^^^^^^^^^^^^^^^

error: enum `RemoveTabConfigConfirmationAction` is never used
  --> app/src/tab_configs/remove_confirmation_dialog.rs:48:17
   |
48 | pub(crate) enum RemoveTabConfigConfirmationAction {
   |                 ^^^^^^^^^^^^^^^^^^^^^^^^^^^^^^^^^

error: struct `RemoveTabConfigConfirmationDialog` is never constructed
  --> app/src/tab_configs/remove_confirmation_dialog.rs:53:19
   |
53 | pub(crate) struct RemoveTabConfigConfirmationDialog {
   |                   ^^^^^^^^^^^^^^^^^^^^^^^^^^^^^^^^^

error: associated items `new` and `set_config` are never used
  --> app/src/tab_configs/remove_confirmation_dialog.rs:61:12
   |
60 | impl RemoveTabConfigConfirmationDialog {
   | -------------------------------------- associated items in this implementation
61 |     pub fn new(ctx: &mut ViewContext<Self>) -> Self {
   |            ^^^
...
85 |     pub fn set_config(&mut self, name: String, path: PathBuf) {
   |            ^^^^^^^^^^

error: function `contains_autogenerated_branch_name` is never used
  --> app/src/tab_configs/tab_config.rs:22:4
   |
22 | fn contains_autogenerated_branch_name(value: &str) -> bool {
   |    ^^^^^^^^^^^^^^^^^^^^^^^^^^^^^^^^^^

error: function `handlebars_placeholder` is never used
  --> app/src/tab_configs/tab_config.rs:38:4
   |
38 | fn handlebars_placeholder(name: &str) -> String {
   |    ^^^^^^^^^^^^^^^^^^^^^^

error: methods `is_worktree` and `uses_autogenerated_branch_name` are never used
   --> app/src/tab_configs/tab_config.rs:179:19
    |
166 | impl TabConfig {
    | -------------- methods in this implementation
...
179 |     pub(crate) fn is_worktree(&self) -> bool {
    |                   ^^^^^^^^^^^
...
189 |     pub(crate) fn uses_autogenerated_branch_name(&self) -> bool {
    |                   ^^^^^^^^^^^^^^^^^^^^^^^^^^^^^^

error: function `build_worktree_config_toml` is never used
   --> app/src/tab_configs/tab_config.rs:419:15
    |
419 | pub(crate) fn build_worktree_config_toml(
    |               ^^^^^^^^^^^^^^^^^^^^^^^^^^

error: function `element_size_at_last_frame` is never used
   --> app/src/terminal/mod.rs:145:15
    |
145 | pub(crate) fn element_size_at_last_frame(
    |               ^^^^^^^^^^^^^^^^^^^^^^^^^^

error: function `command_at_cursor_has_common_package_installer_prefix` is never used
  --> app/src/terminal/package_installers.rs:12:8
   |
12 | pub fn command_at_cursor_has_common_package_installer_prefix(
   |        ^^^^^^^^^^^^^^^^^^^^^^^^^^^^^^^^^^^^^^^^^^^^^^^^^^^^^

error: function `is_at_context_package_installer_prefix` is never used
  --> app/src/terminal/package_installers.rs:50:4
   |
50 | fn is_at_context_package_installer_prefix(buffer_text: &str) -> bool {
   |    ^^^^^^^^^^^^^^^^^^^^^^^^^^^^^^^^^^^^^^

error: struct `AliasedCommand` is never constructed
  --> app/src/terminal/alias.rs:10:12
   |
10 | pub struct AliasedCommand {
   |            ^^^^^^^^^^^^^^

error: function `is_expandable_alias` is never used
  --> app/src/terminal/alias.rs:24:8
   |
24 | pub fn is_expandable_alias(alias: &str, alias_value: &str) -> bool {
   |        ^^^^^^^^^^^^^^^^^^^

error: function `check_for_alias` is never used
  --> app/src/terminal/alias.rs:34:4
   |
34 | fn check_for_alias(source: &str, session: Arc<Session>) -> Option<AliasedCommand> {
   |    ^^^^^^^^^^^^^^^

error: function `check_for_alias_async` is never used
  --> app/src/terminal/alias.rs:47:14
   |
47 | pub async fn check_for_alias_async(source: &str, session: Arc<Session>) -> Option<AliasedCommand> {
   |              ^^^^^^^^^^^^^^^^^^^^^

error: function `should_intercept_scroll` is never used
  --> app/src/terminal/alt_screen/mod.rs:28:8
   |
28 | pub fn should_intercept_scroll(model: &TerminalModel, ctx: &AppContext) -> bool {
   |        ^^^^^^^^^^^^^^^^^^^^^^^

error: methods `with_ligature_rendering` and `with_hide_cursor_cell` are never used
   --> app/src/terminal/alt_screen/alt_screen_element.rs:156:12
    |
 87 | impl AltScreenElement {
    | --------------------- methods in this implementation
...
156 |     pub fn with_ligature_rendering(mut self) -> Self {
    |            ^^^^^^^^^^^^^^^^^^^^^^^
...
161 |     pub fn with_hide_cursor_cell(mut self) -> Self {
    |            ^^^^^^^^^^^^^^^^^^^^^

error: variant `DockerSandbox` is never constructed
  --> app/src/terminal/available_shells.rs:79:5
   |
60 | enum Config {
   |      ------ variant in this enum
...
79 |     DockerSandbox {
   |     ^^^^^^^^^^^^^
   |
   = note: `Config` has a derived impl for the trait `Debug`, but this is intentionally ignored during dead code analysis

error: associated function `new_docker_sandbox_shell` is never used
   --> app/src/terminal/available_shells.rs:331:19
    |
179 | impl AvailableShell {
    | ------------------- associated function in this implementation
...
331 |     pub(crate) fn new_docker_sandbox_shell(sbx_path: PathBuf, base_image: Option<String>) -> Self {
    |                   ^^^^^^^^^^^^^^^^^^^^^^^^

error: method `draw_cursor` is never used
  --> app/src/terminal/blockgrid_renderer.rs:78:8
   |
47 | pub trait BlockGridRenderer {
   |           ----------------- method in this trait
...
78 |     fn draw_cursor(
   |        ^^^^^^^^^^^

error: function `init_subshell_command` is never used
   --> app/src/terminal/bootstrap.rs:104:8
    |
104 | pub fn init_subshell_command(
    |        ^^^^^^^^^^^^^^^^^^^^^

error: function `init_subshell_script_for_shell` is never used
   --> app/src/terminal/bootstrap.rs:125:4
    |
125 | fn init_subshell_script_for_shell(
    |    ^^^^^^^^^^^^^^^^^^^^^^^^^^^^^^

error: function `init_subshell_script_for_unknown_shell` is never used
   --> app/src/terminal/bootstrap.rs:169:4
    |
169 | fn init_subshell_script_for_unknown_shell(
    |    ^^^^^^^^^^^^^^^^^^^^^^^^^^^^^^^^^^^^^^

error: function `run_dynamic_enum_command` is never used
 --> app/src/terminal/dynamic_enum_suggestions.rs:7:21
  |
7 | pub(crate) async fn run_dynamic_enum_command(
  |                     ^^^^^^^^^^^^^^^^^^^^^^^^

error: function `parse_dynamic_command` is never used
  --> app/src/terminal/dynamic_enum_suggestions.rs:18:4
   |
18 | fn parse_dynamic_command(output: &CommandOutput) -> anyhow::Result<Vec<String>> {
   |    ^^^^^^^^^^^^^^^^^^^^^

error: field `view` is never read
  --> app/src/terminal/mock_terminal_manager.rs:18:5
   |
16 | pub struct MockTerminalManager {
   |            ------------------- field in this struct
17 |     model: Arc<FairMutex<TerminalModel>>,
18 |     view: ViewHandle<TerminalView>,
   |     ^^^^

error: fields `manager` and `view` are never read
  --> app/src/terminal/mock_terminal_manager.rs:21:16
   |
20 | pub struct MockTerminalManagerInit {
   |            ----------------------- fields in this struct
21 |     pub(crate) manager: ModelHandle<Box<dyn TerminalManager>>,
   |                ^^^^^^^
22 |     pub(crate) view: ViewHandle<TerminalView>,
   |                ^^^^

error: method `enable_full_grid_clear_behavior` is never used
   --> app/src/terminal/model/block.rs:885:32
    |
746 | impl Block {
    | ---------- method in this implementation
...
885 |     pub(in crate::terminal) fn enable_full_grid_clear_behavior(&mut self) {
    |                                ^^^^^^^^^^^^^^^^^^^^^^^^^^^^^^^

error: struct `SharedSessionScrollbackBlocks` is never constructed
   --> app/src/terminal/model/blocks.rs:540:8
    |
540 | struct SharedSessionScrollbackBlocks<'a> {
    |        ^^^^^^^^^^^^^^^^^^^^^^^^^^^^^

error: associated function `new` is never used
   --> app/src/terminal/model/blocks.rs:546:8
    |
545 | impl<'a> SharedSessionScrollbackBlocks<'a> {
    | ------------------------------------------ associated function in this implementation
546 |     fn new(scrollback: &'a [SerializedBlock]) -> Self {
    |        ^^^

error: multiple methods are never used
    --> app/src/terminal/model/blocks.rs:701:19
     |
 560 | impl BlockList {
     | -------------- methods in this implementation
...
 701 |     pub(super) fn load_shared_session_scrollback(&mut self, scrollback: &[SerializedBlock]) {
     |                   ^^^^^^^^^^^^^^^^^^^^^^^^^^^^^^
...
 732 |     pub(super) fn append_followup_shared_session_scrollback(
     |                   ^^^^^^^^^^^^^^^^^^^^^^^^^^^^^^^^^^^^^^^^^
...
 769 |     fn finish_active_block_before_followup_append(&mut self) {
     |        ^^^^^^^^^^^^^^^^^^^^^^^^^^^^^^^^^^^^^^^^^^
...
 776 |     fn ensure_active_block_after_shared_session_scrollback(&mut self) {
     |        ^^^^^^^^^^^^^^^^^^^^^^^^^^^^^^^^^^^^^^^^^^^^^^^^^^^
...
1388 |     fn remove_block_at_index(&mut self, block_index: BlockIndex) -> Option<Block> {
     |        ^^^^^^^^^^^^^^^^^^^^^
...
1419 |     fn remove_command_blocks_at_indices(&mut self, indices_to_remove: Vec<BlockIndex>) {
     |        ^^^^^^^^^^^^^^^^^^^^^^^^^^^^^^^^
...
2452 |     pub(super) fn set_obfuscate_secrets_for_subsequent_blocks(
     |                   ^^^^^^^^^^^^^^^^^^^^^^^^^^^^^^^^^^^^^^^^^^^
...
3085 |     pub(in crate::terminal) fn insert_rich_content_after_item(
     |                                ^^^^^^^^^^^^^^^^^^^^^^^^^^^^^^
...
3170 |     pub(crate) fn removable_blocklist_item_position(
     |                   ^^^^^^^^^^^^^^^^^^^^^^^^^^^^^^^^^

error: method `reset_unknown` is never used
   --> app/src/terminal/model/lifecycle/mod.rs:158:19
    |
 66 | impl BlockLifecycleCoordinator {
    | ------------------------------ method in this implementation
...
158 |     pub(super) fn reset_unknown(&mut self) {
    |                   ^^^^^^^^^^^^^

error: variant `Recovery` is never constructed
   --> app/src/terminal/model/lifecycle/telemetry.rs:148:5
    |
146 | pub(in crate::terminal) enum LifecycleTelemetryEvent {
    |                              ----------------------- variant in this enum
147 |     /// Reports a conservative or recovery lifecycle transition.
148 |     Recovery(LifecycleRecoveryRecord),
    |     ^^^^^^^^
    |
    = note: `LifecycleTelemetryEvent` has a derived impl for the trait `Debug`, but this is intentionally ignored during dead code analysis

error: variant `SharedSession` is never constructed
  --> app/src/terminal/model/lifecycle/transition.rs:31:5
   |
27 | pub(in crate::terminal) enum CommandStartKind {
   |                              ---------------- variant in this enum
...
31 |     SharedSession,
   |     ^^^^^^^^^^^^^
   |
   = note: `CommandStartKind` has derived impls for the traits `Debug` and `Clone`, but these are intentionally ignored during dead code analysis

error: fields `colors`, `find_bar`, and `model_event_sender` are never read
   --> app/src/terminal/view.rs:216:5
    |
211 | pub struct TerminalView {
    |            ------------ fields in this struct
...
216 |     colors: List,
    |     ^^^^^^
...
221 |     find_bar: ViewHandle<Find<TerminalFindModel>>,
    |     ^^^^^^^^
...
226 |     model_event_sender: Option<SyncSender<persistence::ModelEvent>>,
    |     ^^^^^^^^^^^^^^^^^^

error: method `should_show_env_var_selection` is never used
  --> app/src/workflows/mod.rs:89:19
   |
76 | impl WorkflowType {
   | ----------------- method in this implementation
...
89 |     pub(super) fn should_show_env_var_selection(&self) -> bool {
   |                   ^^^^^^^^^^^^^^^^^^^^^^^^^^^^^

error: methods `editor_up`, `editor_down`, and `editor_enter` are never used
   --> app/src/workflows/categories.rs:658:8
    |
357 | impl CategoriesView {
    | ------------------- methods in this implementation
...
658 |     fn editor_up(&mut self, ctx: &mut ViewContext<Self>) {
    |        ^^^^^^^^^
...
670 |     fn editor_down(&mut self, ctx: &mut ViewContext<Self>) {
    |        ^^^^^^^^^^^
...
721 |     fn editor_enter(&mut self, ctx: &mut ViewContext<Self>) {
    |        ^^^^^^^^^^^^

error: methods `set_session_state` and `close_workspace` are never used
   --> app/src/workspace/active_session.rs:88:19
    |
 38 | impl ActiveSession {
    | ------------------ methods in this implementation
...
 88 |     pub(super) fn set_session_state(
    |                   ^^^^^^^^^^^^^^^^^
...
124 |     pub(super) fn close_workspace(&mut self, window_id: WindowId) {
    |                   ^^^^^^^^^^^^^^^

error: method `ansi_color` is never used
   --> app/src/workspace/tab_settings.rs:162:19
    |
161 | impl DirectoryTabColor {
    | ---------------------- method in this implementation
162 |     pub(crate) fn ansi_color(self) -> Option<AnsiColorIdentifier> {
    |                   ^^^^^^^^^^

error: struct `WorkspaceMouseStates` is never constructed
  --> app/src/workspace/util.rs:20:19
   |
20 | pub(super) struct WorkspaceMouseStates {
   |                   ^^^^^^^^^^^^^^^^^^^^

error: writing `&PathBuf` instead of `&Path` involves a new object where a slice will do
   --> app/src/ai/persisted_workspace.rs:253:52
    |
253 |     pub fn navigated_to_path(&mut self, directory: &PathBuf) {
    |                                                    ^^^^^^^^ help: change this to: `&Path`
    |
    = help: for further information visit https://rust-lang.github.io/rust-clippy/rust-1.92.0/index.html#ptr_arg
    = note: `-D clippy::ptr-arg` implied by `-D warnings`
    = help: to override `-D warnings` add `#[allow(clippy::ptr_arg)]`

error: this async expression only awaits a single future
   --> app/src/ai/persisted_workspace.rs:433:19
    |
433 |         ctx.spawn(async move { path_future.await }, move |_, path_env, ctx| {
    |                   ^^^^^^^^^^^^^^^^^^^^^^^^^^^^^^^^ help: you can reduce it to: `path_future`
    |
    = help: for further information visit https://rust-lang.github.io/rust-clippy/rust-1.92.0/index.html#redundant_async_block
    = note: `-D clippy::redundant-async-block` implied by `-D warnings`
    = help: to override `-D warnings` add `#[allow(clippy::redundant_async_block)]`

error: large size difference between variants
  --> app/src/app_state.rs:77:1
   |
77 | / pub enum PaneNodeSnapshot {
78 | |     Branch(BranchSnapshot),
   | |     ---------------------- the second-largest variant contains at least 32 bytes
79 | |     Leaf(LeafSnapshot),
   | |     ------------------ the largest variant contains at least 296 bytes
80 | | }
   | |_^ the entire enum is at least 296 bytes
   |
   = help: for further information visit https://rust-lang.github.io/rust-clippy/rust-1.92.0/index.html#large_enum_variant
   = note: `-D clippy::large-enum-variant` implied by `-D warnings`
   = help: to override `-D warnings` add `#[allow(clippy::large_enum_variant)]`
help: consider boxing the large fields or introducing indirection in some other way to reduce the total size of the enum
   |
79 -     Leaf(LeafSnapshot),
79 +     Leaf(Box<LeafSnapshot>),
   |

error: field assignment outside of initializer for an instance created with Default::default()
    --> app/src/code/editor/view.rs:2478:5
     |
2478 | /     block_spacings.text = BlockSpacing {
2479 | |         margin: Margin::uniform(0.).with_left(1.),
2480 | |         padding: Padding::uniform(0.),
2481 | |     };
     | |______^
     |
note: consider initializing the variable with `warp_editor::render::model::BlockSpacings { text: BlockSpacing {
              margin: Margin::uniform(0.).with_left(1.),
              padding: Padding::uniform(0.),
          }, ..Default::default() }` and removing relevant reassignments
    --> app/src/code/editor/view.rs:2477:5
     |
2477 |     let mut block_spacings = BlockSpacings::default();
     |     ^^^^^^^^^^^^^^^^^^^^^^^^^^^^^^^^^^^^^^^^^^^^^^^^^^
     = help: for further information visit https://rust-lang.github.io/rust-clippy/rust-1.92.0/index.html#field_reassign_with_default
     = note: `-D clippy::field-reassign-with-default` implied by `-D warnings`
     = help: to override `-D warnings` add `#[allow(clippy::field_reassign_with_default)]`

error: this `if` has identical blocks
    --> app/src/code_review/code_review_view.rs:2668:24
     |
2668 |           if is_existing {
     |  ________________________^
2669 | |             send_telemetry_from_ctx!(
2670 | |                 CodeReviewTelemetryEvent::CommentEdited {
2671 | |                     is_local: self.repo_is_local(),
...    |
2674 | |             );
2675 | |         } else {
     | |_________^
     |
note: same as this
    --> app/src/code_review/code_review_view.rs:2675:16
     |
2675 |           } else {
     |  ________________^
2676 | |             send_telemetry_from_ctx!(
2677 | |                 CodeReviewTelemetryEvent::CommentAdded {
2678 | |                     is_local: self.repo_is_local(),
...    |
2681 | |             );
2682 | |         }
     | |_________^
     = help: for further information visit https://rust-lang.github.io/rust-clippy/rust-1.92.0/index.html#if_same_then_else
     = note: `-D clippy::if-same-then-else` implied by `-D warnings`
     = help: to override `-D warnings` add `#[allow(clippy::if_same_then_else)]`

error: this loop could be written as a `while let` loop
   --> app/src/persistence/sqlite.rs:166:13
    |
166 | /             loop {
167 | |                 let first = match receiver.recv() {
168 | |                     Ok(event) => event,
169 | |                     Err(_) => break,
...   |
184 | |             }
    | |_____________^
    |
    = help: for further information visit https://rust-lang.github.io/rust-clippy/rust-1.92.0/index.html#while_let_loop
    = note: `-D clippy::while-let-loop` implied by `-D warnings`
    = help: to override `-D warnings` add `#[allow(clippy::while_let_loop)]`
help: try
    |
166 ~             while let Ok(event) = receiver.recv() {
167 +                 let first = event;
168 +                 ..
169 +             }
    |

error: large size difference between variants
   --> app/src/pane_group/mod.rs:399:1
    |
399 | /   pub enum Event {
400 | |       AppStateChanged,
401 | |       Exited {
402 | |           add_to_undo_stack: bool,
...   |
501 | | /     InsertCodeReviewComments {
502 | | |         repo_path: LocalOrRemotePath,
503 | | |         comments: Vec<PendingImportedReviewComment>,
504 | | |         diff_mode: DiffMode,
505 | | |         open_code_review: Option<CodeReviewPanelArg>,
506 | | |     },
    | | |_____- the second-largest variant contains at least 176 bytes
507 | | /     OpenCodeReviewPaneAndScrollToComment {
508 | | |         open_code_review: CodeReviewPanelArg,
509 | | |         comment: AttachedReviewComment,
510 | | |         diff_mode: DiffMode,
511 | | |     },
    | | |_____- the largest variant contains at least 456 bytes
...   |
519 | |       },
520 | |   }
    | |___^ the entire enum is at least 456 bytes
    |
    = help: for further information visit https://rust-lang.github.io/rust-clippy/rust-1.92.0/index.html#large_enum_variant
help: consider boxing the large fields or introducing indirection in some other way to reduce the total size of the enum
    |
509 -         comment: AttachedReviewComment,
509 +         comment: Box<AttachedReviewComment>,
    |

error: this match could be replaced by its body itself
   --> app/src/settings_view/mod.rs:266:5
    |
266 | /     match slug {
267 | |         _ => None,
268 | |     }
    | |_____^ help: consider using the match body instead: `None`
    |
    = help: for further information visit https://rust-lang.github.io/rust-clippy/rust-1.92.0/index.html#match_single_binding
    = note: `-D clippy::match-single-binding` implied by `-D warnings`
    = help: to override `-D warnings` add `#[allow(clippy::match_single_binding)]`

error: this `if` statement can be collapsed
    --> app/src/settings_view/mod.rs:1545:9
     |
1545 | /         if let Some(current_page) = self.current_settings_page() {
1546 | |             if let SettingsPageViewHandle::Keybindings(view_handle) = &current_page.view_handle {
1547 | |                 view_handle.update(ctx, |view, ctx| view.on_tab_pressed(ctx));
1548 | |             }
1549 | |         }
     | |_________^
     |
     = help: for further information visit https://rust-lang.github.io/rust-clippy/rust-1.92.0/index.html#collapsible_if
     = note: `-D clippy::collapsible-if` implied by `-D warnings`
     = help: to override `-D warnings` add `#[allow(clippy::collapsible_if)]`
help: collapse nested if block
     |
1545 ~         if let Some(current_page) = self.current_settings_page()
1546 ~             && let SettingsPageViewHandle::Keybindings(view_handle) = &current_page.view_handle {
1547 |                 view_handle.update(ctx, |view, ctx| view.on_tab_pressed(ctx));
1548 ~             }
     |

error: this `impl` can be derived
  --> app/src/terminal/input.rs:32:1
   |
32 | / impl Default for MenuPositioning {
33 | |     fn default() -> Self {
34 | |         Self::BelowInputBox
35 | |     }
36 | | }
   | |_^
   |
   = help: for further information visit https://rust-lang.github.io/rust-clippy/rust-1.92.0/index.html#derivable_impls
   = note: `-D clippy::derivable-impls` implied by `-D warnings`
   = help: to override `-D warnings` add `#[allow(clippy::derivable_impls)]`
help: replace the manual implementation with a derive attribute and mark the default variant
   |
27 + #[derive(Default)]
28 | pub enum MenuPositioning {
29 |     AboveInputBox,
30 ~     #[default]
31 ~     BelowInputBox,
   |

error: large size difference between variants
  --> app/src/workflows/manager.rs:15:1
   |
15 | /   pub enum WorkflowOpenSource {
16 | | /     Existing {
17 | | |         id: WorkflowId,
18 | | |         workflow: Workflow,
19 | | |     },
   | | |_____- the largest variant contains at least 264 bytes
20 | | /     New {
21 | | |         title: Option<String>,
22 | | |         command: Option<String>,
23 | | |     },
   | | |_____- the second-largest variant contains at least 48 bytes
...  |
26 | |       },
27 | |   }
   | |___^ the entire enum is at least 264 bytes
   |
   = help: for further information visit https://rust-lang.github.io/rust-clippy/rust-1.92.0/index.html#large_enum_variant
help: consider boxing the large fields or introducing indirection in some other way to reduce the total size of the enum
   |
18 -         workflow: Workflow,
18 +         workflow: Box<Workflow>,
   |

error: you should consider adding a `Default` implementation for `WorkflowId`
  --> app/src/workflows/model.rs:10:5
   |
10 | /     pub fn new() -> Self {
11 | |         Self(Uuid::new_v4().to_string())
12 | |     }
   | |_____^
   |
   = help: for further information visit https://rust-lang.github.io/rust-clippy/rust-1.92.0/index.html#new_without_default
   = note: `-D clippy::new-without-default` implied by `-D warnings`
   = help: to override `-D warnings` add `#[allow(clippy::new_without_default)]`
help: try adding this
   |
 9 + impl Default for WorkflowId {
10 +     fn default() -> Self {
11 +         Self::new()
12 +     }
13 + }
   |

error: associated items `supports_indexing` and `new_for_unit_test` are never used
   --> app/src/lib.rs:358:8
    |
255 | impl LaunchMode {
    | --------------- associated items in this implementation
...
358 |     fn supports_indexing(&self) -> bool {
    |        ^^^^^^^^^^^^^^^^^
...
421 |     pub(crate) fn new_for_unit_test() -> Self {
    |                   ^^^^^^^^^^^^^^^^^

error: methods `reference_for_path` and `insert_remote_for_testing` are never used
   --> app/src/ai/skills/bundled.rs:65:12
    |
 47 | impl BundledSkills {
    | ------------------ methods in this implementation
...
 65 |     pub fn reference_for_path(&self, path: &LocalOrRemotePath) -> Option<SkillReference> {
    |            ^^^^^^^^^^^^^^^^^^
...
120 |     pub fn insert_remote_for_testing(
    |            ^^^^^^^^^^^^^^^^^^^^^^^^^

error: method `reference_for_path` is never used
   --> app/src/ai/skills/bundled.rs:202:12
    |
148 | impl BundledSkill {
    | ----------------- method in this implementation
...
202 |     pub fn reference_for_path(&self, path: &LocalOrRemotePath) -> Option<SkillReference> {
    |            ^^^^^^^^^^^^^^^^^^

error: multiple methods are never used
   --> app/src/ai/skills/skill_manager.rs:93:12
    |
 59 | impl SkillManager {
    | ----------------- methods in this implementation
...
 93 |     pub fn set_cloud_environment(&mut self, value: bool) {
    |            ^^^^^^^^^^^^^^^^^^^^^
...
198 |     pub fn home_skill_paths(&self) -> Vec<LocalOrRemotePath> {
    |            ^^^^^^^^^^^^^^^^
...
209 |     pub fn directories_with_skills(&self) -> Vec<PathBuf> {
    |            ^^^^^^^^^^^^^^^^^^^^^^^
...
228 |     pub fn skill_paths_in_scope(&self, scope_dir: &Path) -> Vec<PathBuf> {
    |            ^^^^^^^^^^^^^^^^^^^^
...
253 |     pub fn skill_exists_for_any_provider(
    |            ^^^^^^^^^^^^^^^^^^^^^^^^^^^^^
...
308 |     pub fn skill_paths_by_name(&self, name: &str) -> Vec<LocalOrRemotePath> {
    |            ^^^^^^^^^^^^^^^^^^^
...
321 |     pub fn skill_by_path<P: SkillPathQuery + ?Sized>(
    |            ^^^^^^^^^^^^^
...
331 |     pub fn reference_for_skill_path<P: SkillPathQuery + ?Sized>(
    |            ^^^^^^^^^^^^^^^^^^^^^^^^
...
386 |     pub fn active_local_bundled_skill(&self, id: &str) -> Option<&ParsedSkill> {
    |            ^^^^^^^^^^^^^^^^^^^^^^^^^^
...
499 |     pub fn add_skills_dirs_skills(&mut self, skills: Vec<ParsedSkill>) {
    |            ^^^^^^^^^^^^^^^^^^^^^^
...
570 |     pub fn add_remote_bundled_skill_for_testing(
    |            ^^^^^^^^^^^^^^^^^^^^^^^^^^^^^^^^^^^^

error: associated functions `new_logged_out_for_test` and `new_anonymous_for_test` are never used
   --> app/src/auth/auth_state.rs:126:12
    |
115 | impl AuthStateProvider {
    | ---------------------- associated functions in this implementation
...
126 |     pub fn new_logged_out_for_test() -> Self {
    |            ^^^^^^^^^^^^^^^^^^^^^^^
...
131 |     pub fn new_anonymous_for_test() -> Self {
    |            ^^^^^^^^^^^^^^^^^^^^^^

error: multiple variants are never constructed
   --> app/src/code/editor/view/actions.rs:621:5
    |
618 | pub enum CodeEditorViewAction {
    |          -------------------- variants in this enum
...
621 |     Enter,
    |     ^^^^^
622 |     Delete,
    |     ^^^^^^
623 |     Backspace,
    |     ^^^^^^^^^
624 |     VimBackspace,
    |     ^^^^^^^^^^^^
625 |     ToggleComment,
    |     ^^^^^^^^^^^^^
...
628 |     ScrollHalfPageDown,
    |     ^^^^^^^^^^^^^^^^^^
629 |     ScrollHalfPageUp,
    |     ^^^^^^^^^^^^^^^^
630 |     SelectUp,
    |     ^^^^^^^^
631 |     SelectDown,
    |     ^^^^^^^^^^
632 |     SelectLeft,
    |     ^^^^^^^^^^
633 |     SelectRight,
    |     ^^^^^^^^^^^
634 |     SelectBackwardsByWord,
    |     ^^^^^^^^^^^^^^^^^^^^^
635 |     SelectForwardsByWord,
    |     ^^^^^^^^^^^^^^^^^^^^
636 |     SelectToLineStart,
    |     ^^^^^^^^^^^^^^^^^
637 |     SelectToLineEnd,
    |     ^^^^^^^^^^^^^^^
638 |     SelectAll,
    |     ^^^^^^^^^
...
659 |     DeleteLineLeft,
    |     ^^^^^^^^^^^^^^
660 |     DeleteLineRight,
    |     ^^^^^^^^^^^^^^^
661 |     DeleteWordLeft,
    |     ^^^^^^^^^^^^^^
662 |     DeleteWordRight,
    |     ^^^^^^^^^^^^^^^
663 |     CutLineLeft,
    |     ^^^^^^^^^^^
664 |     CutLineRight,
    |     ^^^^^^^^^^^^
665 |     CutWordLeft,
    |     ^^^^^^^^^^^
666 |     CutWordRight,
    |     ^^^^^^^^^^^^
667 |     MoveUp,
    |     ^^^^^^
668 |     MoveDown,
    |     ^^^^^^^^
669 |     MoveLeft,
670 |     MoveRight,
    |     ^^^^^^^^^
671 |     MoveBackwardsByWord,
    |     ^^^^^^^^^^^^^^^^^^^
672 |     MoveForwardsByWord,
    |     ^^^^^^^^^^^^^^^^^^
673 |     MoveToLineStart,
    |     ^^^^^^^^^^^^^^^
...
676 |     CursorAtBufferEnd,
    |     ^^^^^^^^^^^^^^^^^
...
702 |     Paste,
    |     ^^^^^
703 |     Cut,
    |     ^^^
704 |     Copy,
    |     ^^^^
...
707 |     Undo,
    |     ^^^^
708 |     Redo,
    |     ^^^^
709 |     Tab,
    |     ^^^
710 |     ShiftTab,
    |     ^^^^^^^^
711 |     ShowFindBar,
712 |     ShowGoToLine,
    |     ^^^^^^^^^^^^
713 |     Escape,
714 |     VimEnter,
    |     ^^^^^^^^
715 |     VimTab,
    |     ^^^^^^
716 |     VimDelete,
    |     ^^^^^^^^^
717 |     VimShiftTab,
    |     ^^^^^^^^^^^
718 |     VimShiftEnter,
    |     ^^^^^^^^^^^^^
719 |     VimEscape,
    |     ^^^^^^^^^
    |
    = note: `CodeEditorViewAction` has derived impls for the traits `Clone` and `Debug`, but these are intentionally ignored during dead code analysis

error: method `set_metadata_for_test` is never used
   --> app/src/code_review/git_repo_model/mod.rs:150:19
    |
137 | impl GitRepoStatusModel {
    | ----------------------- method in this implementation
...
150 |     pub(crate) fn set_metadata_for_test(
    |                   ^^^^^^^^^^^^^^^^^^^^^

error: method `set_metadata_for_test` is never used
   --> app/src/code_review/git_repo_model/local.rs:275:19
    |
261 | impl LocalGitRepoStatusModel {
    | ---------------------------- method in this implementation
...
275 |     pub(crate) fn set_metadata_for_test(
    |                   ^^^^^^^^^^^^^^^^^^^^^

error: associated items `new_local_for_test`, `set_pr_info_for_test`, and `set_repository_info_for_test` are never used
   --> app/src/code_review/github_repo_model/mod.rs:95:19
    |
 93 | impl GitHubRepoModel {
    | -------------------- associated items in this implementation
 94 |     /// Wraps an inert local-backend test model in the unified enum.
 95 |     pub(crate) fn new_local_for_test(
    |                   ^^^^^^^^^^^^^^^^^^
...
104 |     pub(crate) fn set_pr_info_for_test(
    |                   ^^^^^^^^^^^^^^^^^^^^
...
117 |     pub(crate) fn set_repository_info_for_test(
    |                   ^^^^^^^^^^^^^^^^^^^^^^^^^^^^

error: variant `File` is never constructed
  --> app/src/code_review/comments/pending_imported.rs:92:5
   |
81 | pub(crate) enum PendingImportedReviewCommentTarget {
   |                 ---------------------------------- variant in this enum
...
92 |     File {
   |     ^^^^
   |
   = note: `PendingImportedReviewCommentTarget` has derived impls for the traits `Debug` and `Clone`, but these are intentionally ignored during dead code analysis

error: function `add_window_with_terminal` is never used
  --> app/src/test_util/terminal.rs:50:8
   |
50 | pub fn add_window_with_terminal(
   |        ^^^^^^^^^^^^^^^^^^^^^^^^

error: method `set_action_target` is never used
   --> app/src/tips/tip_view.rs:177:12
    |
110 | impl TipsView {
    | ------------- method in this implementation
...
177 |     pub fn set_action_target(
    |            ^^^^^^^^^^^^^^^^^

error: variant `View` is never constructed
   --> app/src/tips/tip_view.rs:530:5
    |
528 | enum ActionTarget {
    |      ------------ variant in this enum
529 |     None,
530 |     View {
    |     ^^^^

error: field `line_and_column_num` is never read
  --> app/src/util/link_detection.rs:24:9
   |
22 |     FilePath {
   |     -------- field in this variant
23 |         absolute_path: PathBuf,
24 |         line_and_column_num: Option<warp_util::path::LineAndColumnArg>,
   |         ^^^^^^^^^^^^^^^^^^^
   |
   = note: `DetectedLinkType` has derived impls for the traits `Debug` and `Clone`, but these are intentionally ignored during dead code analysis

error: variant `Url` is never constructed
  --> app/src/util/link_detection.rs:20:5
   |
19 | pub(crate) enum DetectedLinkType {
   |                 ---------------- variant in this enum
20 |     Url(String),
   |     ^^^
   |
   = note: `DetectedLinkType` has derived impls for the traits `Debug` and `Clone`, but these are intentionally ignored during dead code analysis

error: methods `set_icon_size` and `set_selected_by_name` are never used
  --> app/src/view_components/compact_dropdown.rs:82:12
   |
55 | impl<A: DropdownItemAction> CompactDropdown<A> {
   | ---------------------------------------------- methods in this implementation
...
82 |     pub fn set_icon_size(&mut self, icon_size: f32) {
   |            ^^^^^^^^^^^^^
...
99 |     pub fn set_selected_by_name(
   |            ^^^^^^^^^^^^^^^^^^^^

error: method `with_icon_color` is never used
   --> app/src/view_components/compact_dropdown.rs:286:12
    |
274 | impl<A: DropdownItemAction> CompactDropdownItem<A> {
    | -------------------------------------------------- method in this implementation
...
286 |     pub fn with_icon_color(mut self, color: Fill) -> Self {
    |            ^^^^^^^^^^^^^^^

error: multiple methods are never used
   --> app/src/view_components/filterable_dropdown.rs:151:12
    |
 87 | / impl<A> FilterableDropdown<A>
 88 | | where
 89 | |     A: DropdownItemAction,
    | |__________________________- methods in this implementation
...
151 |       pub fn set_use_overlay_layer(&mut self, use_overlay_layer: bool, ctx: &mut ViewContext<Self>) {
    |              ^^^^^^^^^^^^^^^^^^^^^
...
160 |       pub fn set_top_bar_height(&mut self, height: f32, ctx: &mut ViewContext<Self>) {
    |              ^^^^^^^^^^^^^^^^^^
...
168 |       pub fn set_vertical_margin(&mut self, vertical_margin: f32, ctx: &mut ViewContext<Self>) {
    |              ^^^^^^^^^^^^^^^^^^^
...
173 |       pub fn set_menu_header_text_override<F>(&mut self, formatter: F)
    |              ^^^^^^^^^^^^^^^^^^^^^^^^^^^^^
...
184 |       pub fn set_placeholder(&mut self, placeholder: impl Into<String>, ctx: &mut ViewContext<Self>) {
    |              ^^^^^^^^^^^^^^^
...
202 |       pub fn clear_footer(&mut self, ctx: &mut ViewContext<Self>) {
    |              ^^^^^^^^^^^^
...
213 |       pub fn set_main_axis_size(
    |              ^^^^^^^^^^^^^^^^^^
...
226 |       pub fn set_button_variant(&mut self, button_variant: ButtonVariant) {
    |              ^^^^^^^^^^^^^^^^^^
...
230 |       pub fn set_orientation(&mut self, orientation: FilterableDropdownOrientation) {
    |              ^^^^^^^^^^^^^^^
...
268 |       pub fn set_rich_items(
    |              ^^^^^^^^^^^^^^
...
278 |       pub fn len(&self) -> usize {
    |              ^^^
...
351 |       pub fn set_match_menu_width_to_top_bar(
    |              ^^^^^^^^^^^^^^^^^^^^^^^^^^^^^^^
...
783 |       pub(crate) fn set_filter_query_for_test(&mut self, query: &str, ctx: &mut ViewContext<Self>) {
    |                     ^^^^^^^^^^^^^^^^^^^^^^^^^
...
793 |       pub(crate) fn visible_items_len_for_test(&self, ctx: &AppContext) -> usize {
    |                     ^^^^^^^^^^^^^^^^^^^^^^^^^^

error: field `manager` is never read
  --> app/src/terminal/mock_terminal_manager.rs:21:16
   |
20 | pub struct MockTerminalManagerInit {
   |            ----------------------- field in this struct
21 |     pub(crate) manager: ModelHandle<Box<dyn TerminalManager>>,
   |                ^^^^^^^

error: multiple methods are never used
    --> app/src/terminal/model/blocks.rs:701:19
     |
 560 | impl BlockList {
     | -------------- methods in this implementation
...
 701 |     pub(super) fn load_shared_session_scrollback(&mut self, scrollback: &[SerializedBlock]) {
     |                   ^^^^^^^^^^^^^^^^^^^^^^^^^^^^^^
...
 732 |     pub(super) fn append_followup_shared_session_scrollback(
     |                   ^^^^^^^^^^^^^^^^^^^^^^^^^^^^^^^^^^^^^^^^^
...
 769 |     fn finish_active_block_before_followup_append(&mut self) {
     |        ^^^^^^^^^^^^^^^^^^^^^^^^^^^^^^^^^^^^^^^^^^
...
 776 |     fn ensure_active_block_after_shared_session_scrollback(&mut self) {
     |        ^^^^^^^^^^^^^^^^^^^^^^^^^^^^^^^^^^^^^^^^^^^^^^^^^^^
...
2452 |     pub(super) fn set_obfuscate_secrets_for_subsequent_blocks(
     |                   ^^^^^^^^^^^^^^^^^^^^^^^^^^^^^^^^^^^^^^^^^^^
...
3085 |     pub(in crate::terminal) fn insert_rich_content_after_item(
     |                                ^^^^^^^^^^^^^^^^^^^^^^^^^^^^^^
...
3170 |     pub(crate) fn removable_blocklist_item_position(
     |                   ^^^^^^^^^^^^^^^^^^^^^^^^^^^^^^^^^

error: method `close_workspace` is never used
   --> app/src/workspace/active_session.rs:124:19
    |
 38 | impl ActiveSession {
    | ------------------ method in this implementation
...
124 |     pub(super) fn close_workspace(&mut self, window_id: WindowId) {
    |                   ^^^^^^^^^^^^^^^

error: this lint expectation is unfulfilled
  --> app/src/projects.rs:15:18
   |
15 |         #[expect(unused, reason = "TODO(jparker): #pod-code-mode wip")]
   |                  ^^^^^^
   |
   = note: TODO(jparker): #pod-code-mode wip
   = note: `-D unfulfilled-lint-expectations` implied by `-D warnings`
   = help: to override `-D warnings` add `#[allow(unfulfilled_lint_expectations)]`

error: could not compile `warp` (lib) due to 612 previous errors
warning: build failed, waiting for other jobs to finish...
error: could not compile `warp` (lib test) due to 555 previous errors
