Running ./script/format...
Rust formatting succeeded...
Checking for inline Rust test modules...
Inline Rust test module check succeeded...
Checking license boundaries...
License boundary check succeeded...
Checking license config sync...
License config in sync.
License config sync succeeded...
Checking network boundaries...
OK: network constructors stay inside guarded boundary crates
Network boundary check succeeded...
Checking test inventory failure handling...
.........
----------------------------------------------------------------------
Ran 9 tests in 3.859s

OK
Test inventory failure handling succeeded...
Running clippy...
    Checking warp v0.1.0 (/Users/tedczj/workspace/term4u/app)
warning: command-signatures-v2@0.1.0: Failed to build command signatures JS. Proceeding with stale command signatures!
    Checking warp_tui v0.0.0 (/Users/tedczj/workspace/term4u/crates/warp_tui)
    Finished `dev` profile [unoptimized] target(s) in 17.40s
    Checking warp v0.1.0 (/Users/tedczj/workspace/term4u/app)
    Finished `dev` profile [unoptimized] target(s) in 14.74s
    Finished `dev` profile [unoptimized] target(s) in 0.39s
clippy succeeded...
Running clang-format...
clang-format succeeded...
Running wgslfmt...
wgslfmt succeeded...
Running tests via nextest...
   Compiling warp v0.1.0 (/Users/tedczj/workspace/term4u/app)
   Compiling warp_tui v0.0.0 (/Users/tedczj/workspace/term4u/crates/warp_tui)
    Finished `test` profile [unoptimized] target(s) in 27.85s
────────────
 Nextest run ID 73940a94-85be-47ec-9ca7-fc76df486161 with nextest profile: default
    Starting 4752 tests across 72 binaries (20 tests skipped)
        PASS [   0.025s] (   1/4752) ai diff_validation::tests::test_find_similar_sections_out_of_bounds
        PASS [   0.025s] (   2/4752) ai diff_validation::tests::test_custom_lines
        PASS [   0.027s] (   3/4752) ai diff_validation::tests::test_search_range_greater_than_file_length
        PASS [   0.030s] (   4/4752) ai diff_validation::tests::test_search_and_replace_accommodates_none
        PASS [   0.029s] (   5/4752) ai diff_validation::tests::test_parse_line_numbers
        PASS [   0.029s] (   6/4752) ai diff_validation::tests::test_replace_matches_file_content
        PASS [   0.030s] (   7/4752) ai diff_validation::tests::test_missing_line_numbers
        PASS [   0.030s] (   8/4752) ai diff_validation::tests::test_incorrect_line_numbers
        PASS [   0.030s] (   9/4752) ai diff_validation::tests::test_line_numbers_off_by_one
        PASS [   0.030s] (  10/4752) ai diff_validation::tests::test_partial_last_line_in_search_preserves_suffix
        PASS [   0.030s] (  11/4752) ai diff_validation::tests::test_closest
        PASS [   0.029s] (  12/4752) ai diff_validation::tests::test_prefix_tail_rescue_with_line_number_hint
        PASS [   0.030s] (  13/4752) ai diff_validation::tests::test_partial_last_line_in_multiline_replacement_preserves_suffix
        PASS [   0.035s] (  14/4752) ai diff_validation::tests::test_blank_search
        PASS [   0.035s] (  15/4752) ai diff_validation::tests::test_remove_extra_line_num_prefix
        PASS [   0.036s] (  16/4752) ai diff_validation::tests::test_append_to_end_of_file
        PASS [   0.011s] (  17/4752) ai diff_validation::tests::test_v4a_add_line_at_start_of_file
        PASS [   0.011s] (  18/4752) ai diff_validation::tests::test_v4a_exact_match
        PASS [   0.011s] (  19/4752) ai diff_validation::tests::test_v4a_fuzzy_match
        PASS [   0.016s] (  20/4752) ai diff_validation::tests::test_simple
        PASS [   0.016s] (  21/4752) ai diff_validation::tests::test_totally_unrelated_search
        PASS [   0.013s] (  22/4752) ai diff_validation::tests::test_v4a_add_line_at_end_of_file
        PASS [   0.012s] (  23/4752) ai diff_validation::tests::test_v4a_failure_preserves_original_block_ordinal
        PASS [   0.012s] (  24/4752) ai diff_validation::tests::test_v4a_add_line_with_change_context_no_old
        PASS [   0.012s] (  25/4752) ai diff_validation::tests::test_v4a_maa_crash_d71bf84b_no_overlapping_deltas
        PASS [   0.012s] (  26/4752) ai diff_validation::tests::test_v4a_multiline_old_content
        PASS [   0.013s] (  27/4752) ai diff_validation::tests::test_v4a_indentation_agnostic_match
        PASS [   0.012s] (  28/4752) ai diff_validation::tests::test_v4a_multiple_hunks
        PASS [   0.013s] (  29/4752) ai diff_validation::tests::test_v4a_empty_context
        PASS [   0.012s] (  30/4752) ai diff_validation::tests::test_v4a_no_match
        PASS [   0.011s] (  31/4752) ai diff_validation::tests::test_v4a_noop_diff
        PASS [   0.011s] (  32/4752) ai diff_validation::tests::test_v4a_with_change_context
        PASS [   0.011s] (  33/4752) ai project_context::model::tests::test_find_applicable_rules_complex_scenario
        PASS [   0.010s] (  34/4752) ai project_context::model::tests::test_find_applicable_rules_ignores_deeper_paths
        PASS [   0.011s] (  35/4752) ai project_context::model::tests::test_find_applicable_rules_handles_root_path
        PASS [   0.011s] (  36/4752) ai project_context::model::tests::test_find_applicable_rules_empty_rules
        PASS [   0.010s] (  37/4752) ai project_context::model::tests::test_find_applicable_rules_includes_all_ancestor_rules
        PASS [   0.010s] (  38/4752) ai project_context::model::tests::test_find_applicable_rules_no_matching_rules
        PASS [   0.010s] (  39/4752) ai project_context::model::tests::test_find_applicable_rules_multiple_patterns
        PASS [   0.011s] (  40/4752) ai project_context::model::tests::test_find_applicable_rules_handles_unknown_file_patterns
        PASS [   0.011s] (  41/4752) ai project_context::model::tests::test_find_applicable_rules_exact_path_match
        PASS [   0.010s] (  42/4752) ai project_context::model::tests::test_find_applicable_rules_with_relative_paths
        PASS [   0.010s] (  43/4752) ai project_context::model::tests::test_find_applicable_rules_single_matching_rule
        PASS [   0.010s] (  44/4752) ai project_context::model::tests::test_global_rule_alone_no_project_rules
        PASS [   0.011s] (  45/4752) ai project_context::model::tests::test_global_rule_layered_with_project_warp
        PASS [   0.011s] (  46/4752) ai project_context::model::tests::test_global_rule_root_path_falls_back_to_parent
        PASS [   0.011s] (  47/4752) ai project_context::model::tests::test_in_dir_warp_shadows_agents_with_global
        PASS [   0.011s] (  48/4752) ai project_context::model::tests::test_merge_add_delete_add_yields_add
        PASS [   0.009s] (  49/4752) ai project_context::model::tests::test_merge_independent_deltas
        PASS [   0.010s] (  50/4752) ai project_context::model::tests::test_merge_rediscovery_keeps_latest
        PASS [   0.010s] (  51/4752) ai project_context::model::tests::test_remote_project_rules_require_matching_host
        PASS [   0.010s] (  52/4752) ai project_context::model::tests::test_multiple_global_rules_all_contribute
        PASS [   0.010s] (  53/4752) ai project_context::model::tests::test_missing_rule_content_preserves_cached_content_while_path_is_standing
        PASS [   0.010s] (  54/4752) ai project_context::model::tests::test_reconcile_project_rules_hydrates_local_and_remote_paths
        PASS [   0.010s] (  55/4752) ai project_context::model::tests::test_remote_global_rules_only_layer_for_matching_remote_host
        PASS [   0.011s] (  56/4752) ai project_context::model::tests::test_merge_delete_add_delete_yields_delete
        PASS [   0.010s] (  57/4752) ai project_context::model::tests::test_no_rules_returns_none
        PASS [   0.011s] (  58/4752) ai project_context::model::tests::test_merge_delete_then_add_yields_add
        PASS [   0.009s] (  59/4752) ai project_context::model::tests::test_rule_missing_from_standing_results_is_removed_from_cached_content
        PASS [   0.011s] (  60/4752) ai project_context::model::tests::test_remote_standing_results_preserve_host_qualified_rule_paths
        PASS [   0.012s] (  61/4752) ai project_context::model::tests::test_merge_add_then_delete_yields_delete
        PASS [   0.012s] (  62/4752) ai skills::parse_skill::parse_skill_test::test_parse_does_not_truncate_user_provided_description
        PASS [   0.013s] (  63/4752) ai skills::parse_skill::parse_skill_test::test_parse_missing_both_name_and_description_falls_back
        PASS [   0.012s] (  64/4752) ai skills::parse_skill::parse_skill_test::test_parse_missing_description_falls_back_to_first_paragraph
        PASS [   0.009s] (  65/4752) ai skills::parser::parser_test::test_crlf_without_proper_front_matter
        PASS [   0.009s] (  66/4752) ai skills::parser::parser_test::test_parse_empty_front_matter
        PASS [   0.010s] (  67/4752) ai skills::parser::parser_test::test_content_includes_front_matter_and_line_range
        PASS [   0.012s] (  68/4752) ai skills::parse_skill::parse_skill_test::test_parse_no_skill_provider_defaults_to_agents
        PASS [   0.013s] (  69/4752) ai skills::parse_skill::parse_skill_test::test_parse_missing_name_falls_back_to_directory_name
        PASS [   0.013s] (  70/4752) ai skills::parse_skill::parse_skill_test::test_parse_with_front_matter
        PASS [   0.013s] (  71/4752) ai skills::parse_skill::parse_skill_test::test_parse_truncates_long_fallback_description_at_word_boundary
        PASS [   0.014s] (  72/4752) ai skills::parse_skill::parse_skill_test::test_truncation_cuts_at_sentence_boundary
        PASS [   0.020s] (  73/4752) ai project_context::model::tests::test_superseding_refresh_coalesces_without_overlapping_reads
        PASS [   0.014s] (  74/4752) ai skills::parse_skill::parse_skill_test::test_parse_truncates_fallback_description_with_hard_cut
        PASS [   0.014s] (  75/4752) ai skills::parse_skill::parse_skill_test::test_parse_truncates_long_fallback_description_at_sentence_boundary
        PASS [   0.015s] (  76/4752) ai skills::parse_skill::parse_skill_test::test_parse_no_front_matter_falls_back_to_derived_values
        PASS [   0.015s] (  77/4752) ai skills::parse_skill::parse_skill_test::test_truncation_does_not_cut_mid_word_like_filename
        PASS [   0.008s] (  78/4752) ai skills::parser::parser_test::test_parse_with_crlf_line_endings
        PASS [   0.009s] (  79/4752) ai skills::parser::parser_test::test_parse_with_extra_blank_lines_in_front_matter
        PASS [   0.009s] (  80/4752) ai skills::parser::parser_test::test_parse_with_leading_whitespace_before_front_matter
        PASS [   0.009s] (  81/4752) ai skills::parser::parser_test::test_parse_with_mixed_crlf_and_extra_whitespace
        PASS [   0.008s] (  82/4752) ai skills::parser::parser_test::test_parse_with_tabs_and_spaces
        PASS [   0.009s] (  83/4752) ai skills::parser::parser_test::test_parse_with_spaces_and_newlines_before_front_matter
        PASS [   0.008s] (  84/4752) ai skills::parser::parser_test::test_parse_with_trailing_spaces_after_delimiters
        PASS [   0.008s] (  85/4752) ai skills::read_skills::read_skills_test::test_parse_skills_dirs_env_multiple_paths
        PASS [   0.008s] (  86/4752) ai skills::read_skills::read_skills_test::test_parse_skills_dirs_env_trims_whitespace_and_drops_blanks
        PASS [   0.010s] (  87/4752) ai skills::read_skills::read_skills_test::test_parse_skills_dirs_env_empty_value_returns_empty
        PASS [   0.008s] (  88/4752) ai skills::read_skills::read_skills_test::test_parse_skills_dirs_env_unset_returns_empty
        PASS [   0.009s] (  89/4752) ai skills::read_skills::read_skills_test::test_read_skills_for_skills_dirs_empty_dirs_list
        PASS [   0.010s] (  90/4752) ai skills::read_skills::read_skills_test::test_read_skills_empty_directory
        PASS [   0.012s] (  91/4752) ai skills::parser::parser_test::test_parse_without_front_matter
        PASS [   0.011s] (  92/4752) ai skills::read_skills::read_skills_test::test_parse_skills_dirs_env_single_path
        PASS [   0.008s] (  93/4752) ai skills::read_skills::read_skills_test::test_read_skills_for_skills_dirs_skips_nonexistent
        PASS [   0.011s] (  94/4752) ai skills::read_skills::read_skills_test::test_read_skills_for_skills_dirs_marks_scope_home
        PASS [   0.012s] (  95/4752) ai skills::read_skills::read_skills_test::test_read_skills_for_skills_dirs_multiple_dirs
        PASS [   0.009s] (  96/4752) ai skills::read_skills::read_skills_test::test_read_skills_no_skill_files
        PASS [   0.010s] (  97/4752) ai skills::read_skills::read_skills_test::test_read_skills_ignores_files_in_root
        PASS [   0.009s] (  98/4752) ai skills::read_skills::read_skills_test::test_read_skills_nonexistent_directory
        PASS [   0.007s] (  99/4752) ai skills::read_skills::read_skills_test::test_resolve_skills_dirs_mixed_entries
        PASS [   0.011s] ( 100/4752) ai skills::read_skills::read_skills_test::test_read_skills_with_valid_skills
        PASS [   0.010s] ( 101/4752) ai skills::read_skills::read_skills_test::test_resolve_skills_dirs_absolute_entries_pass_through
        PASS [   0.009s] ( 102/4752) ai skills::read_skills::read_skills_test::test_resolve_skills_dirs_relative_entries_join_base
        PASS [   0.010s] ( 103/4752) ai skills::skill_provider::tests::foreign_encoded_remote_provider_path_is_classified_by_structure
        PASS [   0.008s] ( 104/4752) ai skills::skill_provider::tests::local_project_provider_path_is_classified_by_structure
        PASS [   0.009s] ( 105/4752) ai skills::skill_provider::tests::foreign_encoded_remote_skills_root_resolves_provider_parent_directory
        PASS [   0.009s] ( 106/4752) ai skills::skill_provider::tests::remote_provider_path_is_classified_by_structure
        PASS [   0.009s] ( 107/4752) ai skills::skill_provider::tests::warp_home_skill_path_is_home_warp_skill
        PASS [   0.015s] ( 108/4752) ai skills::read_skills::read_skills_test::test_read_skills_ignores_only_truly_invalid_files
        PASS [   0.009s] ( 109/4752) ai skills::skill_provider::tests::warp_home_skills_path_uses_warp_home_path
        PASS [   0.008s] ( 110/4752) asset_cache tests::data_uri_source_rejects_non_base64_data_uris
        PASS [   0.011s] ( 111/4752) asset_cache tests::data_uri_source_invalid_base64_fails_on_fetch
        PASS [   0.011s] ( 112/4752) asset_cache tests::data_uri_source_decodes_base64_payload
        PASS [   0.013s] ( 113/4752) asset_cache tests::data_uri_exceeds_limit_flags_only_oversized_base64_payloads
        PASS [   0.009s] ( 114/4752) build_cache spacectl::tests::detect_command_has_exact_argv_cache_root_and_repo_cwd
        PASS [   0.009s] ( 115/4752) build_cache spacectl::tests::mount_error_diagnostic_prefers_spacectl_stderr
        PASS [   0.009s] ( 116/4752) build_cache spacectl::tests::mount_command_has_exact_explicit_modes_dry_run_false_root_and_cwd
        PASS [   0.011s] ( 117/4752) asset_cache tests::data_uri_source_strips_embedded_whitespace
        PASS [   0.013s] ( 118/4752) asset_cache tests::data_uri_source_rejects_oversized_payload
        PASS [   0.010s] ( 119/4752) build_cache spacectl::tests::mount_error_diagnostic_includes_exit_code_without_stderr
        PASS [   0.009s] ( 120/4752) build_cache tests::cache_setup_error_variants_have_expected_is_actionable_classification
        PASS [   0.010s] ( 121/4752) build_cache spacectl::tests::mount_response_deserializes_spacectl_output
        PASS [   0.009s] ( 122/4752) build_cache tests::empty_mode_union_produces_no_executable_plan
        PASS [   0.014s] ( 123/4752) build_cache tests::destructive_execution_uses_resolved_modes_without_redetection
        PASS [   0.009s] ( 124/4752) build_cache tests::hit_miss_aggregation_retains_zero_mount_modes
        PASS [   0.011s] ( 125/4752) build_cache tests::global_modes_are_union_of_successful_repo_detections
        PASS [   0.013s] ( 126/4752) build_cache tests::failure_categories_are_preserved
        PASS [   0.009s] ( 127/4752) build_cache tests::plan_adds_supplied_brew_global_mode
        PASS [   0.009s] ( 128/4752) build_cache tests::plan_adds_supplied_apt_global_mode
        PASS [   0.009s] ( 129/4752) build_cache tests::plan_orders_repository_keys_and_places_single_global_last
        PASS [   0.012s] ( 130/4752) build_cache tests::invalid_env_names_are_rejected_individually
        PASS [   0.011s] ( 131/4752) build_cache tests::json_parse_failure_is_classified_and_does_not_abort_later_repos
        PASS [   0.011s] ( 132/4752) build_cache tests::permission_denied_cache_directory_uses_noninteractive_sudo_mkdir_and_chown
        PASS [   0.009s] ( 133/4752) build_cache tests::process_runner_classifies_spawn_failed
        PASS [   0.010s] ( 134/4752) build_cache tests::plan_sorts_and_deduplicates_configuration_modes
        PASS [   0.010s] ( 135/4752) build_cache tests::plan_uses_only_relative_repo_and_shared_cache_directories
        PASS [   0.023s] ( 136/4752) asset_cache tests::offline_hard_rejects_non_loopback_url_immediately
        PASS [   0.024s] ( 137/4752) asset_cache tests::offline_hard_reads_loopback_url
        PASS [   0.008s] ( 138/4752) build_cache tests::repo_cache_key_is_stable_for_canonical_identity
        PASS [   0.008s] ( 139/4752) build_cache tests::repo_cache_key_distinguishes_forge_owner_and_repo
        PASS [   0.010s] ( 140/4752) build_cache tests::queued_executor_can_return_each_failure_category
        PASS [   0.010s] ( 141/4752) build_cache tests::scratch_directories_are_unique_0700_outside_repo_and_retained
        PASS [   0.019s] ( 142/4752) build_cache tests::process_runner_classifies_nonzero_exit
        PASS [   0.009s] ( 143/4752) channel_versions overrides::tests::test_cli_version_falls_back_to_version
        PASS [   0.008s] ( 144/4752) channel_versions overrides::tests::test_cli_version_preserved_when_override_omits_it
        PASS [   0.012s] ( 145/4752) build_cache tests::repo_env_conflict_resolves_by_key_order
        PASS [   0.012s] ( 146/4752) build_cache tests::repo_failure_continues_and_global_still_executes
        PASS [   0.008s] ( 147/4752) channel_versions overrides::tests::test_only_first_override_is_applied
        PASS [   0.010s] ( 148/4752) channel_versions overrides::tests::test_cli_version_override_is_applied
        PASS [   0.012s] ( 149/4752) build_cache tests::shared_success_replaces_complete_repo_env_overlay
        PASS [   0.013s] ( 150/4752) build_cache tests::shared_failure_keeps_canonical_repo_env_overlay
        PASS [   0.013s] ( 151/4752) build_cache tests::spacectl_calls_are_bounded_by_two_repos_plus_one_global
        PASS [   0.008s] ( 152/4752) channel_versions overrides::tests::test_tui_version_override_is_applied
        PASS [   0.009s] ( 153/4752) channel_versions overrides::tests::test_tui_version_preserved_when_override_omits_it
        PASS [   0.010s] ( 154/4752) channel_versions overrides::tests::test_tui_version_falls_back_to_effective_version
        PASS [   0.008s] ( 155/4752) channel_versions tests::changelog_tui_updates_are_backward_compatible
        PASS [   0.010s] ( 156/4752) channel_versions overrides::tests::test_unknown_target_is_ignored
        PASS [   0.008s] ( 157/4752) channel_versions tests::test_ignores_unknown_channels
        PASS [   0.008s] ( 158/4752) command wsl::tests::falls_back_to_none_when_only_mnt_has_git
        PASS [   0.007s] ( 159/4752) command wsl::tests::handles_non_utf8_path_components
        PASS [   0.009s] ( 160/4752) command wsl::tests::follows_symlinks
        PASS [   0.008s] ( 161/4752) command wsl::tests::handles_empty_path_env
        PASS [   0.007s] ( 162/4752) command wsl::tests::known_bare_name_recognizes_git_and_gh
        PASS [   0.007s] ( 163/4752) command wsl::tests::known_bare_name_skips_paths
        PASS [   0.013s] ( 164/4752) channel_versions tests::test_dates_compare_correctly
        PASS [   0.012s] ( 165/4752) channel_versions tests::test_patches_compare_correctly
        PASS [   0.012s] ( 166/4752) channel_versions tests::test_parse_version_string
        PASS [   0.012s] ( 167/4752) channel_versions tests::test_major_versions_compare_correctly
        PASS [   0.007s] ( 168/4752) command wsl::tests::known_bare_name_skips_unknowns
        PASS [   0.007s] ( 169/4752) command wsl::tests::skips_non_executable
        PASS [   0.008s] ( 170/4752) command wsl::tests::picks_user_local_bin
        PASS [   0.007s] ( 171/4752) fuzzy_match tests::test_case_insensitive_fuzzy_match_search
        PASS [   0.009s] ( 172/4752) command wsl::tests::picks_first_linux_path_when_wsl
        PASS [   0.007s] ( 173/4752) fuzzy_match tests::test_contains_wildcards
        PASS [   0.007s] ( 174/4752) fuzzy_match tests::test_debug_ui_pattern
        PASS [   0.009s] ( 175/4752) command wsl::tests::passes_through_first_match_when_not_wsl
        PASS [   0.007s] ( 176/4752) fuzzy_match tests::test_empty_query_fuzzy_match_search
        PASS [   0.006s] ( 177/4752) fuzzy_match tests::test_ignore_spaces_empty_query
        PASS [   0.007s] ( 178/4752) fuzzy_match tests::test_fuzzy_match_still_works
        PASS [   0.006s] ( 179/4752) fuzzy_match tests::test_ignore_spaces_leading_trailing_spaces
        PASS [   0.007s] ( 180/4752) fuzzy_match tests::test_ignore_spaces_basic_functionality
        PASS [   0.007s] ( 181/4752) fuzzy_match tests::test_ignore_spaces_exact_match_with_spaces
        PASS [   0.007s] ( 182/4752) fuzzy_match tests::test_ignore_spaces_case_insensitive
        PASS [   0.006s] ( 183/4752) fuzzy_match tests::test_ignore_spaces_single_word_query
        PASS [   0.008s] ( 184/4752) fuzzy_match tests::test_ignore_spaces_multiple_spaces
        PASS [   0.008s] ( 185/4752) fuzzy_match tests::test_ignore_spaces_no_match
        PASS [   0.007s] ( 186/4752) fuzzy_match tests::test_ignore_spaces_tabs_and_newlines
        PASS [   0.007s] ( 187/4752) fuzzy_match tests::test_ignore_spaces_partial_match
        PASS [   0.008s] ( 188/4752) fuzzy_match tests::test_ignore_spaces_only_spaces_query
        PASS [   0.007s] ( 189/4752) fuzzy_match tests::test_ignore_spaces_scattered_match
        PASS [   0.007s] ( 190/4752) fuzzy_match tests::test_ignore_spaces_symbol_matching
        PASS [   0.006s] ( 191/4752) fuzzy_match tests::test_multibyte_char_fuzzy_match_indices
        PASS [   0.006s] ( 192/4752) fuzzy_match tests::test_ignore_spaces_vs_regular_matching
        PASS [   0.007s] ( 193/4752) fuzzy_match tests::test_prefix_star_patterns
        PASS [   0.007s] ( 194/4752) fuzzy_match tests::test_simple_fuzzy_match_indices
        PASS [   0.007s] ( 195/4752) fuzzy_match tests::test_partial_suffix_patterns
        PASS [   0.008s] ( 196/4752) fuzzy_match tests::test_no_match_query_fuzzy_match_search
        PASS [   0.006s] ( 197/4752) fuzzy_match tests::test_ui_star_pattern
        PASS [   0.006s] ( 198/4752) fuzzy_match tests::test_wildcard_pattern_complex
        PASS [   0.007s] ( 199/4752) fuzzy_match tests::test_ui_star_partial_patterns
        PASS [   0.007s] ( 200/4752) fuzzy_match tests::test_wildcard_pattern_no_match
        PASS [   0.007s] ( 201/4752) fuzzy_match tests::test_wildcard_escape_special_chars
        PASS [   0.007s] ( 202/4752) fuzzy_match tests::test_wildcard_pattern_question_mark
        PASS [   0.007s] ( 203/4752) fuzzy_match tests::test_wildcard_pattern_exact_match
        PASS [   0.007s] ( 204/4752) fuzzy_match tests::test_wildcard_pattern_star
        PASS [   0.007s] ( 205/4752) handlebars parser::tests::test_parsed_arguments_iterator
        PASS [   0.006s] ( 206/4752) handlebars tests::does_not_replace_spaced_variants
        PASS [   0.009s] ( 207/4752) fuzzy_match tests::test_wildcard_pattern_case_insensitive
        PASS [   0.007s] ( 208/4752) handlebars tests::leaves_unknown_placeholder_unchanged
        PASS [   0.006s] ( 209/4752) handlebars tests::multiple_and_repeated_arguments
        PASS [   0.007s] ( 210/4752) handlebars parser::tests::test_parsed_arguments_iterator_with_escaped_args
        PASS [   0.006s] ( 211/4752) handlebars tests::preserves_escaped_triple_braces
        PASS [   0.006s] ( 212/4752) handlebars tests::unicode_in_names_and_text
        PASS [   0.006s] ( 213/4752) handlebars tests::renders_simple_substitution
        PASS [   0.009s] ( 214/4752) http_client iap::tests::challenge_status_without_iap_header_is_not_a_challenge
        PASS [   0.010s] ( 215/4752) http_client iap::tests::non_challenge_status_with_iap_header_is_not_a_challenge
        PASS [   0.010s] ( 216/4752) http_client iap::tests::challenge_statuses_with_iap_header_are_challenges
        PASS [   0.009s] ( 217/4752) input_classifier parser::tests::test_sentence_parser
        PASS [   0.010s] ( 218/4752) ipynb_parser tests::test_backticks_in_code_are_stored_verbatim
        PASS [   0.012s] ( 219/4752) http_client origin_tests::third_party_origin_does_not_match
        PASS [   0.013s] ( 220/4752) http_client origin_tests::server_and_rtc_origins_match
        PASS [   0.006s] ( 221/4752) ipynb_parser tests::test_code_cell_without_language
        PASS [   0.006s] ( 222/4752) ipynb_parser tests::test_empty_notebook_is_ok
        PASS [   0.006s] ( 223/4752) ipynb_parser tests::test_error_traceback_strips_ansi
        PASS [   0.005s] ( 224/4752) ipynb_parser tests::test_execute_result_text_plain
        PASS [   0.005s] ( 225/4752) ipynb_parser tests::test_image_payload_is_not_validated_by_parser
        PASS [   0.005s] ( 226/4752) ipynb_parser tests::test_image_preferred_over_text_plain
        PASS [   0.005s] ( 227/4752) ipynb_parser tests::test_language_falls_back_to_kernelspec
        PASS [   0.005s] ( 228/4752) ipynb_parser tests::test_language_with_special_chars_is_preserved
        PASS [   0.005s] ( 229/4752) ipynb_parser tests::test_language_with_backticks_is_sanitized
        PASS [   0.005s] ( 230/4752) ipynb_parser tests::test_malformed_json_is_error
        PASS [   0.024s] ( 231/4752) http_client offline_tests::guard_makes_no_dns_query
        PASS [   0.023s] ( 232/4752) http_client offline_tests::guard_refuses_non_loopback_http
        PASS [   0.023s] ( 233/4752) http_client offline_tests::guard_refuses_non_loopback_eventsource
        PASS [   0.005s] ( 234/4752) ipynb_parser tests::test_missing_cells_is_error
        PASS [   0.006s] ( 235/4752) ipynb_parser tests::test_markdown_and_code_cells
        PASS [   0.025s] ( 236/4752) http_client offline_tests::guard_allows_loopback_eventsource
        PASS [   0.025s] ( 237/4752) http_client offline_tests::guard_allows_loopback_http
        PASS [   0.005s] ( 238/4752) ipynb_parser tests::test_missing_nbformat_is_error
        PASS [   0.005s] ( 239/4752) ipynb_parser tests::test_non_v4_notebook_is_error
        PASS [   0.006s] ( 240/4752) ipynb_parser tests::test_png_output_renders_as_data_uri_image
        PASS [   0.012s] ( 241/4752) ipynb_parser tests::test_large_text_output_is_preserved_verbatim
        PASS [   0.006s] ( 242/4752) ipynb_parser tests::test_raw_cell_rendered_as_plain_block
        PASS [   0.026s] ( 243/4752) input_classifier heuristic_classifier::tests::test_input_detection_sources
        PASS [   0.006s] ( 244/4752) ipynb_parser tests::test_raw_fallback_holds_content_verbatim
        PASS [   0.006s] ( 245/4752) ipynb_parser tests::test_stream_output_renders_as_text_block
        PASS [   0.007s] ( 246/4752) ipynb_parser tests::test_sanitize_language_accepts_and_rejects
        PASS [   0.007s] ( 247/4752) ipynb_parser tests::test_unsupported_mime_is_skipped
        PASS [   0.007s] ( 248/4752) ipynb_parser tests::test_raw_fallback_handles_backticks_verbatim
        PASS [   0.007s] ( 249/4752) ipynb_parser tests::test_strip_ansi_handles_csi_and_osc
        PASS [   0.009s] ( 250/4752) jsonrpc service::tests::service_tests::test_mock_transport_message_storage
        PASS [   0.011s] ( 251/4752) jsonrpc service::tests::service_tests::test_json_rpc_service_creation
        PASS [   0.007s] ( 252/4752) local_control auth::tests::credential_request_carries_only_action
        PASS [   0.007s] ( 253/4752) local_control auth::tests::rejects_malformed_authorization_header
        PASS [   0.008s] ( 254/4752) local_control auth::tests::accepts_matching_bearer_token
        PASS [   0.007s] ( 255/4752) local_control auth::tests::rejects_wrong_bearer_token
        PASS [   0.008s] ( 256/4752) local_control auth::tests::rejects_missing_authorization_header
        PASS [   0.014s] ( 257/4752) languages tests::html_extensions_resolve_to_html
        PASS [   0.010s] ( 258/4752) languages tests::local_html_extensions_resolve_to_html
        PASS [   0.008s] ( 259/4752) local_control auth::tests::scoped_credential_allows_confirmation_required_action_scope
        PASS [   0.007s] ( 260/4752) local_control auth::tests::scoped_credential_allows_only_granted_action
        PASS [   0.007s] ( 261/4752) local_control auth::tests::scoped_credential_rejects_expired_grant
        PASS [   0.015s] ( 262/4752) languages tests::markdown_extensions_resolve_to_markdown
        PASS [   0.007s] ( 263/4752) local_control client::tests::probe_rejects_mismatched_instance_identity
        PASS [   0.008s] ( 264/4752) local_control auth::tests::scoped_credential_rejects_different_instance
        PASS [   0.008s] ( 265/4752) local_control discovery::tests::abandoned_temp_records_are_pruned_after_grace_period
        PASS [   0.009s] ( 266/4752) local_control client::tests::credential_client_exchanges_request_over_broker_socket
        PASS [   0.009s] ( 267/4752) local_control discovery::tests::control_endpoint_composes_loopback_control_route
        PASS [   0.010s] ( 268/4752) local_control discovery::tests::broker_socket_reference_is_bound_to_instance_identity
        PASS [   0.009s] ( 269/4752) local_control discovery::tests::disabled_record_does_not_expose_actionable_authority
        PASS [   0.009s] ( 270/4752) local_control discovery::tests::discovery_directory_is_owner_only_on_unix
        PASS [   0.009s] ( 271/4752) local_control discovery::tests::discovery_record_is_owner_only_on_unix
        PASS [   0.009s] ( 272/4752) local_control discovery::tests::malformed_record_and_matching_broker_socket_are_pruned
        PASS [   0.009s] ( 273/4752) local_control discovery::tests::orphan_broker_sockets_are_pruned_after_grace_period
        PASS [   0.054s] ( 274/4752) input_classifier heuristic_classifier::tests::test_input_detection
        PASS [   0.009s] ( 275/4752) local_control discovery::tests::records_from_other_channels_are_ignored
        PASS [   0.010s] ( 276/4752) local_control discovery::tests::incompatible_protocol_record_is_ignored
        PASS [   0.009s] ( 277/4752) local_control discovery::tests::registered_instance_round_trips_discovery_record
        PASS [   0.009s] ( 278/4752) local_control discovery::tests::rejects_unsafe_or_divergent_discovery_authority
        PASS [   0.008s] ( 279/4752) local_control discovery::tests::serialized_discovery_record_does_not_contain_raw_credential_material
        PASS [   0.007s] ( 280/4752) local_control protocol::tests::direct_surface_actions_have_stable_names
        PASS [   0.009s] ( 281/4752) local_control protocol::tests::catalog_actions_share_uniform_authorization
        PASS [   0.111s] ( 282/4752) build_cache tests::process_runner_classifies_timeout
        PASS [   0.009s] ( 283/4752) local_control protocol::tests::implemented_catalog_contains_all_retained_actions
        PASS [   0.009s] ( 284/4752) local_control protocol::tests::malformed_and_removed_action_names_are_not_deserialized
        PASS [   0.010s] ( 285/4752) local_control protocol::tests::catalog_has_exactly_84_retained_actions
        PASS [   0.009s] ( 286/4752) local_control protocol::tests::request_envelope_serializes_stable_action_names
        PASS [   0.009s] ( 287/4752) local_control protocol::tests::response_error_serializes_machine_code
        PASS [   0.110s] ( 288/4752) build_cache tests::timeout_returns_bounded_when_descendant_keeps_stdout_open
        PASS [   0.042s] ( 289/4752) languages tests::command_extension_resolves_to_shell
        PASS [   0.016s] ( 290/4752) local_control discovery::tests::stale_process_record_is_pruned
        PASS [   0.009s] ( 291/4752) local_control protocol::tests::strict_params_serialize_without_synthetic_discriminators
        PASS [   0.010s] ( 292/4752) local_control protocol::tests::strict_params_deny_unknown_fields
        PASS [   0.040s] ( 293/4752) languages tests::local_command_extension_resolves_to_shell
        PASS [   0.025s] ( 294/4752) local_control discovery::tests::multiple_live_process_records_are_discovered
        PASS [   0.008s] ( 295/4752) local_control protocol::tests::surface_list_result_serializes_stable_availability_shape
        PASS [   0.008s] ( 296/4752) local_control selection::tests::active_selector_rejects_ambiguity
        PASS [   0.008s] ( 297/4752) local_control protocol::tests::target_selector_roundtrips_exact_session_id
        PASS [   0.008s] ( 298/4752) local_control selection::tests::active_selector_rejects_no_instances
        PASS [   0.008s] ( 299/4752) local_control selection::tests::selects_instance_by_id
        PASS [   0.009s] ( 300/4752) lsp config::tests::test_path_to_lsp_uri_rejects_relative_path
        PASS [   0.011s] ( 301/4752) lsp config::tests::test_lsp_uri_to_path_rejects_non_file_uri
        PASS [   0.008s] ( 302/4752) lsp config::tests::unix_tests::test_lsp_uri_to_path_decodes_at_symbol
        PASS [   0.009s] ( 303/4752) lsp config::tests::unix_tests::test_lsp_uri_to_path_basic
        PASS [   0.008s] ( 304/4752) lsp config::tests::unix_tests::test_lsp_uri_to_path_decodes_multiple_special_chars
        PASS [   0.009s] ( 305/4752) lsp config::tests::unix_tests::test_path_to_lsp_uri_encodes_brackets
        PASS [   0.009s] ( 306/4752) lsp config::tests::unix_tests::test_path_to_lsp_uri_encodes_accented_chars
        PASS [   0.010s] ( 307/4752) lsp config::tests::unix_tests::test_path_to_lsp_uri_basic
        PASS [   0.008s] ( 308/4752) lsp config::tests::unix_tests::test_path_to_lsp_uri_encodes_non_ascii
        PASS [   0.011s] ( 309/4752) lsp config::tests::unix_tests::test_lsp_uri_to_path_decodes_spaces
        PASS [   0.008s] ( 310/4752) lsp config::tests::unix_tests::test_roundtrip_path_to_uri_to_path
        PASS [   0.010s] ( 311/4752) lsp config::tests::unix_tests::test_path_to_lsp_uri_encodes_hash
        PASS [   0.009s] ( 312/4752) lsp config::tests::unix_tests::test_path_to_lsp_uri_encodes_spaces
        PASS [   0.009s] ( 313/4752) lsp config::tests::unix_tests::test_roundtrip_non_ascii_path
        PASS [   0.008s] ( 314/4752) lsp config::tests::unix_tests::test_roundtrip_path_with_spaces
        PASS [   0.011s] ( 315/4752) lsp config::tests::unix_tests::test_roundtrip_path_with_brackets
        PASS [   0.009s] ( 316/4752) markdown_parser html_parser::tests::test_block
        PASS [   0.009s] ( 317/4752) lsp supported_servers::tests::unix::missing_server_reports_manual_install_guidance
        PASS [   0.008s] ( 318/4752) markdown_parser html_parser::tests::test_confluence_code_block
        PASS [   0.008s] ( 319/4752) markdown_parser html_parser::tests::test_code_and_inline_code
        PASS [   0.006s] ( 320/4752) markdown_parser html_parser::tests::test_horizontal_rules
        PASS [   0.008s] ( 321/4752) markdown_parser html_parser::tests::test_formatted_sub_lists
        PASS [   0.008s] ( 322/4752) markdown_parser html_parser::tests::test_google_docs_formatted_sub_list
        PASS [   0.008s] ( 323/4752) markdown_parser html_parser::tests::test_headings
        PASS [   0.007s] ( 324/4752) markdown_parser html_parser::tests::test_ordered_lists
        PASS [   0.008s] ( 325/4752) markdown_parser html_parser::tests::test_parse_keyword_font_weights
        PASS [   0.008s] ( 326/4752) markdown_parser html_parser::tests::test_parse_numeric_font_weights_preserve_custom_weight
        PASS [   0.007s] ( 327/4752) markdown_parser html_parser::tests::test_parse_plain_text
        PASS [   0.007s] ( 328/4752) markdown_parser html_parser::tests::test_task_lists
        PASS [   0.007s] ( 329/4752) markdown_parser html_parser::tests::test_sub_lists
        PASS [   0.008s] ( 330/4752) markdown_parser html_parser::tests::test_parse_text_styles
        PASS [   0.007s] ( 331/4752) markdown_parser html_parser::tests::test_unsupported_html_types
        PASS [   0.008s] ( 332/4752) markdown_parser html_parser::tests::test_transform_non_breaking_spaces
        PASS [   0.007s] ( 333/4752) markdown_parser markdown_parser::tests::table_cell_html_entities_are_decoded
        PASS [   0.007s] ( 334/4752) markdown_parser markdown_parser::tests::table_cell_escaped_pipe_is_literal
        PASS [   0.007s] ( 335/4752) markdown_parser markdown_parser::tests::test_autolink_in_link_label_with_escapes
        PASS [   0.008s] ( 336/4752) markdown_parser markdown_parser::tests::test_autolink_with_escaped_dash
        PASS [   0.007s] ( 337/4752) markdown_parser markdown_parser::tests::test_autolink_with_escaped_dot
        PASS [   0.009s] ( 338/4752) markdown_parser markdown_parser::tests::test_autolink_escape_roundtrip_is_stable
        PASS [   0.007s] ( 339/4752) markdown_parser markdown_parser::tests::test_autolink_with_multiple_escapes
        PASS [   0.008s] ( 340/4752) markdown_parser markdown_parser::tests::test_basic_parse_hyperlink
        PASS [   0.006s] ( 341/4752) markdown_parser markdown_parser::tests::test_closing_fence_indented_3_extra_spaces
        PASS [   0.007s] ( 342/4752) markdown_parser markdown_parser::tests::test_basic_parse_url
        PASS [   0.007s] ( 343/4752) markdown_parser markdown_parser::tests::test_basic_parse_strikethrough
        PASS [   0.007s] ( 344/4752) markdown_parser markdown_parser::tests::test_basic_parse_underline
        PASS [   0.007s] ( 345/4752) markdown_parser markdown_parser::tests::test_code_block_indentation_stripping
        PASS [   0.007s] ( 346/4752) markdown_parser markdown_parser::tests::test_closing_fence_indented_4_extra_spaces
        PASS [   0.007s] ( 347/4752) markdown_parser markdown_parser::tests::test_closing_fence_less_indented
        PASS [   0.006s] ( 348/4752) markdown_parser markdown_parser::tests::test_code_block_with_underscore
        PASS [   0.006s] ( 349/4752) markdown_parser markdown_parser::tests::test_code_span
        PASS [   0.006s] ( 350/4752) markdown_parser markdown_parser::tests::test_compute_formatted_text_delta_with_unchanged_table_prefix
        PASS [   0.007s] ( 351/4752) markdown_parser markdown_parser::tests::test_compute_formatted_text_delta_with_changed_table_line
        PASS [   0.007s] ( 352/4752) markdown_parser markdown_parser::tests::test_consec_code_blocks
        PASS [   0.006s] ( 353/4752) markdown_parser markdown_parser::tests::test_deeply_indented_code_block
        PASS [   0.006s] ( 354/4752) markdown_parser markdown_parser::tests::test_html_entity_invalid_not_decoded
        PASS [   0.006s] ( 355/4752) markdown_parser markdown_parser::tests::test_html_entity_in_inline_text
        PASS [   0.007s] ( 356/4752) markdown_parser markdown_parser::tests::test_html_entity_all_named_entities
        PASS [   0.007s] ( 357/4752) markdown_parser markdown_parser::tests::test_formatted_text
        PASS [   0.006s] ( 358/4752) markdown_parser markdown_parser::tests::test_indented_code_block
        PASS [   0.006s] ( 359/4752) markdown_parser markdown_parser::tests::test_html_entity_numeric_decimal
        PASS [   0.007s] ( 360/4752) markdown_parser markdown_parser::tests::test_indentation_reset_with_nonlist_content
        PASS [   0.007s] ( 361/4752) markdown_parser markdown_parser::tests::test_html_entity_numeric_hex
        PASS [   0.006s] ( 362/4752) markdown_parser markdown_parser::tests::test_inline_code
        PASS [   0.006s] ( 363/4752) markdown_parser markdown_parser::tests::test_interior_inline_code
        PASS [   0.007s] ( 364/4752) markdown_parser markdown_parser::tests::test_line_break
        PASS [   0.007s] ( 365/4752) markdown_parser markdown_parser::tests::test_italics_quotes
        PASS [   0.006s] ( 366/4752) markdown_parser markdown_parser::tests::test_list_with_blank_line_preserves_context
        PASS [   0.006s] ( 367/4752) markdown_parser markdown_parser::tests::test_mixed_list_types_indentation_level_relative
        PASS [   0.006s] ( 368/4752) markdown_parser markdown_parser::tests::test_mixed_parse_strikethrough
        PASS [   0.007s] ( 369/4752) markdown_parser markdown_parser::tests::test_long_delimiter_run_does_not_overflow
        PASS [   0.006s] ( 370/4752) markdown_parser markdown_parser::tests::test_multi_parse_strikethrough
        PASS [   0.007s] ( 371/4752) markdown_parser markdown_parser::tests::test_mixed_parse_underline
        PASS [   0.007s] ( 372/4752) markdown_parser markdown_parser::tests::test_multi_line
        PASS [   0.007s] ( 373/4752) markdown_parser markdown_parser::tests::test_multi_parse_hyperlink
        PASS [   0.008s] ( 374/4752) markdown_parser markdown_parser::tests::test_multi_parse_underline
        PASS [   0.008s] ( 375/4752) markdown_parser markdown_parser::tests::test_multi_parse_url
        PASS [   0.007s] ( 376/4752) markdown_parser markdown_parser::tests::test_ordered_list_indentation_level_relative
        PASS [   0.007s] ( 377/4752) markdown_parser markdown_parser::tests::test_parse_autolink_preserves_escaped_trailing_punctuation
        PASS [   0.007s] ( 378/4752) markdown_parser markdown_parser::tests::test_parse_autolink_strips_trailing_sentence_punctuation
        PASS [   0.007s] ( 379/4752) markdown_parser markdown_parser::tests::test_parse_autolinks_inline
        PASS [   0.007s] ( 380/4752) markdown_parser markdown_parser::tests::test_parse_autolinks_with_emphasis
        PASS [   0.006s] ( 381/4752) markdown_parser markdown_parser::tests::test_parse_bold_on_new_line
        PASS [   0.006s] ( 382/4752) markdown_parser markdown_parser::tests::test_parse_code_block_body
        PASS [   0.007s] ( 383/4752) markdown_parser markdown_parser::tests::test_parse_basic_image
        PASS [   0.006s] ( 384/4752) markdown_parser markdown_parser::tests::test_parse_code_block_lang
        PASS [   0.006s] ( 385/4752) markdown_parser markdown_parser::tests::test_parse_bold_text_with_underscore
        PASS [   0.006s] ( 386/4752) markdown_parser markdown_parser::tests::test_parse_code_block_missing_lang
        PASS [   0.006s] ( 387/4752) markdown_parser markdown_parser::tests::test_parse_code_block_whitespace_lang
        PASS [   0.006s] ( 388/4752) markdown_parser markdown_parser::tests::test_parse_code_block_with_preceding_whitespace
        PASS [   0.007s] ( 389/4752) markdown_parser markdown_parser::tests::test_parse_code_block_with_backticks
        PASS [   0.007s] ( 390/4752) markdown_parser markdown_parser::tests::test_parse_code_block_with_trailing_whitespace
        PASS [   0.007s] ( 391/4752) markdown_parser markdown_parser::tests::test_parse_emphasized_autolink_with_trailing_punctuation
        PASS [   0.007s] ( 392/4752) markdown_parser markdown_parser::tests::test_parse_embedded
        PASS [   0.006s] ( 393/4752) markdown_parser markdown_parser::tests::test_parse_empty
        PASS [   0.006s] ( 394/4752) markdown_parser markdown_parser::tests::test_parse_escape_in_style
        PASS [   0.006s] ( 395/4752) markdown_parser markdown_parser::tests::test_parse_empty_underline
        PASS [   0.007s] ( 396/4752) markdown_parser markdown_parser::tests::test_parse_escapes
        PASS [   0.007s] ( 397/4752) markdown_parser markdown_parser::tests::test_parse_escapes_inline
        PASS [   0.007s] ( 398/4752) markdown_parser markdown_parser::tests::test_parse_hash_in_code
        PASS [   0.006s] ( 399/4752) markdown_parser markdown_parser::tests::test_parse_headers
        PASS [   0.006s] ( 400/4752) markdown_parser markdown_parser::tests::test_parse_html_comment_inline_is_stripped
        PASS [   0.007s] ( 401/4752) markdown_parser markdown_parser::tests::test_parse_horizontal_rule
        PASS [   0.007s] ( 402/4752) markdown_parser markdown_parser::tests::test_parse_html_comment_inside_code_block_is_preserved
        PASS [   0.007s] ( 403/4752) markdown_parser markdown_parser::tests::test_parse_html_comment_inside_code_span_is_preserved
        PASS [   0.008s] ( 404/4752) markdown_parser markdown_parser::tests::test_parse_html_comment_single_line_block_is_stripped
        PASS [   0.008s] ( 405/4752) markdown_parser markdown_parser::tests::test_parse_html_comment_multi_line_block_is_stripped
        PASS [   0.006s] ( 406/4752) markdown_parser markdown_parser::tests::test_parse_image_run_line_rejects_mixed_text
        PASS [   0.007s] ( 407/4752) markdown_parser markdown_parser::tests::test_parse_image_empty_alt
        PASS [   0.007s] ( 408/4752) markdown_parser markdown_parser::tests::test_parse_image_absolute_path
        PASS [   0.006s] ( 409/4752) markdown_parser markdown_parser::tests::test_parse_image_run_line_multiple_images
        PASS [   0.007s] ( 410/4752) markdown_parser markdown_parser::tests::test_parse_html_comment_with_trailing_same_line_content_is_not_block
        PASS [   0.007s] ( 411/4752) markdown_parser markdown_parser::tests::test_parse_image_prefix_for_inline_runs
        PASS [   0.007s] ( 412/4752) markdown_parser markdown_parser::tests::test_parse_image_relative_path
        PASS [   0.007s] ( 413/4752) markdown_parser markdown_parser::tests::test_parse_image_title_with_embedded_newline_falls_back
        PASS [   0.007s] ( 414/4752) markdown_parser markdown_parser::tests::test_parse_image_run_line_single_image
        PASS [   0.007s] ( 415/4752) markdown_parser markdown_parser::tests::test_parse_image_title_with_escaped_delimiter
        PASS [   0.007s] ( 416/4752) markdown_parser markdown_parser::tests::test_parse_image_unclosed_title_falls_back_to_plain_text
        PASS [   0.006s] ( 417/4752) markdown_parser markdown_parser::tests::test_parse_image_with_double_quoted_title
        PASS [   0.006s] ( 418/4752) markdown_parser markdown_parser::tests::test_parse_image_url
        PASS [   0.006s] ( 419/4752) markdown_parser markdown_parser::tests::test_parse_image_with_empty_title_normalizes_to_none
        PASS [   0.006s] ( 420/4752) markdown_parser markdown_parser::tests::test_parse_image_with_other_content
        PASS [   0.006s] ( 421/4752) markdown_parser markdown_parser::tests::test_parse_image_with_paren_wrapped_title
        PASS [   0.006s] ( 422/4752) markdown_parser markdown_parser::tests::test_parse_image_with_single_quoted_title
        PASS [   0.006s] ( 423/4752) markdown_parser markdown_parser::tests::test_parse_image_without_trailing_newline
        PASS [   0.006s] ( 424/4752) markdown_parser markdown_parser::tests::test_parse_inline
        PASS [   0.007s] ( 425/4752) markdown_parser markdown_parser::tests::test_parse_inline_link
        PASS [   0.007s] ( 426/4752) markdown_parser markdown_parser::tests::test_parse_inline_link_spec
        PASS [   0.007s] ( 427/4752) markdown_parser markdown_parser::tests::test_parse_inline_strikethrough
        PASS [   0.007s] ( 428/4752) markdown_parser markdown_parser::tests::test_parse_italics_on_new_line
        PASS [   0.007s] ( 429/4752) markdown_parser markdown_parser::tests::test_parse_italics_text_with_one_space_and_underscore
        PASS [   0.007s] ( 430/4752) markdown_parser markdown_parser::tests::test_parse_italics_text_with_two_spaces_and_underscore
        PASS [   0.008s] ( 431/4752) markdown_parser markdown_parser::tests::test_parse_italics_star_on_new_line
        PASS [   0.006s] ( 432/4752) markdown_parser markdown_parser::tests::test_parse_line_endings
        PASS [   0.006s] ( 433/4752) markdown_parser markdown_parser::tests::test_parse_multiple_images
        PASS [   0.007s] ( 434/4752) markdown_parser markdown_parser::tests::test_parse_italics_text_with_underscore
        PASS [   0.007s] ( 435/4752) markdown_parser markdown_parser::tests::test_parse_long_link_with_parens
        PASS [   0.006s] ( 436/4752) markdown_parser markdown_parser::tests::test_parse_ordered_list
        PASS [   0.008s] ( 437/4752) markdown_parser markdown_parser::tests::test_parse_link_in_tag
        PASS [   0.007s] ( 438/4752) markdown_parser markdown_parser::tests::test_parse_ordered_list_tag
        PASS [   0.006s] ( 439/4752) markdown_parser markdown_parser::tests::test_parse_overlapping_strikethrough
        PASS [   0.006s] ( 440/4752) markdown_parser markdown_parser::tests::test_parse_single_line
        PASS [   0.007s] ( 441/4752) markdown_parser markdown_parser::tests::test_parse_simple_table
        PASS [   0.006s] ( 442/4752) markdown_parser markdown_parser::tests::test_parse_table_with_alignments
        PASS [   0.007s] ( 443/4752) markdown_parser markdown_parser::tests::test_parse_table_block_lang
        PASS [   0.007s] ( 444/4752) markdown_parser markdown_parser::tests::test_parse_table_multiple_rows
        PASS [   0.007s] ( 445/4752) markdown_parser markdown_parser::tests::test_parse_table_with_inline_formatting
        PASS [   0.007s] ( 446/4752) markdown_parser markdown_parser::tests::test_parse_table_with_empty_cells
        PASS [   0.007s] ( 447/4752) markdown_parser markdown_parser::tests::test_parse_table_followed_by_other_content
        PASS [   0.006s] ( 448/4752) markdown_parser markdown_parser::tests::test_parse_table_with_strikethrough
        PASS [   0.007s] ( 449/4752) markdown_parser markdown_parser::tests::test_parse_table_with_links
        PASS [   0.007s] ( 450/4752) markdown_parser markdown_parser::tests::test_parse_task_list
        PASS [   0.007s] ( 451/4752) markdown_parser markdown_parser::tests::test_parse_unclosed_link
        PASS [   0.006s] ( 452/4752) markdown_parser markdown_parser::tests::test_parse_unclosed_strikethrough
        PASS [   0.006s] ( 453/4752) markdown_parser markdown_parser::tests::test_parse_unterminated_html_comment_stays_literal
        PASS [   0.006s] ( 454/4752) markdown_parser markdown_parser::tests::test_parse_unordered_list_tag
        PASS [   0.006s] ( 455/4752) markdown_parser markdown_parser::tests::test_parser_raw_text_italic_bold
        PASS [   0.007s] ( 456/4752) markdown_parser markdown_parser::tests::test_parse_url_preserves_non_escaped_backslash
        PASS [   0.006s] ( 457/4752) markdown_parser markdown_parser::tests::test_parser_raw_text_escaped_chars
        PASS [   0.007s] ( 458/4752) markdown_parser markdown_parser::tests::test_parse_url_embedded
        PASS [   0.006s] ( 459/4752) markdown_parser markdown_parser::tests::test_special_chars
        PASS [   0.006s] ( 460/4752) markdown_parser markdown_parser::tests::test_table_line_helpers
        PASS [   0.007s] ( 461/4752) markdown_parser markdown_parser::tests::test_parser_raw_text_headers
        PASS [   0.007s] ( 462/4752) markdown_parser markdown_parser::tests::test_parser_raw_text_url_hyperlinks
        PASS [   0.007s] ( 463/4752) markdown_parser markdown_parser::tests::test_task_list_indentation_level_relative
        PASS [   0.007s] ( 464/4752) markdown_parser markdown_parser::tests::test_unordered_list_indentation_level_relative
        PASS [   0.007s] ( 465/4752) markdown_parser weight::tests::from_css_numeric_clamps_out_of_range
        PASS [   0.007s] ( 466/4752) markdown_parser markdown_parser::tests::test_unordered_list_various_indentation_patterns
        PASS [   0.008s] ( 467/4752) markdown_parser markdown_parser::tests::test_variable_indentation_code_block
        PASS [   0.007s] ( 468/4752) markdown_parser weight::tests::from_css_numeric_maps_named_steps
        PASS [   0.006s] ( 469/4752) regex_dfas tests::preserves_backslash_b_in_character_classes
        PASS [   0.007s] ( 470/4752) markdown_parser weight::tests::from_css_numeric_does_not_overflow_on_extreme_input
        PASS [   0.007s] ( 471/4752) markdown_parser weight::tests::from_css_numeric_rounds_to_nearest_hundred
        PASS [   0.006s] ( 472/4752) regex_dfas tests::preserves_escaped_literal_backslash_b
        PASS [   0.006s] ( 473/4752) regex_dfas tests::replaces_boundary_after_escaped_literal_backslash
        PASS [   0.006s] ( 474/4752) regex_dfas tests::replaces_word_boundary_assertions
        PASS [   0.010s] ( 475/4752) offline_guard tests::guard_allows_unix_socket
        PASS [   0.010s] ( 476/4752) persistence tests::removal_migration_drops_all_four_tables
        PASS [   0.011s] ( 477/4752) persistence tests::removal_migration_down_restores_pre_removal_schema
        PASS [   0.013s] ( 478/4752) repo_metadata entry::tests::build_tree_fail_fast_succeeds_within_budget
        PASS [   0.014s] ( 479/4752) repo_metadata entry::tests::build_tree_fail_fast_errors_when_budget_exceeded
        PASS [   0.017s] ( 480/4752) repo_metadata entry::tests::build_tree_directories_do_not_consume_budget
        PASS [   0.016s] ( 481/4752) repo_metadata entry::tests::build_tree_full_coverage_reaches_full_depth_within_budget
        PASS [   0.019s] ( 482/4752) repo_metadata entry::tests::build_tree_budget_does_not_prune_force_included_paths
        PASS [   0.016s] ( 483/4752) repo_metadata entry::tests::build_tree_marks_descendants_of_ignored_directory_as_ignored
        PASS [   0.013s] ( 484/4752) repo_metadata entry::tests::ignored_directory_stays_lazy
        PASS [   0.022s] ( 485/4752) repo_metadata entry::tests::build_tree_budget_covers_breadth_first_and_leaves_remainder_unloaded
        PASS [   0.020s] ( 486/4752) repo_metadata entry::tests::gitignore_affects_descend_predicate_but_not_emitted_events
        PASS [   0.018s] ( 487/4752) repo_metadata entry::tests::ignored_agents_skills_directory_is_loaded_for_registered_provider_path
        PASS [   0.019s] ( 488/4752) repo_metadata entry::tests::ignored_agents_directory_is_loaded_for_registered_provider_path
        PASS [   0.022s] ( 489/4752) repo_metadata entry::tests::build_tree_gitignored_files_do_not_consume_budget
        PASS [   0.019s] ( 490/4752) repo_metadata entry::tests::ignored_skill_directory_is_loaded_for_registered_provider_path
        PASS [   0.011s] ( 491/4752) repo_metadata entry::tests::lazy_loaded_ignored_directory_marks_loaded_children_as_ignored
        PASS [   0.011s] ( 492/4752) repo_metadata entry::tests::should_watch_allows_symlinked_repo_root
        PASS [   0.008s] ( 493/4752) repo_metadata entry::tests::should_watch_directory_in_git_path_prunes_non_allowlisted_subtrees
        PASS [   0.015s] ( 494/4752) repo_metadata entry::tests::ignored_skill_file_is_loaded_for_registered_provider_path
        PASS [   0.012s] ( 495/4752) repo_metadata entry::tests::should_watch_allows_symlinked_force_included_paths
        PASS [   0.011s] ( 496/4752) repo_metadata entry::tests::should_watch_descends_dir_only_reinclude_negation
        PASS [   0.011s] ( 497/4752) repo_metadata entry::tests::should_watch_descends_to_force_included_under_ignored_ancestor
        PASS [   0.010s] ( 498/4752) repo_metadata entry::tests::should_watch_preserves_git_internal_allowlist
        PASS [   0.011s] ( 499/4752) repo_metadata entry::tests::should_watch_ignores_symlinks_above_repo_root
        PASS [   0.010s] ( 500/4752) repo_metadata entry::tests::should_watch_prunes_directory_symlinks_and_their_descendants
        PASS [   0.009s] ( 501/4752) repo_metadata entry::tests::should_watch_prunes_gitignored_directory
        PASS [   0.018s] ( 502/4752) repo_metadata entry::tests::shallow_tree_expands_force_included_skill_branch_only
        PASS [   0.013s] ( 503/4752) repo_metadata entry::tests::should_watch_handles_nested_ignored_ancestor_with_deeper_force_included
        PASS [   0.008s] ( 504/4752) repo_metadata entry::tests::test_git_path_filtering_allowlist
        PASS [   0.008s] ( 505/4752) repo_metadata entry::tests::test_is_shared_git_ref
        PASS [   0.009s] ( 506/4752) repo_metadata entry::tests::test_extract_worktree_git_dir
        PASS [   0.012s] ( 507/4752) repo_metadata entry::tests::standing_queries_do_not_report_rules_below_an_unloaded_shallow_directory
        PASS [   0.008s] ( 508/4752) repo_metadata file_tree_store::tests::test_remove_file
        PASS [   0.012s] ( 509/4752) repo_metadata entry::tests::standing_queries_report_symlinked_skills_without_materializing_symlinked_directories
        PASS [   0.013s] ( 510/4752) repo_metadata entry::tests::standing_queries_report_skills_below_an_ignored_directory
        PASS [   0.010s] ( 511/4752) repo_metadata file_tree_store::tests::test_remove_directory_with_children
        PASS [   0.008s] ( 512/4752) repo_metadata file_tree_store::tests::test_rename_file
        PASS [   0.009s] ( 513/4752) repo_metadata file_tree_store::tests::test_rename_directory_parent_child_link_consistency
        PASS [   0.009s] ( 514/4752) repo_metadata file_tree_store::tests::test_remove_nested_children_recursively
        PASS [   0.014s] ( 515/4752) repo_metadata entry::tests::unrelated_ignored_directory_stays_lazy_without_registered_force_included
        PASS [   0.011s] ( 516/4752) repo_metadata file_tree_store::tests::test_rename_directory_recursive
        PASS [   0.009s] ( 517/4752) repo_metadata file_tree_update::tests::apply_incomplete_update_missing_children_subtree
        PASS [   0.008s] ( 518/4752) repo_metadata file_tree_update::tests::apply_mutations_generates_update_for_add_directory_subtree
        PASS [   0.010s] ( 519/4752) repo_metadata file_tree_update::tests::apply_complete_update_adds_files_and_directories
        PASS [   0.009s] ( 520/4752) repo_metadata file_tree_update::tests::apply_incomplete_update_missing_parent_from_undelivered_page
        PASS [   0.008s] ( 521/4752) repo_metadata file_tree_update::tests::apply_mutations_generates_update_for_add_file
        PASS [   0.008s] ( 522/4752) repo_metadata file_tree_update::tests::apply_mutations_generates_update_for_add_empty_directory
        PASS [   0.008s] ( 523/4752) repo_metadata file_tree_update::tests::apply_mutations_generates_update_for_mixed_mutations
        PASS [   0.008s] ( 524/4752) repo_metadata file_tree_update::tests::apply_update_with_removals_and_additions
        PASS [   0.008s] ( 525/4752) repo_metadata file_tree_update::tests::flatten_preserves_ignored_flag
        PASS [   0.010s] ( 526/4752) repo_metadata file_tree_update::tests::apply_mutations_returns_none_when_emit_updates_is_false
        PASS [   0.009s] ( 527/4752) repo_metadata file_tree_update::tests::flatten_directory_with_children_is_depth_first_preorder
        PASS [   0.011s] ( 528/4752) repo_metadata file_tree_update::tests::apply_mutations_generates_update_for_remove
        PASS [   0.008s] ( 529/4752) repo_metadata file_tree_update::tests::lazy_load_filters_mutations_for_unloaded_parents
        PASS [   0.010s] ( 530/4752) repo_metadata file_tree_update::tests::flatten_single_file
        PASS [   0.009s] ( 531/4752) repo_metadata file_tree_update::tests::round_trip_apply_mutations_then_apply_update_produces_equivalent_tree
        PASS [   0.008s] ( 532/4752) repo_metadata gitignore_cache::tests::reuses_cached_entry_for_unchanged_file
        PASS [   0.011s] ( 533/4752) repo_metadata gitignore_cache::tests::does_not_cache_a_failed_parse
        PASS [   0.009s] ( 534/4752) repo_metadata gitignore_cache::tests::rebuilds_when_content_changes_at_the_same_length
        PASS [   0.009s] ( 535/4752) repo_metadata gitignore_cache::tests::recovers_after_a_transient_read_failure
        PASS [   0.011s] ( 536/4752) repo_metadata gitignore_cache::tests::evicts_least_recently_used_entry_over_capacity
        PASS [   0.010s] ( 537/4752) repo_metadata local_model::tests::added_symlinked_skill_directory_refreshes_provider_without_canonical_tree_mutation
        PASS [   0.010s] ( 538/4752) repo_metadata local_model::tests::force_included_paths_must_be_relative
        PASS [   0.013s] ( 539/4752) repo_metadata local_model::tests::directory_load_coalescing_is_scoped_by_owner_and_kind
        PASS [   0.015s] ( 540/4752) repo_metadata local_model::tests::added_external_target_skill_symlink_routes_to_lexical_repository
        PASS [   0.012s] ( 541/4752) repo_metadata local_model::tests::incremental_deep_event_under_unloaded_ignored_dir_is_collapsed
        PASS [   0.012s] ( 542/4752) repo_metadata local_model::tests::incremental_event_under_expanded_ignored_dir_keeps_it_loaded
        PASS [   0.015s] ( 543/4752) repo_metadata local_model::tests::deleted_subdir_drops_its_tracked_watch
        PASS [   0.012s] ( 544/4752) repo_metadata local_model::tests::lazy_root_created_directory_inserted_as_placeholder
        PASS [   0.015s] ( 545/4752) repo_metadata local_model::tests::incremental_force_included_dir_under_ignored_parent_matches_initial_index
        PASS [   0.012s] ( 546/4752) repo_metadata local_model::tests::load_directory_completion_skips_removed_tree_entry
        PASS [   0.013s] ( 547/4752) repo_metadata local_model::tests::load_directory_completion_resolves_after_tree_update
        PASS [   0.014s] ( 548/4752) repo_metadata local_model::tests::index_lazy_loaded_path_tracks_only_root
        PASS [   0.014s] ( 549/4752) repo_metadata local_model::tests::load_directory_completion_skips_recreated_unloaded_tree_entry
        PASS [   0.012s] ( 550/4752) repo_metadata local_model::tests::load_directory_completion_skips_replaced_tree_entry
        PASS [   0.012s] ( 551/4752) repo_metadata local_model::tests::load_directory_tracks_expanded_subdir_for_lazy_root
        PASS [   0.010s] ( 552/4752) repo_metadata local_model::tests::recursive_repo_uses_recursive_watch_mode
        PASS [   0.013s] ( 553/4752) repo_metadata local_model::tests::load_directory_watches_expanded_gitignored_dir_for_git_repo
        PASS [   0.012s] ( 554/4752) repo_metadata local_model::tests::modified_external_symlink_target_upserts_lexical_project_skill
        PASS [   0.013s] ( 555/4752) repo_metadata local_model::tests::load_directory_with_completion_coalesces_duplicate_inflight_load
        PASS [   0.009s] ( 556/4752) repo_metadata local_model::tests::remove_repository_aborts_and_drops_build_tasks
        PASS [   0.012s] ( 557/4752) repo_metadata local_model::tests::remove_lazy_loaded_path_clears_tracked_watches
        PASS [   0.010s] ( 558/4752) repo_metadata local_model::tests::remove_repository_keeps_nested_repo_watcher_update_tasks
        PASS [   0.010s] ( 559/4752) repo_metadata local_model::tests::removed_direct_skill_child_refreshes_provider_for_possible_symlink_removal
        PASS [   0.012s] ( 560/4752) repo_metadata local_model::tests::remove_repository_aborts_and_drops_watcher_update_tasks
        PASS [   0.012s] ( 561/4752) repo_metadata local_model::tests::remove_repository_clears_extra_dir_watches
        PASS [   0.012s] ( 562/4752) repo_metadata local_model::tests::remove_repository_keeps_nested_repo_build_tasks
        PASS [   0.011s] ( 563/4752) repo_metadata local_model::tests::removed_external_symlink_target_directory_queues_lexical_removal_and_clears_mapping
        PASS [   0.010s] ( 564/4752) repo_metadata local_model::tests::repository_indexed_resolves_immediately_for_indexed_repo
        PASS [   0.008s] ( 565/4752) repo_metadata local_model::tests::repository_state_returns_failed_state
        PASS [   0.009s] ( 566/4752) repo_metadata local_model::tests::repository_indexed_waits_for_pending_repo_removal
        PASS [   0.010s] ( 567/4752) repo_metadata local_model::tests::repository_indexed_waits_for_pending_repo_failure
        PASS [   0.012s] ( 568/4752) repo_metadata local_model::tests::repository_indexed_waits_for_pending_repo
        PASS [   0.011s] ( 569/4752) repo_metadata local_model::tests::stale_build_future_id_does_not_finish_newer_task
        PASS [   0.015s] ( 570/4752) repo_metadata local_model::tests::removed_then_recreated_external_symlink_target_refreshes_lexical_project_skill
        PASS [   0.010s] ( 571/4752) repo_metadata local_model::tests::test_canonicalized_path_functionality
        PASS [   0.010s] ( 572/4752) repo_metadata local_model::tests::test_ensure_parent_directories_exist
        PASS [   0.013s] ( 573/4752) repo_metadata local_model::tests::symlink_targets_retain_aliases_and_clear_for_removed_or_failed_repositories
        PASS [   0.013s] ( 574/4752) repo_metadata local_model::tests::test_get_repo_contents_filter_applies_before_cap
        PASS [   0.014s] ( 575/4752) repo_metadata local_model::tests::test_get_repo_contents
        PASS [   0.185s] ( 576/4752) lsp supported_servers::tests::unix::detects_rust_analyzer_from_path
        PASS [   0.011s] ( 577/4752) repo_metadata local_model::tests::test_git_directory_exclusion
        PASS [   0.013s] ( 578/4752) repo_metadata local_model::tests::test_get_repo_contents_truncates_to_max_results
        PASS [   0.017s] ( 579/4752) repo_metadata local_model::tests::test_gitignore_patterns_comprehensive
        PASS [   0.015s] ( 580/4752) repo_metadata local_model::tests::test_lazy_loaded_path_does_not_build_standing_rule_results_below_shallow_tree
        PASS [   0.013s] ( 581/4752) repo_metadata local_model::tests::test_lazy_loaded_path_registrations_are_refcounted
        PASS [   0.018s] ( 582/4752) repo_metadata local_model::tests::test_index_directory_path_upgrades_lazy_loaded_non_git_path
        PASS [   0.014s] ( 583/4752) repo_metadata local_model::tests::test_nested_gitignore_rules
        PASS [   0.024s] ( 584/4752) repo_metadata local_model::tests::test_get_repo_contents_include_ignored
        PASS [   0.019s] ( 585/4752) repo_metadata local_model::tests::test_index_directory_path_upgrades_pending_lazy_loaded_non_git_path
        PASS [   0.014s] ( 586/4752) repo_metadata local_model::tests::test_standardized_path_edge_cases
        PASS [   0.021s] ( 587/4752) repo_metadata local_model::tests::test_lazy_loaded_path_discovers_force_included_skills_and_emits_watcher_delta
        PASS [   0.011s] ( 588/4752) repo_metadata remote_model::tests::snapshot_and_incremental_update_maintain_remote_standing_results
        PASS [   0.013s] ( 589/4752) repo_metadata local_model::tests::unrelated_skill_support_file_does_not_refresh_project_skills
        PASS [   0.014s] ( 590/4752) repo_metadata local_model::tests::test_update_file_tree_entry_respects_gitignore
        PASS [   0.016s] ( 591/4752) repo_metadata local_model::tests::test_repository_operations_with_standardized_paths
        PASS [   0.016s] ( 592/4752) repo_metadata local_model::tests::test_should_include_path_respects_gitignore
        PASS [   0.014s] ( 593/4752) repo_metadata repositories::tests::test_detect_possible_local_git_repo_non_existent_directory
        PASS [   0.013s] ( 594/4752) repo_metadata repositories::tests::test_detect_possible_local_git_repo_not_a_git_repo
        PASS [   0.012s] ( 595/4752) repo_metadata repository::tests::filesystem_only_subscription_does_not_activate_git_tracking
        PASS [   0.008s] ( 596/4752) repo_metadata repository::tests::merge_repository_updates_preserves_remote_ref_updates
        PASS [   0.013s] ( 597/4752) repo_metadata repository::tests::filesystem_only_subscription_drops_git_only_updates
        PASS [   0.017s] ( 598/4752) repo_metadata repositories::tests::test_detect_possible_local_git_repo_nested_repo_created_after_parent_registration
        PASS [   0.009s] ( 599/4752) repo_metadata repository::tests::tracked_remote_ref_validates_full_ref_names
        PASS [   0.018s] ( 600/4752) repo_metadata repositories::tests::test_find_git_repo_with_worktree
        PASS [   0.013s] ( 601/4752) repo_metadata repository::tests::tracked_remote_ref_change_notifies_subscribers
        PASS [   0.016s] ( 602/4752) repo_metadata repository::tests::git_tracking_activates_once_for_concurrent_git_subscriptions
        PASS [   0.014s] ( 603/4752) repo_metadata repository::tests::tracked_remote_ref_path_uses_linked_worktree_common_git_dir
        PASS [   0.009s] ( 604/4752) repo_metadata standing_queries::tests::records_provider_skill_files_and_project_rules
        PASS [   0.010s] ( 605/4752) repo_metadata standing_queries::tests::repo_root_agents_md_is_discovered_by_rule_file_contract
        PASS [   0.010s] ( 606/4752) repo_metadata standing_queries::tests::replacing_removed_direct_skill_child_can_reupsert_provider_for_hydration
        PASS [   0.010s] ( 607/4752) repo_metadata standing_queries::tests::support_file_beneath_skill_does_not_synthesize_provider_update
        PASS [   0.011s] ( 608/4752) repo_metadata watcher::tests::test_add_repository_success
        PASS [   0.008s] ( 609/4752) repo_metadata watcher::tests::test_is_git_internal_path
        PASS [   0.010s] ( 610/4752) repo_metadata watcher::tests::test_existing_directory_registration_is_enriched_with_external_git_directory
        PASS [   0.023s] ( 611/4752) repo_metadata repository::tests::mixed_watch_modes_filter_git_flags_per_subscriber
        PASS [   0.024s] ( 612/4752) repo_metadata repository::tests::tracked_remote_ref_path_uses_common_git_dir
        PASS [   0.016s] ( 613/4752) repo_metadata watcher::tests::test_add_repository_non_existent
        PASS [   0.015s] ( 614/4752) repo_metadata watcher::tests::test_common_config_routes_to_repos_sharing_common_git_dir
        PASS [   0.010s] ( 615/4752) secret_redaction tests::test_aws_access_id
        PASS [   0.014s] ( 616/4752) repo_metadata watcher::tests::test_remote_tracking_ref_routes_only_to_repos_tracking_that_ref
        PASS [   0.013s] ( 617/4752) secret_redaction tests::test_anthropic_api_key
        PASS [   0.008s] ( 618/4752) secret_redaction tests::test_generic_sk_api_key
        PASS [   0.014s] ( 619/4752) repo_metadata watcher::tests::test_shared_git_paths_remain_watched_until_last_worktree_stops
        PASS [   0.010s] ( 620/4752) secret_redaction tests::test_fireworks_api_key
        PASS [   0.011s] ( 621/4752) secret_redaction tests::test_firebase_domain
        PASS [   0.008s] ( 622/4752) secret_redaction tests::test_google_api_key
        PASS [   0.010s] ( 623/4752) secret_redaction tests::test_github_tokens
        PASS [   0.009s] ( 624/4752) secret_redaction tests::test_openai_api_key
        PASS [   0.010s] ( 625/4752) secret_redaction tests::test_mac_address
        PASS [   0.011s] ( 626/4752) secret_redaction tests::test_jwt
        PASS [   0.014s] ( 627/4752) secret_redaction tests::test_ip_address
        PASS [   0.010s] ( 628/4752) secret_redaction tests::test_stripe_api_key
        PASS [   0.008s] ( 629/4752) settings macros::macros_tests::test_default_storage_key_is_setting_name
        PASS [   0.009s] ( 630/4752) settings macros::macros_tests::test_can_override_storage_key
        PASS [   0.010s] ( 631/4752) settings macros::macros_tests::file_transform_tests::test_bool_settings_value
        PASS [   0.011s] ( 632/4752) settings macros::macros_tests::file_transform_tests::test_vec_u32_uses_serde_passthrough
        PASS [   0.029s] ( 633/4752) repo_metadata watcher::tests::test_scan_queue_handles_nonexistent_subscriber
        PASS [   0.014s] ( 634/4752) settings macros::macros_tests::test_clear_value_clears_from_correct_backend
        PASS [   0.009s] ( 635/4752) settings macros::macros_tests::test_explicit_value_tracking_after_clear_value
        PASS [   0.009s] ( 636/4752) settings macros::macros_tests::test_explicit_value_tracking_after_set_value
        PASS [   0.008s] ( 637/4752) settings macros::macros_tests::test_explicit_value_tracking_from_storage
        PASS [   0.007s] ( 638/4752) settings macros::macros_tests::test_explicit_value_tracking_with_some
        PASS [   0.007s] ( 639/4752) settings macros::macros_tests::test_hierarchy_derived_from_toml_path
        PASS [   0.007s] ( 640/4752) settings macros::macros_tests::test_hierarchy_returns_none_for_private_setting
        PASS [   0.009s] ( 641/4752) settings macros::macros_tests::test_explicit_value_tracking_cloud_sync
        PASS [   0.008s] ( 642/4752) settings macros::macros_tests::test_explicit_value_tracking_with_none
        PASS [   0.007s] ( 643/4752) settings macros::macros_tests::test_is_private_returns_false_for_public_setting
        PASS [   0.024s] ( 644/4752) secret_redaction tests::test_phone_number
        PASS [   0.008s] ( 645/4752) settings macros::macros_tests::test_is_private_returns_true_for_private_setting
        PASS [   0.008s] ( 646/4752) settings macros::macros_tests::test_load_value_resets_explicitly_set_flag
        PASS [   0.009s] ( 647/4752) settings macros::macros_tests::test_load_value_emits_event_on_change
        PASS [   0.008s] ( 648/4752) settings macros::macros_tests::test_load_value_updates_value_without_persisting
        PASS [   0.009s] ( 649/4752) settings macros::macros_tests::test_load_value_skips_event_when_unchanged
        PASS [   0.008s] ( 650/4752) settings macros::macros_tests::test_manager_is_private_for_storage_key
        PASS [   0.009s] ( 651/4752) settings macros::macros_tests::test_manager_read_local_setting_value_falls_back_when_flag_disabled
        PASS [   0.010s] ( 652/4752) settings macros::macros_tests::test_load_value_updates_explicitly_set_flag
        PASS [   0.010s] ( 653/4752) settings macros::macros_tests::test_manager_read_local_setting_value_respects_hierarchy_with_settings_file
        PASS [   0.010s] ( 654/4752) settings macros::macros_tests::test_manager_default_values_for_settings_file_excludes_private
        PASS [   0.010s] ( 655/4752) settings macros::macros_tests::test_manager_read_local_setting_value_routes_when_flag_enabled
        PASS [   0.008s] ( 656/4752) settings macros::macros_tests::test_private_setting_storage_key_is_explicit_override
        PASS [   0.008s] ( 657/4752) settings macros::macros_tests::test_new_from_storage_reads_from_correct_backend_when_flag_enabled
        PASS [   0.009s] ( 658/4752) settings macros::macros_tests::test_new_from_storage_reads_from_private_backend_when_flag_disabled
        PASS [   0.009s] ( 659/4752) settings macros::macros_tests::test_private_setting_uses_private_prefs_when_flag_disabled
        PASS [   0.008s] ( 660/4752) settings macros::macros_tests::test_public_setting_writes_to_public_prefs_when_flag_enabled
        PASS [   0.008s] ( 661/4752) settings macros::macros_tests::test_private_setting_writes_to_private_prefs_when_flag_enabled
        PASS [   0.009s] ( 662/4752) settings macros::macros_tests::test_public_setting_uses_private_prefs_when_flag_disabled
        PASS [   0.008s] ( 663/4752) settings macros::macros_tests::test_save_and_load_lifecycle
        PASS [   0.008s] ( 664/4752) settings macros::macros_tests::test_set_value_raises_changed_event_no_save
        PASS [   0.008s] ( 665/4752) settings macros::macros_tests::test_setting_name_is_struct_name
        PASS [   0.009s] ( 666/4752) settings macros::macros_tests::test_set_value_raises_changed_event_save
        PASS [   0.007s] ( 667/4752) settings macros::macros_tests::test_storage_key_is_struct_name_not_toml_path
        PASS [   0.008s] ( 668/4752) settings macros::macros_tests::test_toml_path_returns_some_for_public_setting
        PASS [   0.008s] ( 669/4752) settings macros::macros_tests::test_toml_path_returns_none_for_private_setting
        PASS [   0.009s] ( 670/4752) settings macros::macros_tests::test_toggleable_setting
        PASS [   0.009s] ( 671/4752) settings mod_tests::reload_all_public_settings_tests::test_reload_returns_empty_vec_on_success
        PASS [   0.010s] ( 672/4752) settings mod_tests::reload_all_public_settings_tests::test_absent_keys_are_not_written_back
        PASS [   0.010s] ( 673/4752) settings mod_tests::reload_all_public_settings_tests::test_loads_present_keys
        PASS [   0.009s] ( 674/4752) settings mod_tests::reload_all_public_settings_tests::test_resets_absent_keys_to_defaults
        PASS [   0.010s] ( 675/4752) settings mod_tests::reload_all_public_settings_tests::test_reload_returns_failed_keys_for_invalid_values
        PASS [   0.008s] ( 676/4752) settings mod_tests::reload_all_public_settings_tests::test_validate_returns_empty_when_all_valid
        PASS [   0.008s] ( 677/4752) settings mod_tests::write_to_preferences_tests::test_no_spurious_write_with_format_differences
        PASS [   0.009s] ( 678/4752) settings mod_tests::test_is_setting_syncable_on_current_platform
        PASS [   0.009s] ( 679/4752) settings mod_tests::reload_all_public_settings_tests::test_validate_detects_invalid_values
        PASS [   0.007s] ( 680/4752) settings schema::tests::all_defaults_produce_valid_json
        PASS [   0.008s] ( 681/4752) settings mod_tests::write_to_preferences_tests::test_no_spurious_write_with_hashmap_and_missing_options
        PASS [   0.008s] ( 682/4752) settings mod_tests::write_to_preferences_tests::test_no_spurious_write_with_toml_backend
        PASS [   0.008s] ( 683/4752) settings schema::tests::all_schemas_are_serializable
        PASS [   0.008s] ( 684/4752) settings schema::tests::all_refs_resolve_to_definitions
        PASS [   0.007s] ( 685/4752) settings schema::tests::hierarchy_values_are_well_formed
        PASS [   0.007s] ( 686/4752) settings schema::tests::nested_struct_ref_resolves
        PASS [   0.008s] ( 687/4752) settings schema::tests::all_supported_platforms_fn_succeed
        PASS [   0.008s] ( 688/4752) settings schema::tests::bool_schema
        PASS [   0.009s] ( 689/4752) settings schema::tests::at_least_one_entry_exists
        PASS [   0.008s] ( 690/4752) settings schema::tests::no_empty_storage_keys
        PASS [   0.009s] ( 691/4752) settings schema::tests::no_duplicate_storage_keys
        PASS [   0.008s] ( 692/4752) settings schema::tests::optional_field_schema
        PASS [   0.007s] ( 693/4752) settings schema::tests::simple_enum_schema
        PASS [   0.008s] ( 694/4752) settings schema::tests::string_schema
        PASS [   0.007s] ( 695/4752) settings toml_path_tests::hierarchy_three_segments
        PASS [   0.007s] ( 696/4752) settings schema::tests::struct_schema
        PASS [   0.008s] ( 697/4752) settings toml_path_tests::hierarchy_single_segment
        PASS [   0.007s] ( 698/4752) settings toml_path_tests::storage_key_three_segments
        PASS [   0.007s] ( 699/4752) settings toml_path_tests::storage_key_single_segment
        PASS [   0.008s] ( 700/4752) settings toml_path_tests::hierarchy_two_segments
        PASS [   0.007s] ( 701/4752) settings toml_path_tests::storage_key_two_segments
        PASS [   0.008s] ( 702/4752) settings_value tests::bool_passthrough
        PASS [   0.008s] ( 703/4752) settings_value tests::duration_round_trip
        PASS [   0.006s] ( 704/4752) settings_value tests::option_none
        PASS [   0.007s] ( 705/4752) settings_value tests::hashmap_round_trip
        PASS [   0.007s] ( 706/4752) settings_value tests::option_some
        PASS [   0.007s] ( 707/4752) settings_value tests::string_passthrough
        PASS [   0.007s] ( 708/4752) settings_value tests::vec_recursive
        PASS [   0.007s] ( 709/4752) settings_value::derive_tests container_default_all_fields_present
        PASS [   0.007s] ( 710/4752) settings_value::derive_tests container_default_missing_field_uses_default
        PASS [   0.007s] ( 711/4752) settings_value::derive_tests container_default_empty_object_uses_all_defaults
        PASS [   0.007s] ( 712/4752) settings_value::derive_tests container_default_non_default_field_present
        PASS [   0.007s] ( 713/4752) settings_value::derive_tests container_default_round_trip
        PASS [   0.009s] ( 714/4752) settings_value::derive_tests container_default_non_default_field_uses_struct_default
        PASS [   0.008s] ( 715/4752) settings_value::derive_tests no_container_default_missing_field_returns_none
        PASS [   0.008s] ( 716/4752) settings_value::derive_tests no_container_default_all_present_succeeds
        PASS [   0.009s] ( 717/4752) simple_logger manager::tests::register_resolved_path_rejects_duplicate_active_loggers
        PASS [   0.008s] ( 718/4752) simple_logger tests::path_with_suffix_appends_dot_n_without_replacing_extension
        PASS [   0.009s] ( 719/4752) simple_logger manager::tests::register_resolved_path_reuses_stale_entries_after_drop
        PASS [   0.012s] ( 720/4752) simple_logger manager::tests::register_reclaims_closed_logger
        PASS [   0.008s] ( 721/4752) simple_logger tests::path_with_suffix_handles_no_extension
        PASS [   0.008s] ( 722/4752) simple_logger tests::path_with_suffix_preserves_compound_extensions
        PASS [   0.008s] ( 723/4752) simple_logger tests::rotate_promotes_active_file_to_dot_one_when_no_prior_rotations
        PASS [   0.009s] ( 724/4752) simple_logger tests::rotate_no_op_when_active_file_missing_but_still_shifts_rotated
        PASS [   0.009s] ( 725/4752) simple_logger tests::rotate_discards_oldest_file_when_at_cap
        PASS [   0.007s] ( 726/4752) simple_logger tests::rotation_config_both_zero_disables
        PASS [   0.007s] ( 727/4752) simple_logger tests::rotation_config_positive_values_construct
        PASS [   0.007s] ( 728/4752) simple_logger tests::rotate_with_max_rotation_one_overwrites_dot_one
        PASS [   0.008s] ( 729/4752) simple_logger tests::rotate_tolerates_missing_intermediate_files
        PASS [   0.008s] ( 730/4752) simple_logger tests::rotate_shifts_prior_rotations_up_by_one
        PASS [   0.006s] ( 731/4752) simple_logger tests::rotation_config_zero_max_rotation_disables
        PASS [   0.005s] ( 732/4752) string-offset tests::test_char_counter_non_boundary
        PASS [   0.006s] ( 733/4752) simple_logger tests::rotation_config_zero_max_size_disables
        PASS [   0.115s] ( 734/4752) repo_metadata repository::tests::unchanged_tracked_remote_ref_does_not_notify_subscribers
        PASS [   0.006s] ( 735/4752) string-offset tests::test_char_counter_nonsequential
        PASS [   0.021s] ( 736/4752) simple_logger manager::tests::simple_logger_without_rotation_does_not_rotate_even_at_high_volume
        PASS [   0.006s] ( 737/4752) string-offset tests::test_char_counter_out_of_bounds
        PASS [   0.022s] ( 738/4752) simple_logger manager::tests::simple_logger_rotation_failure_preserves_active_log_content
        PASS [   0.006s] ( 739/4752) string-offset tests::test_char_counter_out_of_order_fails
        PASS [   0.006s] ( 740/4752) string-offset tests::test_char_counter_sequential
        PASS [   0.023s] ( 741/4752) simple_logger manager::tests::simple_logger_with_rotation_rolls_active_file_over_when_threshold_exceeded
        PASS [   0.011s] ( 742/4752) simple_logger tests::three_consecutive_rotations_preserve_order_and_discard_oldest
        PASS [   0.008s] ( 743/4752) sum_tree tests::test_cursor
        PASS [   0.007s] ( 744/4752) sum_tree tests::test_extend_and_push_tree
        PASS [   0.006s] ( 745/4752) sum_tree tests::test_update_last
        PASS [   0.008s] ( 746/4752) sum_tree tests::test_seek_position
        PASS [   0.008s] ( 747/4752) vim paragraph_iterator::tests::test_cursor_in_middle_of_newline_patch_quad_runs
        PASS [   0.008s] ( 748/4752) vim paragraph_iterator::tests::test_next_none_in_last_paragraph_previous_goes_up
        PASS [   0.009s] ( 749/4752) vim matching_brackets::tests::test_vim_find_matching_bracket
        PASS [   0.007s] ( 750/4752) vim paragraph_iterator::tests::test_previous_none_in_first_paragraph_next_goes_down
        PASS [   0.018s] ( 751/4752) sum_tree tests::test_random
        PASS [   0.009s] ( 752/4752) vim paragraph_iterator::tests::test_single_paragraph_returns_none_both_directions
        PASS [   0.007s] ( 753/4752) vim paragraph_iterator::tests::test_single_paragraph_surrounded_returns_prev_and_next
        PASS [   0.008s] ( 754/4752) vim paragraph_iterator::tests::test_three_paragraphs_lots_of_newlines_middle_para
        PASS [   0.007s] ( 755/4752) vim text_objects::paragraph::tests::vim_a_paragraph_empty_buffer
        PASS [   0.008s] ( 756/4752) vim text_objects::paragraph::tests::vim_a_paragraph_blank_lines
        PASS [   0.008s] ( 757/4752) vim text_objects::paragraph::tests::vim_a_paragraph_many_trailing_blank_lines
        PASS [   0.008s] ( 758/4752) vim text_objects::paragraph::tests::vim_a_paragraph_single_paragraph
        PASS [   0.027s] ( 759/4752) syntax_tree queries::indent_query::tests::test_indent_query_on_go
        PASS [   0.027s] ( 760/4752) syntax_tree queries::indent_query::tests::test_indent_query_on_go_bracket_expansion
        PASS [   0.016s] ( 761/4752) vim text_objects::block::tests::test_vim_a_block
        PASS [   0.008s] ( 762/4752) vim text_objects::paragraph::tests::vim_a_paragraph_three_paragraphs
        PASS [   0.009s] ( 763/4752) vim text_objects::paragraph::tests::vim_a_paragraph_two_paragraphs
        PASS [   0.007s] ( 764/4752) vim text_objects::paragraph::tests::vim_inner_paragraph_blank_lines
        PASS [   0.007s] ( 765/4752) vim text_objects::paragraph::tests::vim_inner_paragraph_empty_buffer
        PASS [   0.008s] ( 766/4752) vim text_objects::paragraph::tests::vim_inner_paragraph_three_paragraphs
        PASS [   0.008s] ( 767/4752) vim text_objects::paragraph::tests::vim_inner_paragraph_two_paragraphs
        PASS [   0.009s] ( 768/4752) vim text_objects::paragraph::tests::vim_inner_paragraph_single_paragraph
        PASS [   0.037s] ( 769/4752) syntax_tree queries::indent_query::tests::test_indent_query_on_python
        PASS [   0.008s] ( 770/4752) vim text_objects::quote::tests::test_a_quote
        PASS [   0.010s] ( 771/4752) vim text_objects::paragraph::tests::vim_paragraph_lines_with_spaces_included
        PASS [   0.007s] ( 772/4752) vim text_objects::word::tests::test_vim_a_bigword
        PASS [   0.029s] ( 773/4752) vim text_objects::block::tests::test_vim_inner_block
        PASS [   0.008s] ( 774/4752) vim text_objects::quote::tests::test_inner_quote
        PASS [   0.040s] ( 775/4752) syntax_tree queries::indent_query::tests::test_indent_query_on_python_colon
        PASS [   0.007s] ( 776/4752) vim text_objects::word::tests::test_vim_inner_bigword
        PASS [   0.008s] ( 777/4752) vim text_objects::word::tests::test_vim_a_word
        PASS [   0.043s] ( 778/4752) syntax_tree queries::indent_query::tests::test_indent_query_on_javascript
        PASS [   0.008s] ( 779/4752) vim text_objects::word::tests::test_vim_inner_word
        PASS [   0.008s] ( 780/4752) vim vim::tests::test_normal_mode_1gg_jumps_to_line_1
        PASS [   0.007s] ( 781/4752) vim vim::tests::test_normal_mode_G_jumps_to_last_line
        PASS [   0.007s] ( 782/4752) vim vim::tests::test_normal_mode_counted_G_jumps_to_specific_line
        PASS [   0.007s] ( 783/4752) vim vim::tests::test_normal_mode_counted_gg_two_digits
        PASS [   0.008s] ( 784/4752) vim vim::tests::test_normal_mode_counted_double_greater_indents_count_lines
        PASS [   0.008s] ( 785/4752) vim vim::tests::test_normal_mode_counted_gg_jumps_to_specific_line
        PASS [   0.008s] ( 786/4752) vim vim::tests::test_normal_mode_counted_greater_with_motion_multiplies_count
        PASS [   0.007s] ( 787/4752) vim vim::tests::test_normal_mode_double_greater_indents_line
        PASS [   0.008s] ( 788/4752) vim vim::tests::test_normal_mode_counted_uppercase_r_repeats_the_session
        PASS [   0.007s] ( 789/4752) vim vim::tests::test_normal_mode_double_greater_is_dot_repeatable
        PASS [   0.008s] ( 790/4752) vim vim::tests::test_normal_mode_double_less_dedents_line
        PASS [   0.007s] ( 791/4752) vim vim::tests::test_normal_mode_double_less_is_dot_repeatable
        PASS [   0.008s] ( 792/4752) vim vim::tests::test_normal_mode_gg_jumps_to_first_line
        PASS [   0.009s] ( 793/4752) vim vim::tests::test_normal_mode_greater_to_last_line_is_linewise
        PASS [   0.008s] ( 794/4752) vim vim::tests::test_normal_mode_greater_with_down_motion_is_linewise
        PASS [   0.008s] ( 795/4752) vim vim::tests::test_normal_mode_r_replaces_once_and_returns_to_normal
        PASS [   0.008s] ( 796/4752) vim vim::tests::test_normal_mode_uppercase_r_replaces_continuously_until_escape
        PASS [   0.007s] ( 797/4752) vim vim::tests::test_operator_pending_cgg_changes_to_first_line
        PASS [   0.009s] ( 798/4752) vim vim::tests::test_normal_mode_greater_with_word_motion_is_charwise
        PASS [   0.007s] ( 799/4752) vim vim::tests::test_operator_pending_d1gg_deletes_to_line_1
        PASS [   0.008s] ( 800/4752) vim vim::tests::test_operator_pending_c3gg_changes_to_specific_line
        PASS [   0.007s] ( 801/4752) vim vim::tests::test_operator_pending_d4G_deletes_to_specific_line
        PASS [   0.009s] ( 802/4752) vim vim::tests::test_operator_pending_d5gg_deletes_to_specific_line
        PASS [   0.008s] ( 803/4752) vim vim::tests::test_operator_pending_dG_deletes_to_last_line
        PASS [   0.007s] ( 804/4752) vim vim::tests::test_operator_pending_dgg_deletes_to_first_line
        PASS [   0.007s] ( 805/4752) vim vim::tests::test_visual_charwise_less_emits_visual_dedent_operator
        PASS [   0.007s] ( 806/4752) vim vim::tests::test_operator_pending_ygg_yanks_to_first_line
        PASS [   0.008s] ( 807/4752) vim vim::tests::test_operator_pending_y7gg_yanks_to_specific_line
        PASS [   0.007s] ( 808/4752) vim vim::tests::test_visual_charwise_mode_gg_selects_to_first_line
        PASS [   0.007s] ( 809/4752) vim vim::tests::test_visual_charwise_mode_10gg_selects_to_specific_line
        PASS [   0.007s] ( 810/4752) vim vim::tests::test_visual_linewise_greater_emits_visual_indent_operator
        PASS [   0.007s] ( 811/4752) vim vim::tests::test_visual_linewise_mode_3G_selects_to_specific_line
        PASS [   0.007s] ( 812/4752) vim vim::tests::test_visual_linewise_mode_5gg_selects_to_specific_line
        PASS [   0.008s] ( 813/4752) vim vim::tests::test_visual_linewise_mode_G_selects_to_last_line
        PASS [   0.008s] ( 814/4752) vim vim::tests::test_visual_linewise_mode_gg_selects_to_first_line
        PASS [   0.008s] ( 815/4752) vim word_iterator::tests::test_out_of_bounds_is_error
        PASS [   0.007s] ( 816/4752) vim word_iterator::tests::test_word_backward_heads
        PASS [   0.007s] ( 817/4752) vim word_iterator::tests::test_word_backward_heads_including_symbols
        PASS [   0.007s] ( 818/4752) vim word_iterator::tests::test_word_backward_tails_including_symbols
        PASS [   0.008s] ( 819/4752) vim word_iterator::tests::test_word_backward_tails
        PASS [   0.008s] ( 820/4752) vim word_iterator::tests::test_word_forward_heads_including_symbols
        PASS [   0.009s] ( 821/4752) vim word_iterator::tests::test_word_forward_heads
        PASS [   0.008s] ( 822/4752) vim word_iterator::tests::test_word_forward_tails
        PASS [   0.008s] ( 823/4752) vim word_iterator::tests::test_word_forward_tails_including_symbols
        PASS [   0.011s] ( 824/4752) warp app_state::tests::test_code_pane_snapshot_with_multiple_tabs
        PASS [   0.012s] ( 825/4752) warp app_state::tests::test_has_horizontal_split
        PASS [   0.012s] ( 826/4752) warp app_state::tests::test_code_pane_snapshot_single_tab
        PASS [   0.019s] ( 827/4752) warp ai::persisted_workspace::tests::changing_language_server_preference_reaches_persistence_writer
        PASS [   0.019s] ( 828/4752) warp ai::persisted_workspace::tests::restored_workspace_keeps_language_server_preferences
        PASS [   0.024s] ( 829/4752) warp ai::persisted_workspace::tests::reopening_workspace_keeps_existing_metadata_and_lsp_preferences
        PASS [   0.022s] ( 830/4752) warp code::editor::diff::tests::test_reverse_action_deleted_lines
        PASS [   0.022s] ( 831/4752) warp code::editor::diff::tests::test_diff_count_before_line
        PASS [   0.022s] ( 832/4752) warp code::editor::diff::tests::test_reverse_action
        PASS [   0.024s] ( 833/4752) warp code::editor::diff::tests::test_coalesce_replacements
        PASS [   0.024s] ( 834/4752) warp code::editor::diff::tests::test_diff_generation
        PASS [   0.016s] ( 835/4752) warp code::editor::diff::tests::test_unified_diff
        PASS [   0.013s] ( 836/4752) warp code::editor::element::tests::absolute_line_numbers_default_to_one_based_values
        PASS [   0.018s] ( 837/4752) warp code::editor::diff::tests::test_reverse_action_replaced_text
        PASS [   0.020s] ( 838/4752) warp code::editor::diff::tests::test_reverse_action_replaced_newlines
        PASS [   0.013s] ( 839/4752) warp code::editor::element::tests::absolute_line_numbers_honor_starting_line_number
        PASS [   0.013s] ( 840/4752) warp code::editor::element::tests::relative_line_numbers_fall_back_to_absolute_without_active_line
        PASS [   0.012s] ( 841/4752) warp code::editor::element::tests::relative_line_numbers_show_absolute_value_on_active_line
        PASS [   0.013s] ( 842/4752) warp code::editor::element::tests::relative_line_numbers_use_starting_line_number_for_active_line_only
        PASS [   0.013s] ( 843/4752) warp code::editor::element::tests::relative_line_numbers_show_distance_above_and_below_active_line
        PASS [   0.014s] ( 844/4752) warp code::editor::embedded_comment::tests::test_comment_embedded_item_conversion_invalid_entity_id
        PASS [   0.013s] ( 845/4752) warp code::editor::embedded_comment::tests::test_comment_embedded_item_conversion_invalid_uuid
        PASS [   0.013s] ( 846/4752) warp code::editor::embedded_comment::tests::test_comment_embedded_item_conversion_invalid_window_id
        PASS [   0.012s] ( 847/4752) warp code::editor::embedded_comment::tests::test_comment_embedded_item_conversion_missing_window_id
        PASS [   0.013s] ( 848/4752) warp code::editor::embedded_comment::tests::test_comment_embedded_item_conversion_missing_comment_id
        PASS [   0.012s] ( 849/4752) warp code::editor::embedded_comment::tests::test_comment_embedded_item_conversion_roundtrip
        PASS [   0.010s] ( 850/4752) warp code::editor::embedded_comment::tests::test_comment_embedded_item_conversion_valid_input
        PASS [   0.015s] ( 851/4752) warp code::editor::embedded_comment::tests::test_comment_embedded_item_conversion_missing_entity_id
        PASS [   0.119s] ( 852/4752) syntax_tree queries::indent_query::tests::test_indent_query
        PASS [   0.136s] ( 853/4752) syntax_tree queries::indent_query::tests::test_indent_query_on_typescript
        PASS [   0.029s] ( 854/4752) warp code::editor::model::tests::test_char_cell_diff_pipeline_populates_ghosts_and_hidden_ranges
        PASS [   0.117s] ( 855/4752) warp code::editor::model::tests::test_line_at_vertical_offset_returns_none_for_invalid
        PASS [   0.118s] ( 856/4752) warp code::editor::model::tests::test_line_at_vertical_offset_removed_line_insert_above
        PASS [   0.128s] ( 857/4752) warp code::editor::model::tests::test_apply_single_deletion
        PASS [   0.133s] ( 858/4752) warp code::editor::model::tests::test_apply_diffs
        PASS [   0.129s] ( 859/4752) warp code::editor::model::tests::test_hidden_lines_window_is_symmetric_around_changes
        PASS [   0.134s] ( 860/4752) warp code::editor::model::tests::replace_first_n_characters_handles_incremental_unicode_prefix
        PASS [   0.134s] ( 861/4752) warp code::editor::model::tests::test_apply_diff_on_empty_buffer
        PASS [   0.131s] ( 862/4752) warp code::editor::model::tests::test_match_line_to_text_search_window_expansion
        PASS [   0.134s] ( 863/4752) warp code::editor::model::tests::test_match_line_to_text_exact_match
        PASS [   0.137s] ( 864/4752) warp code::editor::model::tests::test_match_line_to_text_nearby_match
        PASS [   0.146s] ( 865/4752) warp code::editor::model::tests::test_line_at_vertical_offset_current_line_insert_above
        PASS [   0.123s] ( 866/4752) warp code::editor::model::tests::test_no_trailing_newline
        PASS [   0.124s] ( 867/4752) warp code::editor::model::tests::test_move_by_word
        PASS [   0.027s] ( 868/4752) warp code::editor::view::view_tests::test_interaction_state_prevents_editing
        PASS [   0.028s] ( 869/4752) warp code::editor::view::vim_handler::tests::test_code_editor_vim_basic_mode_switching
        PASS [   0.028s] ( 870/4752) warp code::editor::view::vim_handler::tests::test_clicking_find_input_after_vim_search_word_restores_editing
        PASS [   0.032s] ( 871/4752) warp code::editor::view::vim_handler::tests::test_clicking_find_input_after_vim_enter_restores_editing
        PASS [   0.023s] ( 872/4752) warp code::editor::view::vim_handler::tests::test_vim_begin_line_above
        PASS [   0.021s] ( 873/4752) warp code::editor::view::vim_handler::tests::test_vim_c_percent_changes_to_matching_bracket
        PASS [   0.021s] ( 874/4752) warp code::editor::view::vim_handler::tests::test_vim_counted_double_greater_indents_two_lines
        PASS [   0.027s] ( 875/4752) warp code::editor::view::vim_handler::tests::test_vim_begin_line_below
        PASS [   0.022s] ( 876/4752) warp code::editor::view::vim_handler::tests::test_vim_ctrl_d_clears_pending_operator
        PASS [   0.030s] ( 877/4752) warp code::editor::view::vim_handler::tests::test_vim_counted_k_overflow_does_not_panic
        PASS [   0.029s] ( 878/4752) warp code::editor::view::vim_handler::tests::test_vim_ctrl_d_consumes_pending_count
        PASS [   0.122s] ( 879/4752) warp code::editor::model::tests::test_reset_version
        PASS [   0.126s] ( 880/4752) warp code::editor::model::tests::test_retrieve_unified_diff_mixed_line_endings
        PASS [   0.118s] ( 881/4752) warp code::editor::model::tests::test_toggle_comment
        PASS [   0.118s] ( 882/4752) warp code::editor::model::tests::test_text_for_line
        PASS [   0.123s] ( 883/4752) warp code::editor::model::tests::test_retrieve_unified_diff_windows_line_endings
        PASS [   0.021s] ( 884/4752) warp code::editor::view::vim_handler::tests::test_vim_d_percent_deletes_to_matching_bracket
        PASS [   0.034s] ( 885/4752) warp code::editor::view::vim_handler::tests::test_vim_ctrl_d_with_count_scrolls_n_lines
        PASS [   0.035s] ( 886/4752) warp code::editor::view::vim_handler::tests::test_vim_ctrl_u_scrolls_half_page_up
        PASS [   0.053s] ( 887/4752) warp code::editor::view::vim_handler::tests::test_vim_ctrl_d_scrolls_half_page_down
        PASS [   0.119s] ( 888/4752) warp code::editor::model::tests::test_update_comment_location_removed_line
        PASS [   0.122s] ( 889/4752) warp code::editor::model::tests::test_version_match
        PASS [   0.022s] ( 890/4752) warp code::editor::view::vim_handler::tests::test_vim_delete_char_backspace
        PASS [   0.136s] ( 891/4752) warp code::editor::model::tests::test_two_editors_sharing_a_buffer_both_lay_out_a_large_content_replace
        PASS [   0.021s] ( 892/4752) warp code::editor::view::vim_handler::tests::test_vim_delete_char_motion_sideways
        PASS [   0.137s] ( 893/4752) warp code::editor::model::tests::test_update_comment_location_current_moved_line
        PASS [   0.020s] ( 894/4752) warp code::editor::view::vim_handler::tests::test_vim_delete_char_space
        PASS [   0.020s] ( 895/4752) warp code::editor::view::vim_handler::tests::test_vim_delete_char_x
        PASS [   0.019s] ( 896/4752) warp code::editor::view::vim_handler::tests::test_vim_delete_lines_d0
        PASS [   0.020s] ( 897/4752) warp code::editor::view::vim_handler::tests::test_vim_delete_lines_d_caret
        PASS [   0.019s] ( 898/4752) warp code::editor::view::vim_handler::tests::test_vim_delete_word_db
        PASS [   0.022s] ( 899/4752) warp code::editor::view::vim_handler::tests::test_vim_delete_lines_d_dollar
        PASS [   0.021s] ( 900/4752) warp code::editor::view::vim_handler::tests::test_vim_delete_word_de
        PASS [   0.021s] ( 901/4752) warp code::editor::view::vim_handler::tests::test_vim_delete_word_dge
        PASS [   0.017s] ( 902/4752) warp code::editor::view::vim_handler::tests::test_vim_delete_word_dw
        PASS [   0.018s] ( 903/4752) warp code::editor::view::vim_handler::tests::test_vim_delete_word_empty
        PASS [   0.018s] ( 904/4752) warp code::editor::view::vim_handler::tests::test_vim_double_greater_indents_current_line
        PASS [   0.019s] ( 905/4752) warp code::editor::view::vim_handler::tests::test_vim_dgg_at_first_line_does_not_panic
        PASS [   0.018s] ( 906/4752) warp code::editor::view::vim_handler::tests::test_vim_double_greater_preserves_non_leading_text
        PASS [   0.018s] ( 907/4752) warp code::editor::view::vim_handler::tests::test_vim_double_less_removes_only_one_indent_unit
        PASS [   0.019s] ( 908/4752) warp code::editor::view::vim_handler::tests::test_vim_double_less_dedents_current_line
        PASS [   0.021s] ( 909/4752) warp code::editor::view::vim_handler::tests::test_vim_double_less_at_column_zero_is_noop
        PASS [   0.021s] ( 910/4752) warp code::editor::view::vim_handler::tests::test_vim_dw_newline_quirks
        PASS [   0.018s] ( 911/4752) warp code::editor::view::vim_handler::tests::test_vim_greater_to_last_line_indents_all_lines
        PASS [   0.018s] ( 912/4752) warp code::editor::view::vim_handler::tests::test_vim_greater_with_down_motion_indents_two_lines
        PASS [   0.020s] ( 913/4752) warp code::editor::view::vim_handler::tests::test_vim_gg_at_first_line_does_not_panic
        PASS [   0.019s] ( 914/4752) warp code::editor::view::vim_handler::tests::test_vim_indent_then_undo_restores_buffer
        PASS [   0.021s] ( 915/4752) warp code::editor::view::vim_handler::tests::test_vim_indent_dot_repeat_repeats_last_indent
        PASS [   0.018s] ( 916/4752) warp code::editor::view::vim_handler::tests::test_vim_jump_to_end_and_beginning
        PASS [   0.019s] ( 917/4752) warp code::editor::view::vim_handler::tests::test_vim_k_at_top_of_file_does_not_panic
        PASS [   0.019s] ( 918/4752) warp code::editor::view::vim_handler::tests::test_vim_linewise_delete_at_first_line_does_not_panic
        PASS [   0.018s] ( 919/4752) warp code::editor::view::vim_handler::tests::test_vim_number_repeat_action
        PASS [   0.017s] ( 920/4752) warp code::editor::view::vim_handler::tests::test_vim_number_repeat_character_motions_left
        PASS [   0.021s] ( 921/4752) warp code::editor::view::vim_handler::tests::test_vim_number_repeat_character_motion
        PASS [   0.019s] ( 922/4752) warp code::editor::view::vim_handler::tests::test_vim_number_repeat_character_motions_right
        PASS [   0.026s] ( 923/4752) warp code::editor::view::vim_handler::tests::test_vim_linewise_operations_at_eof
        PASS [   0.019s] ( 924/4752) warp code::editor::view::vim_handler::tests::test_vim_number_repeat_op_combination
        PASS [   0.021s] ( 925/4752) warp code::editor::view::vim_handler::tests::test_vim_number_repeat_line_motion
        PASS [   0.021s] ( 926/4752) warp code::editor::view::vim_handler::tests::test_vim_number_repeat_op_line_motions
        PASS [   0.019s] ( 927/4752) warp code::editor::view::vim_handler::tests::test_vim_number_repeat_word_motion
        PASS [   0.023s] ( 928/4752) warp code::editor::view::vim_handler::tests::test_vim_number_repeat_op_line_object
        PASS [   0.022s] ( 929/4752) warp code::editor::view::vim_handler::tests::test_vim_number_repeat_op_word_motion
        PASS [   0.017s] ( 930/4752) warp code::editor::view::vim_handler::tests::test_vim_number_repeat_yank_paste_linewise
        PASS [   0.017s] ( 931/4752) warp code::editor::view::vim_handler::tests::test_vim_replace_number_repeat_end_of_line
        PASS [   0.020s] ( 932/4752) warp code::editor::view::vim_handler::tests::test_vim_number_repeat_yank_paste_charwise
        PASS [   0.022s] ( 933/4752) warp code::editor::view::vim_handler::tests::test_vim_replace_number_repeat
        PASS [   0.019s] ( 934/4752) warp code::editor::view::vim_handler::tests::test_vim_replace_simple
        PASS [   0.021s] ( 935/4752) warp code::editor::view::vim_handler::tests::test_vim_substitute_char
        PASS [   0.021s] ( 936/4752) warp code::editor::view::vim_handler::tests::test_vim_substitute_line
        PASS [   0.020s] ( 937/4752) warp code::editor::view::vim_handler::tests::test_vim_visual_greater_across_multiple_lines
        PASS [   0.021s] ( 938/4752) warp code::editor::view::vim_handler::tests::test_vim_uppercase_r_extends_at_eol_and_dot_replays_the_session
        PASS [   0.017s] ( 939/4752) warp code::editor::view::vim_handler::tests::test_vim_visual_linewise_greater_indents_selection
        PASS [   0.020s] ( 940/4752) warp code::editor::view::vim_handler::tests::test_vim_visual_linewise_delete_first_line_does_not_panic
        PASS [   0.012s] ( 941/4752) warp code::file_tree::snapshot::tests::test_child_entries
        PASS [   0.022s] ( 942/4752) warp code::editor::view::vim_handler::tests::test_vim_visual_selection_with_newlines
        PASS [   0.020s] ( 943/4752) warp code::editor::view::vim_handler::tests::test_vim_y_percent_yanks_to_matching_bracket
        PASS [   0.023s] ( 944/4752) warp code::editor::view::vim_handler::tests::test_vim_visual_linewise_less_dedents_selection
        PASS [   0.012s] ( 945/4752) warp code::file_tree::snapshot::tests::test_child_entries_empty_directory
        PASS [   0.020s] ( 946/4752) warp code::editor::view::vim_handler::tests::test_vim_zz_in_normal_mode_preserves_cursor_and_mode
        PASS [   0.022s] ( 947/4752) warp code::editor::view::vim_handler::tests::test_vim_z_followed_by_non_z_clears_pending
        PASS [   0.019s] ( 948/4752) warp code::editor::view::vim_handler::tests::test_vim_zz_in_visual_mode_preserves_cursor_and_mode
        PASS [   0.014s] ( 949/4752) warp code::file_tree::snapshot::tests::test_expand_directory
        PASS [   0.012s] ( 950/4752) warp code::file_tree::snapshot::tests::test_file_entry_creation
        PASS [   0.012s] ( 951/4752) warp code::file_tree::snapshot::tests::test_handle_added_in_loaded_directory
        PASS [   0.012s] ( 952/4752) warp code::file_tree::snapshot::tests::test_handle_added_in_unloaded_directory
        PASS [   0.014s] ( 953/4752) warp code::file_tree::snapshot::tests::test_file_entry_ignored
        PASS [   0.011s] ( 954/4752) warp code::file_tree::snapshot::tests::test_handle_removed
        PASS [   0.011s] ( 955/4752) warp code::file_tree::snapshot::tests::test_handle_removed_nonexistent
        PASS [   0.011s] ( 956/4752) warp code::file_tree::snapshot::tests::test_handle_renamed
        PASS [   0.012s] ( 957/4752) warp code::file_tree::snapshot::tests::test_insert_and_lookup
        PASS [   0.012s] ( 958/4752) warp code::file_tree::snapshot::tests::test_is_parent_loaded_root
        PASS [   0.011s] ( 959/4752) warp code::file_tree::snapshot::tests::test_is_parent_loaded_unloaded_directory
        PASS [   0.013s] ( 960/4752) warp code::file_tree::snapshot::tests::test_is_parent_loaded_nested
        PASS [   0.010s] ( 961/4752) warp code::file_tree::snapshot::tests::test_single_entry
        PASS [   0.013s] ( 962/4752) warp code::file_tree::snapshot::tests::test_path_key_ordering
        PASS [   0.013s] ( 963/4752) warp code::file_tree::snapshot::tests::test_remove_entry
        PASS [   0.011s] ( 964/4752) warp code::file_tree::snapshot::tests::test_summary_for_ignored_file
        PASS [   0.011s] ( 965/4752) warp code::file_tree::snapshot::tests::test_summary_for_ignored_directory
        PASS [   0.013s] ( 966/4752) warp code::file_tree::snapshot::tests::test_snapshot_with_root
        PASS [   0.012s] ( 967/4752) warp code::file_tree::snapshot::tests::test_summary_add_assign
        PASS [   0.011s] ( 968/4752) warp code::file_tree::snapshot::tests::test_summary_for_visible_file
        PASS [   0.012s] ( 969/4752) warp code::file_tree::snapshot::tests::test_update_existing_entry
        PASS [   0.013s] ( 970/4752) warp code::file_tree::snapshot::tests::test_summary_for_visible_directory
        PASS [   0.012s] ( 971/4752) warp code::file_tree::view::editing::tests::sort_entries_for_file_tree_sorts_without_panicking_on_missing_children
        PASS [   0.011s] ( 972/4752) warp code::file_tree::view::editing::tests::sort_entries_for_file_tree_uses_natural_order_for_numbered_files
        PASS [   0.013s] ( 973/4752) warp code::file_tree::view::editing::tests::sort_entries_for_file_tree_is_antisymmetric_for_missing_entries
        PASS [   0.023s] ( 974/4752) warp code::file_tree::view::view_tests::absorbed_descendant_is_unregistered_from_lazy_loaded_paths
        PASS [   0.022s] ( 975/4752) warp code::file_tree::view::view_tests::absorption_migrates_expanded_and_explicitly_collapsed_state
        PASS [   0.022s] ( 976/4752) warp code::file_tree::view::view_tests::auto_expand_overrides_selection_when_most_recent_root_changes
        PASS [   0.021s] ( 977/4752) warp code::file_tree::view::view_tests::descendant_is_absorbed_into_ancestor
        PASS [   0.021s] ( 978/4752) warp code::file_tree::view::view_tests::cd_into_descendant_absorbs_into_existing_ancestor_root
        PASS [   0.025s] ( 979/4752) warp code::file_tree::view::view_tests::auto_expand_preserves_existing_selection
        PASS [   0.022s] ( 980/4752) warp code::file_tree::view::view_tests::explicit_collapse_blocks_auto_expand_on_absorption
        PASS [   0.024s] ( 981/4752) warp code::file_tree::view::view_tests::failed_lazy_loaded_path_registration_is_retried
        PASS [   0.022s] ( 982/4752) warp code::file_tree::view::view_tests::hidden_root_directory_is_not_filtered
        PASS [   0.025s] ( 983/4752) warp code::file_tree::view::view_tests::focus_follows_absorbed_descendant_once_its_item_is_materialized
        PASS [   0.023s] ( 984/4752) warp code::file_tree::view::view_tests::pending_focus_target_does_not_re_scroll_after_first_apply
        PASS [   0.031s] ( 985/4752) warp code::file_tree::view::view_tests::click_on_file_under_absorbed_descendant_keeps_file_selected
        PASS [   0.024s] ( 986/4752) warp code::file_tree::view::view_tests::hidden_files_are_filtered_until_setting_is_enabled
        PASS [   0.021s] ( 987/4752) warp code::file_tree::view::view_tests::sibling_roots_are_preserved
        PASS [   0.024s] ( 988/4752) warp code::file_tree::view::view_tests::pending_repository_root_does_not_register_lazy_loaded_path
        PASS [   0.023s] ( 989/4752) warp code::file_tree::view::view_tests::selected_hidden_file_is_cleared_when_filtered
        PASS [   0.026s] ( 990/4752) warp code::file_tree::view::view_tests::repo_backed_unloaded_directory_loads_through_model
        PASS [   0.022s] ( 991/4752) warp code_review::code_review_view::tests::test_handle_edit_comment_scrolls_with_buffer
        PASS [   0.024s] ( 992/4752) warp code_review::code_review_view::tests::test_active_comments_not_marked_outdated
        PASS [   0.027s] ( 993/4752) warp code::file_tree::view::view_tests::repo_transition_unregisters_lazy_loaded_path
        PASS [   0.021s] ( 994/4752) warp code_review::code_review_view::tests::test_native_indented_context_comment_not_outdated
        PASS [   0.022s] ( 995/4752) warp code_review::code_review_view::tests::test_imported_context_line_comment_removed_marked_outdated
        PASS [   0.021s] ( 996/4752) warp code_review::code_review_view::tests::test_on_close_then_on_open_reinitializes_repo_state
        PASS [   0.023s] ( 997/4752) warp code_review::code_review_view::tests::test_imported_context_line_comment_relocates_and_not_outdated
        PASS [   0.021s] ( 998/4752) warp code_review::code_review_view::tests::test_relocate_comments_file_comment_no_matching_editor_marked_outdated
        PASS [   0.021s] ( 999/4752) warp code_review::code_review_view::tests::test_relocate_comments_empty_input
        PASS [   0.020s] (1000/4752) warp code_review::code_review_view::tests::test_relocate_comments_file_comment_passes_through
        PASS [   0.019s] (1001/4752) warp code_review::code_review_view::tests::test_relocate_comments_general_comment_passes_through
        PASS [   0.019s] (1002/4752) warp code_review::code_review_view::tests::test_relocate_comments_line_comment_no_matching_editor_marked_outdated
        PASS [   0.018s] (1003/4752) warp code_review::code_review_view::tests::test_relocate_comments_line_removed_marked_outdated
        PASS [   0.012s] (1004/4752) warp code_review::comments::comment::tests::imported_original_text_handles_blank_context_line
        PASS [   0.013s] (1005/4752) warp code_review::comments::batch::tests::file_and_line_queries_filter_by_suffix
        PASS [   0.019s] (1006/4752) warp code_review::code_review_view::tests::test_relocate_comments_line_comment_with_absolute_path
        PASS [   0.014s] (1007/4752) warp code_review::comments::batch::tests::delete_and_clear_mutations_work
        PASS [   0.017s] (1008/4752) warp code_review::code_review_view::tests::test_setup_dropdown_with_branches_includes_all_items
        PASS [   0.018s] (1009/4752) warp code_review::code_review_view::tests::test_relocate_comments_multiple_comment_types
        PASS [   0.015s] (1010/4752) warp code_review::comments::batch::tests::upsert_replaces_existing_comment_in_place
        PASS [   0.016s] (1011/4752) warp code_review::comments::batch::tests::editor_comments_for_file_includes_only_line_comments
        PASS [   0.018s] (1012/4752) warp code_review::code_review_view::tests::test_setup_dropdown_without_branches_only_has_uncommitted_changes
        PASS [   0.011s] (1013/4752) warp code_review::comments::comment::tests::imported_original_text_strips_addition_and_deletion_markers
        PASS [   0.010s] (1014/4752) warp code_review::comments::comment::tests::imported_original_text_strips_only_one_leading_space
        PASS [   0.011s] (1015/4752) warp code_review::comments::comment::tests::imported_original_text_strips_context_space_prefix
        PASS [   0.011s] (1016/4752) warp code_review::comments::comment::tests::original_text_preserves_markdown_list_dash_in_addition
        PASS [   0.010s] (1017/4752) warp code_review::comments::comment::tests::original_text_preserves_space_prefixed_content
        PASS [   0.011s] (1018/4752) warp code_review::comments::comment::tests::imported_original_text_strips_only_one_marker_for_markdown_list
        PASS [   0.011s] (1019/4752) warp code_review::comments::comment::tests::original_text_preserves_dash_only_content_in_addition
        PASS [   0.011s] (1020/4752) warp code_review::comments::comment::tests::original_text_handles_plain_text_without_prefix
        PASS [   0.012s] (1021/4752) warp code_review::comments::comment::tests::original_text_handles_empty_content
        PASS [   0.010s] (1022/4752) warp code_review::comments::comment::tests::original_text_strips_deletion_prefix
        PASS [   0.012s] (1023/4752) warp code_review::comments::comment::tests::original_text_strips_addition_prefix
        PASS [   0.011s] (1024/4752) warp code_review::comments::comment::tests::original_text_strips_only_one_leading_minus
        PASS [   0.011s] (1025/4752) warp code_review::comments::comment::tests::original_text_strips_only_one_leading_plus
        PASS [   0.011s] (1026/4752) warp code_review::comments::comment::tests::original_text_strips_trailing_newline
        PASS [   0.012s] (1027/4752) warp code_review::diff_state::local::tests::num_lines_in_file_if_non_binary_errors_for_directory
        PASS [   0.010s] (1028/4752) warp code_review::diff_state::local::tests::test_parse_git_status_file_without_spaces_still_works
        PASS [   0.011s] (1029/4752) warp code_review::diff_state::local::tests::test_parse_git_status_new_file_with_spaces
        PASS [   0.011s] (1030/4752) warp code_review::diff_state::local::tests::test_parse_git_status_mixed_entries_with_spaces
        PASS [   0.014s] (1031/4752) warp code_review::diff_state::local::tests::num_lines_in_file_if_non_binary_counts_lines_in_text_file
        PASS [   0.012s] (1032/4752) warp code_review::diff_state::local::tests::test_parse_git_status_modified_file_with_multiple_spaces
        PASS [   0.012s] (1033/4752) warp code_review::diff_state::local::tests::test_parse_git_status_modified_file_with_spaces
        PASS [   0.010s] (1034/4752) warp code_review::diff_state::local::tests::test_parse_git_status_unmerged_file_with_spaces
        PASS [   0.012s] (1035/4752) warp code_review::diff_state::local::tests::test_parse_git_status_renamed_file_with_spaces
        PASS [   0.011s] (1036/4752) warp code_review::diff_state::local::tests::test_parse_git_status_untracked_file_with_spaces
        PASS [   0.676s] (1037/4752) repo_metadata watcher::tests::test_commit_related_files_excluded_from_update_lists
        PASS [   0.011s] (1038/4752) warp code_review::diff_state::local::tests::test_parse_range_with_comma
        PASS [   0.010s] (1039/4752) warp code_review::diff_state::local::tests::test_parse_unified_diff_header_with_context
        PASS [   0.012s] (1040/4752) warp code_review::diff_state::local::tests::test_parse_unified_diff_header_basic
        PASS [   0.013s] (1041/4752) warp code_review::diff_state::local::tests::test_parse_range_without_comma
        PASS [   0.012s] (1042/4752) warp code_review::diff_state::local::tests::test_parse_unified_diff_header_single_line
        PASS [   0.011s] (1043/4752) warp code_review::diff_state::local::tests::test_sort_branches_main_first_multiple_main_flags
        PASS [   0.013s] (1044/4752) warp code_review::diff_state::local::tests::test_parse_unified_diff_header_malformed
        PASS [   0.012s] (1045/4752) warp code_review::diff_state::local::tests::test_sort_branches_main_first_main_already_first
        PASS [   0.013s] (1046/4752) warp code_review::diff_state::local::tests::test_sort_branches_main_first_empty
        PASS [   0.012s] (1047/4752) warp code_review::diff_state::local::tests::test_sort_branches_main_first_no_main
        PASS [   0.011s] (1048/4752) warp code_review::diff_state::local::tests::test_sort_branches_main_first_preserves_recency_order_for_non_main
        PASS [   0.012s] (1049/4752) warp code_review::diff_state::local::tests::test_sort_branches_main_first_promotes_main
        PASS [   0.011s] (1050/4752) warp code_review::diff_state::local::tests::untracked_directory_diff_is_empty_and_non_binary
        PASS [   0.012s] (1051/4752) warp code_review::diff_state::local::tests::untracked_directory_has_no_baseline_content
        PASS [   0.013s] (1052/4752) warp code_review::diff_state::wrapper_tests::branch_info_none_for_test_model
        PASS [   0.012s] (1053/4752) warp code_review::diff_state::wrapper_tests::has_head_false_for_test_model
        PASS [   0.013s] (1054/4752) warp code_review::diff_state::wrapper_tests::diff_mode_defaults_to_head
        PASS [   0.012s] (1055/4752) warp code_review::diff_state::wrapper_tests::uncommitted_stats_none_for_test_model
        PASS [   0.013s] (1056/4752) warp code_review::diff_state::wrapper_tests::get_returns_not_in_repository_for_test_model
        PASS [   0.014s] (1057/4752) warp code_review::diff_state::wrapper_tests::new_for_test_creates_local_variant
        PASS [   0.013s] (1058/4752) warp code_review::git_repo_model::local::tests::should_refresh_metadata_ignores_ignored_file_updates
        PASS [   0.020s] (1059/4752) warp code_review::find_model::tests::test_regex_search
        PASS [   0.023s] (1060/4752) warp code_review::find_model::tests::test_case_sensitive_search
        PASS [   0.014s] (1061/4752) warp code_review::github_repo_model::local::tests::pr_info_cleared_on_branch_change
        PASS [   0.023s] (1062/4752) warp code_review::find_model::tests::test_clear_selection_when_editor_removed
        PASS [   0.012s] (1063/4752) warp code_review::hidden_lines::tests::test_comment_at_file_beginning
        PASS [   0.012s] (1064/4752) warp code_review::hidden_lines::tests::test_comment_at_file_end
        PASS [   0.015s] (1065/4752) warp code_review::github_repo_model::local::tests::repository_info_survives_branch_change
        PASS [   0.015s] (1066/4752) warp code_review::github_repo_model::local::tests::repository_info_preserved_on_fetch_error
        PASS [   0.017s] (1067/4752) warp code_review::github_repo_model::local::tests::repository_info_cleared_on_authoritative_empty_result
        PASS [   0.017s] (1068/4752) warp code_review::github_repo_model::local::tests::pr_info_cleared_when_branch_goes_away
        PASS [   0.023s] (1069/4752) warp code_review::find_model::tests::test_search_across_multiple_editors
        PASS [   0.012s] (1070/4752) warp code_review::hidden_lines::tests::test_comment_outside_file_bounds
        PASS [   0.012s] (1071/4752) warp code_review::hidden_lines::tests::test_comment_overlapping_with_diff_context
        PASS [   0.011s] (1072/4752) warp code_review::hidden_lines::tests::test_comments_only_no_diffs
        PASS [   0.011s] (1073/4752) warp code_review::hidden_lines::tests::test_empty_diffs
        PASS [   0.012s] (1074/4752) warp code_review::hidden_lines::tests::test_comment_separate_from_diffs
        PASS [   0.012s] (1075/4752) warp code_review::hidden_lines::tests::test_insertion_at_beginning
        PASS [   0.012s] (1076/4752) warp code_review::hidden_lines::tests::test_multiple_diffs_overlapping_context
        PASS [   0.011s] (1077/4752) warp code_review::hidden_lines::tests::test_single_diff_middle_of_file
        PASS [   0.012s] (1078/4752) warp code_review::hidden_lines::tests::test_multiple_diffs_separate_context
        PASS [   0.012s] (1079/4752) warp completer::tests::test_ls_script_for_dir_builds_the_expected_command
        PASS [   0.012s] (1080/4752) warp completer::tests::test_parse_ls_script_output_empty_directory_is_a_real_listing
        PASS [   0.012s] (1081/4752) warp completer::tests::test_parse_ls_script_output_drops_only_the_non_utf8_entry
        PASS [   0.011s] (1082/4752) warp completer::tests::test_parse_ls_script_output_empty_output_fails
        PASS [   0.011s] (1083/4752) warp completer::tests::test_parse_ls_script_output_truncated_before_separator_fails
        PASS [   0.011s] (1084/4752) warp completer::tests::test_parse_ls_script_output_zero_files_is_a_real_listing
        PASS [   0.012s] (1085/4752) warp completer::tests::test_parse_ls_script_output_splits_dirs_and_files
        PASS [   0.012s] (1086/4752) warp completer::tests::test_parse_ls_script_output_truncated_mid_file_entry_fails
        PASS [   0.031s] (1087/4752) warp completer::tests::test_session_context_lists_directory_entries_locally
        PASS [   0.030s] (1088/4752) warp completer::tests::test_session_context_lists_directory_entries_locally_with_special_characters_in_path
        PASS [   0.027s] (1089/4752) warp completer::tests::test_session_context_top_level_commands_includes_abbreviations
        PASS [   0.031s] (1090/4752) warp completer::tests::test_session_context_top_level_commands_includes_aliases
        PASS [   0.028s] (1091/4752) warp completer::tests::test_session_context_top_level_commands_includes_builtins
        PASS [   0.039s] (1092/4752) warp completer::tests::test_session_context_follows_symlinked_directories_remotely
        PASS [   0.030s] (1093/4752) warp completer::tests::test_session_context_top_level_commands_includes_keywords
        PASS [   0.038s] (1094/4752) warp completer::tests::test_session_context_lists_directory_entries_remotely
        PASS [   0.036s] (1095/4752) warp completer::tests::test_session_context_refresh_directory_entries_bypasses_cache
        PASS [   0.032s] (1096/4752) warp completer::tests::test_session_context_top_level_commands_includes_function_names
        PASS [   0.045s] (1097/4752) warp completer::tests::test_session_context_lists_directory_entries_remotely_with_special_characters_in_path
        PASS [   0.013s] (1098/4752) warp editor::soft_wrap::tests::test_displayed_lines_end_line_greater_than_iterator_size
        PASS [   0.012s] (1099/4752) warp editor::soft_wrap::tests::test_soft_wrapped_frame_displayed_lines
        PASS [   0.014s] (1100/4752) warp editor::soft_wrap::tests::test_singleton_frames_displayed_lines
        PASS [   0.011s] (1101/4752) warp editor::view::element::tests::scroll_position_y_fract_is_continuous_at_first_visible_row_boundary_without_top_section
        PASS [   0.012s] (1102/4752) warp editor::soft_wrap::tests::test_soft_wrapped_row_bounds
        PASS [   0.013s] (1103/4752) warp editor::soft_wrap::tests::test_soft_wrapped_row_bounds_multi_codepoint_cluster
        PASS [   0.014s] (1104/4752) warp editor::view::element::tests::scroll_position_y_fract_is_continuous_at_first_visible_row_boundary_with_top_section
        PASS [   0.012s] (1105/4752) warp editor::view::element::tests::scroll_position_y_fract_tracks_fractional_offset_after_boundary
        PASS [   0.012s] (1106/4752) warp editor::view::model::buffer::deferred_ops::tests::test_replica_deferred
        PASS [   0.013s] (1107/4752) warp editor::view::model::buffer::deferred_ops::tests::test_ordering
        PASS [   0.012s] (1108/4752) warp editor::view::model::buffer::subword_boundaries::tests::test_subword_boundaries_forward_starts
        PASS [   0.034s] (1109/4752) warp completer::wsl_guest_listing::tests::test_list_entries_returns_none_on_guest_failure
        PASS [   0.013s] (1110/4752) warp editor::view::model::buffer::subword_boundaries::tests::test_subword_boundaries_backward_starts
        PASS [   0.014s] (1111/4752) warp editor::view::model::buffer::subword_boundaries::tests::test_subword_boundaries_forward_ends
        PASS [   0.016s] (1112/4752) warp editor::view::model::buffer::tests::test_anchors
        PASS [   0.015s] (1113/4752) warp editor::view::model::buffer::tests::test_anchors_at_start_and_end
        PASS [   0.039s] (1114/4752) warp completer::wsl_guest_listing::tests::test_list_entries_follows_symlinks_and_succeeds
        PASS [   0.013s] (1115/4752) warp editor::view::model::buffer::tests::test_change_selections
        PASS [   0.016s] (1116/4752) warp editor::view::model::buffer::tests::test_chars_at
        PASS [   0.018s] (1117/4752) warp editor::view::model::buffer::tests::test_concurrent_edit_with_undo
        PASS [   0.018s] (1118/4752) warp editor::view::model::buffer::tests::test_concurrent_edit_with_conflicting_undo
        PASS [   0.018s] (1119/4752) warp editor::view::model::buffer::tests::test_concurrent_insertions
        PASS [   0.020s] (1120/4752) warp editor::view::model::buffer::tests::test_concurrent_deletions_with_undo
        PASS [   0.020s] (1121/4752) warp editor::view::model::buffer::tests::test_concurrent_insertions_at_same_location
        PASS [   0.022s] (1122/4752) warp editor::view::model::buffer::tests::test_concurrent_overlapping_deletions
        PASS [   0.023s] (1123/4752) warp editor::view::model::buffer::tests::test_concurrent_non_overlapping_deletions
        PASS [   0.021s] (1124/4752) warp editor::view::model::buffer::tests::test_concurrent_replace
        PASS [   0.158s] (1125/4752) warp code_review::diff_state::local::tests::renamed_file_content_at_head_reads_old_path
        PASS [   0.020s] (1126/4752) warp editor::view::model::buffer::tests::test_deferred_ops
        PASS [   0.015s] (1127/4752) warp editor::view::model::buffer::tests::test_duplicate_ops
        PASS [   0.016s] (1128/4752) warp editor::view::model::buffer::tests::test_deletions_with_undo
        PASS [   0.016s] (1129/4752) warp editor::view::model::buffer::tests::test_edit_for_test
        PASS [   0.017s] (1130/4752) warp editor::view::model::buffer::tests::test_edit_events
        PASS [   0.013s] (1131/4752) warp editor::view::model::buffer::tests::test_edit_multiple_ranges
        PASS [   0.041s] (1132/4752) warp editor::view::model::buffer::tests::test_change_selections_without_batching
        PASS [   0.012s] (1133/4752) warp editor::view::model::buffer::tests::test_edit_multiple_ranges_empty_string
        PASS [   0.014s] (1134/4752) warp editor::view::model::buffer::tests::test_edit_style_inheritable
        PASS [   0.013s] (1135/4752) warp editor::view::model::buffer::tests::test_edit_with_text_style
        PASS [   0.013s] (1136/4752) warp editor::view::model::buffer::tests::test_get_word_near_point
        PASS [   0.014s] (1137/4752) warp editor::view::model::buffer::tests::test_insertion_within_deletion
        PASS [   0.013s] (1138/4752) warp editor::view::model::buffer::tests::test_multiple_peers
        PASS [   0.014s] (1139/4752) warp editor::view::model::buffer::tests::test_merging_selections_with_remote_edits
        PASS [   0.015s] (1140/4752) warp editor::view::model::buffer::tests::test_line_len
        PASS [   0.015s] (1141/4752) warp editor::view::model::buffer::tests::test_merge_local_selections
        PASS [   0.019s] (1142/4752) warp editor::view::model::buffer::tests::test_fragment_ids
        PASS [   0.014s] (1143/4752) warp editor::view::model::buffer::tests::test_out_of_order_undo
        PASS [   0.026s] (1144/4752) warp editor::view::model::buffer::tests::test_edit_without_batching
        PASS [   0.014s] (1145/4752) warp editor::view::model::buffer::tests::test_only_one_undo_record_per_batch
        PASS [   0.024s] (1146/4752) warp editor::view::model::buffer::tests::test_nested_batches_are_not_allowed
        PASS [   1.058s] (1147/4752) lsp supported_servers::tests::unix::every_server_uses_only_the_supplied_path_and_rejects_broken_binaries
        PASS [   0.192s] (1148/4752) warp code_review::diff_state::local::tests::staged_rename_and_modify_produces_non_empty_diff
        PASS [   0.015s] (1149/4752) warp editor::view::model::buffer::tests::test_receiving_out_of_date_selection_updates
        PASS [   0.015s] (1150/4752) warp editor::view::model::buffer::tests::test_receiving_selection_change_before_edit
        PASS [   0.015s] (1151/4752) warp editor::view::model::buffer::tests::test_record_edits
        PASS [   0.016s] (1152/4752) warp editor::view::model::buffer::tests::test_remote_undo_redo
        PASS [   0.015s] (1153/4752) warp editor::view::model::buffer::tests::test_replace_selected_text
        PASS [   0.012s] (1154/4752) warp editor::view::model::buffer::tests::test_text_style_ranges
        PASS [   0.014s] (1155/4752) warp editor::view::model::buffer::tests::test_stable_selections
        PASS [   0.015s] (1156/4752) warp editor::view::model::buffer::tests::test_text_styles_back_to_back
        PASS [   0.012s] (1157/4752) warp editor::view::model::buffer::tests::test_text_summary_for_range
        PASS [   0.013s] (1158/4752) warp editor::view::model::buffer::tests::test_text_styles_delete_until_highlight
        PASS [   0.015s] (1159/4752) warp editor::view::model::buffer::tests::test_text_styles_delete_and_replace_whole_fragment
        PASS [   0.014s] (1160/4752) warp editor::view::model::buffer::tests::test_text_styles_delete_until_end_of_highlight
        PASS [   0.016s] (1161/4752) warp editor::view::model::buffer::tests::test_undo_redo
        PASS [   0.016s] (1162/4752) warp editor::view::model::buffer::tests::test_undo_should_restore_selection
        PASS [   0.014s] (1163/4752) warp editor::view::model::buffer::tests::test_update_text_style_backspace
        PASS [   0.018s] (1164/4752) warp editor::view::model::buffer::tests::test_text_styles_delete_last_word
        PASS [   0.014s] (1165/4752) warp editor::view::model::buffer::tests::test_update_text_style_clear_style
        PASS [   0.013s] (1166/4752) warp editor::view::model::buffer::tests::test_update_text_style_complex_multiple_ranges
        PASS [   0.018s] (1167/4752) warp editor::view::model::buffer::tests::test_update_text_style_backspace_splice_inheritance
        PASS [   0.015s] (1168/4752) warp editor::view::model::buffer::tests::test_update_text_style_entire_run
        PASS [   0.015s] (1169/4752) warp editor::view::model::buffer::tests::test_update_text_style_one_char
        PASS [   0.015s] (1170/4752) warp editor::view::model::buffer::tests::test_update_text_style_multiple_style_updates
        PASS [   0.011s] (1171/4752) warp editor::view::model::buffer::undo::tests::test_max_undo_ts
        PASS [   0.013s] (1172/4752) warp editor::view::model::buffer::text::tests::test_basic
        PASS [   0.016s] (1173/4752) warp editor::view::model::buffer::tests::test_update_text_style_partial_run
        PASS [   0.015s] (1174/4752) warp editor::view::model::buffer::undo::tests::test_is_edit_undone
        PASS [   0.011s] (1175/4752) warp editor::view::model::buffer::undo::tests::test_undo_stack_coalescing
        PASS [   0.014s] (1176/4752) warp editor::view::model::buffer::undo::tests::test_undo_stack_capacity
        PASS [   0.011s] (1177/4752) warp editor::view::model::buffer::undo::tests::test_undo_stack_initialization
        PASS [   0.012s] (1178/4752) warp editor::view::model::buffer::undo::tests::test_undo_stack_selections_changed
        PASS [   0.013s] (1179/4752) warp editor::view::model::buffer::undo::tests::test_undo_stack_undo_redo
        PASS [   0.013s] (1180/4752) warp editor::view::model::buffer::undo::tests::test_undo_stack_undo_fork
        PASS [   0.024s] (1181/4752) warp editor::view::model::buffer::undo::tests::test_undo_history_grow_only
        PASS [   0.013s] (1182/4752) warp editor::view::model::buffer::undo::tests::test_was_edit_undone
        PASS [   0.015s] (1183/4752) warp editor::view::model::display_map::fold_map::tests::test_basic_folds
        PASS [   0.016s] (1184/4752) warp editor::view::model::display_map::fold_map::tests::test_buffer_rows
        PASS [   0.015s] (1185/4752) warp editor::view::model::display_map::fold_map::tests::test_desynced_buffer
        PASS [   0.013s] (1186/4752) warp editor::view::model::display_map::fold_map::tests::test_merging_folds_via_edit
        PASS [   0.011s] (1187/4752) warp editor::view::model::display_map::tests::test_collapse_tabs
        PASS [   0.012s] (1188/4752) warp editor::view::model::display_map::tests::test_chars_at
        PASS [   0.012s] (1189/4752) warp editor::view::model::display_map::tests::test_expand_tabs
        PASS [   0.014s] (1190/4752) warp editor::view::model::display_map::fold_map::tests::test_overlapping_folds
        PASS [   0.013s] (1191/4752) warp editor::view::model::display_map::tests::test_max_point
        PASS [   0.017s] (1192/4752) warp editor::view::model::tests::test_edit_change_selections
        PASS [   0.015s] (1193/4752) warp editor::view::model::tests::test_edit_merge_selections
        PASS [   0.013s] (1194/4752) warp editor::view::model::tests::test_edit_when_interaction_disabled
        PASS [   0.014s] (1195/4752) warp editor::view::model::tests::test_edit_update_buffer
        PASS [   0.014s] (1196/4752) warp editor::view::model::tests::test_edit_update_buffer_ignoring_undo
        PASS [   0.022s] (1197/4752) warp editor::view::model::tests::test_change_buffer_without_edit
        PASS [   0.017s] (1198/4752) warp editor::view::model::tests::test_edit_post_buffer_edit_change_selections
        PASS [   0.013s] (1199/4752) warp editor::view::model::tests::test_edit_when_only_selectable
        PASS [   0.057s] (1200/4752) warp editor::view::model::buffer::text::tests::test_random
        PASS [   0.013s] (1201/4752) warp editor::view::model::tests::test_replace_ephemeral_edit_with_ephemeral
        PASS [   0.016s] (1202/4752) warp editor::view::model::tests::test_ephemeral_edit
        PASS [   0.014s] (1203/4752) warp editor::view::model::tests::test_restoring_invalid_selections
        PASS [   0.016s] (1204/4752) warp editor::view::model::tests::test_materialize_ephemeral_edit
        PASS [   0.015s] (1205/4752) warp editor::view::model::tests::test_selection_change_doesnt_materialize_ephemeral_edit
        PASS [   0.015s] (1206/4752) warp editor::view::tests::marked_text_tests::test_set_marked_text
        PASS [   0.016s] (1207/4752) warp editor::view::model::tests::test_undo_redo
        PASS [   0.016s] (1208/4752) warp editor::view::tests::marked_text_tests::test_set_marked_text_multiple_nonempty_selections
        PASS [   0.017s] (1209/4752) warp editor::view::tests::marked_text_tests::test_set_marked_text_multiple_empty_selections
        PASS [   0.017s] (1210/4752) warp editor::view::tests::marked_text_tests::test_set_marked_text_vim_insert_mode
        PASS [   0.016s] (1211/4752) warp editor::view::tests::marked_text_tests::test_set_marked_text_vim_normal_mode
        PASS [   0.018s] (1212/4752) warp editor::view::tests::test_add_non_expanding_space
        PASS [   0.017s] (1213/4752) warp editor::view::tests::test_autoscroll_vertical
        PASS [   0.024s] (1214/4752) warp editor::view::tests::test_add_next_occurrence
        PASS [   0.017s] (1215/4752) warp editor::view::tests::test_backspace
        PASS [   0.022s] (1216/4752) warp editor::view::tests::test_autosuggestions
        PASS [   0.028s] (1217/4752) warp editor::view::tests::test_autocomplete_symbols
        PASS [   0.018s] (1218/4752) warp editor::view::tests::test_buffer_points_to_cache
        PASS [   0.033s] (1219/4752) warp editor::view::tests::test_add_cursor
        PASS [   0.019s] (1220/4752) warp editor::view::tests::test_clear_and_copy_lines
        PASS [   0.017s] (1221/4752) warp editor::view::tests::test_clear_lines
        PASS [   0.021s] (1222/4752) warp editor::view::tests::test_clear_selections
        PASS [   0.019s] (1223/4752) warp editor::view::tests::test_cursor_blink
        PASS [   0.019s] (1224/4752) warp editor::view::tests::test_clear_text_styles
        PASS [   0.088s] (1225/4752) warp editor::view::model::display_map::fold_map::tests::test_random_folds
        PASS [   0.017s] (1226/4752) warp editor::view::tests::test_cursor_line_start
        PASS [   0.020s] (1227/4752) warp editor::view::tests::test_cursor_line_end
        PASS [   0.018s] (1228/4752) warp editor::view::tests::test_cut_word_left
        PASS [   0.020s] (1229/4752) warp editor::view::tests::test_cursor_top_cursor_bottom
        PASS [   0.018s] (1230/4752) warp editor::view::tests::test_cut_word_right
        PASS [   0.020s] (1231/4752) warp editor::view::tests::test_delete_all_on_ephemeral_edit
        PASS [   0.015s] (1232/4752) warp editor::view::tests::test_delete_empty_buffer
        PASS [   0.019s] (1233/4752) warp editor::view::tests::test_delete_and_cut_all_right
        PASS [   0.018s] (1234/4752) warp editor::view::tests::test_delete_basic
        PASS [   0.266s] (1235/4752) warp completer::tests::test_session_context_top_level_commands_includes_external_commands
        PASS [   0.020s] (1236/4752) warp editor::view::tests::test_delete_end_of_buffer
        PASS [   0.019s] (1237/4752) warp editor::view::tests::test_delete_newline_and_end_of_line
        PASS [   0.017s] (1238/4752) warp editor::view::tests::test_delete_word_left
        PASS [   0.016s] (1239/4752) warp editor::view::tests::test_delete_word_right
        PASS [   0.019s] (1240/4752) warp editor::view::tests::test_drag_and_drop_files_applies_path_transformer
        PASS [   0.020s] (1241/4752) warp editor::view::tests::test_fold
        PASS [   0.018s] (1242/4752) warp editor::view::tests::test_indent
        PASS [   0.017s] (1243/4752) warp editor::view::tests::test_indent_empty_buffer
        PASS [   0.017s] (1244/4752) warp editor::view::tests::test_interaction_state
        PASS [   0.017s] (1245/4752) warp editor::view::tests::test_last_buffer_text
        PASS [   0.024s] (1246/4752) warp editor::view::tests::test_home_end_keybinding_resolution
        PASS [   0.017s] (1247/4752) warp editor::view::tests::test_move_backward_one_word
        PASS [   0.019s] (1248/4752) warp editor::view::tests::test_move_forward_one_subword
        PASS [   0.021s] (1249/4752) warp editor::view::tests::test_move_backward_one_subword
        PASS [   0.019s] (1250/4752) warp editor::view::tests::test_move_forward_one_word
        PASS [   0.018s] (1251/4752) warp editor::view::tests::test_move_to_visual_line_start_and_end_on_soft_wrapped_row
        PASS [   0.024s] (1252/4752) warp editor::view::tests::test_move_cursor
        PASS [   0.015s] (1253/4752) warp editor::view::tests::test_move_to_visual_line_start_non_wrapped_unchanged
        PASS [   0.019s] (1254/4752) warp editor::view::tests::test_multi_line_unindent
        PASS [   0.017s] (1255/4752) warp editor::view::tests::test_paste_clipboard_with_bmp_and_text_pastes_text
        PASS [   0.023s] (1256/4752) warp editor::view::tests::test_page_down
        PASS [   0.022s] (1257/4752) warp editor::view::tests::test_page_up
        PASS [   0.015s] (1258/4752) warp editor::view::tests::test_paste_clipboard_with_png_and_text_pastes_text
        PASS [   0.023s] (1259/4752) warp editor::view::tests::test_partial_autosuggestion
        PASS [   0.016s] (1260/4752) warp editor::view::tests::test_paste_clipboard_with_image_only_keeps_text_empty
        PASS [   0.017s] (1261/4752) warp editor::view::tests::test_paste_clipboard_with_text_only_should_paste_text_normally
        PASS [   0.018s] (1262/4752) warp editor::view::tests::test_select_left_by_word
        PASS [   0.019s] (1263/4752) warp editor::view::tests::test_placeholder_text
        PASS [   0.021s] (1264/4752) warp editor::view::tests::test_pending_selection_always_one_selection
        PASS [   0.019s] (1265/4752) warp editor::view::tests::test_select_line
        PASS [   0.017s] (1266/4752) warp editor::view::tests::test_select_next_occurrence
        PASS [   0.016s] (1267/4752) warp editor::view::tests::test_select_next_occurrence_multi_byte
        PASS [   0.016s] (1268/4752) warp editor::view::tests::test_select_right_by_word
        PASS [   0.017s] (1269/4752) warp editor::view::tests::test_select_word
        PASS [   0.015s] (1270/4752) warp editor::view::tests::test_select_word_with_custom_boundaries
        PASS [   0.023s] (1271/4752) warp editor::view::tests::test_select_lines_below
        PASS [   0.015s] (1272/4752) warp editor::view::tests::test_selected_text
        PASS [   0.026s] (1273/4752) warp editor::view::tests::test_select_lines_above
        PASS [   0.026s] (1274/4752) warp editor::view::tests::test_select_linewise
        PASS [   0.016s] (1275/4752) warp editor::view::tests::test_single_line_multi_cursor_unindent
        PASS [   0.022s] (1276/4752) warp editor::view::tests::test_selection_mode_lines
        PASS [   0.016s] (1277/4752) warp editor::view::tests::test_system_delete_multibyte_characters_basic
        PASS [   0.018s] (1278/4752) warp editor::view::tests::test_system_delete_basic
        PASS [   0.244s] (1279/4752) warp editor::view::model::buffer::tests::test_random_edits
        PASS [   0.017s] (1280/4752) warp editor::view::tests::test_system_delete_multibyte_characters_edge_cases
        PASS [   0.019s] (1281/4752) warp editor::view::tests::test_system_delete_various_unicode_categories
        PASS [   0.018s] (1282/4752) warp editor::view::tests::test_undo_redo
        PASS [   0.032s] (1283/4752) warp editor::view::tests::test_selection_with_mouse
        PASS [   0.016s] (1284/4752) warp editor::view::tests::test_undo_redo_text_styles
        PASS [   0.020s] (1285/4752) warp editor::view::tests::test_unindent
        PASS [   0.051s] (1286/4752) warp editor::view::tests::test_select_word_with_smart_select
        PASS [   0.020s] (1287/4752) warp editor::view::tests::vim_handler_tests::test_vim_accept_full_autosuggestions_char
        PASS [   0.018s] (1288/4752) warp editor::view::tests::vim_handler_tests::test_vim_accept_partial_autosuggestions_word
        PASS [   0.018s] (1289/4752) warp editor::view::tests::vim_handler_tests::test_vim_accept_full_autosuggestions_line_end
        PASS [   0.019s] (1290/4752) warp editor::view::tests::vim_handler_tests::test_vim_begin_line_above
        PASS [   0.022s] (1291/4752) warp editor::view::tests::vim_handler_tests::test_vim_basic_dot_repeat
        PASS [   0.021s] (1292/4752) warp editor::view::tests::vim_handler_tests::test_vim_begin_line_below
        PASS [   0.051s] (1293/4752) warp editor::view::tests::test_selection_mode_words
        PASS [   0.020s] (1294/4752) warp editor::view::tests::vim_handler_tests::test_vim_buffer_beginning_with_operator
        PASS [   0.025s] (1295/4752) warp editor::view::tests::vim_handler_tests::test_vim_block_text_objects
        PASS [   0.052s] (1296/4752) warp editor::view::tests::test_smart_select_with_drag
        PASS [   0.022s] (1297/4752) warp editor::view::tests::vim_handler_tests::test_vim_buffer_end_with_operator
        PASS [   0.020s] (1298/4752) warp editor::view::tests::vim_handler_tests::test_vim_change_char_motion_sideways
        PASS [   0.017s] (1299/4752) warp editor::view::tests::vim_handler_tests::test_vim_change_line_c0
        PASS [   0.017s] (1300/4752) warp editor::view::tests::vim_handler_tests::test_vim_change_line_c_caret
        PASS [   0.024s] (1301/4752) warp editor::view::tests::vim_handler_tests::test_vim_change_char_backspace
        PASS [   0.023s] (1302/4752) warp editor::view::tests::vim_handler_tests::test_vim_change_char_space
        PASS [   0.018s] (1303/4752) warp editor::view::tests::vim_handler_tests::test_vim_change_word_cb
        PASS [   0.017s] (1304/4752) warp editor::view::tests::vim_handler_tests::test_vim_change_word_ce
        PASS [   0.025s] (1305/4752) warp editor::view::tests::vim_handler_tests::test_vim_change_line_c_dollar
        PASS [   0.025s] (1306/4752) warp editor::view::tests::vim_handler_tests::test_vim_change_line_cc
        PASS [   0.038s] (1307/4752) warp editor::view::tests::vim_handler_tests::test_vim_change_char_motion_down
        PASS [   0.038s] (1308/4752) warp editor::view::tests::vim_handler_tests::test_vim_change_char_motion_up
        PASS [   0.018s] (1309/4752) warp editor::view::tests::vim_handler_tests::test_vim_change_word_cge
        PASS [   0.019s] (1310/4752) warp editor::view::tests::vim_handler_tests::test_vim_change_word_cw
        PASS [   0.022s] (1311/4752) warp editor::view::tests::vim_handler_tests::test_vim_charwise_visual_mode
        PASS [   0.026s] (1312/4752) warp editor::view::tests::vim_handler_tests::test_vim_char_append
        PASS [   0.024s] (1313/4752) warp editor::view::tests::vim_handler_tests::test_vim_comma_backward_at_number_repeat
        PASS [   0.024s] (1314/4752) warp editor::view::tests::vim_handler_tests::test_vim_comma_backward_before_number_repeat
        PASS [   0.017s] (1315/4752) warp editor::view::tests::vim_handler_tests::test_vim_ctrl_c_normal
        PASS [   0.019s] (1316/4752) warp editor::view::tests::vim_handler_tests::test_vim_ctrl_c_insert
        PASS [   0.016s] (1317/4752) warp editor::view::tests::vim_handler_tests::test_vim_ctrl_c_replace
        PASS [   0.022s] (1318/4752) warp editor::view::tests::vim_handler_tests::test_vim_comma_forward_before_number_repeat
        PASS [   0.017s] (1319/4752) warp editor::view::tests::vim_handler_tests::test_vim_cursor_line_cap_on_forward_motion
        PASS [   0.017s] (1320/4752) warp editor::view::tests::vim_handler_tests::test_vim_ctrl_c_visual
        PASS [   0.023s] (1321/4752) warp editor::view::tests::vim_handler_tests::test_vim_comma_forward_at_number_repeat
        PASS [   0.021s] (1322/4752) warp editor::view::tests::vim_handler_tests::test_vim_cursor_line_cap_on_up_down_motion
        PASS [   0.019s] (1323/4752) warp editor::view::tests::vim_handler_tests::test_vim_delete_and_paste_charwise
        PASS [   0.022s] (1324/4752) warp editor::view::tests::vim_handler_tests::test_vim_db_newline_quirks
        PASS [   0.020s] (1325/4752) warp editor::view::tests::vim_handler_tests::test_vim_delete_char_backspace
        PASS [   0.019s] (1326/4752) warp editor::view::tests::vim_handler_tests::test_vim_delete_char_motion_sideways
        PASS [   0.024s] (1327/4752) warp editor::view::tests::vim_handler_tests::test_vim_delete_and_paste_linewise
        PASS [   0.018s] (1328/4752) warp editor::view::tests::vim_handler_tests::test_vim_delete_char_x
        PASS [   0.018s] (1329/4752) warp editor::view::tests::vim_handler_tests::test_vim_delete_lines_d0
        PASS [   0.021s] (1330/4752) warp editor::view::tests::vim_handler_tests::test_vim_delete_char_motion_down
        PASS [   0.023s] (1331/4752) warp editor::view::tests::vim_handler_tests::test_vim_delete_char_motion_up
        PASS [   0.022s] (1332/4752) warp editor::view::tests::vim_handler_tests::test_vim_delete_char_space
        PASS [   0.023s] (1333/4752) warp editor::view::tests::vim_handler_tests::test_vim_delete_lines
        PASS [   0.021s] (1334/4752) warp editor::view::tests::vim_handler_tests::test_vim_delete_lines_d_caret
        PASS [   0.020s] (1335/4752) warp editor::view::tests::vim_handler_tests::test_vim_delete_lines_d_dollar
        PASS [   0.020s] (1336/4752) warp editor::view::tests::vim_handler_tests::test_vim_delete_word_db
        PASS [   0.016s] (1337/4752) warp editor::view::tests::vim_handler_tests::test_vim_delete_word_empty
        PASS [   0.018s] (1338/4752) warp editor::view::tests::vim_handler_tests::test_vim_delete_word_dge
        PASS [   0.020s] (1339/4752) warp editor::view::tests::vim_handler_tests::test_vim_delete_word_de
        PASS [   0.020s] (1340/4752) warp editor::view::tests::vim_handler_tests::test_vim_dot_repeat_with_number_repeat
        PASS [   0.018s] (1341/4752) warp editor::view::tests::vim_handler_tests::test_vim_enter
        PASS [   0.023s] (1342/4752) warp editor::view::tests::vim_handler_tests::test_vim_delete_word_dw
        PASS [   0.020s] (1343/4752) warp editor::view::tests::vim_handler_tests::test_vim_find_char_motion
        PASS [   0.026s] (1344/4752) warp editor::view::tests::vim_handler_tests::test_vim_dot_repeat_into_insert_mode
        PASS [   0.024s] (1345/4752) warp editor::view::tests::vim_handler_tests::test_vim_dw_newline_quirks
        PASS [   0.017s] (1346/4752) warp editor::view::tests::vim_handler_tests::test_vim_join_line_empty
        PASS [   0.023s] (1347/4752) warp editor::view::tests::vim_handler_tests::test_vim_general_registers
        PASS [   0.019s] (1348/4752) warp editor::view::tests::vim_handler_tests::test_vim_join_line
        PASS [   0.020s] (1349/4752) warp editor::view::tests::vim_handler_tests::test_vim_jump_to_end_and_beginning
        PASS [   0.020s] (1350/4752) warp editor::view::tests::vim_handler_tests::test_vim_line_navigation
        PASS [   0.016s] (1351/4752) warp editor::view::tests::vim_handler_tests::test_vim_lowercase_normal
        PASS [   0.026s] (1352/4752) warp editor::view::tests::vim_handler_tests::test_vim_jump_to_unmatched_bracket
        PASS [   0.028s] (1353/4752) warp editor::view::tests::vim_handler_tests::test_vim_jump_to_matching_bracket
        PASS [   0.018s] (1354/4752) warp editor::view::tests::vim_handler_tests::test_vim_lowercase_visual
        PASS [   0.025s] (1355/4752) warp editor::view::tests::vim_handler_tests::test_vim_line_prepend
        PASS [   0.022s] (1356/4752) warp editor::view::tests::vim_handler_tests::test_vim_linewise_visual_mode
        PASS [   0.018s] (1357/4752) warp editor::view::tests::vim_handler_tests::test_vim_minus_motion
        PASS [   0.030s] (1358/4752) warp editor::view::tests::vim_handler_tests::test_vim_line_append
        PASS [   0.018s] (1359/4752) warp editor::view::tests::vim_handler_tests::test_vim_normal_mode_space
        PASS [   0.019s] (1360/4752) warp editor::view::tests::vim_handler_tests::test_vim_normal_mode_backspace
        PASS [   0.018s] (1361/4752) warp editor::view::tests::vim_handler_tests::test_vim_number_repeat_action
        PASS [   0.021s] (1362/4752) warp editor::view::tests::vim_handler_tests::test_vim_number_repeat_character_motions_left
        PASS [   0.019s] (1363/4752) warp editor::view::tests::vim_handler_tests::test_vim_number_repeat_character_motions_right
        PASS [   0.023s] (1364/4752) warp editor::view::tests::vim_handler_tests::test_vim_number_repeat_character_motions_down
        PASS [   0.024s] (1365/4752) warp editor::view::tests::vim_handler_tests::test_vim_number_repeat_character_motion
        PASS [   0.021s] (1366/4752) warp editor::view::tests::vim_handler_tests::test_vim_number_repeat_join_line
        PASS [   0.023s] (1367/4752) warp editor::view::tests::vim_handler_tests::test_vim_number_repeat_character_motions_up
        PASS [   0.020s] (1368/4752) warp editor::view::tests::vim_handler_tests::test_vim_number_repeat_op_combination
        PASS [   0.023s] (1369/4752) warp editor::view::tests::vim_handler_tests::test_vim_number_repeat_op_line_motions
        PASS [   0.025s] (1370/4752) warp editor::view::tests::vim_handler_tests::test_vim_number_repeat_line_motion
        PASS [   0.024s] (1371/4752) warp editor::view::tests::vim_handler_tests::test_vim_number_repeat_op_line_object
        PASS [   0.028s] (1372/4752) warp editor::view::tests::vim_handler_tests::test_vim_number_repeat_insert_mode
        PASS [   0.022s] (1373/4752) warp editor::view::tests::vim_handler_tests::test_vim_number_repeat_op_word_motion
        PASS [   0.017s] (1374/4752) warp editor::view::tests::vim_handler_tests::test_vim_number_repeat_yank_paste_charwise
        PASS [   0.021s] (1375/4752) warp editor::view::tests::vim_handler_tests::test_vim_number_repeat_yank_paste_linewise
        PASS [   0.020s] (1376/4752) warp editor::view::tests::vim_handler_tests::test_vim_operators_on_jump_to_matching_bracket
        PASS [   0.019s] (1377/4752) warp editor::view::tests::vim_handler_tests::test_vim_operators_on_word_text_objects
        PASS [   0.023s] (1378/4752) warp editor::view::tests::vim_handler_tests::test_vim_number_repeat_word_motion
        PASS [   0.021s] (1379/4752) warp editor::view::tests::vim_handler_tests::test_vim_operators_with_find_char_motion
        PASS [   0.018s] (1380/4752) warp editor::view::tests::vim_handler_tests::test_vim_paragraph_delete_inner_consecutive_blank_lines
        PASS [   0.018s] (1381/4752) warp editor::view::tests::vim_handler_tests::test_vim_paragraph_delete_a_paragraph_two_paragraphs
        PASS [   0.024s] (1382/4752) warp editor::view::tests::vim_handler_tests::test_vim_operators_on_quote_text_objects
        PASS [   0.019s] (1383/4752) warp editor::view::tests::vim_handler_tests::test_vim_paragraph_change_inner_consecutive_blank_lines
        PASS [   0.017s] (1384/4752) warp editor::view::tests::vim_handler_tests::test_vim_paragraph_yank_inner_single_paragraph
        PASS [   0.021s] (1385/4752) warp editor::view::tests::vim_handler_tests::test_vim_paragraph_visual_inner_single_paragraph
        PASS [   0.022s] (1386/4752) warp editor::view::tests::vim_handler_tests::test_vim_plus_motion
        PASS [   0.018s] (1387/4752) warp editor::view::tests::vim_handler_tests::test_vim_replace_simple
        PASS [   0.018s] (1388/4752) warp editor::view::tests::vim_handler_tests::test_vim_replace_number_repeat_end_of_line
        PASS [   0.021s] (1389/4752) warp editor::view::tests::vim_handler_tests::test_vim_replace_number_repeat
        PASS [   0.021s] (1390/4752) warp editor::view::tests::vim_handler_tests::test_vim_registers_system_clipboard
        PASS [   0.020s] (1391/4752) warp editor::view::tests::vim_handler_tests::test_vim_semicolon_and_comma
        PASS [   0.020s] (1392/4752) warp editor::view::tests::vim_handler_tests::test_vim_semicolon_backward_before_number_repeat
        PASS [   0.021s] (1393/4752) warp editor::view::tests::vim_handler_tests::test_vim_semicolon_forward_before_number_repeat
        PASS [   0.531s] (1394/4752) warp completer::wsl_guest_listing::tests::test_run_guest_listing_returns_none_on_timeout
        PASS [   0.021s] (1395/4752) warp editor::view::tests::vim_handler_tests::test_vim_semicolon_forward_at_number_repeat
        PASS [   0.023s] (1396/4752) warp editor::view::tests::vim_handler_tests::test_vim_semicolon_backward_at_number_repeat
        PASS [   0.022s] (1397/4752) warp editor::view::tests::vim_handler_tests::test_vim_substitute_char
        PASS [   0.029s] (1398/4752) warp editor::view::tests::vim_handler_tests::test_vim_substitute_line
        PASS [   0.023s] (1399/4752) warp editor::view::tests::vim_handler_tests::test_vim_toggle_case_normal_operation
        PASS [   0.020s] (1400/4752) warp editor::view::tests::vim_handler_tests::test_vim_toggle_case_visual
        PASS [   0.022s] (1401/4752) warp editor::view::tests::vim_handler_tests::test_vim_toggle_case_simple
        PASS [   0.022s] (1402/4752) warp editor::view::tests::vim_handler_tests::test_vim_toggle_case_number_repeat
        PASS [   0.019s] (1403/4752) warp editor::view::tests::vim_handler_tests::test_vim_unnamed_system_clipboard
        PASS [   0.019s] (1404/4752) warp editor::view::tests::vim_handler_tests::test_vim_uppercase_normal
        PASS [   0.018s] (1405/4752) warp editor::view::tests::vim_handler_tests::test_vim_visual_mode_paste_after_history_recall
        PASS [   0.019s] (1406/4752) warp editor::view::tests::vim_handler_tests::test_vim_visual_mode_paste
        PASS [   0.019s] (1407/4752) warp editor::view::tests::vim_handler_tests::test_vim_uppercase_visual
        PASS [   0.028s] (1408/4752) warp editor::view::tests::vim_handler_tests::test_vim_underscore_motion
        PASS [   0.023s] (1409/4752) warp editor::view::tests::vim_handler_tests::test_vim_visual_mode_text_objects
        PASS [   0.011s] (1410/4752) warp keyboard::tests::test_long_persisted_trigger_to_user_defined_keybinding
        PASS [   0.011s] (1411/4752) warp keyboard::tests::test_persisted_trigger_to_removed_user_keybinding
        PASS [   0.012s] (1412/4752) warp keyboard::tests::test_removed_user_keybinding_to_persisted_trigger
        PASS [   0.013s] (1413/4752) warp keyboard::tests::test_long_user_defined_keybinding_to_persisted_trigger
        PASS [   0.013s] (1414/4752) warp keyboard::tests::test_short_persisted_trigger_to_user_defined_keybinding
        PASS [   0.019s] (1415/4752) warp editor::view::tests::vim_handler_tests::test_vim_yank_and_paste_charwise
        PASS [   0.014s] (1416/4752) warp keyboard::tests::test_short_user_defined_keybinding_to_persisted_trigger
        PASS [   0.031s] (1417/4752) warp editor::view::tests::vim_handler_tests::test_vim_visual_selection_with_newlines
        PASS [   0.012s] (1418/4752) warp keyboard::tests::test_unparsable_persisted_trigger
        PASS [   0.022s] (1419/4752) warp editor::view::tests::vim_handler_tests::test_vim_yank_and_paste_space
        PASS [   0.011s] (1420/4752) warp launch_configs::launch_config::tests::test_config_from_snapshot_filters_panes
        PASS [   0.024s] (1421/4752) warp editor::view::tests::vim_handler_tests::test_vim_yank_and_paste_backspace
        PASS [   0.024s] (1422/4752) warp editor::view::tests::vim_handler_tests::test_vim_yank_and_paste_linewise
        PASS [   0.012s] (1423/4752) warp launch_configs::launch_config::tests::test_config_from_snapshot_filters_tabs
        PASS [   0.012s] (1424/4752) warp launch_configs::launch_config::tests::test_config_from_snapshot_flattens_single_pane
        PASS [   0.011s] (1425/4752) warp launch_configs::launch_config::tests::test_config_with_active_tab_index
        PASS [   0.012s] (1426/4752) warp launch_configs::launch_config::tests::test_config_with_active_tab_being_filtered
        PASS [   0.012s] (1427/4752) warp launch_configs::launch_config::tests::test_config_with_active_tab_index_and_filtered_tabs
        PASS [   0.012s] (1428/4752) warp launch_configs::launch_config::tests::test_tab_level_commands_are_applied_to_first_pane_without_focused_pane
        PASS [   0.012s] (1429/4752) warp launch_configs::launch_config::tests::test_tab_level_commands_are_applied_to_leaf_layout
        PASS [   0.012s] (1430/4752) warp local_control::handlers::app_state::tests::file_open_resolves_relative_paths_against_the_session_working_directory
        PASS [   0.014s] (1431/4752) warp launch_configs::launch_config::tests::test_tab_level_commands_are_applied_to_focused_pane_in_branch_layout
        PASS [   0.014s] (1432/4752) warp local_control::handlers::app_state::tests::staged_input_rejects_line_breaks_and_control_sequences
        PASS [   0.013s] (1433/4752) warp local_control::handlers::app_state::tests::unavailable_surface_open_returns_structured_error
        PASS [   0.014s] (1434/4752) warp local_control::handlers::metadata::tests::vertical_tabs_surface_reports_feature_flag_unavailable
        PASS [   0.011s] (1435/4752) warp local_control::tests::capabilities_advertises_the_complete_catalog
        PASS [   0.012s] (1436/4752) warp local_control::tests::bridge_checks_grant_before_action_params
        PASS [   0.012s] (1437/4752) warp local_control::tests::credential_broker_accepts_peer_from_same_user
        PASS [   0.012s] (1438/4752) warp local_control::tests::credential_broker_rejects_peer_from_different_user
        PASS [   0.014s] (1439/4752) warp local_control::tests::credential_insertion_prunes_expired_and_caps_active_grants
        PASS [   0.011s] (1440/4752) warp local_control::tests::expired_credential_is_rejected_and_pruned_before_request_decode
        PASS [   0.013s] (1441/4752) warp local_control::tests::duplicate_server_start_is_rejected
        PASS [   0.013s] (1442/4752) warp local_control::tests::feature_flag_disabled_denies_local_control
        PASS [   0.013s] (1443/4752) warp local_control::tests::loopback_headers_reject_origin_and_host_mismatch
        PASS [   0.012s] (1444/4752) warp local_control::tests::metadata_actions_reject_malformed_params
        PASS [   0.018s] (1445/4752) warp local_control::tests::disabling_scripting_invalidates_existing_grant_and_prevents_new_grants
        PASS [   0.014s] (1446/4752) warp local_control::tests::missing_window_index_returns_missing_target
        PASS [   0.013s] (1447/4752) warp local_control::tests::protocol_version_helper_rejects_unsupported_versions
        PASS [   0.013s] (1448/4752) warp local_control::tests::scripting_disabled_denies_action
        PASS [   0.012s] (1449/4752) warp local_control::tests::surface_list_rejects_target_selectors
        PASS [   0.012s] (1450/4752) warp local_control::tests::scripting_mode_controls_local_control
        PASS [   0.015s] (1451/4752) warp local_control::tests::scripting_enabled_allows_action
        PASS [   0.012s] (1452/4752) warp local_control::tests::tab_create_accepts_default_and_window_targets
        PASS [   0.011s] (1453/4752) warp local_control::tests::tab_create_rejects_malformed_params
        PASS [   0.013s] (1454/4752) warp local_control::tests::tab_create_rejects_lower_level_targets
        PASS [   0.012s] (1455/4752) warp local_control::tests::tab_create_rejects_unsupported_selector_forms
        PASS [   0.013s] (1456/4752) warp local_control::tests::tab_create_requires_active_window
        PASS [   0.042s] (1457/4752) warp local_control::handlers::layout::tests::tab_create_handler_adds_and_activates_terminal_tab
        PASS [   0.042s] (1458/4752) warp local_control::handlers::layout::tests::tab_create_rejects_shell_parameter
        PASS [   0.013s] (1459/4752) warp local_control::tests::window_title_resolution_distinguishes_missing_and_ambiguous_targets
        PASS [   0.015s] (1460/4752) warp local_objects::notebook_store::tests::editing_local_notebook_keeps_unknown_json_fields
        PASS [   0.013s] (1461/4752) warp local_objects::notebook_store::tests::incomplete_legacy_notebook_does_not_block_valid_notebooks
        PASS [   0.013s] (1462/4752) warp local_objects::notebook_store::tests::legacy_notebook_can_be_edited_and_reloaded
        PASS [   0.012s] (1463/4752) warp menu::tests::test_menu_item_selectable
        PASS [   0.015s] (1464/4752) warp local_objects::notebook_store::tests::legacy_json_body_is_preserved_verbatim
        PASS [   0.015s] (1465/4752) warp menu::tests::test_enter_uses_the_active_submenu_selection
        PASS [   0.013s] (1466/4752) warp menu::tests::test_next_and_previous_indexes
        PASS [   0.015s] (1467/4752) warp menu::tests::test_right_opens_selected_submenu_and_selects_first_child
        PASS [   0.016s] (1468/4752) warp menu::tests::test_right_is_a_noop_for_leaf_items
        PASS [   0.017s] (1469/4752) warp menu::tests::test_up_and_down_navigate_the_active_submenu
        PASS [   0.026s] (1470/4752) warp pane_group::pane::view::header::tests::test_handle_close
        PASS [   0.028s] (1471/4752) warp pane_group::pane::view::header::tests::test_overflow_menu_items
        PASS [   0.031s] (1472/4752) warp notebooks::notebook::tests::enter_in_notebook_body_inserts_and_persists_newline
        PASS [   0.036s] (1473/4752) warp pane_group::tests::test_add_pane_aborts_cleanly_when_pre_attach_returns_false
        PASS [   0.036s] (1474/4752) warp pane_group::tests::test_active_session_id_reset_on_last_pane_close
        PASS [   0.526s] (1475/4752) warp editor::view::model::buffer::undo::tests::test_undo_stack_expired_timer
        PASS [   0.039s] (1476/4752) warp pane_group::tests::restores_legacy_file_notebook_in_local_editor
        PASS [   0.038s] (1477/4752) warp pane_group::tests::test_focus_notebook
        PASS [   0.037s] (1478/4752) warp pane_group::tests::test_group_without_terminals
        PASS [   0.038s] (1479/4752) warp pane_group::tests::test_focused_pane_is_synchronized_with_application_focus
        PASS [   0.043s] (1480/4752) warp pane_group::tests::test_close_active_session
        PASS [   0.038s] (1481/4752) warp pane_group::tests::test_initial_widths_are_computed_correctly
        PASS [   0.018s] (1482/4752) warp pane_group::tree::tests::test_are_rects_overlapping_on_axis
        PASS [   0.012s] (1483/4752) warp pane_group::tree::tests::test_hide_child_agent_pane_is_idempotent
        PASS [   0.014s] (1484/4752) warp pane_group::tree::tests::test_hide_multiple_child_agent_panes
        PASS [   0.016s] (1485/4752) warp pane_group::tree::tests::test_hide_and_show_child_agent_pane
        PASS [   0.015s] (1486/4752) warp pane_group::tree::tests::test_move_pane_basic
        PASS [   0.019s] (1487/4752) warp pane_group::tree::tests::test_left_pane_split
        PASS [   0.082s] (1488/4752) warp local_objects::notebook_store::tests::historical_sqlite_notebook_body_survives_edit_and_reload
        PASS [   0.048s] (1489/4752) warp pane_group::tests::test_navigation_skips_hidden_closed_panes
        PASS [   0.044s] (1490/4752) warp pane_group::tests::test_pane_focus_on_close
        PASS [   0.014s] (1491/4752) warp pane_group::tree::tests::test_move_pane_no_short_circuit
        PASS [   0.015s] (1492/4752) warp pane_group::tree::tests::test_move_pane_no_short_circuit_2
        PASS [   0.014s] (1493/4752) warp pane_group::tree::tests::test_original_pane_for_replacement
        PASS [   0.017s] (1494/4752) warp pane_group::tree::tests::test_move_pane_multiple_splits
        PASS [   0.013s] (1495/4752) warp pane_group::tree::tests::test_pane_by_direction_simple
        PASS [   0.015s] (1496/4752) warp pane_group::tree::tests::test_pane_by_direction_multi_level_split
        PASS [   0.015s] (1497/4752) warp pane_group::tree::tests::test_pane_by_direction_multi_split
        PASS [   0.014s] (1498/4752) warp pane_group::tree::tests::test_reset_pane_sizes_only_resets_containing_branch
        PASS [   0.045s] (1499/4752) warp pane_group::tests::test_update_session_visibility
        PASS [   0.013s] (1500/4752) warp pane_group::tree::tests::test_reset_pane_sizes_resets_containing_branch
        PASS [   0.047s] (1501/4752) warp pane_group::tests::test_terminal_pane_headers
        PASS [   0.014s] (1502/4752) warp pane_group::tree::tests::test_root_split_different_axis
        PASS [   0.014s] (1503/4752) warp pane_group::tree::tests::test_root_split_same_axis
        PASS [   0.015s] (1504/4752) warp pane_group::tree::tests::test_root_split_leaf
        PASS [   0.015s] (1505/4752) warp pane_group::tree::tests::test_sibling_by_direction
        PASS [   0.017s] (1506/4752) warp pane_group::tree::tests::test_split_pane_layout
        PASS [   0.014s] (1507/4752) warp pane_group::working_directories::tests::pane_group_repository_roots_insert_updates_both_maps
        PASS [   0.017s] (1508/4752) warp pane_group::working_directories::tests::diff_state_model_is_dropped_when_no_pane_group_references_repo
        PASS [   0.014s] (1509/4752) warp pane_group::working_directories::tests::pane_group_repository_roots_remove_pane_group_returns_orphans
        PASS [   0.014s] (1510/4752) warp pane_group::working_directories::tests::pane_group_repository_roots_remove_unknown_pane_group_is_noop
        PASS [   0.016s] (1511/4752) warp pane_group::working_directories::tests::pane_group_repository_roots_set_paths_returns_only_truly_orphaned_paths
        PASS [   0.022s] (1512/4752) warp pane_group::working_directories::tests::clear_selected_review_repo_removes_only_the_targeted_pane_group_entry
        PASS [   0.018s] (1513/4752) warp pane_group::working_directories::tests::pane_group_repository_roots_set_paths_preserves_insertion_order
        PASS [   0.069s] (1514/4752) warp pane_group::tests::test_undo_close_keeps_a_code_pane_watching_its_markdown_file
        PASS [   0.018s] (1515/4752) warp pane_group::working_directories::tests::remove_pane_group_does_not_drop_diff_state_model_shared_with_other_pane_group
        PASS [   0.019s] (1516/4752) warp pane_group::working_directories::tests::refresh_working_directories_preserves_non_repo_paths_and_dedupes
        PASS [   0.019s] (1517/4752) warp pane_group::working_directories::tests::refresh_working_directories_collapses_subroots_to_nearest_repo_root
        PASS [   0.016s] (1518/4752) warp pane_group::working_directories::tests::selected_review_repo_is_remembered_per_pane_group
        PASS [   0.020s] (1519/4752) warp pane_group::working_directories::tests::selected_review_repo_is_cleared_when_pane_group_is_removed
        PASS [   0.019s] (1520/4752) warp pane_group::working_directories::tests::shared_diff_state_model_survives_when_other_pane_group_still_references_repo
        PASS [   0.128s] (1521/4752) warp pane_group::tests::restores_code_pane_without_source_metadata
        PASS [   0.071s] (1522/4752) warp persistence::block_list::tests::terminal_blocks_round_trip_in_chronological_order
        PASS [   0.076s] (1523/4752) warp persistence::block_list::tests::deleting_terminal_blocks_is_scoped_to_the_pane
        PASS [   0.073s] (1524/4752) warp persistence::block_list::tests::terminal_persistence_leaves_legacy_agent_queries_opaque
        PASS [   0.081s] (1525/4752) warp persistence::block_list::tests::terminal_block_limit_retains_newest_commands
        PASS [   0.109s] (1526/4752) warp persistence::block_list::tests::restoring_blocks_does_not_rewrite_unknown_legacy_columns
        PASS [   0.011s] (1527/4752) warp safe_triangle::tests::clearing_target_rect_clears_state
        PASS [   0.010s] (1528/4752) warp safe_triangle::tests::duplicate_event_at_same_position_preserves_existing_suppression
        PASS [   0.070s] (1529/4752) warp persistence::local_snapshot::tests::snapshot_round_trip_preserves_layout_and_arbitrary_terminal_bytes
        PASS [   0.073s] (1530/4752) warp persistence::local_snapshot::tests::malformed_snapshot_is_skipped_and_cannot_be_overwritten
        PASS [   0.012s] (1531/4752) warp safe_triangle::tests::leaving_after_entering_target_is_not_suppressed
        PASS [   0.137s] (1532/4752) warp persistence::legacy_snapshot::tests::legacy_workflow_pane_loads_the_local_workflow_body
        PASS [   0.012s] (1533/4752) warp safe_triangle::tests::no_last_position_does_not_suppress
        PASS [   0.010s] (1534/4752) warp safe_triangle::tests::no_target_rect_does_not_suppress
        PASS [   0.011s] (1535/4752) warp safe_triangle::tests::point_outside_triangle_is_not_suppressed
        PASS [   0.014s] (1536/4752) warp safe_triangle::tests::point_inside_triangle_is_suppressed
        PASS [   0.013s] (1537/4752) warp safe_triangle::tests::same_position_not_suppressed
        PASS [   0.015s] (1538/4752) warp safe_triangle::tests::sidecar_to_the_left
        PASS [   0.012s] (1539/4752) warp safe_triangle::tests::vertical_movement_not_suppressed_with_tall_sidecar
        PASS [   0.011s] (1540/4752) warp search::command_palette::navigation::search::tests::ascii_only_is_identity
        PASS [   0.175s] (1541/4752) warp persistence::legacy_snapshot::tests::legacy_notebook_pane_uses_its_local_body_id
        PASS [   0.020s] (1542/4752) warp search::command_palette::files::data_source::tests::test_files_palette_excludes_directories
        PASS [   0.014s] (1543/4752) warp search::command_palette::navigation::search::tests::continuation_bytes_are_filtered_out
        PASS [   0.014s] (1544/4752) warp search::command_palette::navigation::search::tests::empty_inputs
        PASS [   0.015s] (1545/4752) warp search::command_palette::navigation::search::tests::highlight_indices_correct_after_byte_to_char_conversion
        PASS [   0.017s] (1546/4752) warp search::command_palette::navigation::search::tests::mixed_width_characters
        PASS [   0.013s] (1547/4752) warp search::command_palette::navigation::search::tests::multi_byte_chars_shift_indices
        PASS [   0.012s] (1548/4752) warp search::command_palette::navigation::search::tests::raw_byte_indices_produce_wrong_highlights
        PASS [   0.015s] (1549/4752) warp search::command_palette::navigation::search::tests::out_of_bounds_byte_indices_are_dropped
        PASS [   0.012s] (1550/4752) warp search::command_palette::selected_items::tests::test_enqueue_existing_item
        PASS [   0.010s] (1551/4752) warp search::command_palette::selected_items::tests::test_enqueue_new_item
        PASS [   0.016s] (1552/4752) warp search::command_search::searcher::tests::test_add_source_to_mixer
        PASS [   0.215s] (1553/4752) warp persistence::legacy_snapshot::tests::damaged_legacy_pane_does_not_discard_other_tabs_or_shift_active_tab
        PASS [   0.216s] (1554/4752) warp persistence::legacy_snapshot::tests::legacy_terminal_tabs_and_active_tab_are_restored_without_rewriting_old_rows
        PASS [   0.205s] (1555/4752) warp persistence::legacy_snapshot::tests::newer_snapshot_wins_over_legacy_window_rows
        PASS [   0.219s] (1556/4752) warp persistence::legacy_snapshot::tests::malformed_new_snapshot_does_not_fall_back_to_stale_legacy_windows
        PASS [   0.159s] (1557/4752) warp persistence::sqlite::tests::notebooks_without_legacy_cloud_metadata_remain_readable
        PASS [   0.247s] (1558/4752) warp persistence::block_list::tests::old_terminal_fixture_remains_readable_after_migrations
        PASS [   0.165s] (1559/4752) warp persistence::sqlite::tests::trashed_legacy_notebooks_are_hidden_without_deleting_their_body
        PASS [   0.009s] (1560/4752) warp search::files::model::tests::file_search_item_tests::test_file_search_item_clone
        PASS [   0.253s] (1561/4752) warp persistence::legacy_snapshot::tests::legacy_terminal_output_bytes_survive_import_and_new_snapshot
        PASS [   0.023s] (1562/4752) warp search::command_search::view::tests::test_render_view
        PASS [   0.022s] (1563/4752) warp search::command_search::workflows::workflows_data_source::tests::project_search_reloads_workflows_and_preserves_arguments
        PASS [   0.010s] (1564/4752) warp search::files::model::tests::file_search_item_tests::test_file_search_item_directory
        PASS [   0.010s] (1565/4752) warp search::files::model::tests::file_search_item_tests::test_file_search_item_from_result
        PASS [   0.009s] (1566/4752) warp search::files::model::tests::file_search_item_tests::test_file_search_item_from_result_no_match
        PASS [   0.009s] (1567/4752) warp search::files::model::tests::file_search_model_tests::test_contents_args_keeps_folders_by_default
        PASS [   0.010s] (1568/4752) warp search::files::model::tests::file_search_model_tests::test_contents_args_excludes_folders_for_file_only_search
        PASS [   0.009s] (1569/4752) warp search::files::model::tests::file_search_model_tests::test_filename_prioritization
        PASS [   0.011s] (1570/4752) warp search::files::model::tests::file_search_model_tests::test_file_search_model_creation
        PASS [   0.009s] (1571/4752) warp search::files::model::tests::file_search_model_tests::test_fuzzy_match_path_empty_query
        PASS [   0.009s] (1572/4752) warp search::files::model::tests::file_search_model_tests::test_fuzzy_match_path_case_insensitive
        PASS [   0.010s] (1573/4752) warp search::files::model::tests::file_search_model_tests::test_fuzzy_match_path_exact_filename_match
        PASS [   0.009s] (1574/4752) warp search::files::model::tests::file_search_model_tests::test_fuzzy_match_path_multi_term_partial_match
        PASS [   0.010s] (1575/4752) warp search::files::model::tests::file_search_model_tests::test_fuzzy_match_path_no_match
        PASS [   0.010s] (1576/4752) warp search::files::model::tests::file_search_model_tests::test_fuzzy_match_path_multi_term_search
        PASS [   0.010s] (1577/4752) warp search::files::model::tests::file_search_model_tests::test_fuzzy_match_path_simple_filename_match
        PASS [   0.010s] (1578/4752) warp search::files::model::tests::file_search_model_tests::test_fuzzy_match_path_partial_match
        PASS [   0.010s] (1579/4752) warp search::files::model::tests::file_search_model_tests::test_fuzzy_match_path_wildcard_patterns
        PASS [   0.010s] (1580/4752) warp search::files::model::tests::file_search_model_tests::test_fuzzy_match_path_whitespace_only_query
        PASS [   0.010s] (1581/4752) warp search::files::model::tests::file_search_model_tests::test_should_skip_overly_broad_query
        PASS [   0.010s] (1582/4752) warp search::files::model::tests::file_search_model_tests::test_path_with_extension_exact_match
        PASS [   0.010s] (1583/4752) warp search::files::model::tests::integration_tests::test_typical_search_workflow
        PASS [   0.010s] (1584/4752) warp search::files::model::tests::integration_tests::test_multi_term_search_workflow
        PASS [   0.010s] (1585/4752) warp search::files::model::tests::strip_absolute_path_prefix_tests::test_no_roots_provided
        PASS [   0.010s] (1586/4752) warp search::files::model::tests::strip_absolute_path_prefix_tests::test_falls_back_to_working_dir_when_repo_root_does_not_match
        PASS [   0.009s] (1587/4752) warp search::files::model::tests::strip_absolute_path_prefix_tests::test_relative_path_unchanged
        PASS [   0.009s] (1588/4752) warp search::files::model::tests::strip_absolute_path_prefix_tests::test_prefers_repo_root_over_working_dir
        PASS [   0.010s] (1589/4752) warp search::files::model::tests::strip_absolute_path_prefix_tests::test_returns_none_when_path_equals_prefix
        PASS [   0.010s] (1590/4752) warp search::files::model::tests::strip_absolute_path_prefix_tests::test_returns_none_when_no_prefix_matches
        PASS [   0.010s] (1591/4752) warp search::files::model::tests::strip_absolute_path_prefix_tests::test_strips_working_dir_when_no_repo_root
        PASS [   0.010s] (1592/4752) warp search::files::model::tests::strip_absolute_path_prefix_tests::test_strips_repo_root
        PASS [   0.010s] (1593/4752) warp search::slash_command_menu::fuzzy_match_tests::test_case_insensitive_matching
        PASS [   0.010s] (1594/4752) warp search::files::model::tests::strip_absolute_path_prefix_tests::test_working_dir_inside_repo_root_strips_repo_root
        PASS [   0.010s] (1595/4752) warp search::slash_command_menu::fuzzy_match_tests::test_match_two_commands_with_same_name_but_different_description
        PASS [   0.010s] (1596/4752) warp search::slash_command_menu::fuzzy_match_tests::test_match_two_commands_with_different_name_and_same_description
        PASS [   0.010s] (1597/4752) warp search::slash_command_menu::fuzzy_match_tests::test_score_returns_no_match_when_both_none
        PASS [   0.010s] (1598/4752) warp search::slash_command_menu::fuzzy_match_tests::test_try_match_with_description_match
        PASS [   0.010s] (1599/4752) warp search::slash_command_menu::fuzzy_match_tests::test_try_match_with_name_match
        PASS [   0.010s] (1600/4752) warp search::slash_command_menu::static_commands::commands::tests::api_keys_command_is_tui_only_and_has_no_arguments
        PASS [   0.010s] (1601/4752) warp search::slash_command_menu::static_commands::commands::tests::auto_approve_command_is_local_agent_action_without_arguments
        PASS [   0.010s] (1602/4752) warp search::slash_command_menu::static_commands::commands::tests::clear_command_has_correct_registry_metadata
        PASS [   0.010s] (1603/4752) warp search::slash_command_menu::static_commands::commands::tests::clear_command_is_active_only_outside_cloud_mode
        PASS [   0.010s] (1604/4752) warp search::slash_command_menu::static_commands::commands::tests::clear_command_is_registered_only_for_tui_mode
        PASS [   0.010s] (1605/4752) warp search::slash_command_menu::static_commands::commands::tests::command_registry_contains_commands_for_both_surfaces
        PASS [   0.011s] (1606/4752) warp search::slash_command_menu::static_commands::commands::tests::command_names_and_kinds_are_unique_per_surface
        PASS [   0.010s] (1607/4752) warp search::slash_command_menu::static_commands::commands::tests::command_registry_filters_explicit_surface_metadata
        PASS [   0.010s] (1608/4752) warp search::slash_command_menu::static_commands::commands::tests::connect_grok_command_is_tui_only_and_has_no_arguments
        PASS [   0.009s] (1609/4752) warp search::slash_command_menu::static_commands::commands::tests::copy_debugging_id_command_has_correct_registry_metadata
        PASS [   0.010s] (1610/4752) warp search::slash_command_menu::static_commands::commands::tests::continue_locally_command_is_registered
        PASS [   0.459s] (1611/4752) warp pane_group::tests::test_pane_focus_does_not_have_an_infinite_event_loop
        PASS [   0.011s] (1612/4752) warp search::slash_command_menu::static_commands::commands::tests::copy_debugging_id_command_is_registered_for_gui_and_tui
        PASS [   0.010s] (1613/4752) warp search::slash_command_menu::static_commands::commands::tests::gui_icon_metadata_matches_surface_support
        PASS [   0.009s] (1614/4752) warp search::slash_command_menu::static_commands::commands::tests::manage_billing_command_is_always_available_only_in_tui_mode
        PASS [   0.009s] (1615/4752) warp search::slash_command_menu::static_commands::commands::tests::logout_command_is_registered_only_for_tui_mode
        PASS [   0.010s] (1616/4752) warp search::slash_command_menu::static_commands::commands::tests::natural_language_detection_command_is_ai_enabled_and_executes_immediately
        PASS [   0.010s] (1617/4752) warp search::slash_command_menu::static_commands::commands::tests::natural_language_detection_command_is_registered_only_for_tui_mode
        PASS [   0.009s] (1618/4752) warp search::slash_command_menu::static_commands::commands::tests::reset_statusline_command_is_always_available_only_in_tui_mode
        PASS [   0.010s] (1619/4752) warp search::slash_command_menu::static_commands::commands::tests::rename_conversation_command_is_active_conversation_scoped_and_requires_argument
        PASS [   0.009s] (1620/4752) warp search::slash_command_menu::static_commands::commands::tests::rename_tab_command_requires_argument
        PASS [   0.010s] (1621/4752) warp search::slash_command_menu::static_commands::commands::tests::set_tab_color_command_requires_argument
        PASS [   0.009s] (1622/4752) warp search::slash_command_menu::static_commands::commands::tests::strip_command_prefix_matches_orchestrate
        PASS [   0.009s] (1623/4752) warp search::slash_command_menu::static_commands::commands::tests::strip_command_prefix_no_match
        PASS [   0.009s] (1624/4752) warp search::slash_command_menu::static_commands::commands::tests::statusline_command_is_always_available_only_in_tui_mode
        PASS [   0.009s] (1625/4752) warp search::slash_command_menu::static_commands::commands::tests::strip_command_prefix_empty
        PASS [   0.010s] (1626/4752) warp search::slash_command_menu::static_commands::commands::tests::strip_command_prefix_no_trailing_space
        PASS [   0.009s] (1627/4752) warp search::slash_command_menu::static_commands::commands::tests::strip_command_prefix_substring_not_matched
        PASS [   0.009s] (1628/4752) warp search::slash_command_menu::static_commands::commands::tests::strip_command_prefix_trailing_space_only
        PASS [   0.009s] (1629/4752) warp search::slash_command_menu::static_commands::commands::tests::theme_command_is_registered_only_for_tui_mode
        PASS [   0.009s] (1630/4752) warp search::slash_command_menu::static_commands::commands::tests::upgrade_command_is_always_available_only_in_tui_mode
        PASS [   0.009s] (1631/4752) warp search::slash_command_menu::static_commands::tests::active_conversation_requirement_satisfied_when_conversation_active
        PASS [   0.009s] (1632/4752) warp search::slash_command_menu::static_commands::tests::active_conversation_requirement_not_satisfied_when_no_conversation
        PASS [   0.010s] (1633/4752) warp search::slash_command_menu::static_commands::commands::tests::version_command_is_not_registered
        PASS [   0.009s] (1634/4752) warp search::slash_command_menu::static_commands::commands::tests::voice_command_is_registered_only_for_tui_mode
        PASS [   0.009s] (1635/4752) warp search::slash_command_menu::static_commands::commands::tests::view_logs_command_is_registered_only_for_tui_mode
        PASS [   0.010s] (1636/4752) warp search::slash_command_menu::static_commands::tests::agent_view_and_repository_both_required
        PASS [   0.010s] (1637/4752) warp search::slash_command_menu::static_commands::tests::ai_enabled_requirement_not_satisfied_when_ai_off
        PASS [   0.010s] (1638/4752) warp search::slash_command_menu::static_commands::tests::agent_view_requirement_only_in_agent_view
        PASS [   0.011s] (1639/4752) warp search::slash_command_menu::static_commands::tests::agent_view_and_local_both_required
        PASS [   0.010s] (1640/4752) warp search::slash_command_menu::static_commands::tests::ai_enabled_requirement_satisfied_when_ai_on
        PASS [   0.213s] (1641/4752) warp search::command_search::searcher::tests::test_exact_matches_rank_above_prefix_matches
        PASS [   0.212s] (1642/4752) warp search::command_search::searcher::tests::test_no_query_filter_runs_all_data_sources
        PASS [   0.011s] (1643/4752) warp search::slash_command_menu::static_commands::tests::all_flags_required
        PASS [   0.010s] (1644/4752) warp search::slash_command_menu::static_commands::tests::both_view_bits_satisfy_either_view_requirement
        PASS [   0.011s] (1645/4752) warp search::slash_command_menu::static_commands::tests::cloud_agent_required_command_not_satisfied_outside_cloud_agent_session
        PASS [   0.011s] (1646/4752) warp search::slash_command_menu::static_commands::tests::always_available_in_any_context
        PASS [   0.009s] (1647/4752) warp search::slash_command_menu::static_commands::tests::cloud_agent_required_command_satisfied_in_cloud_agent_session
        PASS [   0.011s] (1648/4752) warp search::slash_command_menu::static_commands::tests::argument_hint_uses_shared_command_prefix_and_text
        PASS [   0.010s] (1649/4752) warp search::slash_command_menu::static_commands::tests::cloud_mode_v2_composer_required_command_not_satisfied_outside_v2_composer
        PASS [   0.010s] (1650/4752) warp search::slash_command_menu::static_commands::tests::cloud_mode_v2_composer_required_command_satisfied_in_v2_composer_session
        PASS [   0.010s] (1651/4752) warp search::slash_command_menu::static_commands::tests::index_command_requires_repo_and_codebase_context
        PASS [   0.010s] (1652/4752) warp search::slash_command_menu::static_commands::tests::codebase_context_requirement_not_satisfied_when_disabled
        PASS [   0.010s] (1653/4752) warp search::slash_command_menu::static_commands::tests::fork_like_command_requires_agent_view_active_conversation_no_lrc
        PASS [   0.010s] (1654/4752) warp search::slash_command_menu::static_commands::tests::commands_without_ai_enabled_remain_available_when_ai_off
        PASS [   0.010s] (1655/4752) warp search::slash_command_menu::static_commands::tests::codebase_context_requirement_satisfied_when_enabled
        PASS [   0.009s] (1656/4752) warp search::slash_command_menu::static_commands::tests::local_requirement_not_satisfied_in_remote_session
        PASS [   0.010s] (1657/4752) warp search::slash_command_menu::static_commands::tests::local_requirement_satisfied_in_local_session
        PASS [   0.010s] (1658/4752) warp search::slash_command_menu::static_commands::tests::no_local_requirement_available_in_any_session_type
        PASS [   0.010s] (1659/4752) warp search::slash_command_menu::static_commands::tests::no_repository_requirement_available_regardless
        PASS [   0.010s] (1660/4752) warp search::slash_command_menu::static_commands::tests::no_lrc_control_requirement_not_satisfied_when_in_control
        PASS [   0.010s] (1661/4752) warp search::slash_command_menu::static_commands::tests::no_lrc_control_requirement_satisfied_when_not_in_control
        PASS [   0.010s] (1662/4752) warp search::slash_command_menu::static_commands::tests::no_view_requirement_available_in_any_view
        PASS [   0.009s] (1663/4752) warp search::slash_command_menu::static_commands::tests::repository_requirement_not_satisfied_when_not_in_repo
        PASS [   0.010s] (1664/4752) warp search::slash_command_menu::static_commands::tests::repository_requirement_satisfied_when_in_repo
        PASS [   0.010s] (1665/4752) warp search::slash_command_menu::static_commands::tests::terminal_view_requirement_only_in_terminal_view
        PASS [   0.010s] (1666/4752) warp search::workflows::fuzzy_match::tests::test_title_tiebreak
        PASS [   0.010s] (1667/4752) warp settings::import::alacritty_parser::tests::test_merge_left
        PASS [   0.010s] (1668/4752) warp search::workflows::fuzzy_match::tests::test_exact_command_before_fuzzy_command
        PASS [   0.010s] (1669/4752) warp search::workflows::fuzzy_match::tests::test_exact_command_before_exact_title
        PASS [   0.010s] (1670/4752) warp settings::import::alacritty_parser::tests::test_parse_cobalt2
        PASS [   0.011s] (1671/4752) warp settings::import::iterm_parser::tests::test_color_dictionary_missing_alpha_to_coloru
        PASS [   0.011s] (1672/4752) warp settings::import::alacritty_parser::tests::test_parse_cobalt2_no_colors
        PASS [   0.011s] (1673/4752) warp settings::import::alacritty_parser::tests::test_parse_cobalt2_missing_section
        PASS [   0.012s] (1674/4752) warp settings::import::alacritty_parser::tests::test_parse_cobalt2_from_import
        PASS [   0.012s] (1675/4752) warp settings::import::alacritty_parser::tests::test_parse_cobalt2_bad_terminal_color
        PASS [   0.012s] (1676/4752) warp settings::import::alacritty_parser::tests::test_parse_cobalt2_missing_color
        PASS [   0.009s] (1677/4752) warp settings::import::iterm_parser::tests::test_color_dictionary_to_coloru
        PASS [   0.010s] (1678/4752) warp settings::import::iterm_parser::tests::test_from_iterm_keystroke_function_key
        PASS [   0.010s] (1679/4752) warp settings::import::iterm_parser::tests::test_from_iterm_keystroke_with_modifiers
        PASS [   0.010s] (1680/4752) warp settings::import::iterm_parser::tests::test_from_iterm_keystroke_non_ascii
        PASS [   0.009s] (1681/4752) warp settings::import::iterm_parser::tests::test_into_warp_theme_invalid
        PASS [   0.010s] (1682/4752) warp settings::import::iterm_parser::tests::test_into_warp_theme_valid
        PASS [   0.012s] (1683/4752) warp settings::import::iterm_parser::tests::test_import_from_file
        PASS [   0.010s] (1684/4752) warp settings::import::iterm_parser::tests::test_not_import_from_file
        PASS [   0.010s] (1685/4752) warp settings::import::iterm_parser::tests::test_parse_font_without_size
        PASS [   0.010s] (1686/4752) warp settings::import::iterm_parser::tests::test_parse_invalid_font
        PASS [   0.010s] (1687/4752) warp settings::import::iterm_parser::tests::test_parse_font
        PASS [   0.011s] (1688/4752) warp settings::import::iterm_parser::tests::test_parse_font_with_default_size
        PASS [   0.011s] (1689/4752) warp settings::import::iterm_parser::tests::test_parse_font_with_default_font
        PASS [   0.009s] (1690/4752) warp settings::import::iterm_parser::tests::test_remove_default_values_from_default
        PASS [   0.011s] (1691/4752) warp settings::import::iterm_parser::tests::test_read_activation_keystroke
        PASS [   0.010s] (1692/4752) warp settings::import::iterm_parser::tests::test_remove_default_values_from_partial_profile
        PASS [   0.011s] (1693/4752) warp settings::import::iterm_parser::tests::test_remove_default_values_from_full_profile
        PASS [   0.011s] (1694/4752) warp settings::init::tests::test_migration_handles_string_setting
        PASS [   0.011s] (1695/4752) warp settings::init::tests::test_migration_copies_public_settings_from_native_store
        PASS [   0.011s] (1696/4752) warp settings::init::tests::test_migration_does_not_rerun_when_marker_present
        PASS [   0.011s] (1697/4752) warp settings::init::tests::test_migration_not_needed_when_settings_file_exists
        PASS [   0.011s] (1698/4752) warp settings::init::tests::test_migration_preserves_custom_long_running_threshold
        PASS [   0.009s] (1699/4752) warp settings::init::tests::test_notifications_from_file_value_rejects_serde_format_duration
        PASS [   0.012s] (1700/4752) warp settings::init::tests::test_migration_skips_settings_absent_from_native_store
        PASS [   0.012s] (1701/4752) warp settings::init::tests::test_migration_preserves_notifications_mode
        PASS [   0.011s] (1702/4752) warp settings::init::tests::test_migration_writes_marker_to_native_store
        PASS [   0.011s] (1703/4752) warp settings::init::tests::test_migration_with_multiple_setting_types
        PASS [   0.010s] (1704/4752) warp settings::init::tests::test_notifications_from_file_value_rejects_serde_format_enum
        PASS [   0.011s] (1705/4752) warp settings::local_control::tests::cloud_sync_cannot_disable_local_control
        PASS [   0.009s] (1706/4752) warp settings::local_control::tests::default_mode_is_enabled_only_on_dogfood_channels
        PASS [   0.009s] (1707/4752) warp settings::local_control::tests::mode_is_private_and_never_cloud_synced
        PASS [   0.009s] (1708/4752) warp settings::local_control::tests::unset_mode_follows_channel_default
        PASS [   0.010s] (1709/4752) warp settings::local_control::tests::mode_does_not_migrate_from_private_preferences
        PASS [   0.010s] (1710/4752) warp settings::local_control::tests::mode_is_persisted_to_secure_storage
        PASS [   0.014s] (1711/4752) warp settings::privacy::tests::privacy_settings_stay_disabled_in_gui_and_tui
        PASS [   0.013s] (1712/4752) warp settings::schema_generation::tests::generates_a_settings_schema
        PASS [   0.010s] (1713/4752) warp settings::schema_generation::tests::strips_empty_enum_entries
        PASS [   0.010s] (1714/4752) warp settings::schema_generation::tests::strips_numeric_metadata_recursively
        PASS [   0.010s] (1715/4752) warp settings::schema_generation::tests::surface_annotation_matches_setting_schema_entry_metadata
        PASS [   0.009s] (1716/4752) warp settings::theme::tests::built_in_theme_settings_remain_syncable
        PASS [   0.009s] (1717/4752) warp settings::theme::tests::selected_system_themes_do_not_sync_when_any_custom_path_is_outside_theme_root
        PASS [   0.009s] (1718/4752) warp settings::theme::tests::selected_system_themes_sync_when_custom_paths_are_under_theme_root
        PASS [   0.009s] (1719/4752) warp settings::theme::tests::theme_kind_does_not_sync_custom_theme_outside_theme_root
        PASS [   0.009s] (1720/4752) warp settings::tui_theme::tests::automatic_theme_follows_the_background_luminance
        PASS [   0.009s] (1721/4752) warp settings::theme::tests::theme_kind_syncs_custom_theme_under_theme_root
        PASS [   0.010s] (1722/4752) warp settings::theme::tests::theme_kind_syncs_custom_base16_theme_under_theme_root
        PASS [   0.023s] (1723/4752) warp settings::schema_validation_tests::file_defaults_validate_against_schema
        PASS [   0.010s] (1724/4752) warp settings::tui_theme::tests::theme_names_parse_case_insensitively
        PASS [   0.010s] (1725/4752) warp settings::tui_theme::tests::explicit_theme_overrides_the_background_luminance
        PASS [   0.010s] (1726/4752) warp settings::tui_theme::tests::theme_schema_entry_is_tui_only
        PASS [   0.010s] (1727/4752) warp settings::tui_theme::tests::theme_values_use_lowercase_file_representation
        PASS [   0.009s] (1728/4752) warp settings::tui_voice::tests::tui_voice_setting_defaults_to_none_and_round_trips
        PASS [   0.010s] (1729/4752) warp settings::tui_theme::tests::theme_setting_is_tui_local_and_defaults_to_automatic_detection
        PASS [   0.009s] (1730/4752) warp settings::tui_voice::tests::tui_voice_setting_is_local_and_tui_only
        PASS [   0.009s] (1731/4752) warp settings::tui_zero_state::tests::numeric_settings_accept_inclusive_bounds
        PASS [   0.009s] (1732/4752) warp settings::tui_zero_state::tests::numeric_settings_reject_out_of_range_values
        PASS [   0.009s] (1733/4752) warp settings::tui_zero_state::tests::object_source_uses_tagged_file_representation
        PASS [   0.010s] (1734/4752) warp settings::tui_zero_state::tests::zero_state_settings_are_tui_local_file_settings
        PASS [   0.010s] (1735/4752) warp settings_view::directory_color_add_picker::tests::test_filters_out_existing_non_suppressed_entries
        PASS [   0.010s] (1736/4752) warp settings_view::directory_color_add_picker::tests::test_empty_inputs_produce_empty_output
        PASS [   0.009s] (1737/4752) warp settings_view::directory_color_add_picker::tests::test_non_existent_paths_are_dropped
        PASS [   0.009s] (1738/4752) warp settings_view::directory_color_add_picker::tests::test_retains_suppressed_entries_as_candidates
        PASS [   0.010s] (1739/4752) warp settings_view::directory_color_add_picker::tests::test_results_are_sorted_alphabetically_by_canonical_key
        PASS [   0.010s] (1740/4752) warp settings_view::directory_color_add_picker::tests::test_union_dedupes_across_sources
        PASS [   0.009s] (1741/4752) warp settings_view::settings_file_footer::tests::error_present_but_banner_not_dismissed_shows_open_button
        PASS [   0.009s] (1742/4752) warp settings_view::directory_color_add_picker::tests::test_worktree_paths_are_kept
        PASS [   0.009s] (1743/4752) warp settings_view::settings_file_footer::tests::error_alert_shown_only_when_error_and_banner_dismissed
        PASS [   0.009s] (1744/4752) warp settings_view::settings_file_footer::tests::feature_disabled_hides_footer_regardless_of_error_or_dismissal
        PASS [   0.009s] (1745/4752) warp settings_view::settings_file_footer::tests::no_error_and_banner_not_dismissed_shows_open_button
        PASS [   0.009s] (1746/4752) warp settings_view::settings_file_footer::tests::no_error_but_banner_dismissed_shows_open_button
        PASS [   0.010s] (1747/4752) warp settings_view::tests::all_sections_list_is_exhaustive
        PASS [   0.010s] (1748/4752) warp settings_view::tests::arrow_down_collapsed_umbrella_respects_search_filter
        PASS [   0.010s] (1749/4752) warp settings_view::tests::arrow_down_from_appearance_with_collapsed_local_pages_lands_on_first_subpage
        PASS [   0.010s] (1750/4752) warp settings_view::tests::arrow_down_across_adjacent_collapsed_umbrellas
        PASS [   0.009s] (1751/4752) warp settings_view::tests::arrow_up_into_collapsed_umbrella_respects_search_filter_for_last_subpage
        PASS [   0.010s] (1752/4752) warp settings_view::tests::arrow_down_from_expanded_last_subpage_leaves_umbrella
        PASS [   0.010s] (1753/4752) warp settings_view::tests::arrow_up_from_privacy_with_collapsed_local_pages_lands_on_last_subpage
        PASS [   0.010s] (1754/4752) warp settings_view::tests::category_whose_sole_widget_cannot_render_has_no_visible_content_after_an_empty_query
        PASS [   0.011s] (1755/4752) warp settings_view::tests::category_trailing_element_renders_alongside_a_matching_child
        PASS [   0.011s] (1756/4752) warp settings_view::tests::category_and_its_trailing_element_are_dropped_when_no_child_matches
        PASS [   0.011s] (1757/4752) warp settings_view::tests::category_header_with_trailing_element_and_no_subtitle_does_not_panic_flex_layout
        PASS [   0.010s] (1758/4752) warp settings_view::tests::collapsed_umbrella_is_a_single_nav_stop
        PASS [   0.011s] (1759/4752) warp settings_view::tests::category_whose_sole_widget_cannot_render_has_no_visible_content_before_any_filter_pass
        PASS [   0.011s] (1760/4752) warp settings_view::tests::category_with_trailing_element_shows_everything_on_empty_query
        PASS [   0.011s] (1761/4752) warp settings_view::tests::collapsed_umbrella_with_filtered_subpages_uses_first_visible_subpage
        PASS [   0.011s] (1762/4752) warp settings_view::tests::current_stop_index_matches_section_stop
        PASS [   0.011s] (1763/4752) warp settings_view::tests::current_stop_index_maps_subpage_to_collapsed_umbrella
        PASS [   0.011s] (1764/4752) warp settings_view::tests::current_stop_index_returns_none_when_section_is_not_present
        PASS [   0.009s] (1765/4752) warp settings_view::tests::every_section_round_trips_through_its_slug
        PASS [   0.009s] (1766/4752) warp settings_view::tests::expanded_umbrella_produces_section_stop_per_subpage
        PASS [   0.011s] (1767/4752) warp settings_view::tests::empty_query_after_reapply_shows_all_widgets
        PASS [   0.009s] (1768/4752) warp settings_view::tests::from_slug_rejects_unknown_input
        PASS [   0.010s] (1769/4752) warp settings_view::tests::filtered_out_top_level_page_is_skipped
        PASS [   0.009s] (1770/4752) warp settings_view::tests::from_slug_maps_supported_superseded_page_names_to_the_page_that_replaced_them
        PASS [   0.010s] (1771/4752) warp settings_view::tests::from_slug_accepts_legacy_spellings
        PASS [   0.010s] (1772/4752) warp settings_view::tests::match_data_countable_nonzero_is_truthy
        PASS [   0.010s] (1773/4752) warp settings_view::tests::match_data_countable_zero_is_not_truthy
        PASS [   0.009s] (1774/4752) warp settings_view::tests::match_data_uncounted_false_is_not_truthy
        PASS [   0.010s] (1775/4752) warp settings_view::tests::next_stop_index_wraps_at_ends
        PASS [   0.010s] (1776/4752) warp settings_view::tests::next_stop_index_handles_single_stop
        PASS [   0.010s] (1777/4752) warp settings_view::tests::match_data_uncounted_true_is_truthy
        PASS [   0.011s] (1778/4752) warp settings_view::tests::reapply_handles_multi_word_and_case
        PASS [   0.010s] (1779/4752) warp settings_view::tests::search_terms_match_direct_unit_checks
        PASS [   0.011s] (1780/4752) warp settings_view::tests::rebuild_resets_filter_to_all_widgets
        PASS [   0.011s] (1781/4752) warp settings_view::tests::rebuild_with_reapply_keeps_only_matching_widgets
        PASS [   0.010s] (1782/4752) warp settings_view::tests::slugs_were_seeded_from_the_display_labels_they_replaced
        PASS [   0.010s] (1783/4752) warp settings_view::tests::subpage_display_names_are_correct
        PASS [   0.010s] (1784/4752) warp settings_view::tests::slugs_are_unique_across_sections
        PASS [   0.413s] (1785/4752) warp search::command_search::searcher::tests::test_query_filter_limits_data_sources
        PASS [   0.010s] (1786/4752) warp settings_view::tests::title_trailing_element_is_present_regardless_of_widget_filter
        PASS [   0.010s] (1787/4752) warp settings_view::tests::umbrella_with_no_visible_subpages_is_skipped_entirely
        PASS [   0.009s] (1788/4752) warp tab_configs::params_modal::tests::resolve_param_value_returns_default_for_blank_input
        PASS [   0.010s] (1789/4752) warp tab_configs::params_modal::tests::resolve_param_value_preserves_non_blank_input
        PASS [   0.010s] (1790/4752) warp tab_configs::params_modal::tests::resolve_param_value_returns_none_for_blank_required_input
        PASS [   0.010s] (1791/4752) warp tab_configs::session_config::tests::detects_non_git_directory
        PASS [   0.009s] (1792/4752) warp tab_configs::session_config::tests::directory_path_is_absolute_in_directory
        PASS [   0.010s] (1793/4752) warp tab_configs::session_config::tests::detects_git_repo_with_dot_git_dir
        PASS [   0.011s] (1794/4752) warp tab_configs::session_config::tests::detects_git_repo_in_parent
        PASS [   0.010s] (1795/4752) warp tab_configs::session_config::tests::render_terminal_produces_correct_pane_template
        PASS [   0.009s] (1796/4752) warp tab_configs::session_config::tests::root_directory_does_not_loop
        PASS [   0.009s] (1797/4752) warp tab_configs::session_config::tests::render_worktree_substitutes_default_branch_name
        PASS [   0.010s] (1798/4752) warp tab_configs::session_config::tests::snapshot_2x2_grid
        PASS [   0.010s] (1799/4752) warp tab_configs::session_config::tests::snapshot_3_way_split
        PASS [   0.010s] (1800/4752) warp tab_configs::session_config::tests::snapshot_asymmetric_tree
        PASS [   0.010s] (1801/4752) warp tab_configs::session_config::tests::snapshot_3_deep_nesting
        PASS [   0.011s] (1802/4752) warp tab_configs::session_config::tests::round_trip_terminal_no_worktree
        PASS [   0.010s] (1803/4752) warp tab_configs::session_config::tests::snapshot_non_terminal_leaf_replaced_with_terminal
        PASS [   0.010s] (1804/4752) warp tab_configs::session_config::tests::snapshot_preserves_custom_title_and_color
        PASS [   0.010s] (1805/4752) warp tab_configs::session_config::tests::snapshot_round_trip_3_deep_nesting
        PASS [   0.009s] (1806/4752) warp tab_configs::session_config::tests::terminal_command_prefix_is_none
        PASS [   0.010s] (1807/4752) warp tab_configs::session_config::tests::snapshot_single_terminal_pane
        PASS [   0.010s] (1808/4752) warp tab_configs::session_config::tests::snapshot_two_pane_horizontal_split
        PASS [   0.010s] (1809/4752) warp tab_configs::session_config::tests::terminal_no_worktree
        PASS [   0.010s] (1810/4752) warp tab_configs::session_config::tests::snapshot_round_trip_toml
        PASS [   0.011s] (1811/4752) warp tab_configs::session_config::tests::terminal_with_autogenerated_worktree
        PASS [   0.011s] (1812/4752) warp tab_configs::session_config::tests::terminal_with_worktree
        PASS [   0.011s] (1813/4752) warp tab_configs::session_config::tests::write_tab_config_content_is_valid_toml
        PASS [   0.010s] (1814/4752) warp tab_configs::tab_config::tests::test_default_param_values
        PASS [   0.010s] (1815/4752) warp tab_configs::session_config::tests::write_tab_config_custom_base_name
        PASS [   0.010s] (1816/4752) warp tab_configs::tab_config::tests::test_flat_2x2_grid
        PASS [   0.011s] (1817/4752) warp tab_configs::session_config::tests::write_tab_config_creates_file_with_correct_naming
        PASS [   0.011s] (1818/4752) warp tab_configs::session_config::tests::write_tab_config_creates_directory_if_missing
        PASS [   0.010s] (1819/4752) warp tab_configs::tab_config::tests::test_flat_color_deserialized
        PASS [   0.010s] (1820/4752) warp tab_configs::tab_config::tests::test_flat_duplicate_ids_falls_back
        PASS [   0.010s] (1821/4752) warp tab_configs::tab_config::tests::test_flat_auto_focus_first_leaf
        PASS [   0.011s] (1822/4752) warp tab_configs::tab_config::tests::test_flat_single_pane
        PASS [   0.011s] (1823/4752) warp tab_configs::tab_config::tests::test_flat_two_pane_split
        PASS [   0.011s] (1824/4752) warp tab_configs::tab_config::tests::test_flat_missing_child_ref_falls_back
        PASS [   0.011s] (1825/4752) warp tab_configs::tab_config::tests::test_flat_explicit_focus
        PASS [   0.011s] (1826/4752) warp tab_configs::tab_config::tests::test_flat_split_with_fewer_than_two_children_falls_back
        PASS [   0.010s] (1827/4752) warp tab_configs::tab_config::tests::test_generated_worktree_path_uses_repo_name_directory
        PASS [   0.010s] (1828/4752) warp tab_configs::tab_config::tests::test_parse_minimal_toml
        PASS [   0.011s] (1829/4752) warp tab_configs::tab_config::tests::test_flat_with_params
        PASS [   0.010s] (1830/4752) warp tab_configs::tab_config::tests::test_parse_toml_with_on_close_fails
        PASS [   0.010s] (1831/4752) warp tab_configs::tab_config::tests::test_parse_worktree_toml
        PASS [   0.011s] (1832/4752) warp tab_configs::tab_config::tests::test_render_tab_config_shell_quotes_commands_with_spaces
        PASS [   0.011s] (1833/4752) warp tab_configs::tab_config::tests::test_render_tab_config_multi_pane
        PASS [   0.011s] (1834/4752) warp tab_configs::tab_config::tests::test_render_tab_config_cwd_is_not_quoted
        PASS [   0.010s] (1835/4752) warp tab_configs::tab_config::tests::test_render_tab_config_substitutes_values
        PASS [   0.010s] (1836/4752) warp tab_configs::tab_config::tests::test_worktree_template_substitution
        PASS [   0.011s] (1837/4752) warp tab_configs::tab_config::tests::test_worktree_custom_commands_with_template
        PASS [   0.516s] (1838/4752) warp search::command_search::searcher::tests::test_async_data_source
        PASS [   0.011s] (1839/4752) warp terminal::available_shells::tests::test_command_name_matches_unix
        PASS [   0.011s] (1840/4752) warp terminal::available_shells::tests::test_command_name_matches_windows
        PASS [   0.010s] (1841/4752) warp terminal::available_shells::tests::test_find_by_command_name_matches_known_shell
        PASS [   0.010s] (1842/4752) warp terminal::available_shells::tests::test_find_by_command_name_is_case_sensitive_on_unix
        PASS [   0.009s] (1843/4752) warp terminal::available_shells::tests::test_find_by_command_name_returns_none_for_unknown_name
        PASS [   0.009s] (1844/4752) warp terminal::available_shells::tests::test_find_by_command_name_matches_msys2_shell
        PASS [   0.010s] (1845/4752) warp terminal::available_shells::tests::test_find_by_command_name_skips_system_default
        PASS [   0.012s] (1846/4752) warp terminal::available_shells::tests::test_dedupe_symlinks_when_discovering_paths
        PASS [   0.516s] (1847/4752) warp search::command_search::searcher::tests::test_async_data_source_run_twice_without_debounce
        PASS [   0.515s] (1848/4752) warp search::command_search::searcher::tests::test_async_source_with_include_in_unfiltered_runs_on_empty_filters
        PASS [   0.011s] (1849/4752) warp terminal::available_shells::tests::test_load_known_shells_with_empty_path_var
        PASS [   0.011s] (1850/4752) warp terminal::event::tests::pluggable_notification_debug_redacts_content
        PASS [   0.514s] (1851/4752) warp search::command_search::searcher::tests::test_async_source_without_include_in_unfiltered_skipped_on_empty_filters
        PASS [   0.010s] (1852/4752) warp terminal::find::model::async_find::tests::test_async_find_config_from_options
        PASS [   0.012s] (1853/4752) warp terminal::find::model::alt_screen::tests::test_run_find_on_alt_screen_case_sensitive
        PASS [   0.012s] (1854/4752) warp terminal::find::model::async_find::tests::test_absolute_match_is_truncated
        PASS [   0.013s] (1855/4752) warp terminal::find::model::alt_screen::tests::test_run_find_on_alt_screen_regex
        PASS [   0.014s] (1856/4752) warp terminal::find::model::alt_screen::tests::test_run_find_on_alt_screen
        PASS [   0.011s] (1857/4752) warp terminal::find::model::async_find::tests::test_async_find_status_display
        PASS [   0.016s] (1858/4752) warp terminal::find::model::async_find::tests::test_async_find_cancellation
        PASS [   0.010s] (1859/4752) warp terminal::find::model::async_find::tests::test_block_find_results_total_count
        PASS [   0.010s] (1860/4752) warp terminal::find::model::async_find::tests::test_block_invalidation_with_dirty_range
        PASS [   0.011s] (1861/4752) warp terminal::find::model::async_find::tests::test_block_find_results_remove_block
        PASS [   0.012s] (1862/4752) warp terminal::find::model::async_find::tests::test_focus_next_match_wraps_around
        PASS [   0.012s] (1863/4752) warp terminal::find::model::async_find::tests::test_focused_match_index_walks_across_terminal_and_ai_blocks
        PASS [   0.013s] (1864/4752) warp terminal::find::model::async_find::tests::test_focused_ai_match_most_recent_first_preserves_storage_order
        PASS [   0.012s] (1865/4752) warp terminal::find::model::async_find::tests::test_focused_ai_match_resolves_only_ai_block
        PASS [   0.011s] (1866/4752) warp terminal::find::model::async_find::tests::test_is_query_refinement
        PASS [   0.513s] (1867/4752) warp search::command_search::searcher::tests::test_sync_and_async_data_sources
        PASS [   0.027s] (1868/4752) warp terminal::find::model::async_find::tests::test_async_find_produces_same_results_as_sync_find
        PASS [   0.015s] (1869/4752) warp terminal::find::model::async_find::tests::test_message_processing_updates_state
        PASS [   0.027s] (1870/4752) warp terminal::find::model::async_find::tests::test_async_focused_order_matches_sync_most_recent_first
        PASS [   0.011s] (1871/4752) warp terminal::find::model::async_find::tests::test_update_dirty_matches_append
        PASS [   0.011s] (1872/4752) warp terminal::find::model::async_find::tests::test_update_dirty_matches_clear_range
        PASS [   0.011s] (1873/4752) warp terminal::find::model::async_find::tests::test_update_dirty_matches_empty_existing
        PASS [   0.011s] (1874/4752) warp terminal::find::model::async_find::tests::test_update_dirty_matches_prepend
        PASS [   0.027s] (1875/4752) warp terminal::find::model::async_find::tests::test_async_focused_order_matches_sync_most_recent_last
        PASS [   0.012s] (1876/4752) warp terminal::find::model::async_find::tests::test_update_dirty_matches_replace_middle
        PASS [   0.013s] (1877/4752) warp terminal::find::model::block_list::tests::test_rerun_on_block_preserves_focused_match_in_active_block
        PASS [   0.014s] (1878/4752) warp terminal::find::model::block_list::tests::test_run_find_on_block_list
        PASS [   0.016s] (1879/4752) warp terminal::find::model::block_list::tests::test_rerun_on_block_preserves_focused_match_in_older_block
        PASS [   0.013s] (1880/4752) warp terminal::find::model::block_list::tests::test_run_find_on_block_list_pin_to_top
        PASS [   0.014s] (1881/4752) warp terminal::find::model::block_list::tests::test_run_find_on_block_list_case_sensitive
        PASS [   0.010s] (1882/4752) warp terminal::grid_renderer::box_drawing::tests::heavy_line_is_thicker_than_light
        PASS [   0.011s] (1883/4752) warp terminal::grid_renderer::box_drawing::tests::cross_covers_all_edges
        PASS [   0.013s] (1884/4752) warp terminal::grid_renderer::box_drawing::tests::horizontal_line_fills_cell_width
        PASS [   0.014s] (1885/4752) warp terminal::find::model::block_list::tests::test_run_find_on_block_list_regex_enabled
        PASS [   0.011s] (1886/4752) warp terminal::grid_renderer::box_drawing::tests::mixed_weight_transitions_preserve_each_arm_weight
        PASS [   0.566s] (1887/4752) warp search::command_search::searcher::tests::test_async_data_source_run_twice_with_debounce
        PASS [   0.017s] (1888/4752) warp terminal::find::model::block_list::tests::test_run_find_on_block_list_with_filtered_block
        PASS [   0.012s] (1889/4752) warp terminal::grid_renderer::box_drawing::tests::stroke_thickness_is_stable_across_snapped_cell_widths
        PASS [   0.014s] (1890/4752) warp terminal::grid_renderer::box_drawing::tests::junction_rects_do_not_overlap
        PASS [   0.013s] (1891/4752) warp terminal::grid_renderer::box_drawing::tests::supported_glyphs_have_rects
        PASS [   0.012s] (1892/4752) warp terminal::grid_renderer::box_drawing::tests::unsupported_glyphs_return_no_rects
        PASS [   0.011s] (1893/4752) warp terminal::grid_renderer::box_drawing::tests::vertical_line_has_no_stacked_seam
        PASS [   0.011s] (1894/4752) warp terminal::grid_renderer::tests::test_active_or_next_match_point_before_next_match
        PASS [   0.012s] (1895/4752) warp terminal::grid_renderer::tests::test_calculate_background_bounds
        PASS [   0.012s] (1896/4752) warp terminal::grid_renderer::tests::test_calculate_grid_baseline_position
        PASS [   0.014s] (1897/4752) warp terminal::grid_renderer::box_drawing::tests::vertical_line_fills_cell_height
        PASS [   0.012s] (1898/4752) warp terminal::grid_renderer::tests::test_calculate_selection_bounds
        PASS [   0.012s] (1899/4752) warp terminal::grid_renderer::tests::test_next_match_same_row_matches
        PASS [   0.014s] (1900/4752) warp terminal::grid_renderer::tests::test_next_match_multi_row_matches
        PASS [   0.015s] (1901/4752) warp terminal::history::tests::is_appendable_vs_is_queryable
        PASS [   0.016s] (1902/4752) warp terminal::history::tests::append_command_with_rich_history_data
        PASS [   0.017s] (1903/4752) warp terminal::history::tests::append_restored_command_doesnt_overwrite_rich_history
        PASS [   0.017s] (1904/4752) warp terminal::history::tests::test_append_commands
        PASS [   0.014s] (1905/4752) warp terminal::history::tests::test_multiple_machines
        PASS [   0.013s] (1906/4752) warp terminal::local_shell::tests::empty_path_between_markers
        PASS [   0.014s] (1907/4752) warp terminal::history::tests::test_sessions_no_dupes_new_session
        PASS [   0.016s] (1908/4752) warp terminal::history::tests::test_len
        PASS [   0.012s] (1909/4752) warp terminal::local_shell::tests::extracts_clean_path
        PASS [   0.014s] (1910/4752) warp terminal::history::tests::test_sessions_same_shell_same_machine
        PASS [   0.018s] (1911/4752) warp terminal::history::tests::test_append_multiple_sessions
        PASS [   0.017s] (1912/4752) warp terminal::history::tests::test_multiple_shells
        PASS [   0.013s] (1913/4752) warp terminal::local_shell::tests::ignores_startup_banner_output
        PASS [   0.013s] (1914/4752) warp terminal::local_shell::tests::missing_end_marker_returns_none
        PASS [   0.012s] (1915/4752) warp terminal::local_shell::tests::preserves_colons_and_surrounding_noise
        PASS [   0.013s] (1916/4752) warp terminal::local_shell::tests::missing_markers_returns_none
        PASS [   0.013s] (1917/4752) warp terminal::model::alt_screen::tests::test_accumulate_lines_to_scroll
        PASS [   0.013s] (1918/4752) warp terminal::model::alt_screen::tests::test_alt_screen_resize_clears_selection
        PASS [   0.015s] (1919/4752) warp terminal::meta_shortcuts::tests::test_handle_keystroke_despite_composing
        PASS [   0.013s] (1920/4752) warp terminal::model::alt_screen::tests::test_alt_screen_single_cell_selection
        PASS [   0.012s] (1921/4752) warp terminal::model::block::serialized_block::tests::from_json_accepts_integer_array_bytes
        PASS [   0.012s] (1922/4752) warp terminal::model::block::tests::test_block_duration_formatting
        PASS [   0.015s] (1923/4752) warp terminal::model::block::serialized_block::tests::from_json_accepts_base64_encoded_bytes
        PASS [   0.015s] (1924/4752) warp terminal::model::block::tests::test_background_block
        PASS [   0.013s] (1925/4752) warp terminal::model::block::tests::test_block_height_non_bootstrapped_block
        PASS [   0.013s] (1926/4752) warp terminal::model::block::tests::test_block_emits_block_completed_event_for_in_band_command
        PASS [   0.011s] (1927/4752) warp terminal::model::block::tests::test_calculate_optimal_row_counts_very_narrow_terminal
        PASS [   0.013s] (1928/4752) warp terminal::model::block::tests::test_calculate_optimal_row_counts_narrow_terminal
        PASS [   0.011s] (1929/4752) warp terminal::model::block::tests::test_calculate_optimal_row_counts_wide_terminal
        PASS [   0.012s] (1930/4752) warp terminal::model::block::tests::test_clone_command_from_blockgrid
        PASS [   0.013s] (1931/4752) warp terminal::model::block::tests::test_clone_command_from_blockgrid_long
        PASS [   0.012s] (1932/4752) warp terminal::model::block::tests::test_clone_command_from_blockgrid_to_empty
        PASS [   0.014s] (1933/4752) warp terminal::model::block::tests::test_clone_command_from_blockgrid_from_empty
        PASS [   0.012s] (1934/4752) warp terminal::model::block::tests::test_command_grid_bold
        PASS [   0.014s] (1935/4752) warp terminal::model::block::tests::test_command_and_output_to_string_excludes_warp_prompt
        PASS [   0.013s] (1936/4752) warp terminal::model::block::tests::test_command_and_output_to_string_includes_ps1_prompt_command_rprompt_and_output
        PASS [   0.013s] (1937/4752) warp terminal::model::block::tests::test_command_grid_bold_after_reset
        PASS [   0.011s] (1938/4752) warp terminal::model::block::tests::test_command_is_empty_combined_grid_prompt_and_command
        PASS [   0.014s] (1939/4752) warp terminal::model::block::tests::test_command_is_empty_combined_grid
        PASS [   0.012s] (1940/4752) warp terminal::model::block::tests::test_command_is_not_empty_combined_grid
        PASS [   0.014s] (1941/4752) warp terminal::model::block::tests::test_command_is_empty_warp_prompt
        PASS [   0.012s] (1942/4752) warp terminal::model::block::tests::test_deserialize_legacy_agent_view_visibility_agent_variant
        PASS [   0.012s] (1943/4752) warp terminal::model::block::tests::test_elapsed_duration_for_background_block_is_not_live
        PASS [   0.012s] (1944/4752) warp terminal::model::block::tests::test_elapsed_duration_requires_executing_state
        PASS [   0.012s] (1945/4752) warp terminal::model::block::tests::test_elapsed_duration_rounds_down_to_whole_seconds
        PASS [   0.012s] (1946/4752) warp terminal::model::block::tests::test_empty_command
        PASS [   0.012s] (1947/4752) warp terminal::model::block::tests::test_find
        PASS [   0.013s] (1948/4752) warp terminal::model::block::tests::test_failed_block
        PASS [   0.013s] (1949/4752) warp terminal::model::block::tests::test_image_completion_drops_in_warp_input_stage
        PASS [   0.014s] (1950/4752) warp terminal::model::block::tests::test_image_completion_before_execution_routes_to_output_grid
        PASS [   0.014s] (1951/4752) warp terminal::model::block::tests::test_mark_end_of_prompt_with_some_rows_in_flat_storage
        PASS [   0.012s] (1952/4752) warp terminal::model::block::tests::test_non_error_exit_codes
        PASS [   0.012s] (1953/4752) warp terminal::model::block::tests::test_precmd_no_preexec
        PASS [   0.011s] (1954/4752) warp terminal::model::block::tests::test_selection_bounds_all_grids_multiline_lprompt_no_command
        PASS [   0.011s] (1955/4752) warp terminal::model::block::tests::test_selection_bounds_all_grids_multiline_lprompt_command
        PASS [   0.013s] (1956/4752) warp terminal::model::block::tests::test_restored_block_was_local
        PASS [   0.011s] (1957/4752) warp terminal::model::block::tests::test_selection_bounds_all_grids_single_line_lprompt_command
        PASS [   0.011s] (1958/4752) warp terminal::model::block::tests::test_selection_bounds_all_grids_single_line_lprompt_trailing_newline_command
        PASS [   0.012s] (1959/4752) warp terminal::model::block::tests::test_selection_bounds_all_grids_single_line_lprompt_command_starting_newline
        PASS [   0.011s] (1960/4752) warp terminal::model::block::tests::test_set_current_working_directory_updates_pwd_and_emits_cwd_event
        PASS [   0.013s] (1961/4752) warp terminal::model::block::tests::test_top_level_command
        PASS [   0.013s] (1962/4752) warp terminal::model::block::tests::test_top_level_command_with_aliases
        PASS [   0.013s] (1963/4752) warp terminal::model::blocks::selection::tests::test_rect_selection_single_block
        PASS [   0.015s] (1964/4752) warp terminal::model::blocks::selection::tests::test_rect_selection_inverted_multi_block
        PASS [   0.013s] (1965/4752) warp terminal::model::blocks::selection::tests::test_select_left_select_right
        PASS [   0.015s] (1966/4752) warp terminal::model::blocks::selection::tests::test_rect_selection_multi_block
        PASS [   0.013s] (1967/4752) warp terminal::model::blocks::selection::tests::test_selection_changes_if_end_within_active_truncated_block
        PASS [   0.011s] (1968/4752) warp terminal::model::blocks::selection::tests::test_selection_is_removed_if_contained_within_active_truncated_block
        PASS [   0.012s] (1969/4752) warp terminal::model::blocks::selection::tests::test_selection_range_cleared_when_block_finishes
        PASS [   0.014s] (1970/4752) warp terminal::model::blocks::selection::tests::test_selection_doesnt_change_if_not_within_active_truncated_block
        PASS [   0.066s] (1971/4752) warp terminal::model::block::tests::non_empty_pre_bootstrap_block_can_be_long_running
        PASS [   0.068s] (1972/4752) warp terminal::model::block::tests::empty_pre_bootstrap_block_is_not_long_running
        PASS [   0.014s] (1973/4752) warp terminal::model::blocks::selection::tests::test_selection_ranges_across_grids
        PASS [   0.012s] (1974/4752) warp terminal::model::blocks::selection::tests::test_selection_ranges_single_command_grid
        PASS [   0.013s] (1975/4752) warp terminal::model::blocks::selection::tests::test_selection_ranges_single_output_grid
        PASS [   0.014s] (1976/4752) warp terminal::model::blocks::selection::tests::test_selection_to_string_hidden_blocks
        PASS [   0.014s] (1977/4752) warp terminal::model::blocks::selection::tests::test_selection_to_string
        PASS [   0.014s] (1978/4752) warp terminal::model::blocks::selection::tests::test_semantic_selection_with_custom_boundaries
        PASS [   0.015s] (1979/4752) warp terminal::model::blocks::selection::tests::test_selection_to_string_inverted_blocklist
        PASS [   0.013s] (1980/4752) warp terminal::model::blocks::tests::classifies_next_block_ids_relative_to_the_active_block
        PASS [   0.015s] (1981/4752) warp terminal::model::blocks::selection::tests::test_smart_selection_override
        PASS [   0.015s] (1982/4752) warp terminal::model::blocks::tests::clear_blocks_resets_index
        PASS [   0.014s] (1983/4752) warp terminal::model::blocks::tests::test_banner_insertion_and_removal
        PASS [   0.015s] (1984/4752) warp terminal::model::blocks::tests::test_background_blocks_finished
        PASS [   0.017s] (1985/4752) warp terminal::model::blocks::tests::deferred_fields_resolve_by_block_id_after_reindex
        PASS [   0.015s] (1986/4752) warp terminal::model::blocks::tests::test_basic_bootstrapping
        PASS [   0.011s] (1987/4752) warp terminal::model::blocks::tests::test_cursor_seeking_in_sumtree_with_floating_point_inconsistency
        PASS [   0.012s] (1988/4752) warp terminal::model::blocks::tests::test_block_heights_combined_prompt_command_grid_ps1
        PASS [   0.012s] (1989/4752) warp terminal::model::blocks::tests::test_block_heights_combined_prompt_command_grid_warp_prompt
        PASS [   0.013s] (1990/4752) warp terminal::model::blocks::tests::test_block_height_update_shifts_indices
        PASS [   0.016s] (1991/4752) warp terminal::model::blocks::tests::test_device_status_uses_active_block_if_no_typeahead
        PASS [   0.016s] (1992/4752) warp terminal::model::blocks::tests::test_emits_after_block_completed_event
        PASS [   0.015s] (1993/4752) warp terminal::model::blocks::tests::test_first_non_hidden_block_by_index_in_range
        PASS [   0.065s] (1994/4752) warp terminal::model::block::tests::test_long_running_block_bottom_padding
        PASS [   0.014s] (1995/4752) warp terminal::model::blocks::tests::test_insert_non_block_item
        PASS [   0.015s] (1996/4752) warp terminal::model::blocks::tests::test_interleaves_background_with_gaps
        PASS [   0.017s] (1997/4752) warp terminal::model::blocks::tests::test_gap_after_banner
        PASS [   0.013s] (1998/4752) warp terminal::model::blocks::tests::test_invalid_iterm_image_does_not_render_in_script_execution_block
        PASS [   0.013s] (1999/4752) warp terminal::model::blocks::tests::test_iterm_image_early_output_routes_to_background_block
        PASS [   0.013s] (2000/4752) warp terminal::model::blocks::tests::test_iterm_image_renders_in_script_execution_block
        PASS [   0.015s] (2001/4752) warp terminal::model::blocks::tests::test_internal_consistency_of_block_height_summing
        PASS [   0.014s] (2002/4752) warp terminal::model::blocks::tests::test_kitty_image_early_output_routes_to_background_block
        PASS [   0.013s] (2003/4752) warp terminal::model::blocks::tests::test_kitty_image_renders_in_script_execution_block
        PASS [   0.015s] (2004/4752) warp terminal::model::blocks::tests::test_kitty_store_only_does_not_render_in_script_execution_block
        PASS [   0.015s] (2005/4752) warp terminal::model::blocks::tests::test_kitty_store_only_early_output_does_not_create_background_block
        PASS [   0.015s] (2006/4752) warp terminal::model::blocks::tests::test_matching_block_by_index
        PASS [   0.014s] (2007/4752) warp terminal::model::blocks::tests::test_remove_background_block_with_active_gap
        PASS [   0.050s] (2008/4752) warp terminal::model::blocks::selection::tests::test_smart_selection_in_multiple_blocks
        PASS [   0.050s] (2009/4752) warp terminal::model::blocks::selection::tests::test_smart_selection_in_single_block
        PASS [   0.013s] (2010/4752) warp terminal::model::blocks::tests::test_removed_gap_with_banner
        PASS [   0.015s] (2011/4752) warp terminal::model::blocks::tests::test_remove_rich_content_block
        PASS [   0.014s] (2012/4752) warp terminal::model::blocks::tests::test_restore_block_that_wasnt_completed
        PASS [   0.015s] (2013/4752) warp terminal::model::blocks::tests::test_restore_completed_blocks
        PASS [   0.015s] (2014/4752) warp terminal::model::blocks::tests::test_script_execution_block
        PASS [   0.016s] (2015/4752) warp terminal::model::blocks::tests::test_restore_blocks_with_local_status
        PASS [   0.016s] (2016/4752) warp terminal::model::blocks::tests::test_restore_block_that_wasnt_started
        PASS [   0.013s] (2017/4752) warp terminal::model::blocks::tests::test_seek_down_to_next_grid
        PASS [   2.636s] (2018/4752) languages tests::all_supported_languages_load_successfully
        PASS [   0.015s] (2019/4752) warp terminal::model::blocks::tests::test_seek_down_to_next_grid_inverted_blocklist
        PASS [   0.015s] (2020/4752) warp terminal::model::blocks::tests::test_seek_up_to_next_grid
        PASS [   0.014s] (2021/4752) warp terminal::model::blocks::tests::test_zero_sized_kitty_early_output_does_not_create_background_block
        PASS [   0.015s] (2022/4752) warp terminal::model::blocks::tests::test_seek_up_to_next_grid_inverted_blocklist
        PASS [   0.015s] (2023/4752) warp terminal::model::blocks::tests::test_session_restoration_separator
        PASS [   0.015s] (2024/4752) warp terminal::model::blocks::tests::test_update_padding_block_heights
        PASS [   0.014s] (2025/4752) warp terminal::model::blocks::tests::unfiltered_transcript_scope_shows_restored_blocks_with_legacy_visibility
        PASS [   0.013s] (2026/4752) warp terminal::model::blocks::tests::visible_bootstrap_block_event_fires_when_script_execution_becomes_visible
        PASS [   0.013s] (2027/4752) warp terminal::model::lifecycle::tests::lifecycle_coordinator_accepts_novel_completion_recovery_when_enabled
        PASS [   0.016s] (2028/4752) warp terminal::model::early_output::tests::test_background_triggers_wakeup
        PASS [   0.015s] (2029/4752) warp terminal::model::early_output::tests::test_lazy_background_insertion
        PASS [   0.014s] (2030/4752) warp terminal::model::early_output::tests::test_queued_typeahead_input_matching
        PASS [   0.013s] (2031/4752) warp terminal::model::lifecycle::tests::lifecycle_coordinator_gates_novel_completion_recovery
        PASS [   0.013s] (2032/4752) warp terminal::model::lifecycle::tests::lifecycle_coordinator_records_only_conservative_or_recovery_transitions
        PASS [   0.019s] (2033/4752) warp terminal::model::early_output::tests::test_queued_typeahead_shell_reported
        PASS [   0.011s] (2034/4752) warp terminal::model::lifecycle::tests::lifecycle_telemetry_is_rate_limited_per_transition_key
        PASS [   0.012s] (2035/4752) warp terminal::model::lifecycle::tests::lifecycle_phase_reconciliation_requires_compatible_live_evidence
        PASS [   0.012s] (2036/4752) warp terminal::model::session::command_executor::in_band_command_executor::tests::test_cancelling_command_queues_up_next_command_command
        PASS [   0.013s] (2037/4752) warp terminal::model::lifecycle::tests::transition_matrix_preserves_normal_flow_and_plans_safe_completion_recovery
        PASS [   0.013s] (2038/4752) warp terminal::model::session::command_executor::in_band_command_executor::tests::test_commands_are_cleared_if_controller_cancels_command
        PASS [   0.014s] (2039/4752) warp terminal::model::session::command_executor::in_band_command_executor::tests::test_clears_running_and_pending_commands_on_cancellation
        PASS [   0.014s] (2040/4752) warp terminal::model::session::command_executor::in_band_command_executor::tests::test_commands_are_cleared_if_execute_command_future_is_aborted
        PASS [   0.016s] (2041/4752) warp terminal::model::session::command_executor::in_band_command_executor::tests::test_commands_are_not_cleared_if_controller_cancels_different_command
        PASS [   0.013s] (2042/4752) warp terminal::model::session::command_executor::in_band_command_executor::tests::test_emits_error_command_output
        PASS [   0.015s] (2043/4752) warp terminal::model::session::command_executor::in_band_command_executor::tests::test_emits_successful_command_output
        PASS [   0.014s] (2044/4752) warp terminal::model::session::command_executor::in_band_command_executor::tests::test_runs_commands_serially_after_failed_command
        PASS [   0.018s] (2045/4752) warp terminal::model::session::command_executor::in_band_command_executor::tests::test_runs_commands_serially
        PASS [   0.013s] (2046/4752) warp terminal::model::session::test::can_resolve_cwd_to_native_path_accepts_posix_path
        PASS [   0.013s] (2047/4752) warp terminal::model::session::test::test_set_env_var_emits_event
        PASS [   0.013s] (2048/4752) warp terminal::model::terminal_model::tests::accepted_precmd_and_preexec_target_the_block_list_while_the_alt_screen_is_active
        PASS [   0.014s] (2049/4752) warp terminal::model::session::test::test_set_env_var_emits_no_event_when_no_change
        PASS [   0.013s] (2050/4752) warp terminal::model::terminal_model::tests::compare_within_block_points
        PASS [   0.014s] (2051/4752) warp terminal::model::terminal_model::tests::command_finished_recovers_unknown_started_block_with_real_exit_code
        PASS [   0.014s] (2052/4752) warp terminal::model::terminal_model::tests::completion_replacement_span_saturates_an_out_of_range_pair_rather_than_panicking
        PASS [   0.013s] (2053/4752) warp terminal::model::terminal_model::tests::completions_are_emitted_in_the_order_the_shell_sent_them
        PASS [   0.026s] (2054/4752) warp terminal::model::session::command_executor::local_command_executor::tests::unix::cancel_active_commands_kills_descendant_process
        PASS [   0.014s] (2055/4752) warp terminal::model::terminal_model::tests::duplicate_and_colliding_completion_evidence_is_ignored
        PASS [   0.023s] (2056/4752) warp terminal::model::session::test::test_malicious_histfile_path_does_not_execute_injected_commands
        PASS [   0.015s] (2057/4752) warp terminal::model::terminal_model::tests::empty_and_syntax_error_commands_without_preexec_complete_as_execution
        PASS [   0.014s] (2058/4752) warp terminal::model::terminal_model::tests::ignores_multipart_non_inline_iterm_file_payload_without_overwriting_cwd_file
        PASS [   0.012s] (2059/4752) warp terminal::model::terminal_model::tests::ignores_non_inline_iterm_file_payload_without_overwriting_cwd_file
        PASS [   0.012s] (2060/4752) warp terminal::model::terminal_model::tests::local_terminal_rejects_dcs_hook_with_unregistered_session_id
        PASS [   0.012s] (2061/4752) warp terminal::model::terminal_model::tests::normal_lifecycle_pipeline_emits_completion_and_prompt_side_effects_once
        PASS [   0.013s] (2062/4752) warp terminal::model::terminal_model::tests::precmd_with_completion_metadata_records_completion_mismatch_without_overwriting_completed_block
        PASS [   0.013s] (2063/4752) warp terminal::model::terminal_model::tests::precmd_with_completion_metadata_completion_recovery_is_disabled_by_default
        PASS [   0.013s] (2064/4752) warp terminal::model::terminal_model::tests::precmd_with_completion_metadata_recovers_missing_completion_with_exact_side_effects
        PASS [   0.013s] (2065/4752) warp terminal::model::terminal_model::tests::precmd_with_completion_metadata_recovery_cleans_up_alt_screen_and_bracketed_paste
        PASS [   0.014s] (2066/4752) warp terminal::model::terminal_model::tests::precmd_with_completion_metadata_recovers_in_band_completion_and_reuses_cached_prompt
        PASS [   0.035s] (2067/4752) warp terminal::model::session::command_executor::local_command_executor::tests::unix::dropping_command_future_kills_descendant_process
        PASS [   0.014s] (2068/4752) warp terminal::model::terminal_model::tests::recovery_advances_finished_active_block_without_republishing_completion
        PASS [   0.013s] (2069/4752) warp terminal::model::terminal_model::tests::repeated_precmd_with_completion_metadata_and_prompt_only_precmd_are_ignored
        PASS [   0.014s] (2070/4752) warp terminal::model::terminal_model::tests::repeated_and_executing_command_starts_are_safely_gated
        PASS [   0.044s] (2071/4752) warp terminal::model::session::command_executor::local_command_executor::tests::unix::completed_command_is_not_canceled_later
        PASS [   0.014s] (2072/4752) warp terminal::model::terminal_model::tests::repeated_precmd_with_completion_metadata_and_prompt_only_precmd_are_ignored_when_recovery_is_disabled
        PASS [   0.014s] (2073/4752) warp terminal::model::terminal_model::tests::set_custom_title
        PASS [   0.013s] (2074/4752) warp terminal::model::terminal_model::tests::take_typeahead_for_input_advances_incremental_typeahead
        PASS [   0.014s] (2075/4752) warp terminal::model::terminal_model::tests::ssh_bootstraps_if_blocklist_empty_and_reconciles_parent_return
        PASS [   0.013s] (2076/4752) warp terminal::model::terminal_model::tests::terminal_exit_absorbs_later_lifecycle_inputs
        PASS [   0.013s] (2077/4752) warp terminal::model::terminal_model::tests::take_typeahead_for_input_is_none_when_typeahead_is_empty
        PASS [   0.013s] (2078/4752) warp terminal::model::terminal_model::tests::test_alt_screen_toggle
        PASS [   0.014s] (2079/4752) warp terminal::model::terminal_model::tests::test_alt_screen_selection_tracks_scroll
        PASS [   0.013s] (2080/4752) warp terminal::model::terminal_model::tests::test_rect_selection_in_alt_screen
        PASS [   0.014s] (2081/4752) warp terminal::model::terminal_model::tests::test_exit_alt_screen_on_command_finished
        PASS [   0.013s] (2082/4752) warp terminal::model::terminal_model::tests::test_reset_state
        PASS [   0.014s] (2083/4752) warp terminal::model::terminal_model::tests::test_restored_empty_command_block
        PASS [   0.015s] (2084/4752) warp terminal::model::terminal_model::tests::test_restored_blocks_on_different_host
        PASS [   0.012s] (2085/4752) warp terminal::model::terminal_model::tests::test_selected_blocks_is_selected
        PASS [   0.012s] (2086/4752) warp terminal::model::terminal_model::tests::test_selected_blocks_range_select
        PASS [   0.012s] (2087/4752) warp terminal::model::terminal_model::tests::test_selected_blocks_reset
        PASS [   0.014s] (2088/4752) warp terminal::model::terminal_model::tests::test_selected_block_range_contains
        PASS [   0.011s] (2089/4752) warp terminal::model::terminal_model::tests::test_selected_blocks_toggle_off
        PASS [   0.012s] (2090/4752) warp terminal::model::terminal_model::tests::test_selected_blocks_tail
        PASS [   0.014s] (2091/4752) warp terminal::model::terminal_model::tests::test_selected_blocks_sorted_ranges
        PASS [   0.013s] (2092/4752) warp terminal::model::terminal_model::tests::test_selected_blocks_toggle_on
        PASS [   0.013s] (2093/4752) warp terminal::model::terminal_model::tests::test_unset_bracketed_paste_mode_on_command_finished
        PASS [   0.019s] (2094/4752) warp terminal::ref_tests::clear_underline
        PASS [   0.019s] (2095/4752) warp terminal::ref_tests::decaln_reset
        PASS [   0.019s] (2096/4752) warp terminal::ref_tests::deccolm_reset
        PASS [   0.020s] (2097/4752) warp terminal::ref_tests::csi_rep
        PASS [   0.023s] (2098/4752) warp terminal::ref_tests::alt_reset
        PASS [   0.020s] (2099/4752) warp terminal::ref_tests::delete_chars_reset
        PASS [   0.020s] (2100/4752) warp terminal::ref_tests::delete_lines
        PASS [   0.024s] (2101/4752) warp terminal::ref_tests::erase_chars_reset
        PASS [   0.031s] (2102/4752) warp terminal::ref_tests::colored_reset
        PASS [   0.028s] (2103/4752) warp terminal::ref_tests::fish_cc
        PASS [   0.022s] (2104/4752) warp terminal::ref_tests::insert_blank_reset
        PASS [   0.025s] (2105/4752) warp terminal::ref_tests::indexed_256_colors
        PASS [   0.020s] (2106/4752) warp terminal::ref_tests::ll
        PASS [   0.025s] (2107/4752) warp terminal::ref_tests::issue_855
        PASS [   0.016s] (2108/4752) warp terminal::ref_tests::selective_erasure
        PASS [   0.024s] (2109/4752) warp terminal::ref_tests::newline_with_cursor_beyond_scroll_region
        PASS [   0.022s] (2110/4752) warp terminal::ref_tests::scroll_up_reset
        PASS [   0.025s] (2111/4752) warp terminal::ref_tests::saved_cursor
        PASS [   0.027s] (2112/4752) warp terminal::ref_tests::saved_cursor_alt
        PASS [   0.021s] (2113/4752) warp terminal::ref_tests::tmux_git_log
        PASS [   0.025s] (2114/4752) warp terminal::ref_tests::sgr
        PASS [   0.029s] (2115/4752) warp terminal::ref_tests::tab_rendering
        PASS [   0.026s] (2116/4752) warp terminal::ref_tests::tmux_htop
        PASS [   0.025s] (2117/4752) warp terminal::ref_tests::underline
        PASS [   0.021s] (2118/4752) warp terminal::ref_tests::vttest_cursor_movement_1
        PASS [   0.024s] (2119/4752) warp terminal::ref_tests::vttest_insert
        PASS [   0.027s] (2120/4752) warp terminal::ref_tests::vim_simple_edit
        PASS [   0.025s] (2121/4752) warp terminal::ref_tests::vttest_origin_mode_1
        PASS [   0.024s] (2122/4752) warp terminal::ref_tests::vttest_scroll
        PASS [   0.026s] (2123/4752) warp terminal::ref_tests::vttest_origin_mode_2
        PASS [   0.013s] (2124/4752) warp terminal::settings::tests::osc52_default_is_deny
        PASS [   0.023s] (2125/4752) warp terminal::ref_tests::vttest_tab_clear_set
        PASS [   0.013s] (2126/4752) warp terminal::settings::tests::osc52_deny_blocks_read_and_write
        PASS [   0.012s] (2127/4752) warp terminal::settings::tests::osc52_deserializes_all_variants_from_settings_value
        PASS [   0.011s] (2128/4752) warp terminal::settings::tests::osc52_read_write_allows_both
        PASS [   0.029s] (2129/4752) warp terminal::ref_tests::wrapline_alt_toggle
        PASS [   0.024s] (2130/4752) warp terminal::ref_tests::zsh_tab_completion
        PASS [   0.013s] (2131/4752) warp terminal::settings::tests::osc52_rejects_unknown_variant
        PASS [   0.027s] (2132/4752) warp terminal::ref_tests::zerowidth
        PASS [   0.011s] (2133/4752) warp terminal::size_update_tests::headless_layout_update_uses_cell_dimensions
        PASS [   0.014s] (2134/4752) warp terminal::settings::tests::osc52_write_only_allows_write_but_not_read
        PASS [   0.013s] (2135/4752) warp terminal::size_update_tests::unchanged_headless_layout_has_no_dimension_change
        PASS [   0.015s] (2136/4752) warp terminal::ssh::util::tests::ssh_alias_expanded_commands
        PASS [   0.014s] (2137/4752) warp terminal::ssh::util::tests::ssh_interactive_shell_parsing
        PASS [   0.016s] (2138/4752) warp terminal::ssh::util::tests::ssh_digital_ocean_droplet_parsing
        PASS [   0.015s] (2139/4752) warp terminal::ssh::util::tests::ssh_gcloud_ssh_parsing
        PASS [   0.012s] (2140/4752) warp terminal::writeable_pty::pty_controller::command_bytes_tests::bracketed_paste_command_execution_preserves_crlf_for_posix_shells_off_windows
        PASS [   0.011s] (2141/4752) warp terminal::writeable_pty::pty_controller::command_bytes_tests::powershell_command_execution_normalizes_linefeeds_to_carriage_returns
        PASS [   0.011s] (2142/4752) warp terminal::writeable_pty::pty_controller::command_bytes_tests::split_kill_buffer_write_does_not_split_the_other_three_shells
        PASS [   0.072s] (2143/4752) warp terminal::ref_tests::vim_large_window_scroll
        PASS [   0.075s] (2144/4752) warp terminal::ref_tests::vim_24bitcolors_bce
        PASS [   0.013s] (2145/4752) warp terminal::writeable_pty::pty_controller::command_bytes_tests::split_kill_buffer_write_returns_none_when_the_kill_buffer_is_not_the_prefix
        PASS [   0.028s] (2146/4752) warp terminal::view::tests::commands_submitted_during_bootstrap_wait_for_the_shell
        PASS [   0.016s] (2147/4752) warp terminal::writeable_pty::pty_controller::command_bytes_tests::split_kill_buffer_write_handles_a_command_with_no_content_gracefully
        PASS [   0.031s] (2148/4752) warp terminal::view::tests::alt_screen_wheel_and_mouse_events_reach_pty_without_holding_model_lock
        PASS [   0.014s] (2149/4752) warp terminal::writeable_pty::pty_controller::command_bytes_tests::split_kill_buffer_write_splits_powershell_off_from_the_rest
        PASS [   0.011s] (2150/4752) warp terminal::writeable_pty::pty_controller::command_bytes_tests::unbracketed_paste_command_execution_preserves_lf_for_posix_shells
        PASS [   0.033s] (2151/4752) warp terminal::view::tests::page_keys_scroll_transcript_while_input_editor_is_focused
        PASS [   0.015s] (2152/4752) warp terminal::writeable_pty::pty_controller::lifecycle_tests::native_shell_completions_queues_the_generator_command_for_the_active_sessions_shell
        PASS [   0.017s] (2153/4752) warp terminal::writeable_pty::pty_controller::lifecycle_tests::rejected_and_coalesced_starts_do_not_mutate_controller_or_write_bytes
        PASS [   0.013s] (2154/4752) warp tests::app_keeps_default_secure_storage_service_name
        PASS [   0.013s] (2155/4752) warp tests::launch_modes_select_expected_logging_frontend
        PASS [   0.017s] (2156/4752) warp terminal::writeable_pty::pty_controller::lifecycle_tests::rejected_queued_in_band_start_is_cancelled_without_writing_bytes
        PASS [   0.039s] (2157/4752) warp terminal::view::tests::terminal_find_searches_output_scrolls_and_closes
        PASS [   0.020s] (2158/4752) warp terminal::writeable_pty::pty_controller::lifecycle_tests::native_shell_completions_reports_no_matches_without_an_active_session
        PASS [   0.013s] (2159/4752) warp themes::theme::tests::custom_base16_theme_kind_uses_custom_theme_settings_value_path_rules
        PASS [   0.012s] (2160/4752) warp themes::theme::tests::custom_theme_absolute_parent_dir_path_under_theme_root_storage_helper_preserves_path_and_rejects_portability
        PASS [   0.015s] (2161/4752) warp tests::tui_uses_distinct_secure_storage_service_name
        PASS [   0.012s] (2162/4752) warp themes::theme::tests::custom_theme_legacy_linux_path_is_preserved_even_when_local_file_exists
        PASS [   0.014s] (2163/4752) warp themes::theme::tests::custom_theme_legacy_macos_path_is_preserved_even_when_local_file_exists
        PASS [   0.012s] (2164/4752) warp themes::theme::tests::custom_theme_path_under_theme_root_storage_helper_returns_relative_path
        PASS [   0.011s] (2165/4752) warp themes::theme::tests::custom_theme_relative_backslash_path_is_preserved
        PASS [   0.014s] (2166/4752) warp themes::theme::tests::custom_theme_legacy_parent_dir_path_is_preserved
        PASS [   0.013s] (2167/4752) warp themes::theme::tests::custom_theme_relative_backslash_path_is_not_portable
        PASS [   0.013s] (2168/4752) warp themes::theme::tests::custom_theme_relative_backslash_path_storage_helper_preserves_path
        PASS [   0.011s] (2169/4752) warp themes::theme::tests::custom_theme_relative_parent_dir_path_is_preserved
        PASS [   0.011s] (2170/4752) warp themes::theme::tests::custom_theme_serde_preserves_unportable_raw_paths
        PASS [   0.012s] (2171/4752) warp themes::theme::tests::custom_theme_relative_path_resolves_under_local_theme_root
        PASS [   0.014s] (2172/4752) warp themes::theme::tests::custom_theme_relative_parent_dir_path_is_not_portable
        PASS [   0.013s] (2173/4752) warp themes::theme::tests::custom_theme_serde_reads_portable_raw_path_under_theme_root
        PASS [   0.012s] (2174/4752) warp themes::theme::tests::custom_theme_serde_writes_portable_path_for_theme_root_file
        PASS [   0.012s] (2175/4752) warp themes::theme::tests::custom_theme_settings_value_preserves_unportable_raw_paths
        PASS [   0.011s] (2176/4752) warp themes::theme::tests::custom_theme_settings_value_writes_portable_path_for_theme_root_file
        PASS [   0.012s] (2177/4752) warp themes::theme::tests::custom_theme_unmatched_legacy_absolute_path_is_preserved
        PASS [   0.013s] (2178/4752) warp themes::theme::tests::custom_theme_settings_value_reads_portable_raw_path_under_theme_root
        PASS [   0.012s] (2179/4752) warp themes::theme::tests::custom_theme_windows_absolute_path_string_is_not_portable
        PASS [   0.011s] (2180/4752) warp themes::theme::tests::custom_theme_windows_unc_path_string_is_preserved
        PASS [   0.013s] (2181/4752) warp themes::theme::tests::custom_theme_windows_absolute_path_string_storage_helper_preserves_path
        PASS [   0.014s] (2182/4752) warp themes::theme::tests::custom_theme_windows_absolute_path_string_is_preserved
        PASS [   0.014s] (2183/4752) warp themes::theme_creator::tests::accent_colors_contrast_test
        PASS [   0.011s] (2184/4752) warp themes::theme_creator::tests::top_colors_invalid_image_test
        PASS [   0.014s] (2185/4752) warp user_config::tests::test_default_tab_configs_dir_uses_underscores
        PASS [   0.013s] (2186/4752) warp user_config::tests::test_is_tab_config_toml_matches_default_tab_configs
        PASS [   0.012s] (2187/4752) warp user_config::tests::test_is_tab_config_toml_rejects_tomls_outside_tab_config_dirs
        PASS [   0.011s] (2188/4752) warp user_config::tests::test_load_tab_configs_deterministic_tie_breaking
        PASS [   0.013s] (2189/4752) warp user_config::tests::test_is_tab_config_toml_rejects_non_toml_paths
        PASS [   0.015s] (2190/4752) warp user_config::tests::test_is_tab_config_toml_matches_user_tab_configs
        PASS [   0.014s] (2191/4752) warp user_config::tests::test_load_tab_configs_empty_directory
        PASS [   0.219s] (2192/4752) warp terminal::model::terminal_model::tests::handles_inline_iterm_image_payload
        PASS [   0.013s] (2193/4752) warp user_config::tests::test_load_tab_configs_skips_non_toml_files
        PASS [   0.015s] (2194/4752) warp user_config::tests::test_load_tab_configs_sorts_case_insensitive
        PASS [   0.013s] (2195/4752) warp user_config::util::tests::title_case_test
        PASS [   0.013s] (2196/4752) warp user_config::util::tests::file_name_to_human_readable_name_test
        PASS [   0.013s] (2197/4752) warp util::file::external_editor::mac::tests::product_bundle_recognizes_term4u
        PASS [   0.011s] (2198/4752) warp util::file::external_editor::mac::tests::product_bundle_rejects_other_apps
        PASS [   0.012s] (2199/4752) warp util::file::external_editor::tests::test_editor_missing_no_line_col
        PASS [   0.021s] (2200/4752) warp util::bindings::tests::test_terminal_page_scroll_bindings_are_editable
        PASS [   0.013s] (2201/4752) warp util::file::external_editor::tests::test_case_insensitive_editor_matching
        PASS [   0.022s] (2202/4752) warp util::bindings::tests::test_keybinding_name_to_display_string
        PASS [   0.022s] (2203/4752) warp util::bindings::tests::test_toggle_maximize_pane_binding_is_editable
        PASS [   0.013s] (2204/4752) warp util::file::external_editor::tests::test_editor_missing_with_line_col
        PASS [   0.012s] (2205/4752) warp util::file::external_editor::tests::test_editor_present_no_line_col
        PASS [   0.014s] (2206/4752) warp util::file::external_editor::tests::test_editor_present_line_missing
        PASS [   0.012s] (2207/4752) warp util::file::external_editor::tests::test_editor_try_from_supported_editors
        PASS [   0.015s] (2208/4752) warp util::file::external_editor::tests::test_editor_try_from_unsupported_editors
        PASS [   0.010s] (2209/4752) warp util::file::external_editor::tests::test_helix_with_line_and_column
        PASS [   0.011s] (2210/4752) warp util::file::external_editor::tests::test_helix_with_line_only
        PASS [   0.013s] (2211/4752) warp util::file::external_editor::tests::test_emacs_with_line_and_column
        PASS [   0.015s] (2212/4752) warp util::file::external_editor::tests::test_emacs_with_line_only
        PASS [   0.013s] (2213/4752) warp util::file::external_editor::tests::test_micro_with_line_and_column
        PASS [   0.011s] (2214/4752) warp util::file::external_editor::tests::test_nano_with_line_only
        PASS [   0.017s] (2215/4752) warp util::file::external_editor::tests::test_editor_with_path
        PASS [   0.012s] (2216/4752) warp util::file::external_editor::tests::test_nano_with_line_and_column
        PASS [   0.016s] (2217/4752) warp util::file::external_editor::tests::test_micro_with_line_only
        PASS [   0.010s] (2218/4752) warp util::file::external_editor::tests::test_neovim_with_line_only
        PASS [   0.212s] (2219/4752) warp terminal::ref_tests::grid_reset
        PASS [   0.014s] (2220/4752) warp util::file::external_editor::tests::test_neovim_with_line_and_column
        PASS [   0.069s] (2221/4752) warp themes::theme::tests::in_memory_theme_generation_test
        PASS [   0.012s] (2222/4752) warp util::file::external_editor::tests::test_path_with_special_characters
        PASS [   0.015s] (2223/4752) warp util::file::external_editor::tests::test_path_with_spaces
        PASS [   0.012s] (2224/4752) warp util::file::external_editor::tests::test_unknown_editor_with_line_col
        PASS [   0.013s] (2225/4752) warp util::file::external_editor::tests::test_pico_with_line_only
        PASS [   0.013s] (2226/4752) warp util::file::external_editor::tests::test_pico_with_line_and_column
        PASS [   0.217s] (2227/4752) warp terminal::ref_tests::history
        PASS [   0.012s] (2228/4752) warp util::file::external_editor::tests::test_vim_with_line_only
        PASS [   0.015s] (2229/4752) warp util::file::external_editor::tests::test_vim_with_line_and_column
        PASS [   0.014s] (2230/4752) warp util::file::external_editor::tests::test_vscode_with_line_and_column
        PASS [   0.012s] (2231/4752) warp util::file::external_editor::tests::test_vscode_with_line_only
        PASS [   0.011s] (2232/4752) warp util::git::tests::detects_no_pr_for_branch_errors
        PASS [   0.012s] (2233/4752) warp util::git::tests::detects_gh_auth_errors
        PASS [   0.011s] (2234/4752) warp util::git::tests::detects_repository_lookup_not_applicable_errors
        PASS [   0.014s] (2235/4752) warp util::git::tests::detects_missing_gh_errors
        PASS [   0.010s] (2236/4752) warp util::git::tests::repository_info_from_gh_output_parses_host_from_url
        PASS [   0.011s] (2237/4752) warp util::git::tests::repository_info_from_gh_output_parses_name_and_owner
        PASS [   0.012s] (2238/4752) warp util::git::tests::repository_info_from_gh_output_rejects_empty_fields
        PASS [   0.237s] (2239/4752) warp terminal::ref_tests::region_scroll_down
        PASS [   0.011s] (2240/4752) warp util::git::tests::repository_info_from_gh_output_rejects_malformed_json
        PASS [   0.014s] (2241/4752) warp util::git::tests::repository_info_from_gh_output_rejects_missing_name
        PASS [   0.013s] (2242/4752) warp util::git::tests::repository_info_from_gh_output_rejects_missing_owner_login
        PASS [   0.012s] (2243/4752) warp util::image::tests::test_is_supported_image_mime_type
        PASS [   0.011s] (2244/4752) warp util::image::tests::test_process_image_for_agent_small_image
        PASS [   0.012s] (2245/4752) warp util::image::tests::test_process_image_for_agent_invalid_data
        PASS [   0.011s] (2246/4752) warp util::image::tests::test_resize_image_small_image_unchanged
        PASS [   0.011s] (2247/4752) warp util::openable_file_type::tests::test_binary_files_not_openable
        PASS [   0.085s] (2248/4752) warp util::image::tests::test_resize_image_respects_max_dimension
        PASS [   0.097s] (2249/4752) warp util::image::tests::test_resize_image_large_image_gets_resized
        PASS [   0.012s] (2250/4752) warp util::openable_file_type::tests::test_is_runnable_shell_script_group_only_executable_rejected
        PASS [   0.013s] (2251/4752) warp util::openable_file_type::tests::test_is_runnable_shell_script_executable_sh
        PASS [   0.012s] (2252/4752) warp util::openable_file_type::tests::test_is_runnable_shell_script_non_executable_sh
        PASS [   0.012s] (2253/4752) warp util::openable_file_type::tests::test_is_runnable_shell_script_other_shell_extensions
        PASS [   0.179s] (2254/4752) warp util::git::tests::detached_head_raw_returns_head
        PASS [   0.011s] (2255/4752) warp util::openable_file_type::tests::test_is_runnable_shell_script_plain_text_rejected
        PASS [   0.011s] (2256/4752) warp util::openable_file_type::tests::test_is_runnable_shell_script_shebang_no_extension
        PASS [   0.011s] (2257/4752) warp util::openable_file_type::tests::test_is_runnable_shell_script_shebang_no_extension_no_x_bit
        PASS [   0.010s] (2258/4752) warp util::openable_file_type::tests::test_is_runnable_shell_script_symlink_to_executable
        PASS [   0.010s] (2259/4752) warp util::openable_file_type::tests::test_markdown_files
        PASS [   0.009s] (2260/4752) warp util::openable_file_type::tests::test_open_code_panels_file_editor_default_is_warp
        PASS [   0.203s] (2261/4752) warp util::git::tests::get_pr_for_branch_returns_none_for_detached_head
        PASS [   0.009s] (2262/4752) warp util::openable_file_type::tests::test_renders_in_warp_notebook_viewer
        PASS [   0.197s] (2263/4752) warp util::git::tests::on_normal_branch_returns_branch_name
        PASS [   0.010s] (2264/4752) warp util::openable_file_type::tests::test_resolve_file_target_binary_is_system_generic
        PASS [   0.010s] (2265/4752) warp util::openable_file_type::tests::test_resolve_file_target_binary_uses_env_editor
        PASS [   0.010s] (2266/4752) warp util::openable_file_type::tests::test_resolve_file_target_jupyter_notebook_flag_off
        PASS [   0.223s] (2267/4752) warp util::git::tests::detached_head_display_returns_short_sha
        PASS [   0.009s] (2268/4752) warp util::openable_file_type::tests::test_resolve_file_target_jupyter_notebook_flag_on
        PASS [   0.009s] (2269/4752) warp util::openable_file_type::tests::test_resolve_file_target_markdown_viewer_precedence
        PASS [   0.224s] (2270/4752) warp util::git::tests::detached_tag_display_returns_short_sha
        PASS [   0.010s] (2271/4752) warp util::openable_file_type::tests::test_resolve_file_target_warp_uses_default_layout
        PASS [   0.010s] (2272/4752) warp util::openable_file_type::tests::test_starts_with_shebang_absent
        PASS [   0.147s] (2273/4752) warp util::openable_file_type::tests::test_code_files
        PASS [   0.011s] (2274/4752) warp util::openable_file_type::tests::test_starts_with_shebang_missing_path
        PASS [   0.010s] (2275/4752) warp util::openable_file_type::tests::test_starts_with_shebang_one_byte_file
        PASS [   0.011s] (2276/4752) warp util::openable_file_type::tests::test_starts_with_shebang_present
        PASS [   0.009s] (2277/4752) warp util::openable_file_type::tests::test_text_files
        PASS [   0.009s] (2278/4752) warp util::test_dedupe
        PASS [   0.009s] (2279/4752) warp util::test_parse_ascii_u32
        PASS [   0.009s] (2280/4752) warp util::time_format::tests::format_elapsed_seconds_pluralizes_and_truncates
        PASS [   0.009s] (2281/4752) warp util::time_format::tests::default_message_timestamp_is_not_trustworthy
        PASS [   0.010s] (2282/4752) warp util::time_format::tests::format_message_timestamp_uses_friendly_local_time
        PASS [   0.010s] (2283/4752) warp util::time_format::tests::test_format_sigfigs
        PASS [   0.010s] (2284/4752) warp util::time_format::tests::test_human_readable_approx_duration
        PASS [   0.010s] (2285/4752) warp util::time_format::tests::test_human_readable_precise_duration
        PASS [   0.011s] (2286/4752) warp view_components::dismissible_toast::tests::add_persistent_toasts_caps_at_three_newest
        PASS [   0.012s] (2287/4752) warp view_components::dismissible_toast::tests::add_ephemeral_toasts_caps_at_three_newest
        PASS [   0.011s] (2288/4752) warp view_components::dismissible_toast::tests::evicted_ephemeral_toast_aborts_timer
        PASS [   0.009s] (2289/4752) warp view_components::dismissible_toast::tests::expand_toggle_accepts_enter_and_space_without_modifiers
        PASS [   0.011s] (2290/4752) warp view_components::dismissible_toast::tests::expand_state_is_per_toast
        PASS [   0.011s] (2291/4752) warp view_components::dismissible_toast::tests::manual_dismiss_and_clear_paths_unchanged
        PASS [   0.010s] (2292/4752) warp view_components::dismissible_toast::tests::newline_heavy_message_is_truncated_to_collapsed_lines
        PASS [   0.011s] (2293/4752) warp view_components::dismissible_toast::tests::object_id_dedup_then_cap
        PASS [   0.012s] (2294/4752) warp view_components::dismissible_toast::tests::toggle_message_expanded_flips_per_toast_state
        PASS [   0.010s] (2295/4752) warp view_components::dismissible_toast::tests::truncation_predicate_is_correct
        PASS [   0.012s] (2296/4752) warp workflows::command_parser::tests::test_compute_workflow_display_data_for_linked_history_command
        PASS [   0.011s] (2297/4752) warp workflows::command_parser::tests::test_compute_workflow_display_data_for_linked_history_command_with_escaped_args
        PASS [   0.015s] (2298/4752) warp view_components::find::tests::test_set_query_text_replaces_existing_text
        PASS [   0.011s] (2299/4752) warp workflows::command_parser::tests::test_compute_workflow_display_data_for_linked_history_command_with_multibyte_chars
        PASS [   0.011s] (2300/4752) warp workflows::command_parser::tests::test_compute_workflow_display_data_for_linked_history_command_with_no_parameters
        PASS [   0.011s] (2301/4752) warp workflows::command_parser::tests::test_compute_workflow_display_data_for_linked_history_command_with_multiple_instances_same_parameter
        PASS [   0.284s] (2302/4752) warp util::git::tests::committed_branch_files_excludes_uncommitted_and_untracked
        PASS [   0.012s] (2303/4752) warp workflows::command_parser::tests::test_compute_workflow_display_data_for_similar_but_unlinked_history_command
        PASS [   0.011s] (2304/4752) warp workflows::command_parser::tests::test_compute_workflow_display_data_for_unlinked_history_command_with_no_parameters
        PASS [   0.011s] (2305/4752) warp workflows::command_parser::tests::test_compute_workflow_display_data_for_unlinked_history_command
        PASS [   0.011s] (2306/4752) warp workflows::command_parser::tests::test_compute_workflow_display_data_with_duplicates_and_escaped_arguments
        PASS [   0.011s] (2307/4752) warp workflows::command_parser::tests::test_compute_workflow_display_data_with_multibyte_chars
        PASS [   0.011s] (2308/4752) warp workflows::command_parser::tests::test_compute_workflow_display_data_with_escaped_arguments
        PASS [   0.011s] (2309/4752) warp workflows::local_workflows::tests::test_filter_global_workflows_for_session
        PASS [   0.011s] (2310/4752) warp workflows::model::tests::missing_legacy_optional_fields_have_stable_defaults
        PASS [   0.011s] (2311/4752) warp workflows::model::tests::legacy_workflow_json_preserves_local_command_fields
        PASS [   0.012s] (2312/4752) warp workflows::local_workflows::tests::test_workflow_by_command_name
        PASS [   0.011s] (2313/4752) warp workspace::tab_settings::tests::header_toolbar_chip_selection_custom_with_code_review_on_left_reports_present
        PASS [   0.011s] (2314/4752) warp workspace::tab_settings::tests::header_toolbar_chip_selection_custom_empty_reports_all_absent
        PASS [   0.015s] (2315/4752) warp workflows::workflow_view::tests::loading_workflow_preserves_parameters_and_metadata
        PASS [   0.010s] (2316/4752) warp workspace::tab_settings::tests::header_toolbar_chip_selection_custom_without_code_review_reports_absent
        PASS [   0.010s] (2317/4752) warp workspace::tab_settings::tests::header_toolbar_chip_selection_default_contains_code_review
        PASS [   0.009s] (2318/4752) warp workspace::tab_settings::tests::hide_title_bar_search_bar_in_vertical_tabs_uses_vertical_tabs_path
        PASS [   0.013s] (2319/4752) warp workspace::tab_settings::tests::hide_title_bar_search_bar_in_vertical_tabs_defaults_to_false
        PASS [   0.010s] (2320/4752) warp workspace::tab_settings::tests::show_vertical_tab_panel_in_restored_windows_uses_vertical_tabs_path
        PASS [   0.009s] (2321/4752) warp workspace::tab_settings::tests::use_latest_user_prompt_as_conversation_title_in_tab_names_uses_vertical_tabs_path
        PASS [   0.013s] (2322/4752) warp workspace::tab_settings::tests::show_vertical_tab_panel_in_restored_windows_defaults_to_false
        PASS [   0.013s] (2323/4752) warp workspace::tab_settings::tests::use_latest_user_prompt_as_conversation_title_in_tab_names_defaults_to_false
        PASS [   0.144s] (2324/4752) warp util::openable_file_type::tests::test_is_supported_code_file
        PASS [   0.122s] (2325/4752) warp util::openable_file_type::tests::test_resolve_file_target_to_open_in_warp_never_leaves_warp
        PASS [   0.033s] (2326/4752) warp workspace::view::tests::code_review_snapshot_restores_repository_and_terminal_link
        PASS [   0.035s] (2327/4752) warp workspace::view::tests::closed_tab_reopens_in_original_position
        PASS [   0.036s] (2328/4752) warp workspace::view::tests::exiting_split_terminal_preserves_sibling_and_tab
        PASS [   0.041s] (2329/4752) warp workspace::view::tests::command_palette_opens_with_local_bindings_and_closes
        PASS [   0.009s] (2330/4752) warp_cli agent::tests::harness_config_name_round_trips_for_known_variants
        PASS [   0.007s] (2331/4752) warp_cli agent::tests::harness_from_config_name_returns_none_for_unrecognized
        PASS [   0.007s] (2332/4752) warp_cli agent::tests::harness_from_config_name_round_trips_unknown
        PASS [   0.011s] (2333/4752) warp_cli api_key::tests::create_accepts_expires_in
        PASS [   0.047s] (2334/4752) warp workspace::view::tests::restoring_tabs_keeps_each_left_panel_mode_and_width
        PASS [   0.008s] (2335/4752) warp_cli api_key::tests::create_accepts_no_expiration
        PASS [   0.009s] (2336/4752) warp_cli api_key::tests::create_accepts_rfc3339_expiration
        PASS [   0.037s] (2337/4752) warp workspace::view::tests::selecting_workflow_populates_terminal_input_without_executing
        PASS [   0.008s] (2338/4752) warp_cli api_key::tests::create_rejects_multiple_expiration_decisions
        PASS [   0.007s] (2339/4752) warp_cli api_key::tests::create_requires_expiration_decision
        PASS [   0.008s] (2340/4752) warp_cli api_key::tests::delete_is_alias_for_expire
        PASS [   0.007s] (2341/4752) warp_cli json_filter::tests::clap_filter_is_none_by_default
        PASS [   0.034s] (2342/4752) warp workspace::view::tests::workflow_run_waits_for_missing_argument
        PASS [   0.039s] (2343/4752) warp workspace::view::tests::toast_events_reach_only_the_target_window_and_can_be_dismissed
        PASS [   0.010s] (2344/4752) warp_cli json_filter::tests::clap_rejects_invalid_filter_at_parse_time
        PASS [   0.010s] (2345/4752) warp_cli json_filter::tests::parse_jq_filter_accepts_simple_filter
        PASS [   0.013s] (2346/4752) warp_cli json_filter::tests::clap_populates_filter_when_jq_is_provided
        PASS [   0.009s] (2347/4752) warp_cli json_filter::tests::parse_jq_filter_accepts_stdlib_functions
        PASS [   0.009s] (2348/4752) warp_cli json_filter::tests::parse_jq_filter_rejects_empty_string
        PASS [   0.008s] (2349/4752) warp_cli json_filter::tests::parse_jq_filter_rejects_syntax_error
        PASS [   0.007s] (2350/4752) warp_cli local_control::tests::excluded_actions_are_not_allowlisted_catalog_entries
        PASS [   0.009s] (2351/4752) warp_cli json_filter::tests::parse_jq_filter_rejects_unknown_function
        PASS [   0.007s] (2352/4752) warp_cli local_control::tests::ignores_args_without_control_mode_flag
        PASS [   0.007s] (2353/4752) warp_cli local_control::tests::instance_list_output_serializes_empty_and_populated_lists
        PASS [   0.015s] (2354/4752) warp_cli local_control::tests::generated_bash_completions_include_mutating_command_groups
        PASS [   0.015s] (2355/4752) warp_cli local_control::tests::generated_bash_completions_include_readonly_commands
        PASS [   0.010s] (2356/4752) warp_cli local_control::tests::parses_catalog_metadata_commands
        PASS [   0.009s] (2357/4752) warp_cli local_control::tests::parses_completion_generation_command
        PASS [   0.008s] (2358/4752) warp_cli local_control::tests::parses_control_mode_args_after_hidden_flag
        PASS [   0.008s] (2359/4752) warp_cli local_control::tests::parses_exact_window_tab_pane_and_session_selectors
        PASS [   0.008s] (2360/4752) warp_cli local_control::tests::parses_first_slice_instance_list
        PASS [   0.009s] (2361/4752) warp_cli local_control::tests::parses_instance_and_pid_selectors
        PASS [   0.010s] (2362/4752) warp_cli local_control::tests::parses_first_slice_app_smoke_metadata_commands
        PASS [   0.009s] (2363/4752) warp_cli local_control::tests::parses_typed_create_and_setting_list_params
        PASS [   0.008s] (2364/4752) warp_cli local_control::tests::rejects_conflicting_instance_selectors
        PASS [   0.007s] (2365/4752) warp_cli local_control::tests::renders_human_readable_tab_create_output
        PASS [   0.007s] (2366/4752) warp_cli local_control::tests::structured_error_output_uses_stable_error_code
        PASS [   0.007s] (2367/4752) warp_cli runner::tests::validate_os_config_accepts_matching_linux
        PASS [   0.007s] (2368/4752) warp_cli runner::tests::validate_os_config_accepts_matching_macos
        PASS [   0.015s] (2369/4752) warp_cli local_control::tests::rejects_excluded_command_routes
        PASS [   0.008s] (2370/4752) warp_cli local_control::tests::surface_list_accepts_instance_selection
        PASS [   0.007s] (2371/4752) warp_cli runner::tests::validate_os_config_rejects_docker_image_with_macos
        PASS [   0.008s] (2372/4752) warp_cli runner::tests::validate_os_config_rejects_macos_version_with_linux
        PASS [   0.008s] (2373/4752) warp_cli share::tests::test_parse_invalid_format
        PASS [   0.007s] (2374/4752) warp_cli share::tests::test_parse_public_default
        PASS [   0.008s] (2375/4752) warp_cli share::tests::test_parse_invalid_access_level
        PASS [   0.007s] (2376/4752) warp_cli share::tests::test_parse_public_edit
        PASS [   0.007s] (2377/4752) warp_cli share::tests::test_parse_public_invalid_access_level
        PASS [   0.007s] (2378/4752) warp_cli share::tests::test_parse_team_default
        PASS [   0.007s] (2379/4752) warp_cli share::tests::test_parse_user_default
        PASS [   0.007s] (2380/4752) warp_cli share::tests::test_parse_team_edit
        PASS [   0.007s] (2381/4752) warp_cli share::tests::test_parse_team_view
        PASS [   0.007s] (2382/4752) warp_cli share::tests::test_parse_public_view
        PASS [   0.007s] (2383/4752) warp_cli share::tests::test_parse_user_edit
        PASS [   0.007s] (2384/4752) warp_cli skill::tests::test_display_full_path
        PASS [   0.007s] (2385/4752) warp_cli skill::tests::test_display_org_repo_qualified
        PASS [   0.007s] (2386/4752) warp_cli share::tests::test_public_request_display
        PASS [   0.007s] (2387/4752) warp_cli skill::tests::test_display_repo_qualified
        PASS [   0.007s] (2388/4752) warp_cli share::tests::test_parse_user_view
        PASS [   0.007s] (2389/4752) warp_cli skill::tests::test_display_simple_name
        PASS [   0.007s] (2390/4752) warp_cli skill::tests::test_parse_empty_path_fails
        PASS [   0.007s] (2391/4752) warp_cli skill::tests::test_is_full_path_with_slash
        PASS [   0.007s] (2392/4752) warp_cli skill::tests::test_parse_empty_fails
        PASS [   0.008s] (2393/4752) warp_cli skill::tests::test_is_not_full_path_single_component_md
        PASS [   0.008s] (2394/4752) warp_cli skill::tests::test_is_not_full_path
        PASS [   0.008s] (2395/4752) warp_cli skill::tests::test_parse_empty_qualifier_fails
        PASS [   0.070s] (2396/4752) warp_cli local_control::tests::every_retained_catalog_action_has_a_parseable_cli_example
        PASS [   0.008s] (2397/4752) warp_cli skill::tests::test_parse_full_path_with_repo
        PASS [   0.008s] (2398/4752) warp_cli skill::tests::test_parse_full_path_with_org_repo
        PASS [   0.008s] (2399/4752) warp_cli skill::tests::test_parse_org_repo_qualified
        PASS [   0.008s] (2400/4752) warp_cli skill::tests::test_parse_simple_skill_name
        PASS [   0.008s] (2401/4752) warp_cli skill::tests::test_parse_repo_qualified
        PASS [   0.007s] (2402/4752) warp_cli skill::tests::test_skill_name_repo_qualified_name
        PASS [   0.007s] (2403/4752) warp_cli skill::tests::test_skill_name_simple_name
        PASS [   0.008s] (2404/4752) warp_cli skill::tests::test_skill_name_repo_qualified_path
        PASS [   0.008s] (2405/4752) warp_cli task::tests::all_filter_flags_parse
        PASS [   0.008s] (2406/4752) warp_cli task::tests::invalid_artifact_type_is_rejected
        PASS [   0.008s] (2407/4752) warp_cli task::tests::invalid_created_after_timestamp_is_rejected
        PASS [   0.010s] (2408/4752) warp_cli task::tests::defaults_match_pre_change_behavior
        PASS [   0.009s] (2409/4752) warp_cli task::tests::invalid_execution_location_is_rejected
        PASS [   0.008s] (2410/4752) warp_cli task::tests::invalid_sort_by_is_rejected
        PASS [   0.008s] (2411/4752) warp_cli task::tests::invalid_state_is_rejected
        PASS [   0.151s] (2412/4752) warp workspace::view::tests::project_explorer_result_opens_local_file
        PASS [   0.154s] (2413/4752) warp workspace::view::tests::global_search_result_opens_local_file
        PASS [   0.008s] (2414/4752) warp_cli task::tests::state_flag_is_repeatable
        PASS [   0.008s] (2415/4752) warp_cli task::tests::timestamps_are_converted_to_utc
        PASS [   0.010s] (2416/4752) warp_cli tests::agent_create_accepts_prompt
        PASS [   0.010s] (2417/4752) warp_cli tests::agent_run_accepts_computer_use_flag
        PASS [   0.008s] (2418/4752) warp_cli tests::agent_run_accepts_file
        PASS [   0.008s] (2419/4752) warp_cli tests::agent_run_accepts_idle_on_complete_duration
        PASS [   0.008s] (2420/4752) warp_cli tests::agent_run_accepts_idle_on_fail_flag
        PASS [   0.008s] (2421/4752) warp_cli tests::agent_run_accepts_no_computer_use_flag
        PASS [   0.008s] (2422/4752) warp_cli tests::agent_run_accepts_idle_on_fail_duration
        PASS [   0.009s] (2423/4752) warp_cli tests::agent_run_accepts_idle_on_complete_flag
        PASS [   0.008s] (2424/4752) warp_cli tests::agent_run_accepts_model
        PASS [   0.008s] (2425/4752) warp_cli tests::agent_run_accepts_prompt_and_skill
        PASS [   0.008s] (2426/4752) warp_cli tests::agent_run_accepts_prompt_only
        PASS [   0.008s] (2427/4752) warp_cli tests::agent_run_accepts_saved_prompt_and_skill
        PASS [   0.008s] (2428/4752) warp_cli tests::agent_run_accepts_saved_prompt_only
        PASS [   0.008s] (2429/4752) warp_cli tests::agent_run_accepts_skill_only
        PASS [   0.008s] (2430/4752) warp_cli tests::agent_run_accepts_task_id_only
        PASS [   0.008s] (2431/4752) warp_cli tests::agent_run_accepts_skill_and_task_id
        PASS [   0.008s] (2432/4752) warp_cli tests::agent_run_accepts_skip_initial_turn_with_task_id_and_idle_on_complete
        PASS [   0.008s] (2433/4752) warp_cli tests::agent_run_accepts_snapshot_flags
        PASS [   0.008s] (2434/4752) warp_cli tests::agent_run_cloud_accepts_agent_flag
        PASS [   0.008s] (2435/4752) warp_cli tests::agent_run_accepts_task_id_with_conversation_for_worker_followups
        PASS [   0.008s] (2436/4752) warp_cli tests::agent_run_cloud_accepts_claude_auth_secret_with_harness
        PASS [   0.008s] (2437/4752) warp_cli tests::agent_run_cloud_accepts_computer_use_flag
        PASS [   0.008s] (2438/4752) warp_cli tests::agent_run_cloud_accepts_harness_flag
        PASS [   0.007s] (2439/4752) warp_cli tests::agent_run_cloud_accepts_run_ambient_alias
        PASS [   0.008s] (2440/4752) warp_cli tests::agent_run_cloud_accepts_no_computer_use_flag
        PASS [   0.008s] (2441/4752) warp_cli tests::agent_run_cloud_accepts_file_short_flag
        PASS [   0.008s] (2442/4752) warp_cli tests::agent_run_cloud_accepts_model
        PASS [   0.008s] (2443/4752) warp_cli tests::agent_run_cloud_claude_auth_secret_without_harness_parses
        PASS [   0.008s] (2444/4752) warp_cli tests::agent_run_cloud_accepts_snapshot_flags
        PASS [   0.008s] (2445/4752) warp_cli tests::agent_run_cloud_defaults_harness_to_oz
        PASS [   0.009s] (2446/4752) warp_cli tests::agent_run_cloud_defaults_to_no_computer_use_override
        PASS [   0.008s] (2447/4752) warp_cli tests::agent_run_leaves_idle_on_fail_unset_without_flag_or_env
        PASS [   0.008s] (2448/4752) warp_cli tests::agent_run_cloud_rejects_both_computer_use_flags
        PASS [   0.008s] (2449/4752) warp_cli tests::agent_run_idle_on_fail_flag_overrides_env
        PASS [   0.009s] (2450/4752) warp_cli tests::agent_run_defaults_to_no_computer_use_override
        PASS [   0.008s] (2451/4752) warp_cli tests::agent_run_idle_on_fail_is_independent_of_idle_on_complete
        PASS [   0.008s] (2452/4752) warp_cli tests::agent_run_preserves_repository_origins_by_default
        PASS [   0.009s] (2453/4752) warp_cli tests::agent_run_parses_remove_repository_origins_without_head_overrides
        PASS [   0.009s] (2454/4752) warp_cli tests::agent_run_parses_repeated_repository_head_override_json
        PASS [   0.008s] (2455/4752) warp_cli tests::agent_run_reads_idle_on_fail_from_env
        PASS [   0.008s] (2456/4752) warp_cli tests::agent_run_rejects_file_and_task_id
        PASS [   0.008s] (2457/4752) warp_cli tests::agent_run_rejects_both_computer_use_flags
        PASS [   0.009s] (2458/4752) warp_cli tests::agent_run_rejects_empty_or_padded_repository_head_branch
        PASS [   0.009s] (2459/4752) warp_cli tests::agent_run_rejects_invalid_repository_head_override_shape
        PASS [   0.009s] (2460/4752) warp_cli tests::agent_run_rejects_invalid_exact_repository_sha
        PASS [   0.008s] (2461/4752) warp_cli tests::agent_run_rejects_prompt_and_saved_prompt
        PASS [   0.008s] (2462/4752) warp_cli tests::agent_run_rejects_prompt_and_task_id
        PASS [   0.008s] (2463/4752) warp_cli tests::agent_run_rejects_saved_prompt_and_task_id
        PASS [   0.008s] (2464/4752) warp_cli tests::agent_run_rejects_without_prompt_or_task_id
        PASS [   0.008s] (2465/4752) warp_cli tests::agent_run_rejects_skip_initial_turn_without_task_id
        PASS [   0.009s] (2466/4752) warp_cli tests::agent_run_rejects_skip_initial_turn_without_idle_on_complete
        PASS [   0.009s] (2467/4752) warp_cli tests::agent_update_leaves_prompt_unset_when_neither_flag_passed
        PASS [   0.009s] (2468/4752) warp_cli tests::agent_update_accepts_prompt_replacement
        PASS [   0.009s] (2469/4752) warp_cli tests::agent_update_accepts_remove_prompt
        PASS [   0.008s] (2470/4752) warp_cli tests::agent_update_rejects_remove_all_secret_deltas
        PASS [   0.008s] (2471/4752) warp_cli tests::agent_update_rejects_prompt_and_remove_prompt
        PASS [   0.009s] (2472/4752) warp_cli tests::agent_update_rejects_conflicting_remove_flags
        PASS [   0.008s] (2473/4752) warp_cli tests::api_key_before_subcommand_parses
        PASS [   0.008s] (2474/4752) warp_cli tests::artifact_download_parses_artifact_id_and_out
        PASS [   0.008s] (2475/4752) warp_cli tests::artifact_get_parses_artifact_uid
        PASS [   0.008s] (2476/4752) warp_cli tests::artifact_upload_accepts_missing_association_target_for_env_fallback
        PASS [   0.008s] (2477/4752) warp_cli tests::artifact_upload_accepts_run_id
        PASS [   0.008s] (2478/4752) warp_cli tests::artifact_upload_accepts_run_id_and_description
        PASS [   0.007s] (2479/4752) warp_cli tests::artifact_upload_rejects_both_association_targets
        PASS [   0.009s] (2480/4752) warp_cli tests::artifact_upload_accepts_conversation_id_and_description
        PASS [   0.012s] (2481/4752) warp_cli tests::artifact_help_hides_upload_but_keeps_download_visible
        PASS [   0.008s] (2482/4752) warp_cli tests::debug_before_subcommand_parses
        PASS [   0.008s] (2483/4752) warp_cli tests::environment_create_accepts_description
        PASS [   0.009s] (2484/4752) warp_cli tests::environment_create_description_max_length
        PASS [   0.008s] (2485/4752) warp_cli tests::environment_update_accepts_description
        PASS [   0.008s] (2486/4752) warp_cli tests::environment_image_list_parses
        PASS [   0.008s] (2487/4752) warp_cli tests::environment_update_accepts_remove_description
        PASS [   0.008s] (2488/4752) warp_cli tests::finish_task_accepts_status_success
        PASS [   0.009s] (2489/4752) warp_cli tests::finish_task_accepts_status_failure
        PASS [   0.008s] (2490/4752) warp_cli tests::finish_task_rejects_invalid_status
        PASS [   0.007s] (2491/4752) warp_cli tests::harness_parse_local_child_harness_accepts_codex
        PASS [   0.007s] (2492/4752) warp_cli tests::finish_task_rejects_missing_status
        PASS [   0.006s] (2493/4752) warp_cli tests::harness_parse_local_child_harness_rejects_oz
        PASS [   0.007s] (2494/4752) warp_cli tests::harness_parse_orchestration_harness_accepts_aliases
        PASS [   0.007s] (2495/4752) warp_cli tests::harness_parse_orchestration_harness_accepts_codex
        PASS [   0.007s] (2496/4752) warp_cli tests::identifies_worker_subcommands
        PASS [   0.008s] (2497/4752) warp_cli tests::hidden_server_overrides_parse_from_env
        PASS [   0.010s] (2498/4752) warp_cli tests::help_hides_api_key_env_value
        PASS [   0.008s] (2499/4752) warp_cli tests::integration_create_accepts_file
        PASS [   0.008s] (2500/4752) warp_cli tests::integration_update_accepts_file
        PASS [   0.008s] (2501/4752) warp_cli tests::integration_update_accepts_model
        PASS [   0.009s] (2502/4752) warp_cli tests::integration_create_accepts_model
        PASS [   0.008s] (2503/4752) warp_cli tests::login_parses
        PASS [   0.008s] (2504/4752) warp_cli tests::memory_create_parses
        PASS [   0.008s] (2505/4752) warp_cli tests::logout_parses
        PASS [   0.007s] (2506/4752) warp_cli tests::memory_list_parses
        PASS [   0.008s] (2507/4752) warp_cli tests::memory_delete_parses
        PASS [   0.013s] (2508/4752) warp_cli tests::legacy_memory_store_memory_commands_are_rejected
        PASS [   0.007s] (2509/4752) warp_cli tests::memory_store_get_parses
        PASS [   0.008s] (2510/4752) warp_cli tests::memory_store_get_store_alias_parses
        PASS [   0.007s] (2511/4752) warp_cli tests::memory_store_list_parses
        PASS [   0.007s] (2512/4752) warp_cli tests::memory_store_update_parses
        PASS [   0.007s] (2513/4752) warp_cli tests::memory_store_update_store_alias_parses
        PASS [   0.007s] (2514/4752) warp_cli tests::memory_stores_alias_parses
        PASS [   0.009s] (2515/4752) warp_cli tests::memory_update_parses
        PASS [   0.009s] (2516/4752) warp_cli tests::memory_versions_parses
        PASS [   0.007s] (2517/4752) warp_cli tests::oz_and_warp_env_var_constants_name_the_same_variables
        PASS [   0.008s] (2518/4752) warp_cli tests::multiple_global_flags_before_subcommand_parse
        PASS [   0.008s] (2519/4752) warp_cli tests::model_list_parses
        PASS [   0.011s] (2520/4752) warp_cli tests::raw_command_keeps_message_visible_before_runtime_help_customization
        PASS [   0.008s] (2521/4752) warp_cli tests::report_external_reference_missing_reference_type_fails
        PASS [   0.008s] (2522/4752) warp_cli tests::report_external_reference_missing_url_fails
        PASS [   0.008s] (2523/4752) warp_cli tests::report_external_reference_optional_title_parses
        PASS [   0.009s] (2524/4752) warp_cli tests::report_shutdown_abnormal_parses
        PASS [   0.009s] (2525/4752) warp_cli tests::report_external_reference_required_args_parse
        PASS [   0.008s] (2526/4752) warp_cli tests::report_shutdown_clean_parses
        PASS [   0.008s] (2527/4752) warp_cli tests::run_cloud_accepts_claude_auth_secret
        PASS [   0.008s] (2528/4752) warp_cli tests::run_cloud_accepts_codex_auth_secret
        PASS [   0.008s] (2529/4752) warp_cli tests::run_message_delivered_alias_parses
        PASS [   0.008s] (2530/4752) warp_cli tests::run_cloud_rejects_codex_auth_secret_without_codex_harness
        PASS [   0.008s] (2531/4752) warp_cli tests::run_cloud_rejects_claude_auth_secret_without_claude_harness
        PASS [   0.008s] (2532/4752) warp_cli tests::run_cloud_help_lists_harness_and_auth_secret_flags
        PASS [   0.568s] (2533/4752) warp util::git::tests::get_repository_info_reads_gh_repo_view
        PASS [   0.008s] (2534/4752) warp_cli tests::run_message_list_rejects_non_positive_limit
        PASS [   0.008s] (2535/4752) warp_cli tests::run_message_list_parses_filters
        PASS [   0.008s] (2536/4752) warp_cli tests::run_message_read_parses
        PASS [   0.008s] (2537/4752) warp_cli tests::run_message_mark_delivered_parses
        PASS [   0.008s] (2538/4752) warp_cli tests::run_message_send_parses
        PASS [   0.009s] (2539/4752) warp_cli tests::schedule_create_accepts_personal_scope
        PASS [   0.009s] (2540/4752) warp_cli tests::run_message_watch_parses
        PASS [   0.009s] (2541/4752) warp_cli tests::schedule_create_accepts_team_scope
        PASS [   0.009s] (2542/4752) warp_cli tests::schedule_create_accepts_file
        PASS [   0.009s] (2543/4752) warp_cli tests::schedule_create_rejects_detached_team_uid
        PASS [   0.008s] (2544/4752) warp_cli tests::schedule_update_accepts_file
        PASS [   0.009s] (2545/4752) warp_cli tests::schedule_create_rejects_multiple_scopes
        PASS [   0.009s] (2546/4752) warp_cli tests::schedule_resume_alias_parses_as_unpause
        PASS [   0.008s] (2547/4752) warp_cli tests::secret_create_codex_api_key_accepts_base_url_and_value_file
        PASS [   0.009s] (2548/4752) warp_cli tests::schedule_create_accepts_team_scope_with_uid
        PASS [   0.008s] (2549/4752) warp_cli tests::secret_create_codex_api_key_requires_name
        PASS [   0.008s] (2550/4752) warp_cli tests::secret_delete_accepts_team_uid_alongside_the_name_positional
        PASS [   0.008s] (2551/4752) warp_cli tests::secret_delete_bare_team_leaves_the_name_positional_alone
        PASS [   0.008s] (2552/4752) warp_cli tests::secret_create_codex_api_key_parses_minimal
        PASS [   0.018s] (2553/4752) warp_completer completer::describe::tests::test_describe_case_insensitive_option
        PASS [   0.018s] (2554/4752) warp_completer completer::describe::tests::test_describe_powershell_shortened_option
        PASS [   0.020s] (2555/4752) warp_completer completer::describe::tests::test_describe_file_paths_with_separator_in_middle
        PASS [   0.018s] (2556/4752) warp_completer completer::describe::tests::test_xray_describe_flag_with_equal_sign
        PASS [   0.032s] (2557/4752) warp_completer completer::describe::tests::test_xray_describe_abbreviations
        PASS [   0.032s] (2558/4752) warp_completer completer::describe::tests::test_xray_describe_functions
        PASS [   0.033s] (2559/4752) warp_completer completer::describe::tests::test_xray_describe_builtins
        PASS [   0.023s] (2560/4752) warp_completer completer::describe::tests::test_xray_describe_ndots
        PASS [   0.024s] (2561/4752) warp_completer completer::describe::tests::test_xray_describe_single_char_line
        PASS [   0.042s] (2562/4752) warp_completer completer::describe::tests::test_xray_describe
        PASS [   0.043s] (2563/4752) warp_completer completer::describe::tests::test_describe_top_level_commands_case_insensitive
        PASS [   0.043s] (2564/4752) warp_completer completer::describe::tests::test_describe_top_level_commands_case_sensitive
        PASS [   0.023s] (2565/4752) warp_completer completer::describe::tests::test_xray_describe_with_directories
        PASS [   0.009s] (2566/4752) warp_completer completer::engine::path::tests::test_path_completions_home_env_var_special_characters
        PASS [   0.009s] (2567/4752) warp_completer completer::describe::tests::test_xray_describe_with_non_ascii_chars
        PASS [   0.008s] (2568/4752) warp_completer completer::engine::path::tests::test_path_completions_tilde_expansion
        PASS [   0.008s] (2569/4752) warp_completer completer::engine::path::tests::test_path_completions_with_special_character_case_insensitive
        PASS [   0.008s] (2570/4752) warp_completer completer::engine::path::tests::test_path_completions_with_special_characters_fuzzy
        PASS [   0.008s] (2571/4752) warp_completer completer::engine::path::tests::test_path_completions_with_special_characters_relative_to_cwd
        PASS [   0.028s] (2572/4752) warp_completer completer::describe::tests::test_xray_describe_with_flags
        PASS [   0.007s] (2573/4752) warp_completer completer::engine::path::tests::test_sorted_cd_directories_ignores_cdpath_for_absolute_token
        PASS [   0.008s] (2574/4752) warp_completer completer::engine::path::tests::test_sorted_cd_directories_expands_tilde_in_cdpath
        PASS [   0.007s] (2575/4752) warp_completer completer::engine::path::tests::test_sorted_cd_directories_includes_cdpath_entries
        PASS [   0.008s] (2576/4752) warp_completer completer::engine::path::tests::test_sorted_cd_directories_no_cdpath_matches_existing_behavior
        PASS [   0.008s] (2577/4752) warp_completer completer::engine::path::tests::test_sorted_cd_directories_pwd_at_dot_position_is_first
        PASS [   0.008s] (2578/4752) warp_completer completer::engine::path::tests::test_sorted_cd_directories_pwd_at_dot_in_middle
        PASS [   0.008s] (2579/4752) warp_completer completer::engine::path::tests::test_sorted_cd_directories_resolves_relative_cdpath_against_pwd
        PASS [   0.007s] (2580/4752) warp_completer completer::engine::path::tests::test_split_path
        PASS [   0.008s] (2581/4752) warp_completer completer::engine::path::tests::test_sorted_directories_relative_to
        PASS [   0.008s] (2582/4752) warp_completer completer::engine::path::tests::test_sorted_cd_directories_skips_dot_entry_in_cdpath
        PASS [   0.008s] (2583/4752) warp_completer completer::engine::path::tests::test_sorted_paths_relative_to
        PASS [   0.009s] (2584/4752) warp_completer completer::engine::path::tests::test_sorted_cd_directories_resolves_parent_relative_cdpath
        PASS [   0.008s] (2585/4752) warp_completer completer::engine::path::tests::test_sorted_paths_case_insensitive_ordering
        PASS [   0.008s] (2586/4752) warp_completer completer::engine::tests::completes_after_completed_equal_sign_flag
        PASS [   0.008s] (2587/4752) warp_completer completer::engine::tests::completes_flag_argument_after_equal_sign_no_value
        PASS [   0.008s] (2588/4752) warp_completer completer::engine::tests::completes_flag_argument_after_equal_sign_with_partial_value
        PASS [   0.008s] (2589/4752) warp_completer completer::engine::tests::completes_flag_argument_after_equal_sign_with_preceding_switch
        PASS [   0.008s] (2590/4752) warp_completer completer::engine::tests::completes_flag_argument_after_equal_sign_with_preceding_space_delimited_flag
        PASS [   0.008s] (2591/4752) warp_completer completer::engine::tests::completes_flag_argument_after_equal_sign_with_multiple_preceding_flags
        PASS [   0.008s] (2592/4752) warp_completer completer::engine::tests::completes_flag_argument_after_equal_sign_with_two_preceding_switches
        PASS [   0.007s] (2593/4752) warp_completer completer::engine::tests::completes_flag_argument_with_all_three_flag_styles
        PASS [   0.007s] (2594/4752) warp_completer completer::matchers::tests::test_get_match_type_case_insensitive
        PASS [   0.007s] (2595/4752) warp_completer completer::matchers::tests::test_get_match_type_fuzzy_rejects_punctuation_only_queries
        PASS [   0.007s] (2596/4752) warp_completer completer::matchers::tests::test_get_match_type_fuzzy
        PASS [   0.007s] (2597/4752) warp_completer completer::matchers::tests::test_get_match_type_case_sensitive
        PASS [   0.008s] (2598/4752) warp_completer completer::engine::tests::test_command_at_cursor_parse
        PASS [   0.008s] (2599/4752) warp_completer completer::matchers::tests::test_get_match_type_fuzzy_keeps_prefix_and_exact_for_punctuation_queries
        PASS [   0.025s] (2600/4752) warp_completer completer::engine::tests::completes_argument_command
        PASS [   0.008s] (2601/4752) warp_completer completer::matchers::tests::test_match_type_for_case_insensitive
        PASS [   0.008s] (2602/4752) warp_completer completer::suggest::alias::test::test_expand_command_aliases_case_insensitive_for_powershell
        PASS [   0.009s] (2603/4752) warp_completer completer::suggest::alias::test::test_expand_command_aliases_case_sensitive_for_posix
        PASS [   0.009s] (2604/4752) warp_completer completer::suggest::alias::test::test_expand_command_aliases_multiple_commands
        PASS [   0.009s] (2605/4752) warp_completer completer::suggest::alias::test::test_expand_command_aliases_env_vars
        PASS [   0.009s] (2606/4752) warp_completer completer::suggest::alias::test::test_expand_command_aliases
        PASS [   0.008s] (2607/4752) warp_completer completer::suggest::alias::test::test_expand_command_aliases_should_not_expand_if_no_space_after_alias
        PASS [   0.022s] (2608/4752) warp_completer completer::engine::tests::completes_unregistered_command_names
        PASS [   0.007s] (2609/4752) warp_completer completer::suggest::presentation_tests::explicit_tab_computes_common_prefixes_on_utf8_boundaries
        PASS [   0.007s] (2610/4752) warp_completer completer::suggest::presentation_tests::explicit_tab_does_not_insert_a_case_insensitive_common_prefix
        PASS [   0.007s] (2611/4752) warp_completer completer::suggest::presentation_tests::explicit_tab_inserts_the_single_prefix_suggestion
        PASS [   0.007s] (2612/4752) warp_completer completer::suggest::presentation_tests::prepared_suggestions_follow_presentation_order
        PASS [   0.007s] (2613/4752) warp_completer completer::suggest::presentation_tests::explicit_tab_opens_an_ordered_menu_with_a_common_prefix
        PASS [   0.007s] (2614/4752) warp_completer completer::suggest::presentation_tests::explicit_tab_has_no_action_when_the_query_filters_every_candidate
        PASS [   0.007s] (2615/4752) warp_completer completer::suggest::priority::tests::test_new_to_old_priority
        PASS [   0.009s] (2616/4752) warp_completer completer::suggest::priority::tests::test_old_to_new_priority
        PASS [   0.008s] (2617/4752) warp_completer completer::suggest::priority::tests::test_priority_comparison
        PASS [   0.008s] (2618/4752) warp_completer completer::suggest::priority::tests::test_priority_normalization
        PASS [   0.007s] (2619/4752) warp_completer completer::suggest::tests::completes_arguments
        PASS [   0.008s] (2620/4752) warp_completer completer::suggest::tests::completes_many_args_under_option
        PASS [   0.008s] (2621/4752) warp_completer completer::suggest::tests::test_autocd
        PASS [   0.008s] (2622/4752) warp_completer completer::suggest::tests::test_autocd_completions_with_tilde
        PASS [   0.007s] (2623/4752) warp_completer completer::suggest::tests::test_command_completions_includes_abbreviations
        PASS [   0.008s] (2624/4752) warp_completer completer::suggest::tests::test_case_sensitivity_ordering
        PASS [   0.007s] (2625/4752) warp_completer completer::suggest::tests::test_command_completions_requires_nonwhitespace
        PASS [   0.008s] (2626/4752) warp_completer completer::suggest::tests::test_cd_from_home_dir
        PASS [   0.008s] (2627/4752) warp_completer completer::suggest::tests::test_command_alias
        PASS [   0.053s] (2628/4752) warp_completer completer::engine::tests::completes_command_names
        PASS [   0.008s] (2629/4752) warp_completer completer::suggest::tests::test_complete_last_arg_after_non_variadic_option
        PASS [   0.008s] (2630/4752) warp_completer completer::suggest::tests::test_complete_long_hand_flags_single_dash
        PASS [   0.022s] (2631/4752) warp_completer completer::suggest::tests::test_alias_completion
        PASS [   0.009s] (2632/4752) warp_completer completer::suggest::tests::test_completes_complicated_commands
        PASS [   0.009s] (2633/4752) warp_completer completer::suggest::tests::test_completes_flags
        PASS [   0.008s] (2634/4752) warp_completer completer::suggest::tests::test_completes_with_correct_ordering
        PASS [   0.009s] (2635/4752) warp_completer completer::suggest::tests::test_completes_with_multiple_generators
        PASS [   0.009s] (2636/4752) warp_completer completer::suggest::tests::test_completes_paths_with_space
        PASS [   0.010s] (2637/4752) warp_completer completer::suggest::tests::test_completes_dotfiles
        PASS [   0.058s] (2638/4752) warp_completer completer::engine::tests::completes_flags_having_one_hyphen
        PASS [   0.008s] (2639/4752) warp_completer completer::suggest::tests::test_completions_ordering_across_groups
        PASS [   0.008s] (2640/4752) warp_completer completer::suggest::tests::test_completions
        PASS [   0.007s] (2641/4752) warp_completer completer::suggest::tests::test_deduplication
        PASS [   0.008s] (2642/4752) warp_completer completer::suggest::tests::test_environment_variable_assignment
        PASS [   0.022s] (2643/4752) warp_completer completer::suggest::tests::test_completion_results_for_is_command_argument
        PASS [   0.008s] (2644/4752) warp_completer completer::suggest::tests::test_equal_sign_flag_does_not_bleed_variadic_suggestions
        PASS [   0.009s] (2645/4752) warp_completer completer::suggest::tests::test_equal_sign_flag_completions
        PASS [   0.022s] (2646/4752) warp_completer completer::suggest::tests::test_completion_results_shows_arguments_for_is_command_argument
        PASS [   0.008s] (2647/4752) warp_completer completer::suggest::tests::test_equal_sign_flag_mixed_with_other_styles
        PASS [   0.008s] (2648/4752) warp_completer completer::suggest::tests::test_exact_match_completions
        PASS [   0.022s] (2649/4752) warp_completer completer::suggest::tests::test_env_var_completion
        PASS [   0.023s] (2650/4752) warp_completer completer::suggest::tests::test_completions_ordering_within_group
        PASS [   0.008s] (2651/4752) warp_completer completer::suggest::tests::test_file_path_completions_only
        PASS [   0.009s] (2652/4752) warp_completer completer::suggest::tests::test_file_path_completions_only_trailing_whitespace
        PASS [   0.026s] (2653/4752) warp_completer completer::suggest::tests::test_cursor_in_middle_of_line
        PASS [   0.028s] (2654/4752) warp_completer completer::suggest::tests::test_completion_results_shows_top_level_commands_for_is_command_argument
        PASS [   0.009s] (2655/4752) warp_completer completer::suggest::tests::test_file_paths_with_separator_in_middle
        PASS [   0.023s] (2656/4752) warp_completer completer::suggest::tests::test_environment_variable_assignment_no_command
        PASS [   0.008s] (2657/4752) warp_completer completer::suggest::tests::test_fuzzy_completions
        PASS [   0.009s] (2658/4752) warp_completer completer::suggest::tests::test_hidden_suggestion_only_appears_on_exact_match
        PASS [   0.009s] (2659/4752) warp_completer completer::suggest::tests::test_matching_indices
        PASS [   0.008s] (2660/4752) warp_completer completer::suggest::tests::test_matching_indices_for_git_branches
        PASS [   0.008s] (2661/4752) warp_completer completer::suggest::tests::test_multiple_required_args_for_option
        PASS [   0.009s] (2662/4752) warp_completer completer::suggest::tests::test_matching_indices_nested_file_paths
        PASS [   0.008s] (2663/4752) warp_completer completer::suggest::tests::test_option_equals_form_resolves_first_arg
        PASS [   0.007s] (2664/4752) warp_completer completer::suggest::tests::test_option_first_arg_resolves_by_position
        PASS [   0.009s] (2665/4752) warp_completer completer::suggest::tests::test_named_flags
        PASS [   0.007s] (2666/4752) warp_completer completer::suggest::tests::test_option_name_with_missing_required_value
        PASS [   0.008s] (2667/4752) warp_completer completer::suggest::tests::test_option_first_value_offers_enum_not_path
        PASS [   0.009s] (2668/4752) warp_completer completer::suggest::tests::test_path_fallback
        PASS [   0.023s] (2669/4752) warp_completer completer::suggest::tests::test_files_includes_directories
        PASS [   0.008s] (2670/4752) warp_completer completer::suggest::tests::test_positional_args
        PASS [   0.022s] (2671/4752) warp_completer completer::suggest::tests::test_ls
        PASS [   0.008s] (2672/4752) warp_completer completer::suggest::tests::test_powershell_parser_directives_for_case_insensitivity
        PASS [   0.009s] (2673/4752) warp_completer completer::suggest::tests::test_repeated_option_resolves_args_per_instance
        PASS [   0.009s] (2674/4752) warp_completer completer::suggest::tests::test_powershell_parser_directives_for_flags
        PASS [   0.008s] (2675/4752) warp_completer completer::suggest::tests::test_required_arg_with_variadic_arg_for_option
        PASS [   0.023s] (2676/4752) warp_completer completer::suggest::tests::test_mv
        PASS [   0.010s] (2677/4752) warp_completer completer::suggest::tests::test_replacement_span
        PASS [   0.008s] (2678/4752) warp_completer completer::suggest::tests::test_subcommands_with_prefixes_of_one_another_are_completed_correctly
        PASS [   0.008s] (2679/4752) warp_completer completer::suggest::tests::test_top_level_command_completions
        PASS [   0.009s] (2680/4752) warp_completer completer::suggest::tests::test_template_args_for_arg_for_option
        PASS [   0.008s] (2681/4752) warp_completer completer::suggest::tests::test_variadic_args
        PASS [   0.008s] (2682/4752) warp_completer completer::suggest::tests::test_variadic_args_for_option
        PASS [   0.007s] (2683/4752) warp_completer completer::suggest::tests::test_variadic_optional_arguments_also_completes_subcommands
        PASS [   0.008s] (2684/4752) warp_completer completer::suggest::tests::test_variadic_flags
        PASS [   0.007s] (2685/4752) warp_completer meta::tests::knows_distances
        PASS [   0.007s] (2686/4752) warp_completer meta::tests::clamped_to_pulls_offsets_inside_the_source_and_onto_char_boundaries
        PASS [   0.007s] (2687/4752) warp_completer meta::tests::slice_clamps_a_char_boundary_violation_to_the_nearest_valid_boundary_at_or_before_it
        PASS [   0.007s] (2688/4752) warp_completer meta::tests::slice_clamps_an_end_before_start_to_start_rather_than_underflowing
        PASS [   0.007s] (2689/4752) warp_completer meta::tests::slice_clamps_out_of_bounds_offsets_to_the_end_of_the_string
        PASS [   0.007s] (2690/4752) warp_completer meta::tests::slice_does_not_panic_when_offsets_land_inside_a_multi_byte_character
        PASS [   0.007s] (2691/4752) warp_completer meta::tests::slice_returns_the_exact_substring_for_a_well_formed_span
        PASS [   0.007s] (2692/4752) warp_completer parsers::simple::lexer::tests::test_escaped_token_spans
        PASS [   0.008s] (2693/4752) warp_completer parsers::simple::lexer::tests::test_backtick_escape_char
        PASS [   0.007s] (2694/4752) warp_completer parsers::simple::lexer::tests::test_lexer
        PASS [   0.008s] (2695/4752) warp_completer parsers::simple::lexer::tests::test_escaped_tokens
        PASS [   0.008s] (2696/4752) warp_completer parsers::simple::lexer::tests::test_multiple_whitespace
        PASS [   0.007s] (2697/4752) warp_completer parsers::simple::lexer::tests::test_spans
        PASS [   0.008s] (2698/4752) warp_completer parsers::simple::lexer::tests::test_single_quote_as_literals
        PASS [   0.008s] (2699/4752) warp_completer parsers::simple::parser::tests::test_backslash_before_command
        PASS [   0.007s] (2700/4752) warp_completer parsers::simple::parser::tests::test_backslash_in_command
        PASS [   0.008s] (2701/4752) warp_completer parsers::simple::parser::tests::test_command_without_leading_env_vars
        PASS [   0.007s] (2702/4752) warp_completer parsers::simple::parser::tests::test_contains_redirection
        PASS [   0.008s] (2703/4752) warp_completer parsers::simple::parser::tests::test_decompose_command
        PASS [   0.007s] (2704/4752) warp_completer parsers::simple::parser::tests::test_parse
        PASS [   0.007s] (2705/4752) warp_completer parsers::simple::parser::tests::test_parse_open_subshell
        PASS [   0.007s] (2706/4752) warp_completer parsers::simple::parser::tests::test_parse_nested_command
        PASS [   0.007s] (2707/4752) warp_completer parsers::simple::parser::tests::test_top_level_command
        PASS [   0.007s] (2708/4752) warp_completer parsers::test::test_classify_command_case_insensitive
        PASS [   0.007s] (2709/4752) warp_completer parsers::test::test_classify_command_case_sensitive
        PASS [   0.007s] (2710/4752) warp_completer parsers::test::test_classify_command_classifies_known_command
        PASS [   0.007s] (2711/4752) warp_completer parsers::test::test_classify_command_classifies_known_command_with_flags
        PASS [   0.008s] (2712/4752) warp_completer parsers::test::test_classify_command_classifies_known_command_with_subcommand
        PASS [   0.007s] (2713/4752) warp_completer parsers::test::test_classify_command_classifies_unknown_command_with_subcommand
        PASS [   0.008s] (2714/4752) warp_completer signatures::imp::miss_cache::tests::test_contains_reflects_recorded_misses
        PASS [   0.008s] (2715/4752) warp_completer parsers::test::test_classify_command_classifies_unknown_command
        PASS [   0.008s] (2716/4752) warp_completer parsers::test::test_classify_command_classifies_unknown_command_with_flags
        PASS [   0.007s] (2717/4752) warp_completer signatures::imp::miss_cache::tests::test_evicts_in_fifo_order_regardless_of_lookups
        PASS [   0.007s] (2718/4752) warp_completer signatures::imp::miss_cache::tests::test_inserting_an_existing_entry_is_a_no_op
        PASS [   0.007s] (2719/4752) warp_completer signatures::imp::miss_cache::tests::test_stops_growing_at_capacity
        PASS [   0.007s] (2720/4752) warp_completer signatures::imp::registry::tests::test_flag_arg_consumes_token_matching_subcommand_name
        PASS [   0.012s] (2721/4752) warp_completer signatures::imp::registry::tests::test_find_command_from_a_top_level_signature
        PASS [   0.010s] (2722/4752) warp_completer signatures::imp::registry::tests::test_misses_are_never_cached_in_the_positive_cache
        PASS [   0.010s] (2723/4752) warp_completer signatures::imp::registry::tests::test_flag_with_missing_value_at_end_of_input
        PASS [   0.011s] (2724/4752) warp_completer signatures::imp::registry::tests::test_multiple_flags_with_values_before_subcommand
        PASS [   0.026s] (2725/4752) warp_completer signatures::imp::registry::tests::test_alias_expansion_path_skips_flag_with_value_before_subcommand
        PASS [   0.025s] (2726/4752) warp_completer signatures::imp::registry::tests::test_alias_expansion_path_skips_multiple_flags_before_subcommand
        PASS [   0.027s] (2727/4752) warp_completer signatures::imp::registry::tests::test_find_option_by_name_exact_match_does_not_match_substring
        PASS [   0.027s] (2728/4752) warp_completer signatures::imp::registry::tests::test_find_subcommand_signature_with_flags
        PASS [   0.026s] (2729/4752) warp_completer signatures::imp::registry::tests::test_optional_flag_arg_does_not_consume_subcommand
        PASS [   0.031s] (2730/4752) warp_completer signatures::imp::registry::tests::test_multiple_switches_before_subcommand
        PASS [   0.027s] (2731/4752) warp_completer signatures::imp::registry::tests::test_ordinary_commands_still_resolve_and_are_cached
        PASS [   0.027s] (2732/4752) warp_completer signatures::imp::registry::tests::test_oversized_command_is_not_cached_and_resolves_to_none
        PASS [   0.019s] (2733/4752) warp_completer signatures::imp::registry::tests::test_registered_commands_unaffected_by_oversized_lookups
        PASS [   0.031s] (2734/4752) warp_completer signatures::imp::registry::tests::test_only_flags_no_subcommand
        PASS [   0.020s] (2735/4752) warp_completer signatures::imp::registry::tests::test_registered_signature_longer_than_the_cap_is_unresolvable
        PASS [   0.032s] (2736/4752) warp_completer signatures::imp::registry::tests::test_oversized_later_token_does_not_bypass_the_length_guard
        PASS [   0.032s] (2737/4752) warp_completer signatures::imp::registry::tests::test_unrecognized_flag_skipped_before_subcommand
        PASS [   0.022s] (2738/4752) warp_core app_id::tests::test_parse_invalid_app_id
        PASS [   0.024s] (2739/4752) warp_core paths::tests::test_cache_dir_path
        PASS [   0.021s] (2740/4752) warp_core paths::tests::test_data_dir_path
        PASS [   0.029s] (2741/4752) warp_core app_id::tests::test_parse_valid_app_id
        PASS [   0.028s] (2742/4752) warp_core paths::tests::test_config_local_dir_path
        PASS [   0.023s] (2743/4752) warp_core paths::tests::test_gui_app_id_uses_canonical_product_identity
        PASS [   0.024s] (2744/4752) warp_core paths::tests::test_gui_config_path_resolves_product_namespace
        PASS [   0.021s] (2745/4752) warp_core paths::tests::test_macos_config_dir_name_scopes_to_data_profile
        PASS [   0.019s] (2746/4752) warp_core paths::tests::test_project_path_for_warp_dev_app_id
        PASS [   0.019s] (2747/4752) warp_core paths::tests::test_project_path_for_warp_app_id
        PASS [   0.023s] (2748/4752) warp_core paths::tests::test_project_path_for_term4u_app_id
        PASS [   0.046s] (2749/4752) warp_core interval_timer::tests::test_timing_info
        PASS [   0.020s] (2750/4752) warp_core paths::tests::test_state_dir_path
        PASS [   0.023s] (2751/4752) warp_core paths::tests::test_warp_home_config_dir_path
        PASS [   0.023s] (2752/4752) warp_core paths::tests::test_tui_state_dir_is_tui_subdir_of_gui_state_base
        PASS [   0.016s] (2753/4752) warp_core product_identity::tests::frontends_use_distinct_keyring_services
        PASS [   0.023s] (2754/4752) warp_core paths::tests::test_warp_home_skills_path
        PASS [   0.019s] (2755/4752) warp_core product_identity::tests::identity_values_are_canonical
        PASS [   0.010s] (2756/4752) warp_core sync_queue::tests::enqueue_panics_on_per_task_queue
        PASS [   0.009s] (2757/4752) warp_core sync_queue::tests::enqueue_with_result_panics_on_streaming_queue
        PASS [   0.049s] (2758/4752) warp_core semantic_selection::tests::test_basic_url_selection
        PASS [   0.050s] (2759/4752) warp_core semantic_selection::tests::test_email_selection
        PASS [   0.050s] (2760/4752) warp_core semantic_selection::tests::test_filepath_selection
        PASS [   0.048s] (2761/4752) warp_core semantic_selection::tests::test_identifier_selection
        PASS [   0.044s] (2762/4752) warp_core semantic_selection::tests::test_other_url_selection
        PASS [   0.047s] (2763/4752) warp_core semantic_selection::tests::test_numerical_selection
        PASS [   0.006s] (2764/4752) warp_core ui::color::contrast::tests::compute_foreground_color_with_minimum_contrast_already_meets_contrast
        PASS [   0.008s] (2765/4752) warp_core sync_queue::tests::streaming_subscribe_receives_all_results
        PASS [   0.007s] (2766/4752) warp_core sync_queue::tests::subscribe_panics_on_per_task_queue
        PASS [   0.007s] (2767/4752) warp_core ui::color::contrast::tests::compute_foreground_color_with_minimum_contrast_same_color
        PASS [   0.007s] (2768/4752) warp_core ui::color::contrast::tests::foreground_color_with_minimum_contrast_blend_lighter
        PASS [   0.006s] (2769/4752) warp_core ui::color::contrast::tests::foreground_color_with_minimum_contrast_foreground_blend_darker
        PASS [   0.007s] (2770/4752) warp_core ui::color::contrast::tests::foreground_color_with_minimum_contrast_foreground_already_meets_minimum
        PASS [   0.007s] (2771/4752) warp_core ui::color::tests::coloru_with_opacity_test
        PASS [   0.007s] (2772/4752) warp_core ui::color::tests::darker_lighter_test
        PASS [   0.007s] (2773/4752) warp_core ui::color::tests::pick_foreground_test
        PASS [   0.007s] (2774/4752) warp_core ui::theme::tests::ansi_color_deserializing_test
        PASS [   0.064s] (2775/4752) warp_core sync_queue::tests::cancel_all_cancels_running_and_queued_tasks
        PASS [   0.006s] (2776/4752) warp_core ui::theme::tests::ansi_color_serializing_test
        PASS [   0.024s] (2777/4752) warp_core ui::color::contrast::tests::compute_foreground_color_with_minimum_contrast_random
        PASS [   0.007s] (2778/4752) warp_core ui::theme::tests::blend_coloru_test
        PASS [   0.007s] (2779/4752) warp_core ui::theme::tests::blend_gradient_test
        PASS [   0.006s] (2780/4752) warp_core ui::theme::tests::deserialize_with_name_test
        PASS [   0.007s] (2781/4752) warp_core ui::theme::tests::deserialize_without_name_test
        PASS [   0.007s] (2782/4752) warp_core ui::theme::tests::from_hex_positive_test
        PASS [   0.007s] (2783/4752) warp_core ui::theme::tests::from_hex_negative_test
        PASS [   0.006s] (2784/4752) warp_core ui::theme::tests::serialize_test
        PASS [   0.007s] (2785/4752) warp_core ui::theme::tests::infer_from_foreground_color_test
        PASS [   0.007s] (2786/4752) warp_core ui::theme::tests::test_deserialize_image
        PASS [   0.064s] (2787/4752) warp_core sync_queue::tests::has_queued_task_does_not_match_executing_task
        PASS [   0.065s] (2788/4752) warp_core sync_queue::tests::has_queued_task_finds_matching_task
        PASS [   0.014s] (2789/4752) warp_editor content::anchor::test::test_backspace
        PASS [   0.013s] (2790/4752) warp_editor content::anchor::test::test_update_anchor
        PASS [   0.013s] (2791/4752) warp_editor content::anchor::test::test_insert
        PASS [   0.014s] (2792/4752) warp_editor content::anchor::test::test_anchor_cleanup
        PASS [   0.013s] (2793/4752) warp_editor content::anchor::test::test_invalidate_anchor
        PASS [   0.184s] (2794/4752) warp_completer signatures::imp::registry::tests::test_all_known_signature_names_are_within_the_length_cap
        PASS [   0.014s] (2795/4752) warp_editor content::anchor::test::test_validate_anchors_ok
        PASS [   0.019s] (2796/4752) warp_editor content::anchor::test::test_validate_anchor_out_of_bounds
        PASS [   0.060s] (2797/4752) warp_core sync_queue::tests::streaming_cancel_all_clears_queued_tasks
        PASS [   0.961s] (2798/4752) warp util::git::tests::get_repository_info_returns_none_when_gh_cannot_resolve_github_repo
        PASS [   0.019s] (2799/4752) warp_editor content::buffer::tests::test_block_style
        PASS [   0.020s] (2800/4752) warp_editor content::buffer::tests::test_backspace_on_block_item_at_buffer_start
        PASS [   0.020s] (2801/4752) warp_editor content::buffer::tests::test_backspace_on_block_item
        PASS [   0.020s] (2802/4752) warp_editor content::buffer::tests::test_backspace_on_block_marker
        PASS [   0.034s] (2803/4752) warp_editor content::anchor::test::test_anchor_comparison
        PASS [   0.020s] (2804/4752) warp_editor content::buffer::tests::test_adjacent_lists_as_html
        PASS [   0.013s] (2805/4752) warp_editor content::buffer::tests::test_block_styling_around_block_item
        PASS [   0.015s] (2806/4752) warp_editor content::buffer::tests::test_buffer_line_metadata
        PASS [   0.015s] (2807/4752) warp_editor content::buffer::tests::test_block_styling_overlapping_block_item
        PASS [   0.027s] (2808/4752) warp_editor content::buffer::tests::test_active_selection_style
        PASS [   0.013s] (2809/4752) warp_editor content::buffer::tests::test_buffer_version_changes
        PASS [   0.011s] (2810/4752) warp_editor content::buffer::tests::test_code_block_text_styling
        PASS [   0.012s] (2811/4752) warp_editor content::buffer::tests::test_code_backspace_unindent
        PASS [   0.013s] (2812/4752) warp_editor content::buffer::tests::test_code_block_styling_over_styled_text
        PASS [   0.012s] (2813/4752) warp_editor content::buffer::tests::test_code_tab_within_line
        PASS [   0.013s] (2814/4752) warp_editor content::buffer::tests::test_code_block_not_inherit_text_styling
        PASS [   0.013s] (2815/4752) warp_editor content::buffer::tests::test_code_tab_indent
        PASS [   0.015s] (2816/4752) warp_editor content::buffer::tests::test_clipboard_table_copy_uses_source_offsets_for_later_formatted_cells
        PASS [   0.013s] (2817/4752) warp_editor content::buffer::tests::test_containing_block_start
        PASS [   0.013s] (2818/4752) warp_editor content::buffer::tests::test_color_code_block
        PASS [   0.013s] (2819/4752) warp_editor content::buffer::tests::test_containing_code_block
        PASS [   0.013s] (2820/4752) warp_editor content::buffer::tests::test_code_unindent
        PASS [   0.011s] (2821/4752) warp_editor content::buffer::tests::test_containing_line_first_nonwhitespace_for_plain_text
        PASS [   0.011s] (2822/4752) warp_editor content::buffer::tests::test_containing_offset
        PASS [   0.010s] (2823/4752) warp_editor content::buffer::tests::test_content_from_block_start_to_selection_start
        PASS [   0.011s] (2824/4752) warp_editor content::buffer::tests::test_copy_partial_list
        PASS [   0.012s] (2825/4752) warp_editor content::buffer::tests::test_decorate_lines_with_prefix
        PASS [   0.013s] (2826/4752) warp_editor content::buffer::tests::test_copy_paste_behavior
        PASS [   0.011s] (2827/4752) warp_editor content::buffer::tests::test_delete_clamped
        PASS [   0.011s] (2828/4752) warp_editor content::buffer::tests::test_deleting_range_with_trailing_block_marker
        PASS [   0.011s] (2829/4752) warp_editor content::buffer::tests::test_deletion_range_include_block_marker_should_not_leak_style
        PASS [   0.012s] (2830/4752) warp_editor content::buffer::tests::test_deleting_middle_block_item_between_line_break
        PASS [   0.012s] (2831/4752) warp_editor content::buffer::tests::test_delete_unpaired_block_style_marker
        PASS [   0.010s] (2832/4752) warp_editor content::buffer::tests::test_edit_after_hyperlink
        PASS [   0.010s] (2833/4752) warp_editor content::buffer::tests::test_edit_colored_code_block
        PASS [   0.011s] (2834/4752) warp_editor content::buffer::tests::test_dimension_conversions
        PASS [   0.011s] (2835/4752) warp_editor content::buffer::tests::test_edit_delta
        PASS [   0.010s] (2836/4752) warp_editor content::buffer::tests::test_edit_in_header
        PASS [   0.012s] (2837/4752) warp_editor content::buffer::tests::test_edit_delta_ranges
        PASS [   0.011s] (2838/4752) warp_editor content::buffer::tests::test_edit_end_of_text
        PASS [   0.010s] (2839/4752) warp_editor content::buffer::tests::test_edit_plain_text
        PASS [   0.011s] (2840/4752) warp_editor content::buffer::tests::test_edit_to_unstyle_block_multi_line
        PASS [   0.011s] (2841/4752) warp_editor content::buffer::tests::test_edit_with_anchors
        PASS [   0.011s] (2842/4752) warp_editor content::buffer::tests::test_edit_styled_text
        PASS [   0.010s] (2843/4752) warp_editor content::buffer::tests::test_enter_at_block_start
        PASS [   0.010s] (2844/4752) warp_editor content::buffer::tests::test_enter_after_empty_block
        PASS [   0.011s] (2845/4752) warp_editor content::buffer::tests::test_embedded_item_as_html
        PASS [   0.011s] (2846/4752) warp_editor content::buffer::tests::test_enter_at_code_block_start
        PASS [   0.011s] (2847/4752) warp_editor content::buffer::tests::test_enter_at_starting_plain_text
        PASS [   0.011s] (2848/4752) warp_editor content::buffer::tests::test_enter_at_starting_styled_block
        PASS [   0.012s] (2849/4752) warp_editor content::buffer::tests::test_enter_at_start_of_empty_text
        PASS [   0.012s] (2850/4752) warp_editor content::buffer::tests::test_enter_on_text_before_block_item
        PASS [   0.012s] (2851/4752) warp_editor content::buffer::tests::test_enter_in_list_at_buffer_end
        PASS [   0.012s] (2852/4752) warp_editor content::buffer::tests::test_enter_on_line_after_block_item
        PASS [   0.012s] (2853/4752) warp_editor content::buffer::tests::test_export_markdown_blocks
        PASS [   0.012s] (2854/4752) warp_editor content::buffer::tests::test_export_markdown_sublists
        PASS [   0.011s] (2855/4752) warp_editor content::buffer::tests::test_from_plain_text
        PASS [   0.013s] (2856/4752) warp_editor content::buffer::tests::test_export_markdown_multiple_indentation_level
        PASS [   0.010s] (2857/4752) warp_editor content::buffer::tests::test_get_multibyte_selected_text
        PASS [   0.010s] (2858/4752) warp_editor content::buffer::tests::test_import_empty_markdown
        PASS [   0.010s] (2859/4752) warp_editor content::buffer::tests::test_import_markdown_code
        PASS [   0.011s] (2860/4752) warp_editor content::buffer::tests::test_import_markdown
        PASS [   0.010s] (2861/4752) warp_editor content::buffer::tests::test_inline_markdown_roundtrips
        PASS [   0.011s] (2862/4752) warp_editor content::buffer::tests::test_indent_with_multiple_units
        PASS [   0.012s] (2863/4752) warp_editor content::buffer::tests::test_indent_unit
        PASS [   0.012s] (2864/4752) warp_editor content::buffer::tests::test_indent_with_tab_unit
        PASS [   0.012s] (2865/4752) warp_editor content::buffer::tests::test_import_markdown_embedded
        PASS [   0.011s] (2866/4752) warp_editor content::buffer::tests::test_insert_at_offsets
        PASS [   0.012s] (2867/4752) warp_editor content::buffer::tests::test_insert_at_char_offset_ranges_noop_skips_set_version
        PASS [   0.012s] (2868/4752) warp_editor content::buffer::tests::test_insert_at_offsets_overlapping_ranges_skipped
        PASS [   0.011s] (2869/4752) warp_editor content::buffer::tests::test_insert_block_at_buffer_start
        PASS [   0.012s] (2870/4752) warp_editor content::buffer::tests::test_insert_block_after_block_with_offset
        PASS [   0.011s] (2871/4752) warp_editor content::buffer::tests::test_insert_block_in_middle
        PASS [   0.011s] (2872/4752) warp_editor content::buffer::tests::test_insert_block_item_before_non_text_block
        PASS [   0.011s] (2873/4752) warp_editor content::buffer::tests::test_insert_block_item_after_block
        PASS [   0.010s] (2874/4752) warp_editor content::buffer::tests::test_insert_block_item_in_the_middle_of_consecutive_linebreak
        PASS [   0.009s] (2875/4752) warp_editor content::buffer::tests::test_insert_code_block_with_language
        PASS [   0.010s] (2876/4752) warp_editor content::buffer::tests::test_insert_code_block_in_text_lines
        PASS [   0.011s] (2877/4752) warp_editor content::buffer::tests::test_insert_block_item_in_plain_text
        PASS [   0.010s] (2878/4752) warp_editor content::buffer::tests::test_insert_embedding
        PASS [   0.011s] (2879/4752) warp_editor content::buffer::tests::test_insert_for_each_selection
        PASS [   0.011s] (2880/4752) warp_editor content::buffer::tests::test_insert_formatted_text_empty_buffer
        PASS [   0.011s] (2881/4752) warp_editor content::buffer::tests::test_insert_formatted_text_header
        PASS [   0.012s] (2882/4752) warp_editor content::buffer::tests::test_insert_html
        PASS [   0.010s] (2883/4752) warp_editor content::buffer::tests::test_invalidate_content
        PASS [   0.010s] (2884/4752) warp_editor content::buffer::tests::test_line_prefix
        PASS [   0.011s] (2885/4752) warp_editor content::buffer::tests::test_inserting_consecutive_block_items
        PASS [   0.012s] (2886/4752) warp_editor content::buffer::tests::test_insert_link_at_end_of_line
        PASS [   0.012s] (2887/4752) warp_editor content::buffer::tests::test_insert_html_tasklist_on_plain_text
        PASS [   0.012s] (2888/4752) warp_editor content::buffer::tests::test_insert_new_block_should_not_leak_style
        PASS [   0.011s] (2889/4752) warp_editor content::buffer::tests::test_linebreak_in_unordered_list
        PASS [   0.012s] (2890/4752) warp_editor content::buffer::tests::test_link_same_url
        PASS [   0.012s] (2891/4752) warp_editor content::buffer::tests::test_link_style_different_tag
        PASS [   0.011s] (2892/4752) warp_editor content::buffer::tests::test_link_style_exact
        PASS [   0.011s] (2893/4752) warp_editor content::buffer::tests::test_link_style_overlapping
        PASS [   0.010s] (2894/4752) warp_editor content::buffer::tests::test_markdown_omits_placeholders
        PASS [   0.011s] (2895/4752) warp_editor content::buffer::tests::test_list_tab_behavior
        PASS [   0.012s] (2896/4752) warp_editor content::buffer::tests::test_link_style_surrounded
        PASS [   0.011s] (2897/4752) warp_editor content::buffer::tests::test_markdown_styled_whitespace
        PASS [   0.011s] (2898/4752) warp_editor content::buffer::tests::test_mixed_linebreak_paste
        PASS [   0.012s] (2899/4752) warp_editor content::buffer::tests::test_markdown_escapes
        PASS [   0.011s] (2900/4752) warp_editor content::buffer::tests::test_multi_delta_stale_replaced_range
        PASS [   0.012s] (2901/4752) warp_editor content::buffer::tests::test_multi_linebreak_paste
        PASS [   0.011s] (2902/4752) warp_editor content::buffer::tests::test_multiple_selections
        PASS [   0.011s] (2903/4752) warp_editor content::buffer::tests::test_multiselect_backspace_on_block_marker
        PASS [   0.010s] (2904/4752) warp_editor content::buffer::tests::test_multiselect_copy
        PASS [   0.010s] (2905/4752) warp_editor content::buffer::tests::test_multiselect_copy_blocks
        PASS [   0.010s] (2906/4752) warp_editor content::buffer::tests::test_multiselect_enter_at_code_block
        PASS [   0.011s] (2907/4752) warp_editor content::buffer::tests::test_multiselect_enter_at_block_start
        PASS [   0.011s] (2908/4752) warp_editor content::buffer::tests::test_multiselect_enter_in_code_block_and_list
        PASS [   0.011s] (2909/4752) warp_editor content::buffer::tests::test_multiselect_enter_at_code_block_start
        PASS [   0.011s] (2910/4752) warp_editor content::buffer::tests::test_multiselect_indent_unindent
        PASS [   0.012s] (2911/4752) warp_editor content::buffer::tests::test_multiselect_insert
        PASS [   0.010s] (2912/4752) warp_editor content::buffer::tests::test_multiselect_insert_html
        PASS [   0.010s] (2913/4752) warp_editor content::buffer::tests::test_multiselect_movement
        PASS [   0.012s] (2914/4752) warp_editor content::buffer::tests::test_multiselect_range_fully_styled
        PASS [   0.013s] (2915/4752) warp_editor content::buffer::tests::test_multiselect_remove_prefix_and_style
        PASS [   0.011s] (2916/4752) warp_editor content::buffer::tests::test_newline_at_code_block_start
        PASS [   0.011s] (2917/4752) warp_editor content::buffer::tests::test_multiselect_text_unstyling
        PASS [   0.011s] (2918/4752) warp_editor content::buffer::tests::test_newline_at_empty_list
        PASS [   0.012s] (2919/4752) warp_editor content::buffer::tests::test_multiselect_text_styling
        PASS [   0.011s] (2920/4752) warp_editor content::buffer::tests::test_nonatomic_undo_deletion
        PASS [   0.011s] (2921/4752) warp_editor content::buffer::tests::test_nonatomic_undo_mixed
        PASS [   0.012s] (2922/4752) warp_editor content::buffer::tests::test_nonatomic_undo_insertion
        PASS [   0.010s] (2923/4752) warp_editor content::buffer::tests::test_ordered_list_numbering_export
        PASS [   0.010s] (2924/4752) warp_editor content::buffer::tests::test_overlapping_ranges
        PASS [   0.012s] (2925/4752) warp_editor content::buffer::tests::test_ordered_list_tab_behavior
        PASS [   0.011s] (2926/4752) warp_editor content::buffer::tests::test_partial_table_selection_does_not_export_html
        PASS [   0.010s] (2927/4752) warp_editor content::buffer::tests::test_random
        PASS [   0.011s] (2928/4752) warp_editor content::buffer::tests::test_partial_table_selection_still_exports_html_for_non_table_ranges
        PASS [   0.011s] (2929/4752) warp_editor content::buffer::tests::test_placeholder_insertion
        PASS [   0.011s] (2930/4752) warp_editor content::buffer::tests::test_range_fully_styled
        PASS [   0.010s] (2931/4752) warp_editor content::buffer::tests::test_range_styles
        PASS [   0.012s] (2932/4752) warp_editor content::buffer::tests::test_placeholder_inherits_styles
        PASS [   0.011s] (2933/4752) warp_editor content::buffer::tests::test_read_html
        PASS [   0.011s] (2934/4752) warp_editor content::buffer::tests::test_read_html_nested_list
        PASS [   0.012s] (2935/4752) warp_editor content::buffer::tests::test_read_html_nested_task_list
        PASS [   0.011s] (2936/4752) warp_editor content::buffer::tests::test_remove_coloring_in_middle_of_block
        PASS [   0.013s] (2937/4752) warp_editor content::buffer::tests::test_remove_prefix_and_insert_block_item
        PASS [   0.011s] (2938/4752) warp_editor content::buffer::tests::test_remove_prefix_and_style
        PASS [   0.011s] (2939/4752) warp_editor content::buffer::tests::test_remove_prefix_from_lines
        PASS [   0.011s] (2940/4752) warp_editor content::buffer::tests::test_replace_above_with_anchors
        PASS [   0.010s] (2941/4752) warp_editor content::buffer::tests::test_replace_with_anchors
        PASS [   0.011s] (2942/4752) warp_editor content::buffer::tests::test_selected_lines
        PASS [   0.011s] (2943/4752) warp_editor content::buffer::tests::test_replace_or_remove_embedding
        PASS [   0.010s] (2944/4752) warp_editor content::buffer::tests::test_selected_table_copy_uses_visible_plain_text
        PASS [   0.011s] (2945/4752) warp_editor content::buffer::tests::test_selection_bias_with_mouse_movement
        PASS [   0.011s] (2946/4752) warp_editor content::buffer::tests::test_selection_movement
        PASS [   0.012s] (2947/4752) warp_editor content::buffer::tests::test_selection_collapsing
        PASS [   0.012s] (2948/4752) warp_editor content::buffer::tests::test_selection_text_styles
        PASS [   0.010s] (2949/4752) warp_editor content::buffer::tests::test_styled_block_alternate_boundaries
        PASS [   0.012s] (2950/4752) warp_editor content::buffer::tests::test_style_link_insertion
        PASS [   0.012s] (2951/4752) warp_editor content::buffer::tests::test_style_selection_unchanged
        PASS [   0.012s] (2952/4752) warp_editor content::buffer::tests::test_style_unstyle_block_overlapping
        PASS [   0.012s] (2953/4752) warp_editor content::buffer::tests::test_styled_block_default_boundaries
        PASS [   0.013s] (2954/4752) warp_editor content::buffer::tests::test_style_on_consecutive_block_items
        PASS [   0.015s] (2955/4752) warp_editor content::buffer::tests::test_should_panic_on_replacing_embedding_on_wrong_block_type
        PASS [   0.011s] (2956/4752) warp_editor content::buffer::tests::test_styled_blocks_from_buffer_start
        PASS [   0.013s] (2957/4752) warp_editor content::buffer::tests::test_styled_runs_blocks
        PASS [   0.014s] (2958/4752) warp_editor content::buffer::tests::test_styled_blocks_on_buffer_start
        PASS [   0.011s] (2959/4752) warp_editor content::buffer::tests::test_styled_runs_multiple_styles
        PASS [   0.011s] (2960/4752) warp_editor content::buffer::tests::test_styled_runs_splits_newlines
        PASS [   0.011s] (2961/4752) warp_editor content::buffer::tests::test_styling_mixed_block_types_exact
        PASS [   0.012s] (2962/4752) warp_editor content::buffer::tests::test_styled_runs_range
        PASS [   0.012s] (2963/4752) warp_editor content::buffer::tests::test_styling_mixed_block_types_overlapping
        PASS [   0.011s] (2964/4752) warp_editor content::buffer::tests::test_styling_mixed_block_types_within
        PASS [   0.012s] (2965/4752) warp_editor content::buffer::tests::test_styling_mixed_block_types_surrounded
        PASS [   0.010s] (2966/4752) warp_editor content::buffer::tests::test_task_list_tab_behavior
        PASS [   0.012s] (2967/4752) warp_editor content::buffer::tests::test_styling_over_block_item
        PASS [   0.011s] (2968/4752) warp_editor content::buffer::tests::test_text_unstyling
        PASS [   0.011s] (2969/4752) warp_editor content::buffer::tests::test_text_styling
        PASS [   0.011s] (2970/4752) warp_editor content::buffer::tests::test_undo_enter_at_buffer_start
        PASS [   0.012s] (2971/4752) warp_editor content::buffer::tests::test_text_unstyling_not_full_range
        PASS [   0.011s] (2972/4752) warp_editor content::buffer::tests::test_undo_redo_block
        PASS [   0.011s] (2973/4752) warp_editor content::buffer::tests::test_undo_redo_versions
        PASS [   0.011s] (2974/4752) warp_editor content::buffer::tests::test_undo_redo_plain_text
        PASS [   0.012s] (2975/4752) warp_editor content::buffer::tests::test_undo_redo_multi_block_deletion
        PASS [   0.011s] (2976/4752) warp_editor content::buffer::tests::test_undo_should_not_leak_syntax_color
        PASS [   0.011s] (2977/4752) warp_editor content::buffer::tests::test_undo_with_invalidated_selection_range
        PASS [   0.011s] (2978/4752) warp_editor content::buffer::tests::test_unindent_panic_simpler_case
        PASS [   0.010s] (2979/4752) warp_editor content::buffer::tests::test_unstyle_block_exact
        PASS [   0.011s] (2980/4752) warp_editor content::buffer::tests::test_unstyle_block_multi_line
        PASS [   0.011s] (2981/4752) warp_editor content::buffer::tests::test_unstyle_block_noop
        PASS [   0.011s] (2982/4752) warp_editor content::buffer::tests::test_unstyle_block_partial_left
        PASS [   0.011s] (2983/4752) warp_editor content::buffer::tests::test_unstyle_block_partial_right
        PASS [   0.010s] (2984/4752) warp_editor content::buffer::tests::test_unstyle_block_surrounded
        PASS [   0.011s] (2985/4752) warp_editor content::buffer::tests::test_unstyle_block_within
        PASS [   0.010s] (2986/4752) warp_editor content::buffer::tests::test_unstyle_link_noop
        PASS [   0.011s] (2987/4752) warp_editor content::buffer::tests::test_unstyle_link_exact
        PASS [   0.012s] (2988/4752) warp_editor content::buffer::tests::test_unstyle_unordered_list_partial
        PASS [   0.012s] (2989/4752) warp_editor content::buffer::tests::test_unstyle_link_overlapping
        PASS [   0.010s] (2990/4752) warp_editor content::buffer::tests::test_update_selection_same_range
        PASS [   0.011s] (2991/4752) warp_editor content::buffer::tests::test_unstyling_code_block_do_not_leak_syntax_color
        PASS [   0.011s] (2992/4752) warp_editor content::buffer::tests::test_version_match
        PASS [   0.010s] (2993/4752) warp_editor content::buffer::tests::text_export_markdown_styled_inline_code
        PASS [   0.009s] (2994/4752) warp_editor content::cursor::tests::test_append_str
        PASS [   0.009s] (2995/4752) warp_editor content::cursor::tests::test_append_str_merges_with_existing_fragment
        PASS [   0.009s] (2996/4752) warp_editor content::cursor::tests::test_append_str_creates_new_fragment_when_full
        PASS [   0.009s] (2997/4752) warp_editor content::cursor::tests::test_char_at
        PASS [   0.012s] (2998/4752) warp_editor content::core::tests::replace_oversized_data_uri_images_swaps_in_placeholder
        PASS [   0.010s] (2999/4752) warp_editor content::cursor::tests::test_plain_text_before_markers
        PASS [   0.010s] (3000/4752) warp_editor content::cursor::tests::test_plain_text_after_markers
        PASS [   0.009s] (3001/4752) warp_editor content::cursor::tests::test_styled_text_before_markers
        PASS [   0.009s] (3002/4752) warp_editor content::edit::tests::test_chunk_layout_tasks_bounds_by_content_length
        PASS [   0.010s] (3003/4752) warp_editor content::edit::tests::test_highlight_incomplete_url
        PASS [   0.009s] (3004/4752) warp_editor content::edit::tests::test_highlight_urls
        PASS [   0.009s] (3005/4752) warp_editor content::edit::tests::test_highlight_url_before_link
        PASS [   0.010s] (3006/4752) warp_editor content::edit::tests::test_chunk_layout_tasks_bounds_by_task_count
        PASS [   0.009s] (3007/4752) warp_editor content::edit::tests::test_highlight_urls_unicode
        PASS [   0.011s] (3008/4752) warp_editor content::edit::tests::test_empty_mermaid_block_lays_out_as_code_block
        PASS [   0.010s] (3009/4752) warp_editor content::edit::tests::test_layout_code_block_urls
        PASS [   0.014s] (3010/4752) warp_editor content::edit::tests::test_invalid_mermaid_block_stays_as_code_block_after_load_fails
        PASS [   0.014s] (3011/4752) warp_editor content::edit::tests::test_layout_delta_block_location_is_global_across_chunk_boundaries
        PASS [   0.012s] (3012/4752) warp_editor content::edit::tests::test_layout_partial_url
        PASS [   0.015s] (3013/4752) warp_editor content::edit::tests::test_layout_delta_never_takes_ownership_of_new_lines_with_multiple_owners
        PASS [   0.013s] (3014/4752) warp_editor content::edit::tests::test_layout_table_block_caches_cell_text_frames
        PASS [   0.013s] (3015/4752) warp_editor content::edit::tests::test_layout_table_block_clamps_cell_width_to_max
        PASS [   0.014s] (3016/4752) warp_editor content::edit::tests::test_layout_delta_single_chunk_matches_direct_layout
        PASS [   0.017s] (3017/4752) warp_editor content::edit::tests::test_layout_delta_chunk_boundary_preserves_order_hidden_collapsing_and_trailing_newline
        PASS [   0.017s] (3018/4752) warp_editor content::edit::tests::test_layout_delta_trailing_newline_carries_over_when_final_chunk_fully_fails
        PASS [   0.013s] (3019/4752) warp_editor content::edit::tests::test_layout_temporary_blocks_preserves_order_across_chunk_boundary
        PASS [   0.011s] (3020/4752) warp_editor content::edit::tests::test_layout_text_block_uses_plain_text_when_flag_disabled
        PASS [   0.009s] (3021/4752) warp_editor content::edit::tests::test_links_not_auto_highlighted
        PASS [   0.012s] (3022/4752) warp_editor content::edit::tests::test_layout_text_block_uses_rich_table_when_flag_enabled
        PASS [   0.009s] (3023/4752) warp_editor content::edit::tests::test_resolve_asset_source_leaves_non_local_markdown_images_unchanged
        PASS [   0.010s] (3024/4752) warp_editor content::edit::tests::test_mermaid_block_skipped_when_render_disabled
        PASS [   0.010s] (3025/4752) warp_editor content::edit::tests::test_resolve_asset_source_relative_to_directory_uses_base_directory
        PASS [   0.011s] (3026/4752) warp_editor content::edit::tests::test_non_parseable_mermaid_block_lays_out_as_code_block
        PASS [   0.011s] (3027/4752) warp_editor content::edit::tests::test_resolve_asset_source_versions_local_files_for_markdown_layout
        PASS [   0.011s] (3028/4752) warp_editor content::edit::tests::test_table_inline_style_runs_apply_header_bold_default
        PASS [   0.010s] (3029/4752) warp_editor content::edit::tests::test_text_around_link_not_auto_highlighted
        PASS [   0.010s] (3030/4752) warp_editor content::edit::tests::test_table_inline_style_runs_preserve_markdown_cell_styles
        PASS [   0.010s] (3031/4752) warp_editor content::edit::tests::test_unloaded_mermaid_diagram_uses_stable_full_width_placeholder_height
        PASS [   0.011s] (3032/4752) warp_editor content::find::tests::test_end_of_buffer
        PASS [   0.013s] (3033/4752) warp_editor content::find::tests::test_anchors
        PASS [   0.013s] (3034/4752) warp_editor content::find::tests::test_block_boundaries_as_whitespace
        PASS [   0.012s] (3035/4752) warp_editor content::find::tests::test_no_match_across_block_items
        PASS [   0.013s] (3036/4752) warp_editor content::find::tests::test_search_inline_styles
        PASS [   0.042s] (3037/4752) warp_editor content::edit::tests::test_layout_mermaid_block_uses_loaded_svg_aspect_ratio
        PASS [   0.013s] (3038/4752) warp_editor content::find::tests::test_search_non_ascii
        PASS [   0.021s] (3039/4752) warp_editor content::find::tests::test_cooperative_search
        PASS [   0.017s] (3040/4752) warp_editor content::find::tests::test_search_longest_match
        PASS [   0.018s] (3041/4752) warp_editor content::find::tests::test_search_across_link
        PASS [   0.011s] (3042/4752) warp_editor content::find::tests::test_skip_hidden_content
        PASS [   0.025s] (3043/4752) warp_editor content::edit::tests::test_valid_mermaid_block_lays_out_as_diagram_after_load
        PASS [   0.011s] (3044/4752) warp_editor content::find::tests::test_search_non_ascii_case_insensitive
        PASS [   0.011s] (3045/4752) warp_editor content::find::tests::test_word_boundaries
        PASS [   0.011s] (3046/4752) warp_editor content::markdown::tests::test_apply_formatted_text_delta_append
        PASS [   0.009s] (3047/4752) warp_editor content::markdown::tests::test_export_normalizes_code_languages
        PASS [   0.010s] (3048/4752) warp_editor content::markdown::tests::test_export_expands_embeds
        PASS [   0.011s] (3049/4752) warp_editor content::markdown::tests::test_gfm_table_html_serialization
        PASS [   0.011s] (3050/4752) warp_editor content::markdown::tests::test_image_html_serialization
        PASS [   0.011s] (3051/4752) warp_editor content::markdown::tests::test_markdown_escapes_punctuation
        PASS [   0.011s] (3052/4752) warp_editor content::markdown::tests::test_image_with_content_html_serialization
        PASS [   0.010s] (3053/4752) warp_editor content::markdown::tests::test_markdown_unescaped_preserves_urls
        PASS [   0.010s] (3054/4752) warp_editor content::markdown::tests::test_markdown_unescaped_does_not_escape_punctuation
        PASS [   0.010s] (3055/4752) warp_editor content::markdown::tests::test_mermaid_markdown_round_trip
        PASS [   0.011s] (3056/4752) warp_editor content::markdown::tests::test_multiple_images_html_serialization
        PASS [   0.011s] (3057/4752) warp_editor content::markdown::tests::test_table_html_serialization
        PASS [   0.011s] (3058/4752) warp_editor content::markdown::tests::test_table_markdown_export_escapes_pipe_characters
        PASS [   0.011s] (3059/4752) warp_editor content::markdown::tests::test_table_markdown_round_trip
        PASS [   0.011s] (3060/4752) warp_editor content::markdown::tests::test_url_link_display_text_round_trip_is_stable
        PASS [   0.011s] (3061/4752) warp_editor content::mermaid_diagram::tests::mermaid_asset_source_renders_frontmatter_formatting_directives
        PASS [   0.010s] (3062/4752) warp_editor content::outline::tests::test_block_at_start
        PASS [   0.011s] (3063/4752) warp_editor content::outline::tests::test_block_at_end
        PASS [   0.011s] (3064/4752) warp_editor content::outline::tests::test_adjacent_blocks
        PASS [   0.011s] (3065/4752) warp_editor content::mermaid_diagram::tests::loading_mermaid_layout_uses_default_height
        PASS [   0.012s] (3066/4752) warp_editor content::mermaid_diagram::tests::failed_mermaid_layout_uses_compact_height
        PASS [   0.010s] (3067/4752) warp_editor content::outline::tests::test_multiple_blocks
        PASS [   0.011s] (3068/4752) warp_editor content::outline::tests::test_no_blocks
        PASS [   0.010s] (3069/4752) warp_editor content::segmentation::tests::test_empty_buffer
        PASS [   0.010s] (3070/4752) warp_editor content::segmentation::tests::test_forward_iteration
        PASS [   0.009s] (3071/4752) warp_editor content::text::tests::buffer_block_image_as_markdown_preserves_title
        PASS [   0.009s] (3072/4752) warp_editor content::text::tests::format_image_markdown_preserves_title
        PASS [   0.010s] (3073/4752) warp_editor content::text::tests::buffer_block_image_partial_eq_considers_title
        PASS [   0.011s] (3074/4752) warp_editor content::segmentation::tests::test_plain_text_boundaries
        PASS [   0.011s] (3075/4752) warp_editor content::segmentation::tests::test_reverse_iteration
        PASS [   0.010s] (3076/4752) warp_editor content::text::tests::test_formatted_table_empty_input
        PASS [   0.011s] (3077/4752) warp_editor content::segmentation::tests::test_table_word_boundaries_include_full_cell_text
        PASS [   0.011s] (3078/4752) warp_editor content::segmentation::tests::test_start_styled
        PASS [   0.010s] (3079/4752) warp_editor content::text::tests::test_formatted_table_normalize_shape
        PASS [   0.009s] (3080/4752) warp_editor content::text::tests::test_formatted_table_single_column
        PASS [   0.010s] (3081/4752) warp_editor content::text::tests::test_formatted_table_round_trip
        PASS [   0.009s] (3082/4752) warp_editor content::text::tests::test_mermaid_code_block_type_respects_feature_flag
        PASS [   0.008s] (3083/4752) warp_editor content::undo::tests::test_version_match_after_edit
        PASS [   0.009s] (3084/4752) warp_editor content::undo::tests::test_full_rollback
        PASS [   0.010s] (3085/4752) warp_editor content::text::tests::test_text_style_xor
        PASS [   0.009s] (3086/4752) warp_editor content::undo::tests::test_version_match_after_nonatomic_undo_redo
        PASS [   0.009s] (3087/4752) warp_editor content::undo::tests::test_version_match_after_stack_overflow
        PASS [   0.009s] (3088/4752) warp_editor content::undo::tests::test_version_match_after_redo
        PASS [   0.009s] (3089/4752) warp_editor content::undo::tests::test_version_match_after_undo
        PASS [   0.009s] (3090/4752) warp_editor content::undo::tests::test_version_match_initial
        PASS [   0.010s] (3091/4752) warp_editor content::validation::tests::test_validate_block_item_not_decorating_text
        PASS [   0.010s] (3092/4752) warp_editor content::validation::tests::test_validate_buffer_ends_with_plain_text
        PASS [   0.010s] (3093/4752) warp_editor content::validation::tests::test_validate_buffer_with_dup_text_marker
        PASS [   0.010s] (3094/4752) warp_editor content::validation::tests::test_validate_buffer_without_start_marker
        PASS [   0.009s] (3095/4752) warp_editor content::validation::tests::test_validate_unmatched_style_end
        PASS [   0.009s] (3096/4752) warp_editor content::validation::tests::test_validate_styled_code
        PASS [   0.009s] (3097/4752) warp_editor content::validation::tests::test_validate_single_line_header
        PASS [   0.010s] (3098/4752) warp_editor content::validation::tests::test_validate_ok
        PASS [   0.009s] (3099/4752) warp_editor multiline::tests::test_any_infer_mixed
        PASS [   0.011s] (3100/4752) warp_editor content::validation::tests::test_validate_unmatched_style_start
        PASS [   0.010s] (3101/4752) warp_editor multiline::tests::test_any_infer_single_ending
        PASS [   0.008s] (3102/4752) warp_editor multiline::tests::test_any_infer_single_line
        PASS [   0.008s] (3103/4752) warp_editor multiline::tests::test_apply_cr
        PASS [   0.009s] (3104/4752) warp_editor multiline::tests::test_apply_crlf
        PASS [   0.008s] (3105/4752) warp_editor multiline::tests::test_infer_line_ending_native_platform
        PASS [   0.009s] (3106/4752) warp_editor multiline::tests::test_apply_lf
        PASS [   0.008s] (3107/4752) warp_editor multiline::tests::test_infer_line_ending_nix
        PASS [   0.009s] (3108/4752) warp_editor multiline::tests::test_infer_line_ending_mixed
        PASS [   0.009s] (3109/4752) warp_editor multiline::tests::test_infer_line_ending_empty_file
        PASS [   0.009s] (3110/4752) warp_editor multiline::tests::test_infer_line_ending_single_line
        PASS [   0.009s] (3111/4752) warp_editor multiline::tests::test_infer_line_ending_unix_subsystem_for_windows
        PASS [   0.009s] (3112/4752) warp_editor multiline::tests::test_infer_line_ending_windows
        PASS [   0.009s] (3113/4752) warp_editor multiline::tests::test_multiline_str_apply_mixed
        PASS [   0.010s] (3114/4752) warp_editor multiline::tests::test_multiline_str_apply_different_ending
        PASS [   0.010s] (3115/4752) warp_editor multiline::tests::test_multiline_str_apply_single_line
        PASS [   0.010s] (3116/4752) warp_editor multiline::tests::test_multiline_str_new_single_line
        PASS [   0.009s] (3117/4752) warp_editor multiline::tests::test_multiline_str_try_new_different_ending
        PASS [   0.009s] (3118/4752) warp_editor multiline::tests::test_multiline_str_try_new_same_ending
        PASS [   0.010s] (3119/4752) warp_editor multiline::tests::test_multiline_str_apply_same_ending
        PASS [   0.009s] (3120/4752) warp_editor multiline::tests::test_multiline_str_try_new_mixed_ending
        PASS [   0.009s] (3121/4752) warp_editor render::element::table::tests::cell_layout_line_at_char_offset_single_line
        PASS [   0.009s] (3122/4752) warp_editor render::element::table::tests::cell_layout_x_for_char_returns_proportional_position
        PASS [   0.009s] (3123/4752) warp_editor render::element::table::tests::cell_layout_x_past_end_returns_line_width
        PASS [   0.009s] (3124/4752) warp_editor render::element::table::tests::cells_in_range_cross_row
        PASS [   0.010s] (3125/4752) warp_editor render::element::table::tests::cells_in_range_across_row
        PASS [   0.009s] (3126/4752) warp_editor render::element::table::tests::model_table_layout_report_matches_model_geometry
        PASS [   0.010s] (3127/4752) warp_editor render::element::table::tests::coordinate_to_offset_with_cell_layouts
        PASS [   0.010s] (3128/4752) warp_editor render::element::table::tests::coordinate_to_offset_targets_second_row
        PASS [   0.011s] (3129/4752) warp_editor render::element::table::tests::cells_in_range_entire_table
        PASS [   0.011s] (3130/4752) warp_editor render::element::table::tests::coordinate_to_offset_returns_cell_start_for_first_cell
        PASS [   0.011s] (3131/4752) warp_editor render::element::table::tests::cells_in_range_single_cell
        PASS [   0.012s] (3132/4752) warp_editor render::element::table::tests::coordinate_to_offset_targets_second_column
        PASS [   0.010s] (3133/4752) warp_editor render::element::table::tests::row_geometry_from_layout_report_includes_header_row
        PASS [   0.010s] (3134/4752) warp_editor render::element::table::tests::table_cursor_relative_offset_excludes_cursor_at_table_end
        PASS [   0.011s] (3135/4752) warp_editor render::element::table::tests::table_cursor_relative_offset_excludes_cursor_before_table_start
        PASS [   0.010s] (3136/4752) warp_editor render::element::table::tests::table_cursor_relative_offset_starts_at_zero_for_first_table_character
        PASS [   0.010s] (3137/4752) warp_editor render::element::table::tests::table_scrollbar_pointer_movement_matches_drag_and_gutter_behavior
        PASS [   0.010s] (3138/4752) warp_editor render::element::table::tests::table_selection_relative_range_excludes_non_overlapping_selection
        PASS [   0.010s] (3139/4752) warp_editor render::element::table::tests::table_selection_relative_range_starts_at_table_start
        PASS [   0.010s] (3140/4752) warp_editor render::element::table::tests::table_scrollbar_drag_state_survives_renderable_recreation
        PASS [   0.010s] (3141/4752) warp_editor render::element::table::tests::table_scrollbar_uses_shared_overlay_geometry
        PASS [   0.010s] (3142/4752) warp_editor render::element::table::tests::table_horizontal_scroll_delta_projects_trackpad_motion_without_vertical_jitter
        PASS [   0.009s] (3143/4752) warp_editor render::layout::tests::test_clamp_style_runs_for_layout_clamps_a_run_straddling_the_cap
        PASS [   0.009s] (3144/4752) warp_editor render::layout::tests::test_clamp_style_runs_for_layout_leaves_in_bounds_runs_alone
        PASS [   0.010s] (3145/4752) warp_editor render::layout::tests::test_clamp_style_runs_for_layout_drops_a_run_starting_exactly_at_the_cap
        PASS [   0.010s] (3146/4752) warp_editor render::layout::tests::test_truncate_text_for_layout_leaves_text_at_the_cap_untouched
        PASS [   0.010s] (3147/4752) warp_editor render::model::char_cell_display::tests::geometry::offset_round_trips_through_display_point_with_overlays
        PASS [   0.011s] (3148/4752) warp_editor render::model::char_cell_display::tests::continuation_row_text_uses_the_tabs_retained_logical_width
        PASS [   0.010s] (3149/4752) warp_editor render::model::char_cell_display::tests::geometry::visual_row_char_range_follows_softwrap_rows
        PASS [   0.011s] (3150/4752) warp_editor render::model::char_cell_display::tests::configured_tab_size_drives_buffer_and_ghost_text
        PASS [   0.011s] (3151/4752) warp_editor render::model::char_cell_display::tests::geometry::display_width_uses_retained_grapheme_metadata
        PASS [   0.012s] (3152/4752) warp_editor render::model::char_cell_display::tests::geometry::deferred_wrap_cursor_skips_non_buffer_rows
        PASS [   0.011s] (3153/4752) warp_editor render::model::char_cell_display::tests::ghost_graphemes_wrap_by_cluster_width
        PASS [   0.010s] (3154/4752) warp_editor render::model::char_cell_display::tests::ghost_inside_hidden_region_still_renders_and_splits_the_gap
        PASS [   0.010s] (3155/4752) warp_editor render::model::char_cell_display::tests::ghost_row_text_expands_tabs_from_the_ghosts_retained_widths
        PASS [   0.009s] (3156/4752) warp_editor render::model::char_cell_display::tests::ghosts_interleave_before_their_line_and_wrap
        PASS [   0.010s] (3157/4752) warp_editor render::model::char_cell_display::tests::hidden_ranges_are_sorted_and_merged_before_projection
        PASS [   0.010s] (3158/4752) warp_editor render::model::char_cell_display::tests::ghosts_are_stably_sorted_by_insertion_line
        PASS [   0.011s] (3159/4752) warp_editor render::model::char_cell_display::tests::interior_hidden_ranges_become_gaps_edges_render_nothing
        PASS [   0.011s] (3160/4752) warp_editor render::model::char_cell_display::tests::oversized_grapheme_does_not_wrap_at_zero_width_continuation
        PASS [   0.011s] (3161/4752) warp_editor render::model::char_cell_display::tests::plain_text_wraps_with_char_ranges
        PASS [   0.034s] (3162/4752) warp_editor render::layout::tests::test_truncate_text_for_layout_caps_text_one_char_over
        PASS [   0.009s] (3163/4752) warp_editor render::model::char_cell_display::tests::row_text_expands_tabs_from_retained_layout_widths
        PASS [   0.034s] (3164/4752) warp_editor render::layout::tests::test_truncate_text_for_layout_keeps_a_grapheme_cluster_boundary_char_intact
        PASS [   0.009s] (3165/4752) warp_editor render::model::location::tests::test_hit_empty_line
        PASS [   0.010s] (3166/4752) warp_editor render::model::location::tests::test_hit_after_end
        PASS [   0.011s] (3167/4752) warp_editor render::model::location::tests::test_hit_before_start
        PASS [   0.010s] (3168/4752) warp_editor render::model::location::tests::test_hit_mermaid_block_uses_block_locations_even_with_forced_text_selection
        PASS [   0.009s] (3169/4752) warp_editor render::model::location::tests::test_hit_on_soft_wrapped_line
        PASS [   0.011s] (3170/4752) warp_editor render::model::location::tests::test_hit_code_block
        PASS [   0.010s] (3171/4752) warp_editor render::model::location::tests::test_hit_padding
        PASS [   0.009s] (3172/4752) warp_editor render::model::location::tests::test_hit_within_line
        PASS [   0.010s] (3173/4752) warp_editor render::model::location::tests::test_hit_scrolled
        PASS [   0.010s] (3174/4752) warp_editor render::model::location::tests::test_table_hit_testing_accounts_for_horizontal_scroll
        PASS [   0.010s] (3175/4752) warp_editor render::model::location::tests::test_hit_within_list
        PASS [   0.011s] (3176/4752) warp_editor render::model::offset_map::tests::test_offset_map_basic
        PASS [   0.010s] (3177/4752) warp_editor render::model::table_offset_map::tests::test_cell_range
        PASS [   0.010s] (3178/4752) warp_editor render::model::table_offset_map::tests::test_cell_at_offset
        PASS [   0.011s] (3179/4752) warp_editor render::model::offset_map::tests::test_offset_map_placeholders
        PASS [   0.009s] (3180/4752) warp_editor render::model::table_offset_map::tests::test_cells_in_range
        PASS [   0.009s] (3181/4752) warp_editor render::model::table_offset_map::tests::test_is_separator
        PASS [   0.010s] (3182/4752) warp_editor render::model::table_offset_map::tests::test_empty_cells
        PASS [   0.010s] (3183/4752) warp_editor render::model::table_offset_map::tests::test_out_of_bounds_offset
        PASS [   0.010s] (3184/4752) warp_editor render::model::table_offset_map::tests::test_simple_table
        PASS [   0.009s] (3185/4752) warp_editor render::model::table_offset_map::tests::test_table_cell_offset_map_handles_bold_and_links
        PASS [   0.009s] (3186/4752) warp_editor render::model::table_offset_map::tests::test_table_cell_offset_map_handles_nested_styles
        PASS [   0.010s] (3187/4752) warp_editor render::model::table_offset_map::tests::test_table_cell_offset_map_handles_backslash_escaped_punctuation
        PASS [   0.011s] (3188/4752) warp_editor render::model::tests::char_cell::display_width_basic
        PASS [   0.009s] (3189/4752) warp_editor render::model::tests::char_cell::display_widths_preserve_char_offsets_for_graphemes
        PASS [   0.011s] (3190/4752) warp_editor render::model::tests::char_cell::exact_width_eof_phantom_row_round_trips
        PASS [   0.011s] (3191/4752) warp_editor render::model::tests::char_cell::grapheme_wraps_as_one_display_unit
        PASS [   0.012s] (3192/4752) warp_editor render::model::tests::char_cell::line_row_starts_breaks_on_wide_chars
        PASS [   0.010s] (3193/4752) warp_editor render::model::tests::char_cell::line_starts_use_character_offsets
        PASS [   1.377s] (3194/4752) warp util::git::tests::get_pr_for_branch_returns_none_when_gh_finds_no_pr
        PASS [   0.011s] (3195/4752) warp_editor render::model::tests::char_cell::max_line_empty
        PASS [   0.011s] (3196/4752) warp_editor render::model::tests::char_cell::max_line_empty_logical_line
        PASS [   0.012s] (3197/4752) warp_editor render::model::tests::char_cell::max_line_single_short_line
        PASS [   0.009s] (3198/4752) warp_editor render::model::tests::char_cell::max_line_single_wrapping_line
        PASS [   0.010s] (3199/4752) warp_editor render::model::tests::char_cell::max_line_two_logical_lines
        PASS [   0.010s] (3200/4752) warp_editor render::model::tests::char_cell::offset_to_softwrap_single_line_short
        PASS [   0.008s] (3201/4752) warp_editor render::model::tests::char_cell::offset_to_softwrap_wrapping_line
        PASS [   0.010s] (3202/4752) warp_editor render::model::tests::char_cell::offset_to_softwrap_two_logical_lines
        PASS [   0.009s] (3203/4752) warp_editor render::model::tests::char_cell::softwrap_point_to_offset_clamps_to_shorter_final_line
        PASS [   0.010s] (3204/4752) warp_editor render::model::tests::char_cell::softwrap_point_zero_offset_is_row0_col0
        PASS [   0.013s] (3205/4752) warp_editor render::model::tests::char_cell::softwrap_returns_chars_variant_not_pixels
        PASS [   0.010s] (3206/4752) warp_editor render::model::tests::char_cell::softwrap_roundtrip_single_line
        PASS [   0.010s] (3207/4752) warp_editor render::model::tests::char_cell::softwrap_roundtrip_wrapping
        PASS [   0.035s] (3208/4752) warp_editor render::model::tests::char_cell::cached_state_matches_uncached_reference_for_randomized_unicode_text
        PASS [   0.009s] (3209/4752) warp_editor render::model::tests::char_cell::wide_char_occupies_two_columns
        PASS [   0.009s] (3210/4752) warp_editor render::model::tests::char_cell::word_wrap_breaks_at_space
        PASS [   0.010s] (3211/4752) warp_editor render::model::tests::char_cell::wide_char_wraps_when_it_does_not_fit
        PASS [   0.010s] (3212/4752) warp_editor render::model::tests::char_cell::word_wrap_hard_wraps_long_word
        PASS [   0.010s] (3213/4752) warp_editor render::model::tests::char_cell::word_wrap_preserves_words
        PASS [   0.010s] (3214/4752) warp_editor render::model::tests::char_cell::word_wrap_roundtrip
        PASS [   0.009s] (3215/4752) warp_editor render::model::tests::char_cell::zero_tab_size_uses_the_default_tab_size
        PASS [   0.009s] (3216/4752) warp_editor render::model::tests::char_cell::zero_width_char_does_not_advance_column
        PASS [   0.086s] (3217/4752) warp_editor render::layout::tests::test_truncate_text_for_layout_slices_on_a_char_boundary
        PASS [   0.009s] (3218/4752) warp_editor render::model::tests::char_cell_scroll::clamp_scroll_offset_repairs_stale_offset_without_following_cursor
        PASS [   0.010s] (3219/4752) warp_editor render::model::tests::char_cell_scroll::follow_cursor_moves_minimally_and_clamps_stale_offsets
        PASS [   0.012s] (3220/4752) warp_editor render::model::tests::char_cell::word_wrap_uses_unicode_line_breaks
        PASS [   0.009s] (3221/4752) warp_editor render::model::tests::char_cell_scroll::text_index_rebuilds_as_one_valid_snapshot
        PASS [   0.010s] (3222/4752) warp_editor render::model::tests::test_char_at_x_in_line_at_boundary
        PASS [   0.011s] (3223/4752) warp_editor render::model::tests::char_cell_scroll::terminal_width_rebuilds_only_visual_rows
        PASS [   0.012s] (3224/4752) warp_editor render::model::tests::char_cell_scroll::scroll_by_clamps_to_scrollable_range
        PASS [   0.011s] (3225/4752) warp_editor render::model::tests::test_char_at_x_in_line_at_small_x
        PASS [   0.065s] (3226/4752) warp_editor render::model::offset_map::tests::test_end_to_end
        PASS [   0.010s] (3227/4752) warp_editor render::model::tests::test_char_at_x_in_line_at_zero
        PASS [   0.010s] (3228/4752) warp_editor render::model::tests::test_char_at_x_in_line_near_line_end_maps_to_end_offset
        PASS [   0.010s] (3229/4752) warp_editor render::model::tests::test_character_bounds
        PASS [   0.009s] (3230/4752) warp_editor render::model::tests::test_dedupe_hidden_ranges_logged_tree_is_unchanged
        PASS [   0.010s] (3231/4752) warp_editor render::model::tests::test_coordinate_to_offset
        PASS [   0.010s] (3232/4752) warp_editor render::model::tests::test_coordinate_to_offset_near_cell_line_end_maps_to_cell_end
        PASS [   0.009s] (3233/4752) warp_editor render::model::tests::test_disabled_horizontal_scroll_returns_full_viewport_width
        PASS [   0.010s] (3234/4752) warp_editor render::model::tests::test_dedupe_hidden_ranges_merges_adjacent_hidden_blocks
        PASS [   0.010s] (3235/4752) warp_editor render::model::tests::test_disabled_horizontal_scroll_reports_zero_scroll_left
        PASS [   0.011s] (3236/4752) warp_editor render::model::tests::test_disabled_horizontal_scroll_reveal_offset_is_noop
        PASS [   0.010s] (3237/4752) warp_editor render::model::tests::test_disabled_horizontal_scroll_set_scroll_left_is_noop
        PASS [   0.010s] (3238/4752) warp_editor render::model::tests::test_first_hidden_section_line_range_none_without_hidden_sections
        PASS [   0.010s] (3239/4752) warp_editor render::model::tests::test_first_line_bounds
        PASS [   0.010s] (3240/4752) warp_editor render::model::tests::test_first_hidden_section_line_range
        PASS [   0.011s] (3241/4752) warp_editor render::model::tests::test_empty_content_keeps_final_trailing_newline_when_suppressed
        PASS [   0.009s] (3242/4752) warp_editor render::model::tests::test_height
        PASS [   0.009s] (3243/4752) warp_editor render::model::tests::test_is_entire_range_of_type_matches_exact_block_ranges
        PASS [   0.010s] (3244/4752) warp_editor render::model::tests::test_is_selection_head
        PASS [   0.010s] (3245/4752) warp_editor render::model::tests::test_line_at_char_offset
        PASS [   0.011s] (3246/4752) warp_editor render::model::tests::test_link_at_offset_uses_cached_cell_links
        PASS [   0.012s] (3247/4752) warp_editor render::model::tests::test_line_at_y_offset
        PASS [   0.010s] (3248/4752) warp_editor render::model::tests::test_non_empty_content_can_hide_final_trailing_newline
        PASS [   0.011s] (3249/4752) warp_editor render::model::tests::test_multiselect_autoscroll_bounding_box
        PASS [   0.009s] (3250/4752) warp_editor render::model::tests::test_reveal_offset_scrolls_table_character_into_view
        PASS [   0.010s] (3251/4752) warp_editor render::model::tests::test_offset_in_active_selection
        PASS [   0.009s] (3252/4752) warp_editor render::model::tests::test_scroll_snapshot
        PASS [   0.010s] (3253/4752) warp_editor render::model::tests::test_ordered_list_counting
        PASS [   0.009s] (3254/4752) warp_editor render::model::tests::test_soft_wrap_point
        PASS [   0.009s] (3255/4752) warp_editor render::model::tests::test_width
        PASS [   0.008s] (3256/4752) warp_editor render::model::tests::test_x_for_char_in_line
        PASS [   0.010s] (3257/4752) warp_editor render::model::viewport::tests::test_scroll_bounds
        PASS [   0.010s] (3258/4752) warp_editor render::model::viewport::tests::test_scroll_fraction
        PASS [   0.010s] (3259/4752) warp_editor render::model::viewport::tests::test_viewport_height_change
        PASS [   0.009s] (3260/4752) warp_editor render::model::viewport::tests::test_viewport_width_change
        PASS [   0.011s] (3261/4752) warp_editor render::model::viewport::tests::test_viewport_offsets
        PASS [   0.011s] (3262/4752) warp_editor render::model::viewport::tests::test_viewport_item_to_block
        PASS [   0.012s] (3263/4752) warp_editor render::tests::test_edit_at_horizontal_rule_end
        PASS [   0.013s] (3264/4752) warp_editor render::tests::test_edit_after_style
        PASS [   0.013s] (3265/4752) warp_editor render::tests::test_edit_many_lines
        PASS [   0.014s] (3266/4752) warp_editor render::tests::test_enter_after_horizontal_rule
        PASS [   0.015s] (3267/4752) warp_editor render::tests::test_convert_first_line
        PASS [   0.014s] (3268/4752) warp_editor render::tests::test_enter_before_horizontal_rule
        PASS [   0.012s] (3269/4752) warp_editor render::tests::test_markdown_table_count_counts_rendered_tables
        PASS [   0.011s] (3270/4752) warp_editor render::tests::test_markdown_table_render_starts_at_zero_offset
        PASS [   0.012s] (3271/4752) warp_editor render::tests::test_simple_edit
        PASS [   0.014s] (3272/4752) warp_editor render::tests::test_undo_at_block_boundary
        PASS [   0.011s] (3273/4752) warp_editor selection::tests::test_drag_semantic_selection
        PASS [   0.012s] (3274/4752) warp_editor search::tests::test_navigate_search_results
        PASS [   0.013s] (3275/4752) warp_editor search::tests::test_literal_search
        PASS [   0.011s] (3276/4752) warp_editor selection::tests::test_extend_left_reverses_shift_selection_across_rendered_mermaid_block
        PASS [   0.011s] (3277/4752) warp_editor selection::tests::test_extend_left_expands_across_rendered_mermaid_block
        PASS [   0.017s] (3278/4752) warp_editor search::tests::test_edit_results_invalid
        PASS [   0.012s] (3279/4752) warp_editor selection::tests::test_end_semantic_selection
        PASS [   0.019s] (3280/4752) warp_editor search::tests::test_edit_results_valid
        PASS [   0.012s] (3281/4752) warp_editor selection::tests::test_extend_right_expands_across_rendered_mermaid_block
        PASS [   0.012s] (3282/4752) warp_editor selection::tests::test_extend_right_reverses_shift_selection_across_rendered_mermaid_block
        PASS [   0.012s] (3283/4752) warp_editor selection::tests::test_horizontal_movement_resets_goal_column
        PASS [   0.011s] (3284/4752) warp_editor selection::tests::test_multiselect_vertical_extension_with_goal
        PASS [   0.011s] (3285/4752) warp_editor selection::tests::test_move_right_skips_rendered_mermaid_block
        PASS [   0.012s] (3286/4752) warp_editor selection::tests::test_move_left_skips_rendered_mermaid_block
        PASS [   0.011s] (3287/4752) warp_editor selection::tests::test_new_cursor_at
        PASS [   0.013s] (3288/4752) warp_editor selection::tests::test_indented_code_line_boundaries
        PASS [   0.012s] (3289/4752) warp_editor selection::tests::test_multiselect_vertical_extension_overlap
        PASS [   0.011s] (3290/4752) warp_editor selection::tests::test_paragraph_navigation
        PASS [   0.011s] (3291/4752) warp_editor selection::tests::test_multiselect_vertical_movement_with_goal
        PASS [   0.008s] (3292/4752) warp_errors tests::report_error_log_mode_controls_log_frequency
        PASS [   0.009s] (3293/4752) warp_errors tests::new_macro_forms_log_as_expected
        PASS [   0.012s] (3294/4752) warp_editor selection::tests::test_vertical_movement_with_goal
        PASS [   0.011s] (3295/4752) warp_editor selection::tests::test_word_and_line_boundary_movement_with_block_item
        PASS [   0.007s] (3296/4752) warp_features tests::local_child_harnesses_are_local_only_by_default
        PASS [   0.014s] (3297/4752) warp_files tests::test_save_uninitialized_file
        PASS [   0.015s] (3298/4752) warp_files tests::test_a_failed_open_registers_no_watcher
        PASS [   0.015s] (3299/4752) warp_files tests::test_load_missing_file
        PASS [   0.015s] (3300/4752) warp_files tests::test_load
        PASS [   0.015s] (3301/4752) warp_files tests::test_save_file
        PASS [   0.015s] (3302/4752) warp_files tests::test_save_missing_directory
        PASS [   0.015s] (3303/4752) warp_files tests::test_registration_and_unregistration_use_the_same_path
        PASS [   0.015s] (3304/4752) warp_files text_file_reader::tests::empty_file_whole_file_produces_segment
        PASS [   0.011s] (3305/4752) warp_files text_file_reader::tests::line_count_reflects_total_file_lines
        PASS [   0.014s] (3306/4752) warp_files text_file_reader::tests::empty_file_with_ranges_produces_empty_segment
        PASS [   0.017s] (3307/4752) warp_files tests::test_watch_path_ignores_empty_parents
        PASS [   0.016s] (3308/4752) warp_files text_file_reader::tests::global_budget_shared_across_ranges
        PASS [   0.008s] (3309/4752) warp_files text_file_reader::tests::multiple_ranges_some_past_eof
        PASS [   0.008s] (3310/4752) warp_files text_file_reader::tests::multiple_ranges_produce_separate_segments
        PASS [   0.008s] (3311/4752) warp_files text_file_reader::tests::range_truncated_at_byte_limit
        PASS [   0.008s] (3312/4752) warp_files text_file_reader::tests::non_utf8_file_returns_not_text
        PASS [   0.008s] (3313/4752) warp_files text_file_reader::tests::range_past_eof_produces_empty_segment
        PASS [   0.009s] (3314/4752) warp_files text_file_reader::tests::newline_only_file_round_trips
        PASS [   0.008s] (3315/4752) warp_files text_file_reader::tests::range_truncated_on_first_in_range_line_yields_empty_range
        PASS [   0.007s] (3316/4752) warp_files text_file_reader::tests::ranged_read_does_not_append_trailing_newline
        PASS [   0.008s] (3317/4752) warp_files text_file_reader::tests::read_text_file_crlf_normalized_to_lf
        PASS [   0.008s] (3318/4752) warp_files text_file_reader::tests::read_text_file_no_trailing_newline
        PASS [   0.009s] (3319/4752) warp_files text_file_reader::tests::read_text_file_preserves_trailing_newline
        PASS [   0.008s] (3320/4752) warp_files text_file_reader::tests::read_text_file_round_trip_fidelity
        PASS [   0.007s] (3321/4752) warp_files text_file_reader::tests::single_line_file_without_trailing_newline
        PASS [   0.007s] (3322/4752) warp_files text_file_reader::tests::single_range_extracted
        PASS [   0.007s] (3323/4752) warp_files text_file_reader::tests::unsorted_ranges_are_sorted
        PASS [   0.007s] (3324/4752) warp_files text_file_reader::tests::whole_file_reads_all_lines
        PASS [   0.007s] (3325/4752) warp_files text_file_reader::tests::whole_file_truncated_at_byte_limit
        PASS [   0.008s] (3326/4752) warp_files text_file_reader::tests::single_line_file_with_trailing_newline
        PASS [   0.007s] (3327/4752) warp_files text_file_reader::tests::whole_file_truncated_on_first_line_yields_empty_range
        PASS [   0.007s] (3328/4752) warp_files text_file_reader::tests::whole_file_with_trailing_newline
        PASS [   0.008s] (3329/4752) warp_isolation_platform namespace::tests::test_parse_jwt_expiration_invalid_format_too_few_parts
        PASS [   0.009s] (3330/4752) warp_files text_file_reader::tests::whole_file_without_trailing_newline
        PASS [   0.008s] (3331/4752) warp_isolation_platform namespace::tests::test_parse_jwt_expiration_invalid_format_too_many_parts
        PASS [   0.008s] (3332/4752) warp_isolation_platform namespace::tests::test_parse_jwt_expiration_invalid_json
        PASS [   0.008s] (3333/4752) warp_isolation_platform namespace::tests::test_parse_jwt_expiration_missing_exp_field
        PASS [   0.008s] (3334/4752) warp_logging imp::tests::frontend_resolves_directory_and_rotation_policy
        PASS [   0.008s] (3335/4752) warp_logging imp::tests::errors_when_directory_is_empty
        PASS [   0.008s] (3336/4752) warp_logging imp::tests::crash_recovery_paths_use_channel_name_in_tui_directory
        PASS [   0.009s] (3337/4752) warp_logging imp::tests::collects_active_in_session_and_old_logs_in_expected_order
        PASS [   0.009s] (3338/4752) warp_isolation_platform namespace::tests::test_parse_jwt_expiration_valid
        PASS [   0.009s] (3339/4752) warp_logging imp::tests::ignores_unrelated_files_and_malformed_suffixes
        PASS [   0.010s] (3340/4752) warp_logging imp::tests::includes_in_session_logs_even_when_no_active_or_old_logs_exist
        PASS [   0.009s] (3341/4752) warp_logging imp::tests::interleaves_old_logs_with_their_nested_in_session_chunks
        PASS [   0.009s] (3342/4752) warp_logging imp::tests::migrate_previous_session_ignores_malformed_in_session_filenames
        PASS [   0.008s] (3343/4752) warp_logging imp::tests::migrate_previous_session_is_a_noop_when_no_in_session_chunks_exist
        PASS [   0.008s] (3344/4752) warp_logging imp::tests::remove_nested_chunks_deletes_every_chunk_of_the_target_slot
        PASS [   0.008s] (3345/4752) warp_logging imp::tests::resolved_active_paths_use_frontend_directory_and_channel_name
        PASS [   0.009s] (3346/4752) warp_logging imp::tests::nested_chunks_surface_even_when_parent_old_slot_is_missing
        PASS [   0.009s] (3347/4752) warp_logging imp::tests::respects_channel_specific_logfile_name
        PASS [   0.008s] (3348/4752) warp_logging imp::tests::shift_nested_chunks_only_touches_the_requested_slot
        PASS [   0.009s] (3349/4752) warp_logging imp::tests::shift_nested_chunks_renames_old_n_in_session_to_old_n_plus_1
        PASS [   0.011s] (3350/4752) warp_logging imp::tests::migrate_previous_session_renames_in_session_to_old_0_in_session
        PASS [   0.008s] (3351/4752) warp_logging rotation::tests::crossing_threshold_rotates_to_in_session_zero
        PASS [   0.012s] (3352/4752) warp_logging imp::tests::tui_bundle_uses_resolved_state_and_ignores_legacy_oz_logs
        PASS [   0.009s] (3353/4752) warp_logging rotation::tests::overflow_drops_the_oldest_slot
        PASS [   0.009s] (3354/4752) warp_logging rotation::tests::oversized_first_write_does_not_promote_empty_file_to_in_session_zero
        PASS [   0.009s] (3355/4752) warp_logging rotation::tests::writes_below_threshold_do_not_rotate
        PASS [   0.009s] (3356/4752) warp_logging rotation::tests::zero_max_bytes_disables_rotation_entirely
        PASS [   0.009s] (3357/4752) warp_logging rotation::tests::zero_max_rotation_truncates_in_place_without_sidecar
        PASS [   0.009s] (3358/4752) warp_search_core inline_menu::tests::direct_selection_rejects_invalid_or_disabled_indices_without_moving
        PASS [   0.008s] (3359/4752) warp_search_core inline_menu::tests::empty_navigation_clears_stale_selection
        PASS [   0.012s] (3360/4752) warp_logging rotation::tests::repeated_rotations_shift_slots_up
        PASS [   0.010s] (3361/4752) warp_search_core inline_menu::tests::adding_a_new_trigger_reenables_after_manual_dismissal
        PASS [   0.009s] (3362/4752) warp_search_core inline_menu::tests::manual_dismissal_remains_disabled_until_input_is_cleared
        PASS [   0.008s] (3363/4752) warp_search_core inline_menu::tests::reconcile_results_shares_loading_empty_and_best_result_policy
        PASS [   0.008s] (3364/4752) warp_search_core inline_menu::tests::next_and_previous_wrap_and_skip_disabled_items
        PASS [   0.010s] (3365/4752) warp_search_core inline_menu::tests::navigation_from_no_selection_uses_directional_edge
        PASS [   0.008s] (3366/4752) warp_search_core inline_menu::tests::reset_to_best_clears_selection_when_no_item_is_enabled
        PASS [   0.009s] (3367/4752) warp_search_core inline_menu::tests::reset_to_best_selects_the_last_enabled_mixer_result
        PASS [   0.010s] (3368/4752) warp_search_core mixer::mixer_test::test_results_are_sorted_by_tier_then_score
        PASS [   0.009s] (3369/4752) warp_search_core mixer::mixer_test::test_results_with_mixed_tiers_scores_and_sources_sort_consistently
        PASS [   0.010s] (3370/4752) warp_search_core mixer::mixer_test::test_results_with_equal_tier_and_score_use_source_order_as_tiebreaker
        PASS [   0.008s] (3371/4752) warp_search_core searcher::test::test_tokenizer_simple
        PASS [   0.008s] (3372/4752) warp_search_core searcher::test::test_tokenizer_warp_special_chars
        PASS [   0.007s] (3373/4752) warp_terminal bootstrap::tests::test_include_directive
        PASS [   0.007s] (3374/4752) warp_terminal bootstrap::tests::test_trims_comments
        PASS [   0.024s] (3375/4752) warp_search_core searcher::test::test_searcher_async_rebuild_marker_stays_coalesced_across_supersession
        PASS [   0.029s] (3376/4752) warp_search_core searcher::test::test_searcher
        PASS [   0.022s] (3377/4752) warp_search_core searcher::test::test_searcher_scores
        PASS [   0.027s] (3378/4752) warp_search_core searcher::test::test_searcher_async_rebuild_is_not_delayed_when_its_marker_is_never_sent
        PASS [   0.007s] (3379/4752) warp_terminal bootstrap::tests::test_trims_whitespace
        PASS [   0.008s] (3380/4752) warp_terminal bootstrap::tests::test_trims_powershell_specifics
        PASS [   0.008s] (3381/4752) warp_terminal focus_env::tests::focus_env_vars_point_at_session_deeplink
        PASS [   0.007s] (3382/4752) warp_terminal local_tty::shell::tests::test_program_invalid_bash
        PASS [   0.006s] (3383/4752) warp_terminal local_tty::shell::tests::test_program_invalid_zsh
        PASS [   0.007s] (3384/4752) warp_terminal local_tty::shell::tests::test_program_unknown_shell
        PASS [   0.007s] (3385/4752) warp_terminal local_tty::shell::tests::test_trim_wsl_err_from_output
        PASS [   0.007s] (3386/4752) warp_terminal local_tty::unix::parse_passwd_line_extracts_matching_uid
        PASS [   0.007s] (3387/4752) warp_terminal local_tty::unix::parse_passwd_line_matches_glibc_edge_cases
        PASS [   0.040s] (3388/4752) warp_search_core searcher::test::test_searcher_async_rebuild_coalesces_burst
        PASS [   0.008s] (3389/4752) warp_terminal local_tty::unix::resolve_current_user_returns_running_user
        PASS [   0.006s] (3390/4752) warp_terminal model::ansi::ansi_c_decoder::tests::test_unescape_ps1
        PASS [   0.043s] (3391/4752) warp_search_core searcher::test::test_searcher_async_rebuild_preserves_operation_order_with_interleaved_updates
        PASS [   0.007s] (3392/4752) warp_terminal model::ansi::ansi_c_decoder::tests::test_unescape_ps1_cjk
        PASS [   0.007s] (3393/4752) warp_terminal model::ansi::ansi_c_decoder::tests::test_unescape_ps1_common_characters
        PASS [   0.007s] (3394/4752) warp_terminal model::ansi::ansi_c_decoder::tests::test_unescape_ps1_control_sequences
        PASS [   0.007s] (3395/4752) warp_terminal model::ansi::ansi_c_decoder::tests::test_unescape_ps1_empty
        PASS [   0.007s] (3396/4752) warp_terminal model::ansi::ansi_c_decoder::tests::test_unescape_ps1_hex_sequences
        PASS [   0.006s] (3397/4752) warp_terminal model::ansi::ansi_c_decoder::tests::test_unescape_ps1_invalid_sequences
        PASS [   0.006s] (3398/4752) warp_terminal model::ansi::ansi_c_decoder::tests::test_unescape_ps1_mixed_content
        PASS [   0.006s] (3399/4752) warp_terminal model::ansi::ansi_c_decoder::tests::test_unescape_ps1_octal_sequences
        PASS [   0.006s] (3400/4752) warp_terminal model::ansi::ansi_c_decoder::tests::test_unescape_ps1_unicode_4
        PASS [   0.024s] (3401/4752) warp_terminal local_tty::unix::tests::host_bash_command_sets_history_size_sentinels
        PASS [   0.026s] (3402/4752) warp_terminal local_tty::unix::tests::docker_sandbox_command_sets_history_size_sentinels
        PASS [   0.006s] (3403/4752) warp_terminal model::ansi::ansi_c_decoder::tests::test_unescape_ps1_unicode_8
        PASS [   0.006s] (3404/4752) warp_terminal model::ansi::control_sequence_parameters::hyperlink_parse_tests::close_canonical
        PASS [   0.024s] (3405/4752) warp_terminal local_tty::unix::tests::host_non_bash_command_does_not_set_history_size_sentinels
        PASS [   0.006s] (3406/4752) warp_terminal model::ansi::control_sequence_parameters::hyperlink_parse_tests::close_single_empty_field
        PASS [   0.006s] (3407/4752) warp_terminal model::ansi::control_sequence_parameters::hyperlink_parse_tests::close_zero_fields
        PASS [   0.007s] (3408/4752) warp_terminal model::ansi::control_sequence_parameters::hyperlink_parse_tests::empty_id_is_treated_as_omitted
        PASS [   0.007s] (3409/4752) warp_terminal model::ansi::control_sequence_parameters::hyperlink_parse_tests::open_with_id_param
        PASS [   0.007s] (3410/4752) warp_terminal model::ansi::control_sequence_parameters::hyperlink_parse_tests::empty_segments_in_params_are_skipped
        PASS [   0.007s] (3411/4752) warp_terminal model::ansi::control_sequence_parameters::hyperlink_parse_tests::multiple_params_separated_by_colons
        PASS [   0.007s] (3412/4752) warp_terminal model::ansi::control_sequence_parameters::hyperlink_parse_tests::non_utf8_uri_is_rejected
        PASS [   0.007s] (3413/4752) warp_terminal model::ansi::control_sequence_parameters::hyperlink_parse_tests::open_with_no_params
        PASS [   0.006s] (3414/4752) warp_terminal model::ansi::control_sequence_parameters::hyperlink_parse_tests::over_length_uri_is_rejected_without_allocation
        PASS [   0.007s] (3415/4752) warp_terminal model::ansi::control_sequence_parameters::hyperlink_parse_tests::over_length_id_is_dropped_uri_kept
        PASS [   0.006s] (3416/4752) warp_terminal model::ansi::control_sequence_parameters::hyperlink_parse_tests::param_without_equals_is_ignored_link_still_parses
        PASS [   0.007s] (3417/4752) warp_terminal model::ansi::control_sequence_parameters::hyperlink_parse_tests::uri_with_semicolons_is_rejoined
        PASS [   0.007s] (3418/4752) warp_terminal model::ansi::control_sequence_parameters::hyperlink_parse_tests::unknown_keys_in_params_are_ignored
        PASS [   0.008s] (3419/4752) warp_terminal model::ansi::dcs_hooks::tests::bootstrapped_hook_defaults_optional_fields
        PASS [   0.008s] (3420/4752) warp_terminal model::ansi::dcs_hooks::tests::bootstrapped_hook_rejects_malformed_rcfiles_time
        PASS [   0.008s] (3421/4752) warp_terminal model::ansi::dcs_hooks::tests::bootstrapped_hook_requires_required_fields
        PASS [   0.008s] (3422/4752) warp_terminal model::ansi::dcs_hooks::tests::bootstrapped_hook_parses_full_payload
        PASS [   0.008s] (3423/4752) warp_terminal model::ansi::dcs_hooks::tests::every_hook_tag_dispatches_to_the_matching_variant
        PASS [   0.009s] (3424/4752) warp_terminal model::ansi::dcs_hooks::tests::init_shell_hook_round_trips_through_serialization
        PASS [   0.007s] (3425/4752) warp_terminal model::ansi::dcs_hooks::tests::precmd_hook_without_completion_metadata_is_prompt_only
        PASS [   0.007s] (3426/4752) warp_terminal model::ansi::dcs_hooks::tests::precmd_hook_with_completion_metadata_classifies
        PASS [   0.007s] (3427/4752) warp_terminal model::ansi::dcs_hooks::tests::missing_value_field_is_an_error
        PASS [   0.006s] (3428/4752) warp_terminal model::ansi::dcs_hooks::tests::ssh_hook_round_trips_through_serialization
        PASS [   0.007s] (3429/4752) warp_terminal model::ansi::dcs_hooks::tests::sourced_rc_file_hook_ignores_legacy_tmux_field
        PASS [   0.007s] (3430/4752) warp_terminal model::ansi::dcs_hooks::tests::sourced_rc_file_hook_parses_frozen_snippet_format
        PASS [   0.007s] (3431/4752) warp_terminal model::ansi::dcs_hooks::tests::unknown_hook_name_is_an_error
        PASS [   0.007s] (3432/4752) warp_terminal model::ansi::tests::decode_hex_completions_payload_rejects_missing_or_malformed_input
        PASS [   0.007s] (3433/4752) warp_terminal model::ansi::tests::osc_completions_description_degrades_to_empty_on_malformed_hex_payload
        PASS [   0.007s] (3434/4752) warp_terminal model::ansi::tests::decode_hex_completions_payload_round_trips_semicolon_bel_esc_and_multibyte
        PASS [   0.007s] (3435/4752) warp_terminal model::ansi::tests::named_color_to_ansi_escape_valid
        PASS [   0.007s] (3436/4752) warp_terminal model::ansi::tests::named_color_to_ansi_escape_invalid
        PASS [   0.007s] (3437/4752) warp_terminal model::ansi::tests::osc_completions_match_result_hex_decodes_semicolon_bel_and_esc
        PASS [   0.006s] (3438/4752) warp_terminal model::ansi::tests::osc_completions_match_result_skips_on_malformed_hex_payload
        PASS [   0.007s] (3439/4752) warp_terminal model::ansi::tests::osc_completions_description_hex_decodes_semicolon
        PASS [   0.007s] (3440/4752) warp_terminal model::ansi::tests::osc_completions_replacement_span_forwards_out_of_range_pair
        PASS [   0.008s] (3441/4752) warp_terminal model::ansi::tests::osc_completions_replacement_span_forwards_well_formed_pair
        PASS [   0.007s] (3442/4752) warp_terminal model::ansi::tests::parse_dcs_init_shell_7bit_st
        PASS [   0.008s] (3443/4752) warp_terminal model::ansi::tests::parse_control_attribute
        PASS [   0.007s] (3444/4752) warp_terminal model::ansi::tests::parse_dcs_input_buffer
        PASS [   0.007s] (3445/4752) warp_terminal model::ansi::tests::parse_dcs_init_shell
        PASS [   0.008s] (3446/4752) warp_terminal model::ansi::tests::parse_dcs_bootstrapped
        PASS [   0.007s] (3447/4752) warp_terminal model::ansi::tests::parse_dcs_command_finished
        PASS [   0.007s] (3448/4752) warp_terminal model::ansi::tests::parse_dcs_precmd_classifies_payload_with_completion_metadata
        PASS [   0.007s] (3449/4752) warp_terminal model::ansi::tests::parse_designate_g0_as_line_drawing
        PASS [   0.007s] (3450/4752) warp_terminal model::ansi::tests::parse_dcs_precmd_classifies_prompt_only_payload
        PASS [   0.007s] (3451/4752) warp_terminal model::ansi::tests::parse_dcs_ssh
        PASS [   0.007s] (3452/4752) warp_terminal model::ansi::tests::parse_dcs_unregistered_session_id_rejected
        PASS [   0.007s] (3453/4752) warp_terminal model::ansi::tests::parse_dcs_precmd_rejects_partial_completion_metadata
        PASS [   0.007s] (3454/4752) warp_terminal model::ansi::tests::parse_dcs_ssh_with_external_control_master
        PASS [   0.007s] (3455/4752) warp_terminal model::ansi::tests::parse_dcs_unregistered_session_id_allowed_when_validation_disabled
        PASS [   0.007s] (3456/4752) warp_terminal model::ansi::tests::parse_designate_g1_as_line_drawing_and_invoke
        PASS [   0.007s] (3457/4752) warp_terminal model::ansi::tests::parse_invalid_legacy_rgb_colors
        PASS [   0.007s] (3458/4752) warp_terminal model::ansi::tests::parse_osc1337_without_second_param_does_not_panic
        PASS [   0.007s] (3459/4752) warp_terminal model::ansi::tests::parse_osc777_non_notify_subcommand_ignored
        PASS [   0.007s] (3460/4752) warp_terminal model::ansi::tests::parse_invalid_rgb_colors
        PASS [   0.007s] (3461/4752) warp_terminal model::ansi::tests::parse_osc777_missing_parts_ignored
        PASS [   0.008s] (3462/4752) warp_terminal model::ansi::tests::parse_invalid_number
        PASS [   0.008s] (3463/4752) warp_terminal model::ansi::tests::parse_number_too_large
        PASS [   0.007s] (3464/4752) warp_terminal model::ansi::tests::parse_osc777_notification
        PASS [   0.007s] (3465/4752) warp_terminal model::ansi::tests::parse_osc7_localhost_host_ignored
        PASS [   0.007s] (3466/4752) warp_terminal model::ansi::tests::parse_osc7_empty_host_ignored
        PASS [   0.007s] (3467/4752) warp_terminal model::ansi::tests::parse_osc7_empty_payload_ignored
        PASS [   0.008s] (3468/4752) warp_terminal model::ansi::tests::parse_osc777_notification_empty_title
        PASS [   0.007s] (3469/4752) warp_terminal model::ansi::tests::parse_osc7_local_hostname
        PASS [   0.007s] (3470/4752) warp_terminal model::ansi::tests::parse_osc7_malformed_percent_escape_ignored
        PASS [   0.007s] (3471/4752) warp_terminal model::ansi::tests::parse_osc777_notification_with_semicolons_in_body
        PASS [   0.007s] (3472/4752) warp_terminal model::ansi::tests::parse_osc7_missing_path_ignored
        PASS [   0.007s] (3473/4752) warp_terminal model::ansi::tests::parse_osc7_non_local_host_ignored
        PASS [   0.007s] (3474/4752) warp_terminal model::ansi::tests::parse_osc7_posix_path_not_mangled_non_windows
        PASS [   0.007s] (3475/4752) warp_terminal model::ansi::tests::parse_osc7_path_with_unescaped_semicolons_preserved
        PASS [   0.007s] (3476/4752) warp_terminal model::ansi::tests::parse_osc7_percent_encoded
        PASS [   0.007s] (3477/4752) warp_terminal model::ansi::tests::parse_osc7_truncated_percent_at_end_ignored
        PASS [   0.008s] (3478/4752) warp_terminal model::ansi::tests::parse_osc7_non_drive_slash_letter_untouched
        PASS [   0.008s] (3479/4752) warp_terminal model::ansi::tests::parse_osc7_non_file_scheme_ignored
        PASS [   0.007s] (3480/4752) warp_terminal model::ansi::tests::parse_osc7_truncated_percent_with_one_hex_digit_ignored
        PASS [   0.007s] (3481/4752) warp_terminal model::ansi::tests::parse_osc8_dropped_when_feature_flag_disabled
        PASS [   0.007s] (3482/4752) warp_terminal model::ansi::tests::parse_osc8_malformed_param_is_ignored_link_still_opens
        PASS [   0.007s] (3483/4752) warp_terminal model::ansi::tests::parse_osc7_uppercase_localhost_host_ignored
        PASS [   0.007s] (3484/4752) warp_terminal model::ansi::tests::parse_osc8_hyperlink_open_with_id
        PASS [   0.007s] (3485/4752) warp_terminal model::ansi::tests::parse_osc7_with_st_terminator
        PASS [   0.008s] (3486/4752) warp_terminal model::ansi::tests::parse_osc8_hyperlink_close_canonical
        PASS [   0.007s] (3487/4752) warp_terminal model::ansi::tests::parse_osc8_hyperlink_open
        PASS [   0.007s] (3488/4752) warp_terminal model::ansi::tests::parse_osc8_malformed_sequence_clears_active_hyperlink
        PASS [   0.007s] (3489/4752) warp_terminal model::ansi::tests::parse_osc8_uri_with_semicolons_dispatches_full_uri
        PASS [   0.007s] (3490/4752) warp_terminal model::ansi::tests::parse_osc9_empty_body
        PASS [   0.007s] (3491/4752) warp_terminal model::ansi::tests::parse_osc8_open_then_close_bell_terminator
        PASS [   0.007s] (3492/4752) warp_terminal model::ansi::tests::parse_osc9_notification_with_st_terminator
        PASS [   0.007s] (3493/4752) warp_terminal model::ansi::tests::parse_osc9_notification
        PASS [   0.007s] (3494/4752) warp_terminal model::ansi::tests::parse_osc9_windows_terminal_cwd_ignored
        PASS [   0.007s] (3495/4752) warp_terminal model::ansi::tests::parse_osc9_numeric_subcommand_ignored
        PASS [   0.007s] (3496/4752) warp_terminal model::ansi::tests::parse_sourced_rc_file_hook
        PASS [   0.007s] (3497/4752) warp_terminal model::ansi::tests::parse_terminal_identity_csi
        PASS [   0.007s] (3498/4752) warp_terminal model::ansi::tests::parse_truecolor_attr
        PASS [   0.007s] (3499/4752) warp_terminal model::ansi::tests::parse_valid_number
        PASS [   0.007s] (3500/4752) warp_terminal model::ansi::tests::parse_sourced_rc_file_hook_with_uname
        PASS [   0.007s] (3501/4752) warp_terminal model::ansi::tests::parse_valid_legacy_rgb_colors
        PASS [   0.007s] (3502/4752) warp_terminal model::ansi::tests::parse_terminal_identity_esc
        PASS [   0.007s] (3503/4752) warp_terminal model::ansi::tests::parse_valid_rgb_colors
        PASS [   0.007s] (3504/4752) warp_terminal model::ansi::tests::parse_zsh_startup
        PASS [   0.006s] (3505/4752) warp_terminal model::ansi::tests::pending_precmd_classifies_payload_with_completion_metadata
        PASS [   0.007s] (3506/4752) warp_terminal model::ansi::tests::pending_precmd_rejects_partial_or_invalid_completion_metadata
        PASS [   0.007s] (3507/4752) warp_terminal model::blockgrid::tests::test_finish_truncates_grid_basic
        PASS [   0.007s] (3508/4752) warp_terminal model::blockgrid::tests::test_cursor_display_point_hidden_when_cursor_below_trimmed_content
        PASS [   0.008s] (3509/4752) warp_terminal model::blockgrid::tests::test_content_summary
        PASS [   0.007s] (3510/4752) warp_terminal model::blockgrid::tests::test_finish_truncates_grid_cursor_at_bottom
        PASS [   0.008s] (3511/4752) warp_terminal model::blockgrid::tests::test_cursor_display_point_not_clipped_when_trimming_disabled
        PASS [   0.007s] (3512/4752) warp_terminal model::blockgrid::tests::test_non_moving_kitty_image_keeps_finished_grid_visible
        PASS [   0.006s] (3513/4752) warp_terminal model::blockgrid::tests::test_resize_finished_softwrapped_block
        PASS [   0.007s] (3514/4752) warp_terminal model::blockgrid::tests::test_resize_finished_block
        PASS [   0.007s] (3515/4752) warp_terminal model::escape_sequences::tests::test_alt_screen_scroll_to_pty_bytes
        PASS [   0.007s] (3516/4752) warp_terminal model::escape_sequences::tests::test_ctrl_slash_emits_us_control_code
        PASS [   0.007s] (3517/4752) warp_terminal model::escape_sequences::tests::test_cursor_movement_keystroke_with_modifier_to_escape_sequence
        PASS [   0.007s] (3518/4752) warp_terminal model::blockgrid::tests::test_trim_trailing_blank_rows_uses_active_floor_for_blank_started_grid
        PASS [   0.007s] (3519/4752) warp_terminal model::escape_sequences::tests::test_cursor_movement_keystroke_without_modifier_to_escape_sequence
        PASS [   0.007s] (3520/4752) warp_terminal model::escape_sequences::tests::test_fn_keystroke_with_cmd_modifier
        PASS [   0.007s] (3521/4752) warp_terminal model::escape_sequences::tests::test_fn_keystroke_with_modifier_to_escape_sequence
        PASS [   0.007s] (3522/4752) warp_terminal model::escape_sequences::tests::test_fn_keystroke_without_modifier_to_escape_sequence
        PASS [   0.007s] (3523/4752) warp_terminal model::escape_sequences::tests::test_keyboard_enhancement_associated_text
        PASS [   0.007s] (3524/4752) warp_terminal model::escape_sequences::tests::test_keyboard_enhancement_alternate_keys
        PASS [   0.007s] (3525/4752) warp_terminal model::escape_sequences::tests::test_keyboard_enhancement_disambiguate_only
        PASS [   0.007s] (3526/4752) warp_terminal model::escape_sequences::tests::test_keyboard_enhancement_alternate_keys_with_associated_text
        PASS [   0.007s] (3527/4752) warp_terminal model::escape_sequences::tests::test_keyboard_enhancement_basic_keys
        PASS [   0.006s] (3528/4752) warp_terminal model::escape_sequences::tests::test_keyboard_enhancement_event_types
        PASS [   0.007s] (3529/4752) warp_terminal model::escape_sequences::tests::test_keyboard_enhancement_function_keys
        PASS [   0.007s] (3530/4752) warp_terminal model::escape_sequences::tests::test_keyboard_enhancement_mac_option_without_meta_mapping_is_not_disambiguated
        PASS [   0.007s] (3531/4752) warp_terminal model::escape_sequences::tests::test_kitty_protocol_cmd_and_option_editing_keys
        PASS [   0.007s] (3532/4752) warp_terminal model::escape_sequences::tests::test_mouse_actions_to_escape_sequence
        PASS [   0.007s] (3533/4752) warp_terminal model::escape_sequences::tests::test_keyboard_enhancement_unshifted_keycode_for_shifted_printables
        PASS [   0.007s] (3534/4752) warp_terminal model::escape_sequences::tests::test_keystroke_to_c0_control_code
        PASS [   0.007s] (3535/4752) warp_terminal model::escape_sequences::tests::test_kitty_protocol_mac_option_space_composition_is_not_disambiguated
        PASS [   0.008s] (3536/4752) warp_terminal model::escape_sequences::tests::test_meta_keystroke_to_escape_sequence
        PASS [   0.007s] (3537/4752) warp_terminal model::escape_sequences::tests::test_to_pty_bytes_layers_fallbacks_over_the_encoder
        PASS [   0.008s] (3538/4752) warp_terminal model::escape_sequences::tests::test_shift_backspace_emits_del_sequence
        PASS [   0.007s] (3539/4752) warp_terminal model::escape_sequences::tests::tmux_passthrough_wraps_and_doubles_escapes
        PASS [   0.006s] (3540/4752) warp_terminal model::grid::cell::tests::line_length_works_with_empty_line
        PASS [   0.007s] (3541/4752) warp_terminal model::escape_sequences::tests::test_unmatched_keystroke_does_not_yield_escape_sequence
        PASS [   0.007s] (3542/4752) warp_terminal model::grid::cell::tests::line_length_works
        PASS [   0.007s] (3543/4752) warp_terminal model::grid::cell::tests::line_length_works_with_wrapline
        PASS [   0.007s] (3544/4752) warp_terminal model::grid::cell::tests::push_zerowidth_caps_accumulated_grapheme
        PASS [   0.007s] (3545/4752) warp_terminal model::grid::cell::tests::push_zerowidth_seeds_base_char_on_first_push
        PASS [   0.007s] (3546/4752) warp_terminal model::grid::cell::tests::verify_cell_size
        PASS [   0.007s] (3547/4752) warp_terminal model::grid::displayed_output::tests::test_append_to_row_translation
        PASS [   0.007s] (3548/4752) warp_terminal model::grid::cell::tests::test_contains_cell_decorations
        PASS [   0.006s] (3549/4752) warp_terminal model::grid::displayed_output::tests::test_extend_displayed_lines
        PASS [   0.007s] (3550/4752) warp_terminal model::grid::displayed_output::tests::test_displayed_output_rows_iterator
        PASS [   0.007s] (3551/4752) warp_terminal model::grid::displayed_output::tests::test_displayed_output_rows_iterator_no_rows
        PASS [   0.007s] (3552/4752) warp_terminal model::grid::displayed_output::tests::test_append_to_row_translation_empty_displayed_rows
        PASS [   0.007s] (3553/4752) warp_terminal model::grid::displayed_output::tests::test_get_exact_or_next_displayed_row
        PASS [   0.007s] (3554/4752) warp_terminal model::grid::displayed_output::tests::test_last_rows_less_than_or_contained_in_no_result
        PASS [   0.008s] (3555/4752) warp_terminal model::grid::displayed_output::tests::test_get_exact_or_next_displayed_row_empty
        PASS [   0.008s] (3556/4752) warp_terminal model::grid::displayed_output::tests::test_first_rows_greater_than_or_contained_in
        PASS [   0.007s] (3557/4752) warp_terminal model::grid::displayed_output::tests::test_last_rows_less_than_or_contained_in
        PASS [   0.007s] (3558/4752) warp_terminal model::grid::displayed_output::tests::test_get_exact_or_next_displayed_row_no_next_closest
        PASS [   0.008s] (3559/4752) warp_terminal model::grid::displayed_output::tests::test_first_rows_greater_than_or_contained_in_no_result
        PASS [   0.008s] (3560/4752) warp_terminal model::grid::displayed_output::tests::test_new_from_displayed_lines
        PASS [   0.008s] (3561/4752) warp_terminal model::grid::displayed_output::tests::test_prepend_displayed_lines
        PASS [   0.008s] (3562/4752) warp_terminal model::grid::displayed_output::tests::test_prepend_to_row_translation
        PASS [   0.007s] (3563/4752) warp_terminal model::grid::displayed_output::tests::test_replace_rows_from_row_translation
        PASS [   0.008s] (3564/4752) warp_terminal model::grid::displayed_output::tests::test_replace_rows_from_row_translation_break_range
        PASS [   0.008s] (3565/4752) warp_terminal model::grid::displayed_output::tests::test_replace_rows_from_row_translation_dirty_range_lies_within_existing_range
        PASS [   0.007s] (3566/4752) warp_terminal model::grid::displayed_output::tests::test_replace_rows_from_row_translation_from_beginning_to_middle
        PASS [   0.007s] (3567/4752) warp_terminal model::grid::displayed_output::tests::test_replace_rows_from_row_translation_dirty_range_overlaps_existing_ranges
        PASS [   0.008s] (3568/4752) warp_terminal model::grid::displayed_output::tests::test_prepend_to_row_translation_empty_displayed_rows
        PASS [   0.008s] (3569/4752) warp_terminal model::grid::displayed_output::tests::test_truncate_to_row
        PASS [   0.008s] (3570/4752) warp_terminal model::grid::displayed_output::tests::test_replace_rows_from_row_translation_from_middle_to_end
        PASS [   0.008s] (3571/4752) warp_terminal model::grid::displayed_output::tests::test_splice_displayed_lines_nothing_replaced
        PASS [   0.008s] (3572/4752) warp_terminal model::grid::displayed_output::tests::test_splice_displayed_lines
        PASS [   0.008s] (3573/4752) warp_terminal model::grid::displayed_output::tests::test_truncate_to_row_in_last_range
        PASS [   0.008s] (3574/4752) warp_terminal model::grid::displayed_output::tests::test_replace_rows_from_row_translation_replace_beginning_row
        PASS [   0.008s] (3575/4752) warp_terminal model::grid::displayed_output::tests::test_replace_rows_from_row_translation_no_removed_entries
        PASS [   0.008s] (3576/4752) warp_terminal model::grid::displayed_output::tests::test_splice_displayed_lines_no_new_lines
        PASS [   0.007s] (3577/4752) warp_terminal model::grid::displayed_output::tests::test_truncate_to_row_truncate_before_start
        PASS [   0.007s] (3578/4752) warp_terminal model::grid::flat_storage::attribute_map::tests::test_iterate_over_empty_map
        PASS [   0.007s] (3579/4752) warp_terminal model::grid::displayed_output::tests::test_truncate_to_row_truncate_after_end
        PASS [   0.007s] (3580/4752) warp_terminal model::grid::flat_storage::content::tests::test_truncate_front_drops_old_chunks
        PASS [   0.007s] (3581/4752) warp_terminal model::grid::flat_storage::attribute_map::tests::test_iterate_across_attribute_change
        PASS [   0.007s] (3582/4752) warp_terminal model::grid::flat_storage::content::tests::test_large_grapheme_starts_new_chunk
        PASS [   0.007s] (3583/4752) warp_terminal model::grid::displayed_output::tests::test_truncate_to_row_in_range
        PASS [   0.007s] (3584/4752) warp_terminal model::grid::flat_storage::index::tests::offset_point_conversion::test_nonuniform_row
        PASS [   0.008s] (3585/4752) warp_terminal model::grid::flat_storage::index::tests::test_index_with_consistent_one_byte_length_and_cell_width
        PASS [   0.008s] (3586/4752) warp_terminal model::grid::flat_storage::index::tests::offset_point_conversion::test_wide_char
        PASS [   0.008s] (3587/4752) warp_terminal model::grid::flat_storage::index::tests::test_index_with_empty_string
        PASS [   0.008s] (3588/4752) warp_terminal model::grid::flat_storage::index::tests::test_cell_type
        PASS [   0.008s] (3589/4752) warp_terminal model::grid::flat_storage::index::tests::offset_point_conversion::test_normal_cell
        PASS [   0.008s] (3590/4752) warp_terminal model::grid::flat_storage::index::tests::test_index_with_consistent_two_cell_width_and_four_byte_length
        PASS [   0.008s] (3591/4752) warp_terminal model::grid::flat_storage::index::tests::test_index_with_exactly_full_row
        PASS [   0.008s] (3592/4752) warp_terminal model::grid::flat_storage::index::tests::test_index_with_full_row_and_newline
        PASS [   0.008s] (3593/4752) warp_terminal model::grid::flat_storage::index::tests::test_index_with_grapheme_overflowing_end_of_row
        PASS [   0.008s] (3594/4752) warp_terminal model::grid::flat_storage::tests::test_clear_after_truncate_front
        PASS [   0.008s] (3595/4752) warp_terminal model::grid::flat_storage::index::tests::test_push_extra_row_onto_index
        PASS [   0.008s] (3596/4752) warp_terminal model::grid::flat_storage::index::tests::test_index_with_newlines
        PASS [   0.008s] (3597/4752) warp_terminal model::grid::flat_storage::index::tests::test_index_with_repeated_newlines
        PASS [   0.008s] (3598/4752) warp_terminal model::grid::flat_storage::index::tests::test_push_extra_row_onto_index_with_softwrapped_first_line
        PASS [   0.008s] (3599/4752) warp_terminal model::grid::flat_storage::index::tests::test_index_with_inconsistent_cell_widths
        PASS [   0.008s] (3600/4752) warp_terminal model::grid::flat_storage::tests::test_blank_cells_before_hyperlink_are_not_clickable
        PASS [   0.007s] (3601/4752) warp_terminal model::grid::flat_storage::tests::test_row_roundtrip_and_resize
        PASS [   0.007s] (3602/4752) warp_terminal model::grid::flat_storage::tests::test_row_iteration
        PASS [   0.007s] (3603/4752) warp_terminal model::grid::flat_storage::tests::test_wide_char_hyperlink_spacer_survives_roundtrip
        PASS [   0.008s] (3604/4752) warp_terminal model::grid::flat_storage::tests::test_clear_after_truncate_front_then_resize_and_push_does_not_panic
        PASS [   0.007s] (3605/4752) warp_terminal model::grid::flat_storage::tests::test_row_with_double_width_char
        PASS [   1.774s] (3606/4752) warp util::git::tests::get_pr_for_branch_does_not_require_origin_remote
        PASS [   0.008s] (3607/4752) warp_terminal model::grid::flat_storage::tests::test_push_rows_with_color
        PASS [   0.007s] (3608/4752) warp_terminal model::grid::flat_storage::tests::test_push_rows_with_color_and_multibyte_chars
        PASS [   0.008s] (3609/4752) warp_terminal model::grid::flat_storage::tests::test_styling_change_within_trailing_empty_cells
        PASS [   0.008s] (3610/4752) warp_terminal model::grid::grid_handler::filtering::tests::test_add_context_lines_overlapping
        PASS [   0.008s] (3611/4752) warp_terminal model::grid::grid_handler::filtering::tests::test_add_displayed_rows_with_cursor_line_at_end
        PASS [   0.008s] (3612/4752) warp_terminal model::grid::grid_handler::filtering::tests::test_add_context_lines_no_context
        PASS [   0.008s] (3613/4752) warp_terminal model::grid::grid_handler::filtering::tests::test_add_context_lines_at_grid_bounds
        PASS [   0.008s] (3614/4752) warp_terminal model::grid::grid_handler::filtering::tests::test_add_displayed_rows_with_cursor_line_already_included
        PASS [   0.008s] (3615/4752) warp_terminal model::grid::grid_handler::filtering::tests::test_add_context_lines
        PASS [   0.008s] (3616/4752) warp_terminal model::grid::grid_handler::filtering::tests::test_add_displayed_rows_with_cursor_line
        PASS [   0.008s] (3617/4752) warp_terminal model::grid::grid_handler::filtering::tests::test_add_displayed_rows_with_cursor_line_at_front
        PASS [   0.008s] (3618/4752) warp_terminal model::grid::grapheme_cursor::tests::test_cursor
        PASS [   0.011s] (3619/4752) warp_terminal model::grid::grid_handler::filtering::tests::test_find_non_matching_lines_in_range_all_returned
        PASS [   0.011s] (3620/4752) warp_terminal model::grid::grid_handler::filtering::tests::test_find_non_matching_lines_all_returned
        PASS [   0.011s] (3621/4752) warp_terminal model::grid::grid_handler::filtering::tests::test_find_non_matching_lines
        PASS [   0.011s] (3622/4752) warp_terminal model::grid::grid_handler::filtering::tests::test_filter_lines_with_no_cursor_line_sets_num_matched_lines
        PASS [   0.011s] (3623/4752) warp_terminal model::grid::grid_handler::filtering::tests::test_block_filter_works_with_truncated_history
        PASS [   0.011s] (3624/4752) warp_terminal model::grid::grid_handler::filtering::tests::test_filter_lines_with_context_lines_sets_num_matched_lines
        PASS [   0.011s] (3625/4752) warp_terminal model::grid::grid_handler::filtering::tests::test_find_non_matching_lines_in_range_none_at_bounds
        PASS [   0.011s] (3626/4752) warp_terminal model::grid::grid_handler::filtering::tests::test_find_non_matching_lines_in_range
        PASS [   0.011s] (3627/4752) warp_terminal model::grid::grid_handler::filtering::tests::test_filter_lines_with_cursor_line_sets_num_matched_lines
        PASS [   0.008s] (3628/4752) warp_terminal model::grid::grid_handler::filtering::tests::test_find_non_matching_lines_none_returned
        PASS [   0.008s] (3629/4752) warp_terminal model::grid::grid_handler::filtering::tests::test_lines_range_left_with_bound
        PASS [   0.008s] (3630/4752) warp_terminal model::grid::grid_handler::filtering::tests::test_lines_range_left_no_context_available
        PASS [   0.008s] (3631/4752) warp_terminal model::grid::grid_handler::filtering::tests::test_lines_range_left_bounded_by_grid_start
        PASS [   0.008s] (3632/4752) warp_terminal model::grid::grid_handler::filtering::tests::test_lines_range_right
        PASS [   0.008s] (3633/4752) warp_terminal model::grid::grid_handler::filtering::tests::test_find_non_matching_lines_in_range_none_returned
        PASS [   0.008s] (3634/4752) warp_terminal model::grid::grid_handler::filtering::tests::test_find_non_matching_lines_none_at_bounds
        PASS [   0.008s] (3635/4752) warp_terminal model::grid::grid_handler::filtering::tests::test_lines_range_left
        PASS [   0.008s] (3636/4752) warp_terminal model::grid::grid_handler::filtering::tests::test_find_with_matched_lines
        PASS [   0.008s] (3637/4752) warp_terminal model::grid::grid_handler::filtering::tests::test_truncate_cursor_updates_displayed_output
        PASS [   0.008s] (3638/4752) warp_terminal model::grid::grid_handler::filtering::tests::test_trim_context_lines_no_trimming
        PASS [   0.008s] (3639/4752) warp_terminal model::grid::grid_handler::filtering::tests::test_trim_context_lines_trim_partially
        PASS [   0.008s] (3640/4752) warp_terminal model::grid::grid_handler::filtering::tests::test_trim_context_lines_trim_entirely
        PASS [   0.008s] (3641/4752) warp_terminal model::grid::grid_handler::filtering::tests::test_lines_range_right_with_bound
        PASS [   0.008s] (3642/4752) warp_terminal model::grid::grid_handler::filtering::tests::test_lines_range_right_no_context_available
        PASS [   0.008s] (3643/4752) warp_terminal model::grid::grid_handler::filtering::tests::test_lines_range_right_bounded_by_grid_end
        PASS [   0.008s] (3644/4752) warp_terminal model::grid::grid_handler::filtering::tests::test_maybe_filter_dirty_lines_with_cursor_line_sets_num_matched_lines
        PASS [   0.008s] (3645/4752) warp_terminal model::grid::grid_handler::filtering::tests::test_maybe_filter_dirty_lines_with_no_cursor_line_sets_num_matched_lines
        PASS [   0.008s] (3646/4752) warp_terminal model::grid::grid_handler::filtering::tests::test_update_filtered_dirty_lines
        PASS [   0.008s] (3647/4752) warp_terminal model::grid::grid_handler::filtering::tests::test_update_filtered_dirty_lines_at_range_borders
        PASS [   0.009s] (3648/4752) warp_terminal model::grid::grid_handler::filtering::tests::test_update_dirty_matches_exclude_partial_matches
        PASS [   0.009s] (3649/4752) warp_terminal model::grid::grid_handler::filtering::tests::test_update_dirty_matches
        PASS [   0.009s] (3650/4752) warp_terminal model::grid::grid_handler::filtering::tests::test_update_dirty_matches_empty_new_matches
        PASS [   0.009s] (3651/4752) warp_terminal model::grid::grid_handler::filtering::tests::test_update_dirty_matches_no_replacement
        PASS [   0.009s] (3652/4752) warp_terminal model::grid::grid_handler::filtering::tests::test_update_dirty_matches_insert_at_front
        PASS [   0.009s] (3653/4752) warp_terminal model::grid::grid_handler::filtering::tests::test_update_dirty_matches_insert_at_back
        PASS [   0.009s] (3654/4752) warp_terminal model::grid::grid_handler::filtering::tests::test_update_dirty_matches_replace_single_match
        PASS [   0.007s] (3655/4752) warp_terminal model::grid::grid_handler::filtering::tests::test_update_filtered_dirty_lines_replace_single_row_line
        PASS [   0.008s] (3656/4752) warp_terminal model::grid::grid_handler::filtering::tests::test_update_filtered_dirty_lines_middle_of_range
        PASS [   0.007s] (3657/4752) warp_terminal model::grid::grid_handler::filtering::tests::test_update_filtered_dirty_lines_replace_at_start
        PASS [   0.007s] (3658/4752) warp_terminal model::grid::grid_handler::filtering::tests::test_update_filtered_dirty_lines_replace_one_line
        PASS [   0.008s] (3659/4752) warp_terminal model::grid::grid_handler::filtering::tests::test_update_filtered_dirty_lines_replace_at_end
        PASS [   0.008s] (3660/4752) warp_terminal model::grid::grid_handler::filtering::tests::test_update_filtered_dirty_lines_no_replacement
        PASS [   0.008s] (3661/4752) warp_terminal model::grid::grid_handler::filtering::tests::test_update_filtered_dirty_lines_no_lines_removed
        PASS [   0.008s] (3662/4752) warp_terminal model::grid::grid_handler::filtering::tests::test_update_filtered_dirty_lines_insert_at_start
        PASS [   0.008s] (3663/4752) warp_terminal model::grid::grid_handler::filtering::tests::test_update_filtered_dirty_lines_insert_at_end
        PASS [   0.009s] (3664/4752) warp_terminal model::grid::grid_handler::filtering::tests::test_update_filtered_dirty_lines_with_context_lines_bound_on_filter_match
        PASS [   0.009s] (3665/4752) warp_terminal model::grid::grid_handler::filtering::tests::test_update_filtered_dirty_lines_with_context_lines_bound_on_inner_context_no_surroundings
        PASS [   0.009s] (3666/4752) warp_terminal model::grid::grid_handler::filtering::tests::test_update_filtered_dirty_lines_with_context_lines_all_greater
        PASS [   0.009s] (3667/4752) warp_terminal model::grid::grid_handler::filtering::tests::test_update_filtered_dirty_lines_with_context_lines_bound_on_filter_match_no_surroundings
        PASS [   0.009s] (3668/4752) warp_terminal model::grid::grid_handler::filtering::tests::test_update_filtered_dirty_lines_with_context_lines_bound_on_outer_context
        PASS [   0.009s] (3669/4752) warp_terminal model::grid::grid_handler::filtering::tests::test_update_filtered_dirty_lines_with_context_lines_bound_on_adjacent_matched_lines
        PASS [   0.009s] (3670/4752) warp_terminal model::grid::grid_handler::filtering::tests::test_update_filtered_dirty_lines_with_context_lines_all_lesser
        PASS [   0.009s] (3671/4752) warp_terminal model::grid::grid_handler::filtering::tests::test_update_filtered_dirty_lines_with_context_lines_bound_on_merged_context
        PASS [   0.009s] (3672/4752) warp_terminal model::grid::grid_handler::filtering::tests::test_update_filtered_dirty_lines_with_context_lines_bound_on_inner_context
        PASS [   0.008s] (3673/4752) warp_terminal model::grid::grid_handler::filtering::tests::test_update_filtered_dirty_lines_within_single_range
        PASS [   0.008s] (3674/4752) warp_terminal model::grid::grid_handler::filtering::tests::test_update_filtered_dirty_lines_with_context_lines_dirty_range_between_two_ranges
        PASS [   0.009s] (3675/4752) warp_terminal model::grid::grid_handler::filtering::tests::test_update_filtered_dirty_lines_with_context_lines_bound_on_same_context
        PASS [   0.008s] (3676/4752) warp_terminal model::grid::grid_handler::filtering::tests::test_update_filtered_dirty_lines_with_context_lines_outside_of_dirty_range
        PASS [   0.008s] (3677/4752) warp_terminal model::grid::grid_handler::filtering::tests::test_update_filtered_dirty_lines_with_context_lines_existing_context_bounded_by_new_lines
        PASS [   0.009s] (3678/4752) warp_terminal model::grid::grid_handler::filtering::tests::test_update_filtered_dirty_lines_with_context_lines_trimmed_new_displayed_rows
        PASS [   0.009s] (3679/4752) warp_terminal model::grid::grid_handler::secrets::tests::test_bytes_processed_for_secrets_after_turning_redaction
        PASS [   0.009s] (3680/4752) warp_terminal model::grid::grid_handler::secrets::tests::test_bytes_processed_for_secrets_after_turning_redaction_on
        PASS [   0.009s] (3681/4752) warp_terminal model::grid::grid_handler::secrets::tests::test_bytes_processed_for_secrets_after_turning_redaction_off_then_on
        PASS [   0.008s] (3682/4752) warp_terminal model::grid::grid_handler::tests::advance_point_by_bytes
        PASS [   0.008s] (3683/4752) warp_terminal model::grid::grid_handler::tests::content_len_all_blank_grid
        PASS [   0.008s] (3684/4752) warp_terminal model::grid::grid_handler::secrets::tests::test_secret_redacted_after_multiple_byte_processing
        PASS [   0.009s] (3685/4752) warp_terminal model::grid::grid_handler::secrets::tests::test_bytes_processed_for_secrets_after_turning_redaction_on_then_off
        PASS [   0.009s] (3686/4752) warp_terminal model::grid::grid_handler::secrets::tests::test_secret_redaction_secret_remains_after_resize
        PASS [   0.009s] (3687/4752) warp_terminal model::grid::grid_handler::secrets::tests::test_secret_redacted_after_byte_processing
        PASS [   0.008s] (3688/4752) warp_terminal model::grid::grid_handler::secrets::tests::test_secret_redaction_unobfuscated_secret_remains_after_byte_processing
        PASS [   0.009s] (3689/4752) warp_terminal model::grid::grid_handler::secrets::tests::test_secret_redacted_after_multibyte_prefix
        PASS [   0.010s] (3690/4752) warp_terminal model::grid::grid_handler::secrets::tests::test_secret_with_word_boundaries_redacted_after_multibyte_prefix
        PASS [   0.008s] (3691/4752) warp_terminal model::grid::grid_handler::tests::content_len_single_trailing_newline
        PASS [   0.008s] (3692/4752) warp_terminal model::grid::grid_handler::tests::content_len_interspersed_blanks_preserved
        PASS [   0.008s] (3693/4752) warp_terminal model::grid::grid_handler::tests::content_len_trailing_blanks_trimmed
        PASS [   0.008s] (3694/4752) warp_terminal model::grid::grid_handler::tests::content_len_new_output_restores_height
        PASS [   0.008s] (3695/4752) warp_terminal model::grid::grid_handler::tests::content_len_equals_len_when_no_trailing_blanks
        PASS [   0.008s] (3696/4752) warp_terminal model::grid::grid_handler::tests::content_len_cursor_below_content
        PASS [   0.009s] (3697/4752) warp_terminal model::grid::grid_handler::tests::double_width_chars
        PASS [   0.008s] (3698/4752) warp_terminal model::grid::grid_handler::tests::include_linebreak_left
        PASS [   0.008s] (3699/4752) warp_terminal model::grid::grid_handler::tests::include_linebreak_right
        PASS [   0.008s] (3700/4752) warp_terminal model::grid::grid_handler::tests::multibyte_char_offset
        PASS [   0.008s] (3701/4752) warp_terminal model::grid::grid_handler::tests::no_match_left
        PASS [   0.008s] (3702/4752) warp_terminal model::grid::grid_handler::tests::no_match_right
        PASS [   0.006s] (3703/4752) warp_terminal model::grid::grid_handler::tests::regex_word_boundary
        PASS [   0.007s] (3704/4752) warp_terminal model::grid::grid_handler::tests::regex_right
        PASS [   0.008s] (3705/4752) warp_terminal model::grid::grid_handler::tests::regex_left
        PASS [   0.007s] (3706/4752) warp_terminal model::grid::grid_handler::tests::regex_left_on_line_wrap
        PASS [   0.008s] (3707/4752) warp_terminal model::grid::grid_handler::tests::nested_regex
        PASS [   0.008s] (3708/4752) warp_terminal model::grid::grid_handler::tests::multibyte_unicode
        PASS [   0.008s] (3709/4752) warp_terminal model::grid::grid_handler::tests::test_clear_line_left_preserves_adjacent_wide_char
        PASS [   0.007s] (3710/4752) warp_terminal model::grid::grid_handler::tests::test_clear_screen_above_at_wide_char
        PASS [   0.008s] (3711/4752) warp_terminal model::grid::grid_handler::tests::test_basic_input_and_newline
        PASS [   0.008s] (3712/4752) warp_terminal model::grid::grid_handler::tests::test_clear_line_left_at_wide_char
        PASS [   0.008s] (3713/4752) warp_terminal model::grid::grid_handler::tests::test_adjacent_hyperlinks_with_different_uris_do_not_merge
        PASS [   0.008s] (3714/4752) warp_terminal model::grid::grid_handler::tests::skip_dead_cell
        PASS [   0.009s] (3715/4752) warp_terminal model::grid::grid_handler::tests::reverse_search_dead_recovery
        PASS [   0.008s] (3716/4752) warp_terminal model::grid::grid_handler::tests::test_clear_line_right_at_wide_char_spacer
        PASS [   0.008s] (3717/4752) warp_terminal model::grid::grid_handler::tests::test_clear_screen_above_preserves_adjacent_wide_char
        PASS [   0.008s] (3718/4752) warp_terminal model::grid::grid_handler::tests::test_clear_screen_below_at_wide_char_spacer
        PASS [   0.008s] (3719/4752) warp_terminal model::grid::grid_handler::tests::test_clear_screen_all_alt_screen_clears_in_place
        PASS [   0.008s] (3720/4752) warp_terminal model::grid::grid_handler::tests::test_clear_screen_all_primary_preserves_visible_rows_in_history_by_default
        PASS [   0.007s] (3721/4752) warp_terminal model::grid::grid_handler::tests::test_delete_chars_preserves_adjacent_wide_char_at_end
        PASS [   0.008s] (3722/4752) warp_terminal model::grid::grid_handler::tests::test_empty_grid_bounds_to_string
        PASS [   0.008s] (3723/4752) warp_terminal model::grid::grid_handler::tests::test_emoji_variation_selector
        PASS [   0.008s] (3724/4752) warp_terminal model::grid::grid_handler::tests::test_delete_chars_at_wide_char_spacer_boundary
        PASS [   0.008s] (3725/4752) warp_terminal model::grid::grid_handler::tests::test_clear_screen_all_primary_with_full_grid_clear_behavior_clears_in_place
        PASS [   0.008s] (3726/4752) warp_terminal model::grid::grid_handler::tests::test_compatible_point
        PASS [   0.008s] (3727/4752) warp_terminal model::grid::grid_handler::tests::test_find_url_line_breaks
        PASS [   0.008s] (3728/4752) warp_terminal model::grid::grid_handler::tests::test_find_long_url
        PASS [   0.008s] (3729/4752) warp_terminal model::grid::grid_handler::tests::test_find_super_long_url
        PASS [   0.008s] (3730/4752) warp_terminal model::grid::grid_handler::tests::test_find_url_line_wrapping
        PASS [   0.008s] (3731/4752) warp_terminal model::grid::grid_handler::tests::test_erase_chars_at_wide_char_end_boundary
        PASS [   0.008s] (3732/4752) warp_terminal model::grid::grid_handler::tests::test_find_super_duper_long_url
        PASS [   0.008s] (3733/4752) warp_terminal model::grid::grid_handler::tests::test_find_url_omits_trailing_periods
        PASS [   0.008s] (3734/4752) warp_terminal model::grid::grid_handler::tests::test_erase_chars_preserves_adjacent_wide_char_at_end
        PASS [   0.008s] (3735/4752) warp_terminal model::grid::grid_handler::tests::test_erase_chars_at_wide_char_spacer_boundary
        PASS [   0.008s] (3736/4752) warp_terminal model::grid::grid_handler::tests::test_full_grid_clear_drops_active_hyperlink
        PASS [   0.008s] (3737/4752) warp_terminal model::grid::grid_handler::tests::test_full_grid_clear_resize_then_scroll_does_not_panic_on_row_iteration
        PASS [   0.008s] (3738/4752) warp_terminal model::grid::grid_handler::tests::test_full_grid_clear_resize_narrower_then_scroll_does_not_panic
        PASS [   0.009s] (3739/4752) warp_terminal model::grid::grid_handler::tests::test_finds_url_in_grid
        PASS [   0.009s] (3740/4752) warp_terminal model::grid::grid_handler::tests::test_find_url_with_percent
        PASS [   0.008s] (3741/4752) warp_terminal model::grid::grid_handler::tests::test_full_grid_clear_resize_then_bounds_to_string_does_not_panic
        PASS [   0.009s] (3742/4752) warp_terminal model::grid::grid_handler::tests::test_find_url_with_delimiter
        PASS [   0.009s] (3743/4752) warp_terminal model::grid::grid_handler::tests::test_find_url_wide_characters
        PASS [   0.009s] (3744/4752) warp_terminal model::grid::grid_handler::tests::test_fragment_boundary_at_point
        PASS [   0.007s] (3745/4752) warp_terminal model::grid::grid_handler::tests::test_full_grid_clear_shrink_cols_does_not_orphan_wide_char_at_boundary
        PASS [   0.007s] (3746/4752) warp_terminal model::grid::grid_handler::tests::test_grid_bottommost_nonempty_row_partial_grid
        PASS [   0.007s] (3747/4752) warp_terminal model::grid::grid_handler::tests::test_grid_rightmost_visible_nonempty_cell_in_row
        PASS [   0.007s] (3748/4752) warp_terminal model::grid::grid_handler::tests::test_hyperlink_at_point_spans_contiguous_cells
        PASS [   0.008s] (3749/4752) warp_terminal model::grid::grid_handler::tests::test_grid_rightmost_nonempty_cell
        PASS [   0.008s] (3750/4752) warp_terminal model::grid::grid_handler::tests::test_grid_bottommost_nonempty_row_empty_grid
        PASS [   0.008s] (3751/4752) warp_terminal model::grid::grid_handler::tests::test_hyperlink_at_point_short_circuits_when_flag_disabled
        PASS [   0.008s] (3752/4752) warp_terminal model::grid::grid_handler::tests::test_grid_bottommost_nonempty_row_full_grid
        PASS [   0.008s] (3753/4752) warp_terminal model::grid::grid_handler::tests::test_grid_agnostic_point
        PASS [   0.008s] (3754/4752) warp_terminal model::grid::grid_handler::tests::test_input_overwriting_wide_char_resets_spacer
        PASS [   0.008s] (3755/4752) warp_terminal model::grid::grid_handler::tests::test_insert_mode_at_spacer_resets_wide_char
        PASS [   0.008s] (3756/4752) warp_terminal model::grid::grid_handler::tests::test_insert_blank_resets_wide_char_pushed_off_end
        PASS [   0.008s] (3757/4752) warp_terminal model::grid::grid_handler::tests::test_insert_blank_at_wide_char_spacer_boundary
        PASS [   0.008s] (3758/4752) warp_terminal model::grid::grid_handler::tests::test_line_to_fragments
        PASS [   0.008s] (3759/4752) warp_terminal model::grid::grid_handler::tests::test_insert_mode_pushes_wide_char_off_end
        PASS [   0.008s] (3760/4752) warp_terminal model::grid::grid_handler::tests::test_line_selection
        PASS [   0.008s] (3761/4752) warp_terminal model::grid::grid_handler::tests::test_input_overwriting_wide_char_spacer_resets_wide_char
        PASS [   0.014s] (3762/4752) warp_terminal model::grid::grid_handler::tests::test_possible_file_paths
        PASS [   0.008s] (3763/4752) warp_terminal model::grid::grid_handler::tests::test_resize_finished_primary_with_full_grid_clear_behavior_uses_scrollback
        PASS [   0.008s] (3764/4752) warp_terminal model::grid::grid_handler::tests::test_resize_primary_with_full_grid_clear_behavior_keeps_visible_rows_in_place
        PASS [   0.009s] (3765/4752) warp_terminal model::grid::grid_handler::tests::test_resize_primary_preserves_visible_rows_in_history_by_default
        PASS [   1.922s] (3766/4752) warp util::git::tests::get_pr_for_branch_returns_none_when_gh_cannot_resolve_github_repo
        PASS [   0.008s] (3767/4752) warp_terminal model::grid::grid_handler::tests::test_secrets_serialization
        PASS [   0.015s] (3768/4752) warp_terminal model::grid::grid_handler::tests::test_possible_file_paths_across_multiple_wrapped_lines
        PASS [   0.015s] (3769/4752) warp_terminal model::grid::grid_handler::tests::test_possible_file_paths_across_wrapped_lines
        PASS [   0.015s] (3770/4752) warp_terminal model::grid::grid_handler::tests::test_possible_file_paths_across_wide_multiple_wrapped_lines
        PASS [   0.007s] (3771/4752) warp_terminal model::grid::grid_handler::tests::test_semantic_search
        PASS [   0.007s] (3772/4752) warp_terminal model::grid::grid_handler::tests::test_serializing_string
        PASS [   0.007s] (3773/4752) warp_terminal model::grid::grid_handler::tests::test_wide_char_wrap_preserves_own_leading_spacer
        PASS [   0.007s] (3774/4752) warp_terminal model::grid::grid_handler::tests::test_split_block_grid
        PASS [   0.018s] (3775/4752) warp_terminal model::grid::grid_handler::tests::test_possible_file_paths_candidate_count_is_bounded
        PASS [   0.018s] (3776/4752) warp_terminal model::grid::grid_handler::tests::test_possible_file_paths_across_wide_wrapped_line
        PASS [   0.007s] (3777/4752) warp_terminal model::grid::grid_handler::tests::test_write_at_cursor_clears_leading_wide_char_spacer
        PASS [   0.007s] (3778/4752) warp_terminal model::grid::grid_handler::tests::test_write_at_cursor_clears_leading_wide_char_spacer_at_col_1
        PASS [   0.007s] (3779/4752) warp_terminal model::grid::grid_handler::tests::visible_content_len_for_trimming_ignores_style_only_rows
        PASS [   0.007s] (3780/4752) warp_terminal model::grid::grid_handler::tests::visible_content_len_for_trimming_ignores_whitespace_rows
        PASS [   0.006s] (3781/4752) warp_terminal model::grid::grid_storage::tests::test_cursor_cell
        PASS [   0.007s] (3782/4752) warp_terminal model::grid::grid_storage::tests::test_cursor_cell_out_of_bounds
        PASS [   0.007s] (3783/4752) warp_terminal model::grid::grid_handler::tests::visible_content_len_for_trimming_visible_glyph_after_blanks_restores_height
        PASS [   0.007s] (3784/4752) warp_terminal model::grid::grid_handler::tests::wrapping
        PASS [   0.007s] (3785/4752) warp_terminal model::grid::grid_storage::tests::test_grid_git_diff_or_log
        PASS [   0.009s] (3786/4752) warp_terminal model::grid::grid_storage::tests::test_end_prompt_point
        PASS [   0.008s] (3787/4752) warp_terminal model::grid::grid_storage::tests::test_grid_scroll_down_with_fixed_line
        PASS [   0.008s] (3788/4752) warp_terminal model::grid::grid_storage::tests::test_grid_scroll_down
        PASS [   0.008s] (3789/4752) warp_terminal model::grid::grid_storage::tests::test_grid_scroll_up_by_multiple_lines
        PASS [   0.008s] (3790/4752) warp_terminal model::grid::grid_storage::tests::test_grid_scroll_up_only_some_lines_truncated
        PASS [   0.008s] (3791/4752) warp_terminal model::grid::grid_storage::tests::test_grid_scroll_up_with_fixed_lines
        PASS [   0.008s] (3792/4752) warp_terminal model::grid::grid_storage::tests::test_grid_truncate_to_cursor_cols_full_wrapped_line
        PASS [   0.008s] (3793/4752) warp_terminal model::grid::grid_storage::tests::test_grid_scroll_up
        PASS [   0.008s] (3794/4752) warp_terminal model::grid::grid_storage::tests::test_grid_truncate_to_cursor_cols
        PASS [   0.007s] (3795/4752) warp_terminal model::grid::grid_storage::tests::test_scrolling_up_updates_dirty_cells_range
        PASS [   0.007s] (3796/4752) warp_terminal model::grid::grid_storage::tests::test_split_already_split_grid
        PASS [   0.007s] (3797/4752) warp_terminal model::grid::grid_storage::tests::test_split_grid_cursor_at_split_point
        PASS [   0.007s] (3798/4752) warp_terminal model::grid::grid_storage::tests::test_truncate_cursor_bottom_scrollback
        PASS [   0.007s] (3799/4752) warp_terminal model::grid::grid_storage::tests::test_split_grid_exceed_rows
        PASS [   0.007s] (3800/4752) warp_terminal model::grid::grid_storage::tests::test_truncate_cursor_bottom_no_scrollback
        PASS [   0.007s] (3801/4752) warp_terminal model::grid::grid_storage::tests::test_split_grid_scrollback_visible_rows_out_of_bounds
        PASS [   0.008s] (3802/4752) warp_terminal model::grid::grid_storage::tests::test_split_grid_cursor_last_position
        PASS [   0.007s] (3803/4752) warp_terminal model::grid::grid_storage::tests::test_split_grid_scrollback_visible_rows
        PASS [   0.008s] (3804/4752) warp_terminal model::grid::grid_storage::tests::test_split_grid_cursor_in_grid1
        PASS [   0.008s] (3805/4752) warp_terminal model::grid::grid_storage::tests::test_truncate_cursor_middle_no_scrollback
        PASS [   0.007s] (3806/4752) warp_terminal model::grid::grid_storage::tests::test_truncate_cursor_middle_partial_scrollback
        PASS [   0.007s] (3807/4752) warp_terminal model::grid::grid_storage::tests::test_truncate_cursor_middle_scrollback
        PASS [   0.007s] (3808/4752) warp_terminal model::grid::hyperlink_registry::tests::intern_rejects_uri_above_max_bytes
        PASS [   0.007s] (3809/4752) warp_terminal model::grid::hyperlink_registry::tests::get_resolves_interned_link
        PASS [   0.007s] (3810/4752) warp_terminal model::grid::hyperlink_registry::tests::no_reclaim_overwrite_does_not_shrink_registry
        PASS [   0.007s] (3811/4752) warp_terminal model::grid::hyperlink_registry::tests::intern_dedupes_same_hyperlink
        PASS [   0.007s] (3812/4752) warp_terminal model::grid::hyperlink_registry::tests::intern_returns_distinct_ids_for_distinct_uris
        PASS [   0.008s] (3813/4752) warp_terminal model::grid::hyperlink_registry::tests::intern_returns_none_past_distinct_entries_cap
        PASS [   0.008s] (3814/4752) warp_terminal model::grid::selection_cursor::tests::test_cursor
        PASS [   0.007s] (3815/4752) warp_terminal model::grid::storage::tests::grow_before_zero
        PASS [   0.007s] (3816/4752) warp_terminal model::grid::storage::tests::grow_after_zero
        PASS [   0.007s] (3817/4752) warp_terminal model::grid::storage::tests::rotate_wrap_zero
        PASS [   0.008s] (3818/4752) warp_terminal model::grid::storage::tests::indexing
        PASS [   0.007s] (3819/4752) warp_terminal model::grid::storage::tests::shrink_after_zero
        PASS [   0.008s] (3820/4752) warp_terminal model::grid::storage::tests::rotate
        PASS [   0.008s] (3821/4752) warp_terminal model::grid::storage::tests::initialize
        PASS [   0.007s] (3822/4752) warp_terminal model::grid::storage::tests::shrink_before_and_after_zero
        PASS [   0.007s] (3823/4752) warp_terminal model::grid::storage::tests::shrink_before_zero
        PASS [   0.008s] (3824/4752) warp_terminal model::grid::storage::tests::indexing_above_inner_len
        PASS [   0.007s] (3825/4752) warp_terminal model::grid::storage::tests::testing_grid_to_raw_storage_indexing
        PASS [   0.007s] (3826/4752) warp_terminal model::grid::storage::tests::shrink_then_grow
        PASS [   0.007s] (3827/4752) warp_terminal model::grid::storage::tests::truncate_invisible_lines_beginning
        PASS [   0.007s] (3828/4752) warp_terminal model::grid::storage::tests::truncate_to_no_invisible_lines_rotated_buffer
        PASS [   0.007s] (3829/4752) warp_terminal model::grid::storage::tests::truncate_to_with_invisible_lines_rotated_buffer
        PASS [   0.008s] (3830/4752) warp_terminal model::grid::storage::tests::truncate_invisible_lines
        PASS [   0.008s] (3831/4752) warp_terminal model::grid::storage::tests::truncate_columns
        PASS [   0.008s] (3832/4752) warp_terminal model::grid::storage::tests::testing_visible_row_to_grid_indexing
        PASS [   0.008s] (3833/4752) warp_terminal model::grid::storage::tests::truncate_columns_ignore_hidden_rows
        PASS [   0.008s] (3834/4752) warp_terminal model::grid::storage::tests::truncate_to_no_invisible_lines_unrotated_buffer
        PASS [   0.008s] (3835/4752) warp_terminal model::grid::storage::tests::truncate_to_with_larger_target_len
        PASS [   0.008s] (3836/4752) warp_terminal model::grid::storage::tests::with_capacity
        PASS [   0.007s] (3837/4752) warp_terminal model::grid::tests::grow_can_move_max_cursor_column_right
        PASS [   0.007s] (3838/4752) warp_terminal model::grid::tests::grow_can_move_max_cursor_column_left
        PASS [   0.008s] (3839/4752) warp_terminal model::grid::tests::grow_can_leave_max_cursor_column_unchanged
        PASS [   0.007s] (3840/4752) warp_terminal model::grid::tests::grow_lines_with_no_scrollback
        PASS [   0.007s] (3841/4752) warp_terminal model::grid::tests::grow_lines_pulls_all_needed_lines_from_scrollback
        PASS [   0.007s] (3842/4752) warp_terminal model::grid::tests::grow_reflow_disabled
        PASS [   0.007s] (3843/4752) warp_terminal model::grid::tests::grow_lines_pulls_some_lines_from_scrollback
        PASS [   0.007s] (3844/4752) warp_terminal model::grid::tests::grow_reflow
        PASS [   0.007s] (3845/4752) warp_terminal model::grid::tests::grow_reflow_with_start_of_command_marker
        PASS [   0.007s] (3846/4752) warp_terminal model::grid::tests::grow_reflow_multiline
        PASS [   0.007s] (3847/4752) warp_terminal model::grid::tests::scroll_down
        PASS [   0.007s] (3848/4752) warp_terminal model::grid::tests::non_sequential_resizes_cursor_restoration
        PASS [   0.007s] (3849/4752) warp_terminal model::grid::tests::scroll_up
        PASS [   0.007s] (3850/4752) warp_terminal model::grid::tests::shrink_can_leave_max_cursor_column_unchanged
        PASS [   0.007s] (3851/4752) warp_terminal model::grid::tests::shrink_can_move_max_cursor_column_right
        PASS [   0.007s] (3852/4752) warp_terminal model::grid::tests::scroll_up_with_scrollback
        PASS [   0.008s] (3853/4752) warp_terminal model::grid::tests::shrink_can_move_max_cursor_column_left
        PASS [   0.008s] (3854/4752) warp_terminal model::grid::tests::multiple_resizes_cursor_position_restoration
        PASS [   0.464s] (3855/4752) warp_search_core mixer::mixer_test::test_stale_async_results_do_not_poison_newer_query
        PASS [   0.008s] (3856/4752) warp_terminal model::grid::tests::shrink_grow_reflow_cursor_position_non_zero_row
        PASS [   0.009s] (3857/4752) warp_terminal model::grid::tests::shrink_grow_reflow_cursor_position_multiple_grows_same_line_cursor_adjust
        PASS [   0.008s] (3858/4752) warp_terminal model::grid::tests::shrink_keeps_whitespace_before_max_cursor
        PASS [   0.007s] (3859/4752) warp_terminal model::grid::tests::shrink_lines_with_cursor_not_at_bottom
        PASS [   0.008s] (3860/4752) warp_terminal model::grid::tests::shrink_grow_reflow_cursor_position_saturation
        PASS [   0.007s] (3861/4752) warp_terminal model::grid::tests::shrink_reflow
        PASS [   0.008s] (3862/4752) warp_terminal model::grid::tests::shrink_lines_with_max_and_saved_cursors_after_cursor
        PASS [   0.008s] (3863/4752) warp_terminal model::grid::tests::shrink_keeps_multiple_lines_of_whitespace_before_max_cursor
        PASS [   0.008s] (3864/4752) warp_terminal model::grid::tests::shrink_lines_moves_into_scrollback
        PASS [   0.009s] (3865/4752) warp_terminal model::grid::tests::shrink_keeps_less_than_one_line_of_whitespace_before_max_cursor
        PASS [   0.008s] (3866/4752) warp_terminal model::grid::tests::shrink_reflow_disabled
        PASS [   0.008s] (3867/4752) warp_terminal model::grid::tests::shrink_reflow_empty_cell_inside_line
        PASS [   0.008s] (3868/4752) warp_terminal model::grid::tests::shrink_reflow_twice
        PASS [   0.007s] (3869/4752) warp_terminal model::indexing::tests::add_absolute
        PASS [   0.007s] (3870/4752) warp_terminal model::grid::tests::shrink_reflow_with_start_of_command_marker
        PASS [   0.007s] (3871/4752) warp_terminal model::grid::tests::test_shrink_cols_reflow_preserves_split_wide_char_as_wrapped_content
        PASS [   0.007s] (3872/4752) warp_terminal model::indexing::tests::add_absolute_multiline_wrapline
        PASS [   0.007s] (3873/4752) warp_terminal model::indexing::tests::add_absolute_clamp
        PASS [   0.007s] (3874/4752) warp_terminal model::indexing::tests::add_absolute_multiline_wrap
        PASS [   0.008s] (3875/4752) warp_terminal model::grid::tests::test_empty_row_with_leading_wide_char_spacer_resize_panic
        PASS [   0.007s] (3876/4752) warp_terminal model::indexing::tests::add_absolute_wrap
        PASS [   0.008s] (3877/4752) warp_terminal model::indexing::tests::add_absolute_wrapline
        PASS [   0.008s] (3878/4752) warp_terminal model::indexing::tests::location_ordering
        PASS [   0.007s] (3879/4752) warp_terminal model::indexing::tests::sub_absolute
        PASS [   0.008s] (3880/4752) warp_terminal model::indexing::tests::sub_absolute_multiline_wrapline
        PASS [   0.007s] (3881/4752) warp_terminal model::indexing::tests::wrapping_sub
        PASS [   0.008s] (3882/4752) warp_terminal model::indexing::tests::sub_absolute_wrap
        PASS [   0.009s] (3883/4752) warp_terminal model::indexing::tests::sub_absolute_multiline_wrap
        PASS [   0.008s] (3884/4752) warp_terminal model::indexing::tests::test_point_difference
        PASS [   0.008s] (3885/4752) warp_terminal model::indexing::tests::wrapping_add_wrap
        PASS [   0.009s] (3886/4752) warp_terminal model::indexing::tests::sub_absolute_wrapline
        PASS [   0.009s] (3887/4752) warp_terminal model::indexing::tests::wrapping_add
        PASS [   0.007s] (3888/4752) warp_terminal model::indexing::tests::wrapping_sub_wrap
        PASS [   0.007s] (3889/4752) warp_terminal model::iterm_image::tests::clamps_percentage_image_width
        PASS [   0.008s] (3890/4752) warp_terminal model::indexing::tests::wrapping_sub_clamp
        PASS [   0.007s] (3891/4752) warp_terminal model::iterm_image::tests::parse_invalid_iterm_image_dimensions
        PASS [   0.007s] (3892/4752) warp_terminal model::selection::tests::simple_is_empty
        PASS [   0.007s] (3893/4752) warp_terminal model::selection::tests::across_adjacent_lines
        PASS [   0.008s] (3894/4752) warp_terminal model::iterm_image::tests::parse_valid_iterm_image_dimensions
        PASS [   0.007s] (3895/4752) warp_terminal model::selection::tests::simple_max_min_column
        PASS [   0.008s] (3896/4752) warp_terminal model::selection::tests::selection_bigger_then_smaller
        PASS [   0.008s] (3897/4752) warp_terminal model::selection::tests::single_cell_left_to_right
        PASS [   0.008s] (3898/4752) warp_terminal model::selection::tests::single_cell_right_to_left
        PASS [   0.007s] (3899/4752) warp_terminal model::selection::tests::test_selection_rotate_down
        PASS [   0.008s] (3900/4752) warp_terminal model::selection::tests::test_selection_rotate_up
        PASS [   0.008s] (3901/4752) warp_terminal shell::tests::bash_escapes_single_quote_with_concatenation
        PASS [   0.007s] (3902/4752) warp_terminal shell::tests::command_injection_via_embedded_quotes_is_neutralized
        PASS [   0.007s] (3903/4752) warp_terminal shell::tests::fish_escapes_single_quote_with_backslash
        PASS [   0.008s] (3904/4752) warp_terminal shell::tests::powershell_escapes_single_quote_by_doubling
        PASS [   0.008s] (3905/4752) warp_terminal shell::tests::multiple_single_quotes_all_escaped
        PASS [   0.008s] (3906/4752) warp_terminal shell::tests::no_quotes_returns_input_unchanged
        PASS [   0.008s] (3907/4752) warp_terminal shell::tests::test_fish_parse_abbrs
        PASS [   0.008s] (3908/4752) warp_terminal shell::tests::test_fish_parse_aliases
        PASS [   0.009s] (3909/4752) warp_terminal shell::tests::test_fish_unescape_history_yaml
        PASS [   0.008s] (3910/4752) warp_terminal shell::tests::test_from_markdown_language_spec
        PASS [   0.007s] (3911/4752) warp_terminal shell::tests::test_parse_history_bash
        PASS [   0.008s] (3912/4752) warp_terminal shell::tests::test_from_name
        PASS [   0.008s] (3913/4752) warp_terminal shell::tests::test_parse_history_zsh
        PASS [   0.007s] (3914/4752) warp_terminal shell::tests::test_rc_file_paths_use_target_os_separator
        PASS [   0.007s] (3915/4752) warp_terminal shell::tests::test_parse_history_zsh_continuation_line_looks_like_prefix
        PASS [   0.007s] (3916/4752) warp_terminal shell::tests::test_strip_zsh_extended_prefix
        PASS [   0.007s] (3917/4752) warp_terminal shell::tests::test_should_add_command_to_history
        PASS [   0.007s] (3918/4752) warp_terminal shell::tests::test_zsh_unmetafy
        PASS [   0.008s] (3919/4752) warp_terminal shell::tests::zsh_escapes_single_quote_with_concatenation
        PASS [   0.007s] (3920/4752) warp_terminal shell::unescape::test_unescape_double_quotes_nonspecial_chars
        PASS [   0.008s] (3921/4752) warp_terminal shell::unescape::test_unescape_double_quotes
        PASS [   0.009s] (3922/4752) warp_terminal shell::unescape::test_unescape_backslash_with_newline
        PASS [   0.007s] (3923/4752) warp_terminal shell::unescape::test_unescape_quotes
        PASS [   0.010s] (3924/4752) warp_tui session_registry::tests::next_tab_wraps_to_the_first_session
        PASS [   0.011s] (3925/4752) warp_tui session::tests::cloud_session_flags_are_not_accepted
        PASS [   0.011s] (3926/4752) warp_tui session_registry::tests::previous_tab_wraps_to_the_last_session
        PASS [   0.012s] (3927/4752) warp_tui session_registry::tests::tab_navigation_is_empty_without_sessions
        PASS [   0.015s] (3928/4752) warp_tui alt_screen_view::tests::layout_fills_the_allocated_pane
        PASS [   0.011s] (3929/4752) warp_tui terminal_block::tests::active_running_command_submits_cursor_within_window
        PASS [   0.012s] (3930/4752) warp_tui terminal_block::tests::finished_command_does_not_submit_a_cursor
        PASS [   0.012s] (3931/4752) warp_tui terminal_block::tests::inline_shell_command_content_renders_a_clipped_row_window
        PASS [   0.013s] (3932/4752) warp_tui terminal_block::tests::inline_shell_command_content_keeps_terminal_background
        PASS [   0.020s] (3933/4752) warp_tui keybindings::tests::local_tui_bindings_register_without_cross_surface_conflicts
        PASS [   0.020s] (3934/4752) warp_tui keybindings::tests::editable_bindings_only_expose_local_tab_operations
        PASS [   0.010s] (3935/4752) warp_tui terminal_block::tests::shell_command_prefix_handles_single_column_width
        PASS [   0.010s] (3936/4752) warp_tui terminal_block::tests::top_level_shell_command_row_uses_tinted_background
        PASS [   0.010s] (3937/4752) warp_tui terminal_block::tests::user_command_block_is_rendered_at_top_level
        PASS [   0.010s] (3938/4752) warp_tui terminal_content_element::tests::composing_key_event_is_not_forwarded
        PASS [   0.010s] (3939/4752) warp_tui terminal_content_element::tests::dropped_receiver_does_not_panic
        PASS [   0.009s] (3940/4752) warp_tui terminal_content_element::tests::events_are_gated_by_their_policy_category
        PASS [   0.011s] (3941/4752) warp_tui terminal_content_element::tests::dispatch_reports_only_input_that_can_echo_as_typeahead
        PASS [   0.009s] (3942/4752) warp_tui terminal_content_element::tests::forwarded_input_preserves_bytes_and_reports_only_echoable_text
        PASS [   0.009s] (3943/4752) warp_tui terminal_content_element::tests::scroll_uses_sgr_when_available_and_arrows_otherwise
        PASS [   0.009s] (3944/4752) warp_tui terminal_content_element::tests::paste_normalizes_newlines_and_optionally_adds_bracket_markers
        PASS [   0.010s] (3945/4752) warp_tui terminal_content_element::tests::layout_measures_and_after_layout_publishes_the_size
        PASS [   0.009s] (3946/4752) warp_tui terminal_content_element::tests::sgr_mouse_events_use_area_relative_coordinates
        PASS [   0.009s] (3947/4752) warp_tui terminal_content_element::tests::unsupported_or_intercepted_mouse_events_are_not_forwarded
        PASS [   0.008s] (3948/4752) warp_tui terminal_session_view::tests::ctrl_c_is_forwarded_to_the_local_pty
        PASS [   0.008s] (3949/4752) warp_tui terminal_session_view::tests::user_input_is_forwarded_to_the_local_pty
        PASS [   0.011s] (3950/4752) warp_tui terminal_content_element::tests::unrequested_modifier_reports_are_not_forwarded_or_consumed
        PASS [   0.009s] (3951/4752) warp_tui tui_builder::tests::local_terminal_styles_follow_the_active_theme
        PASS [   0.009s] (3952/4752) warp_tui zero_state::tests::fixed_width_zero_state_only_describes_local_terminal_operations
        PASS [   0.007s] (3953/4752) warp_util content_version::tests::test_as_u64_matches_as_i32
        PASS [   0.007s] (3954/4752) warp_util content_version::tests::test_create_version
        PASS [   0.007s] (3955/4752) warp_util content_version::tests::test_from_raw_preserves_equality
        PASS [   0.007s] (3956/4752) warp_util content_version::tests::test_versions_equal
        PASS [   0.007s] (3957/4752) warp_util content_version::tests::test_versions_not_equal
        PASS [   0.007s] (3958/4752) warp_util content_version::tests::test_from_raw_roundtrip
        PASS [   0.008s] (3959/4752) warp_util file_type::tests::test_common_text_files
        PASS [   0.008s] (3960/4752) warp_util file_type::tests::test_binary_files
        PASS [   0.007s] (3961/4752) warp_util file_type::tests::test_development_extensions
        PASS [   0.007s] (3962/4752) warp_util file_type::tests::test_edge_cases
        PASS [   0.008s] (3963/4752) warp_util file_type::tests::test_extensionless_files
        PASS [   0.007s] (3964/4752) warp_util file_type::tests::test_is_jupyter_notebook_file
        PASS [   0.007s] (3965/4752) warp_util git::tests::build_wslenv_excludes_path_case_insensitively
        PASS [   0.007s] (3966/4752) warp_util git::tests::builds_wslenv_from_env_keys
        PASS [   0.007s] (3967/4752) warp_util git::tests::carries_case_insensitive_path_through_argv
        PASS [   0.007s] (3968/4752) warp_util git::tests::does_not_translate_non_unc_cwd
        PASS [   0.007s] (3969/4752) warp_util git::tests::carries_explicit_path_through_argv
        PASS [   0.007s] (3970/4752) warp_util git::tests::leaves_other_distro_unc_argument_unchanged
        PASS [   0.006s] (3971/4752) warp_util git::tests::omits_wslenv_when_no_env_keys
        PASS [   0.007s] (3972/4752) warp_util git::tests::rewrites_same_distro_unc_argument_to_linux_path
        PASS [   0.007s] (3973/4752) warp_util git::tests::rewrites_argument_with_case_insensitive_distro_match
        PASS [   0.007s] (3974/4752) warp_util git::tests::translates_git_in_unc_cwd
        PASS [   0.007s] (3975/4752) warp_util hashed::tests::compares_equal_to_the_key
        PASS [   0.007s] (3976/4752) warp_util git::tests::routes_through_login_shell_when_no_path
        PASS [   0.007s] (3977/4752) warp_util hashed::tests::equality_ignores_cached_hash
        PASS [   0.007s] (3978/4752) warp_util hashed::tests::derefs_to_the_key
        PASS [   0.007s] (3979/4752) warp_util hashed::tests::hash_matches_build_hasher
        PASS [   0.006s] (3980/4752) warp_util hashed::tests::into_key_consumes_and_returns_the_key
        PASS [   0.007s] (3981/4752) warp_util hashed::tests::key_returns_a_reference_to_the_key
        PASS [   0.007s] (3982/4752) warp_util hashed::tests::looks_up_key_in_map
        PASS [   0.007s] (3983/4752) warp_util hashed::tests::rehash_updates_cached_hash
        PASS [   0.007s] (3984/4752) warp_util lazy::tests::deferred_closure_can_capture_per_instance_data
        PASS [   0.007s] (3985/4752) warp_util lazy::tests::clone_shares_cache
        PASS [   0.007s] (3986/4752) warp_util lazy::tests::deferred_computes_once_and_caches
        PASS [   0.007s] (3987/4752) warp_util lazy::tests::get_if_cached_reflects_computed_state
        PASS [   0.007s] (3988/4752) warp_util lazy::tests::get_with_locks_source_to_compute_then_caches
        PASS [   0.006s] (3989/4752) warp_util lazy::tests::get_with_skips_with_source_when_already_cached
        PASS [   0.006s] (3990/4752) warp_util lazy::tests::provided_returns_value_without_computing
        PASS [   0.006s] (3991/4752) warp_util local_or_remote_path::tests::local_or_remote_path_helpers_return_local_path_components
        PASS [   0.007s] (3992/4752) warp_util local_or_remote_path::tests::local_or_remote_path_is_local_and_is_remote_classify_variants
        PASS [   0.007s] (3993/4752) warp_util local_or_remote_path::tests::local_or_remote_path_join_preserves_host_for_remote
        PASS [   0.007s] (3994/4752) warp_util local_or_remote_path::tests::local_or_remote_path_helpers_return_remote_path_components
        PASS [   0.007s] (3995/4752) warp_util local_or_remote_path::tests::local_or_remote_path_strip_repo_prefix_local_local
        PASS [   0.007s] (3996/4752) warp_util local_or_remote_path::tests::local_or_remote_path_join_with_absolute_replaces_prefix
        PASS [   0.006s] (3997/4752) warp_util local_or_remote_path::tests::local_or_remote_path_strip_repo_prefix_requires_same_host
        PASS [   0.007s] (3998/4752) warp_util local_or_remote_path::tests::local_or_remote_path_strip_repo_prefix_rejects_sibling_dirs
        PASS [   0.007s] (3999/4752) warp_util on_cancel::tests::test_aborted_future_calls_callback
        PASS [   0.006s] (4000/4752) warp_util on_cancel::tests::test_ready_future_doesnt_call_callback
        PASS [   0.007s] (4001/4752) warp_util path::tests::group_roots_by_common_ancestor_tests::descendant_first_still_absorbed
        PASS [   0.007s] (4002/4752) warp_util path::tests::group_roots_by_common_ancestor_tests::descendant_absorbed_by_closest_ancestor_not_furthest
        PASS [   0.007s] (4003/4752) warp_util path::tests::group_roots_by_common_ancestor_tests::descendant_absorbed_into_ancestor
        PASS [   0.007s] (4004/4752) warp_util path::tests::group_roots_by_common_ancestor_tests::empty_input_produces_empty_grouping
        PASS [   0.007s] (4005/4752) warp_util path::tests::group_roots_by_common_ancestor_tests::duplicate_inputs_collapse_to_single_survivor
        PASS [   0.007s] (4006/4752) warp_util path::tests::group_roots_by_common_ancestor_tests::mixed_groups_absorb_independently
        PASS [   0.007s] (4007/4752) warp_util path::tests::group_roots_by_common_ancestor_tests::same_prefix_different_component_name_both_survive
        PASS [   0.007s] (4008/4752) warp_util path::tests::group_roots_by_common_ancestor_tests::single_path_survives_with_no_absorbed
        PASS [   0.007s] (4009/4752) warp_util path::tests::group_roots_by_common_ancestor_tests::surviving_root_order_matches_input_order
        PASS [   0.007s] (4010/4752) warp_util path::tests::group_roots_by_common_ancestor_tests::unrelated_siblings_both_survive
        PASS [   0.007s] (4011/4752) warp_util path::tests::group_roots_by_common_ancestor_tests::three_deep_chain_collapses_to_root
        PASS [   0.007s] (4012/4752) warp_util path::tests::test_canonicalize_git_bash_path
        PASS [   0.006s] (4013/4752) warp_util path::tests::test_file_uri_drive_path_to_windows
        PASS [   0.007s] (4014/4752) warp_util path::tests::test_convert_windows_path_to_wsl
        PASS [   0.007s] (4015/4752) warp_util path::tests::test_is_wsl_unc_host
        PASS [   0.007s] (4016/4752) warp_util path::tests::test_is_wsl_unc_prefix
        PASS [   0.007s] (4017/4752) warp_util path::tests::test_parse_wsl_unc_path_rejects_other_paths
        PASS [   0.007s] (4018/4752) warp_util path::tests::test_normalize_relative_path_for_glob
        PASS [   0.007s] (4019/4752) warp_util path::tests::test_parse_wsl_unc_path
        PASS [   0.007s] (4020/4752) warp_util path::tests::test_posix_unescape
        PASS [   0.007s] (4021/4752) warp_util path::tests::test_posix_escape
        PASS [   0.016s] (4022/4752) warp_util path::tests::test_clean_path
        PASS [   0.016s] (4023/4752) warp_util path::tests::test_convert_windows_path_to_msys2
        PASS [   0.008s] (4024/4752) warp_util path::tests::test_powershell_unescape
        PASS [   0.008s] (4025/4752) warp_util path::tests::test_powershell_escape
        PASS [   0.007s] (4026/4752) warp_util path::tests::test_user_friendly_path_with_home
        PASS [   0.006s] (4027/4752) warp_util standardized_path::tests::display
        PASS [   0.007s] (4028/4752) warp_util path::tests::test_to_relative_path
        PASS [   0.006s] (4029/4752) warp_util standardized_path::tests::equality_and_hash
        PASS [   0.008s] (4030/4752) warp_util path::tests::test_resolve_command
        PASS [   0.007s] (4031/4752) warp_util standardized_path::tests::file_name
        PASS [   0.007s] (4032/4752) warp_util standardized_path::tests::extension
        PASS [   0.007s] (4033/4752) warp_util standardized_path::tests::from_local_absolute_unchecked_accepts_absolute
        PASS [   0.007s] (4034/4752) warp_util standardized_path::tests::from_local_absolute_unchecked_normalizes
        PASS [   0.007s] (4035/4752) warp_util standardized_path::tests::from_local_canonicalized_nonexistent
        PASS [   0.007s] (4036/4752) warp_util standardized_path::tests::from_local_canonicalized_existing_path
        PASS [   0.007s] (4037/4752) warp_util standardized_path::tests::join
        PASS [   0.007s] (4038/4752) warp_util standardized_path::tests::parent
        PASS [   0.006s] (4039/4752) warp_util standardized_path::tests::serde_roundtrip
        PASS [   0.615s] (4040/4752) warp_search_core mixer::mixer_test::test_initial_results_commit_keeps_sorted_results_when_async_finishes_before_timeout
        PASS [   0.007s] (4041/4752) warp_util standardized_path::tests::starts_with
        PASS [   0.007s] (4042/4752) warp_util standardized_path::tests::strip_prefix
        PASS [   0.007s] (4043/4752) warp_util standardized_path::tests::strip_prefix_matches_only_whole_components
        PASS [   0.008s] (4044/4752) warp_util standardized_path::tests::strip_prefix_equal_path
        PASS [   0.007s] (4045/4752) warp_util standardized_path::tests::to_local_path_unix_on_unix
        PASS [   0.007s] (4046/4752) warp_util standardized_path::tests::try_from_local_absolute
        PASS [   0.007s] (4047/4752) warp_util standardized_path::tests::to_local_path
        PASS [   0.007s] (4048/4752) warp_util standardized_path::tests::try_new_normalizes_dot_segments
        PASS [   0.007s] (4049/4752) warp_util standardized_path::tests::try_from_local_rejects_relative
        PASS [   0.007s] (4050/4752) warp_util standardized_path::tests::try_new_rejects_relative
        PASS [   0.007s] (4051/4752) warp_util standardized_path::tests::try_new_unix_absolute
        PASS [   0.007s] (4052/4752) warp_util sync::tests::test_condition_after_set
        PASS [   0.007s] (4053/4752) warp_util standardized_path::tests::try_new_windows_absolute
        PASS [   0.006s] (4054/4752) warp_util sync::tests::test_condition_multiple_sets
        PASS [   0.007s] (4055/4752) warp_util sync::tests::test_condition_multiple_waiters
        PASS [   0.007s] (4056/4752) warp_util worktree_names::tests::deterministic_output_with_seeded_rng
        PASS [   0.007s] (4057/4752) warp_util worktree_names::tests::all_words_are_valid_git_branch_components
        PASS [   0.007s] (4058/4752) warp_util worktree_names::tests::avoids_existing_branches
        PASS [   0.007s] (4059/4752) warp_util worktree_names::tests::word_list_has_no_duplicates
        PASS [   0.008s] (4060/4752) warp_util worktree_names::tests::format_is_two_hyphenated_words
        PASS [   0.009s] (4061/4752) warpui browser::tests::safe_browser_open_url_accepts_browser_safe_urls
        PASS [   0.009s] (4062/4752) warpui browser::tests::safe_browser_open_url_accepts_product_and_test_urls
        PASS [   0.009s] (4063/4752) warpui browser::tests::safe_browser_open_url_rejects_script_capable_and_risky_urls
        PASS [   0.009s] (4064/4752) warpui browser::tests::safe_browser_open_url_rejects_relative_and_malformed_urls
        PASS [   0.010s] (4065/4752) warpui browser::tests::safe_browser_open_url_keeps_dangerous_content_as_url_data
        PASS [   0.014s] (4066/4752) warp_util worktree_names::tests::words_are_distinct
        PASS [   0.034s] (4067/4752) warp_util worktree_names::tests::escalates_to_three_words_when_two_word_space_exhausted
        PASS [   0.211s] (4068/4752) warp_tui terminal_block::tests::unfinished_background_block_renders_without_submitting_cursor
        PASS [   0.136s] (4069/4752) warpui fonts::text_layout_tests::test_fixed_width_tab_size_matches_spaces_width
        PASS [   0.140s] (4070/4752) warpui fonts::text_layout_tests::test_caret_positions
        PASS [   0.139s] (4071/4752) warpui fonts::text_layout_tests::test_char_indices
        PASS [   0.137s] (4072/4752) warpui fonts::text_layout_tests::test_layout_mixed_ltr_rtl_text
        PASS [   0.135s] (4073/4752) warpui fonts::text_layout_tests::test_layout_text_first_line_head_indent
        PASS [   0.139s] (4074/4752) warpui fonts::text_layout_tests::test_layout_str_infinite_height
        PASS [   0.141s] (4075/4752) warpui fonts::text_layout_tests::test_layout_text
        PASS [   0.130s] (4076/4752) warpui fonts::text_layout_tests::test_layout_text_first_line_indent_large
        PASS [   0.155s] (4077/4752) warpui fonts::text_layout_tests::test_layout_str
        PASS [   0.161s] (4078/4752) warpui fonts::text_layout_tests::test_layout_str_with_style
        PASS [   0.815s] (4079/4752) warp_search_core mixer::mixer_test::test_initial_results_timeout_and_appends_late_async_results_without_reordering
        PASS [   0.110s] (4080/4752) warpui fonts::text_layout_tests::test_layout_text_first_line_indent_large_bidirectional
        PASS [   0.838s] (4081/4752) warp_search_core searcher::test::test_searcher_async
        PASS [   0.151s] (4082/4752) warpui fonts::text_layout_tests::test_layout_text_large_first_line_head_indent
        PASS [   0.158s] (4083/4752) warpui fonts::text_layout_tests::test_layout_text_first_line_indent_medium_bidirectional
        PASS [   0.158s] (4084/4752) warpui fonts::text_layout_tests::test_layout_text_first_line_indent_medium
        PASS [   0.159s] (4085/4752) warpui fonts::text_layout_tests::test_layout_text_first_line_indent_small_bidirectional
        PASS [   0.151s] (4086/4752) warpui fonts::text_layout_tests::test_leading_newline_caret_positions
        PASS [   0.008s] (4087/4752) warpui platform::mac::rendering::metal::frame_capture::tests::test_convert_bgra_to_rgba
        PASS [   0.164s] (4088/4752) warpui fonts::text_layout_tests::test_layout_text_first_line_indent_small
        PASS [   0.160s] (4089/4752) warpui fonts::text_layout_tests::test_layout_text_last_line_clipped
        PASS [   2.531s] (4090/4752) warp themes::theme_creator::tests::top_colors_jellyfish_test
        PASS [   0.156s] (4091/4752) warpui fonts::text_layout_tests::test_multiline_caret_positions
        PASS [   0.155s] (4092/4752) warpui fonts::text_layout_tests::test_multiline_glyph_indices
        PASS [   0.151s] (4093/4752) warpui platform::mac::fonts::tests::cgfont_key_matches_same_font_only
        PASS [   0.135s] (4094/4752) warpui platform::mac::fonts::tests::distinct_fonts_resolve_to_their_own_ids
        PASS [   0.010s] (4095/4752) warpui platform::mac::text_layout::tests::test_merge_adjacent_identical_runs_combines_contiguous_identical_styles
        PASS [   0.008s] (4096/4752) warpui platform::mac::text_layout::tests::test_merge_adjacent_identical_runs_does_not_merge_across_gaps
        PASS [   0.010s] (4097/4752) warpui platform::mac::text_layout::tests::test_merge_adjacent_identical_runs_noop_when_already_distinct
        PASS [   0.129s] (4098/4752) warpui platform::mac::fonts::tests::font_id_for_native_font_round_trips_across_sizes
        PASS [   0.027s] (4099/4752) warpui::headless_main_thread services_main_dispatch_queue
        PASS [   0.021s] (4100/4752) warpui_core assets::asset_cache::tests::evicts_oldest_versioned_local_file_assets_over_limit
        PASS [   0.010s] (4101/4752) warpui_core assets::asset_cache::tests::local_file_content_version_changes_when_file_contents_change
        PASS [   0.011s] (4102/4752) warpui_core assets::asset_cache::tests::local_file_content_version_is_none_for_missing_file
        PASS [   0.011s] (4103/4752) warpui_core assets::asset_cache::tests::with_local_file_content_version_leaves_non_local_sources_unchanged
        PASS [   0.012s] (4104/4752) warpui_core clipboard_utils::tests::test_clipboard_content_with_images
        PASS [   0.013s] (4105/4752) warpui_core clipboard_utils::tests::test_extract_filename_from_clipboard_content
        PASS [   0.011s] (4106/4752) warpui_core clipboard_utils::tests::test_extract_filename_from_html
        PASS [   0.010s] (4107/4752) warpui_core clipboard_utils::tests::test_extract_filename_from_text
        PASS [   0.017s] (4108/4752) warpui_core core::autotracking::tests::test_update_model_dependency_rerenders
        PASS [   0.024s] (4109/4752) warpui_core core::autotracking::tests::test_model_updates_multiple_views
        PASS [   0.010s] (4110/4752) warpui_core core::autotracking::tests::test_update_model_non_dependency_no_rerender
        PASS [   0.010s] (4111/4752) warpui_core core::autotracking::tests::test_update_view_dependency_rerenders
        PASS [   0.010s] (4112/4752) warpui_core core::autotracking::tests::test_updates_multiple_sources
        PASS [   0.011s] (4113/4752) warpui_core core::autotracking::tests::test_update_view_non_dependency_no_rerender
        PASS [   0.148s] (4114/4752) warpui platform::mac::text_layout::tests::test_bidi_caret_positions
        PASS [   0.008s] (4115/4752) warpui_core core::tests::ref_count_tests::test_weak_handle_fails_after_last_strong_handle_dropped_in_event_callback
        PASS [   0.010s] (4116/4752) warpui_core core::model::context::tests::test_model_spawner_dropped_model
        PASS [   0.011s] (4117/4752) warpui_core core::model::context::tests::test_model_spawner
        PASS [   0.155s] (4118/4752) warpui platform::mac::text_layout::tests::test_emoji_caret_positions
        PASS [   0.139s] (4119/4752) warpui platform::mac::text_layout::tests::test_tab_stops_affect_line_width
        PASS [   0.011s] (4120/4752) warpui_core core::tests::ref_count_tests::test_weak_view_handle_fails_after_last_strong_handle_dropped_in_event_callback
        PASS [   0.011s] (4121/4752) warpui_core core::tests::test_dispatch_action
        PASS [   0.141s] (4122/4752) warpui platform::mac::text_layout::tests::test_tab_stops_do_not_drift_over_long_runs
        PASS [   0.010s] (4123/4752) warpui_core core::tests::test_dispatch_close_window_action
        PASS [   0.174s] (4124/4752) warpui platform::mac::text_layout::tests::test_caret_positions_ligatures
        PASS [   0.021s] (4125/4752) warpui_core core::tests::test_await_spawned_future
        PASS [   0.010s] (4126/4752) warpui_core core::tests::test_dispatch_keystroke_typed_action
        PASS [   0.011s] (4127/4752) warpui_core core::tests::test_dispatch_keystroke
        PASS [   0.171s] (4128/4752) warpui platform::mac::text_layout::tests::test_layout_text_large_first_line_head_indent_ligatures
        PASS [   0.011s] (4129/4752) warpui_core core::tests::test_dropping_observers
        PASS [   0.012s] (4130/4752) warpui_core core::tests::test_dispatch_typed_action
        PASS [   0.009s] (4131/4752) warpui_core core::tests::test_focus
        PASS [   0.010s] (4132/4752) warpui_core core::tests::test_dropping_subscribers
        PASS [   0.010s] (4133/4752) warpui_core core::tests::test_finish_pending_tasks
        PASS [   0.023s] (4134/4752) warpui_core core::tests::test_dispatch_custom_action_triggers_typed_action
        PASS [   0.010s] (4135/4752) warpui_core core::tests::test_global_action_from_model
        PASS [   0.008s] (4136/4752) warpui_core core::tests::test_global_action_from_view
        PASS [   0.178s] (4137/4752) warpui platform::mac::text_layout::tests::test_layout_text_last_line_clipped_ligatures
        PASS [   0.179s] (4138/4752) warpui platform::mac::text_layout::tests::test_layout_text_ligatures
        PASS [   0.190s] (4139/4752) warpui platform::mac::text_layout::tests::test_char_indices_ligatures
        PASS [   0.187s] (4140/4752) warpui platform::mac::text_layout::tests::test_layout_text_first_line_head_indent_ligatures
        PASS [   0.019s] (4141/4752) warpui_core core::tests::test_editable_binding_getters
        PASS [   0.009s] (4142/4752) warpui_core core::tests::test_nested_focus_with_unrendered_view
        PASS [   0.015s] (4143/4752) warpui_core core::tests::test_key_bindings_for_view
        PASS [   0.011s] (4144/4752) warpui_core core::tests::test_nested_focus
        PASS [   0.011s] (4145/4752) warpui_core core::tests::test_observe_and_notify_from_model
        PASS [   0.011s] (4146/4752) warpui_core core::tests::test_observe_and_notify_from_view
        PASS [   0.011s] (4147/4752) warpui_core core::tests::test_spawn_from_model
        PASS [   0.011s] (4148/4752) warpui_core core::tests::test_observe_model_from_app
        PASS [   0.010s] (4149/4752) warpui_core core::tests::test_subscribe_and_emit_from_view
        PASS [   0.012s] (4150/4752) warpui_core core::tests::test_spawn_stream_local_from_model
        PASS [   0.012s] (4151/4752) warpui_core core::tests::test_spawn_stream_local_from_view
        PASS [   0.010s] (4152/4752) warpui_core core::tests::test_subscribe_then_unsubscribe_from_model_inside_callback_drops_new_subscription
        PASS [   0.013s] (4153/4752) warpui_core core::tests::test_subscribe_and_emit_from_model
        PASS [   0.011s] (4154/4752) warpui_core core::tests::test_subscribe_to_model_from_app
        PASS [   0.010s] (4155/4752) warpui_core core::tests::test_subscribe_to_view_from_app
        PASS [   0.010s] (4156/4752) warpui_core core::tests::test_unsubscribe_from_model_inside_callback
        PASS [   0.011s] (4157/4752) warpui_core core::tests::test_subscribe_to_view_from_model
        PASS [   0.012s] (4158/4752) warpui_core core::tests::test_ui_and_window_updates
        PASS [   0.009s] (4159/4752) warpui_core core::tests::test_unsubscribe_then_resubscribe_from_model_inside_callback_keeps_new_subscription
        PASS [   0.010s] (4160/4752) warpui_core core::tests::test_unsubscribe_from_model_inside_callback_with_multiple_subscriptions
        PASS [   0.010s] (4161/4752) warpui_core core::tests::test_view_handles_from_typed_action_views
        PASS [   0.011s] (4162/4752) warpui_core core::tests::test_view_handles
        PASS [   0.009s] (4163/4752) warpui_core core::tests::test_view_unsubscribe_then_resubscribe_to_model_inside_callback_keeps_new_subscription
        PASS [   0.010s] (4164/4752) warpui_core core::tests::test_view_unsubscribe_to_model_inside_callback
        PASS [   0.011s] (4165/4752) warpui_core core::tests::test_view_unsubscribe_to_model_inside_callback_with_multiple_subscriptions
        PASS [   0.013s] (4166/4752) warpui_core core::tests::test_view_subscribe_then_unsubscribe_to_model_inside_callback_drops_new_subscription
        PASS [   0.011s] (4167/4752) warpui_core core::tests::transfer_view_tests::test_transfer_nonexistent_view_returns_false
        PASS [   0.011s] (4168/4752) warpui_core core::tests::transfer_view_tests::test_transfer_structural_children_does_not_move_unrelated_views
        PASS [   0.013s] (4169/4752) warpui_core core::tests::transfer_view_tests::test_on_window_transferred_callback_fires
        PASS [   0.010s] (4170/4752) warpui_core core::tests::transfer_view_tests::test_transfer_structural_grandchildren_follows_transitively
        PASS [   0.011s] (4171/4752) warpui_core core::tests::transfer_view_tests::test_transfer_to_same_window_is_noop
        PASS [   0.013s] (4172/4752) warpui_core core::tests::transfer_view_tests::test_transfer_structural_children_follows_parent
        PASS [   0.010s] (4173/4752) warpui_core core::tests::transfer_view_tests::test_transfer_view_drop_and_reference_counting
        PASS [   0.010s] (4174/4752) warpui_core core::tests::transfer_view_tests::test_transfer_view_observations_continue_working
        PASS [   0.011s] (4175/4752) warpui_core core::tests::transfer_view_tests::test_transfer_view_app_subscriptions_continue_working
        PASS [   0.010s] (4176/4752) warpui_core core::tests::transfer_view_tests::test_transfer_view_stream_continues_in_target_window
        PASS [   0.011s] (4177/4752) warpui_core core::tests::transfer_view_tests::test_transfer_view_to_window_updates_window_mapping
        PASS [   0.012s] (4178/4752) warpui_core core::tests::transfer_view_tests::test_transfer_view_subscriptions_continue_working
        PASS [   0.010s] (4179/4752) warpui_core core::tests::transfer_view_tests::test_transfer_view_tree_reconciles_views_known_only_to_target_presenter
        PASS [   0.011s] (4180/4752) warpui_core core::tui_view_tests::test_add_focus_and_hook_dispatch
        PASS [   0.012s] (4181/4752) warpui_core core::tests::transfer_view_tests::test_weak_view_handle_upgrade_after_transfer
        PASS [   0.012s] (4182/4752) warpui_core core::tests::transfer_view_tests::test_transfer_view_tree_moves_child_view_ids_owned_views
        PASS [   0.012s] (4183/4752) warpui_core core::tui_view_tests::test_drop_removes_tui_view
        PASS [   0.009s] (4184/4752) warpui_core core::tui_view_tests::test_update_and_read_via_handle
        PASS [   0.010s] (4185/4752) warpui_core core::tui_view_tests::test_typed_action_dispatch_through_shared_responder_chain
        PASS [   0.010s] (4186/4752) warpui_core core::tui_view_tests::test_render_tui_view
        PASS [   0.011s] (4187/4752) warpui_core core::tui_view_tests::test_model_subscription_from_tui_view
        PASS [   0.010s] (4188/4752) warpui_core core::view::context::tests::test_spawn_from_view
        PASS [   0.009s] (4189/4752) warpui_core elements::animation::tests::holds_each_keyframe_for_its_duration_and_loops
        PASS [   0.010s] (4190/4752) warpui_core elements::animation::tests::clock_starts_at_its_initial_elapsed_and_advances
        PASS [   0.011s] (4191/4752) warpui_core core::view::context::tests::test_view_spawner
        PASS [   0.012s] (4192/4752) warpui_core elements::animation::tests::rejects_a_timeline_with_no_duration
        PASS [   0.012s] (4193/4752) warpui_core elements::animation::tests::values_are_in_timeline_order
        PASS [   0.012s] (4194/4752) warpui_core elements::animation::tests::skips_zero_hold_keyframes
        PASS [   0.010s] (4195/4752) warpui_core elements::gui::event_handler::tests::test_default_mouse_in_behavior
        PASS [   0.011s] (4196/4752) warpui_core elements::gui::clipped_scrollable::tests::test_scroll_to_position
        PASS [   0.013s] (4197/4752) warpui_core elements::gui::clipped::tests::test_clipped_element_click_handling
        PASS [   0.013s] (4198/4752) warpui_core elements::gui::container::tests::test_container_element_overlay_click_handling
        PASS [   0.014s] (4199/4752) warpui_core elements::gui::event_handler::tests::test_layered_click_handling
        PASS [   0.010s] (4200/4752) warpui_core elements::gui::event_handler::tests::test_mouse_in_behavior_dont_fire_when_covered
        PASS [   0.009s] (4201/4752) warpui_core elements::gui::event_handler::tests::test_right_mouse_down_with_shift_reports_modifier
        PASS [   0.011s] (4202/4752) warpui_core elements::gui::event_handler::tests::test_mouse_in_behavior_dont_fire_on_synthetic_events
        PASS [   0.016s] (4203/4752) warpui_core elements::gui::event_handler::tests::test_event_propagation
        PASS [   0.010s] (4204/4752) warpui_core elements::gui::flex::tests::test_flex_column_spacing
        PASS [   0.011s] (4205/4752) warpui_core elements::gui::flex::tests::test_flex_cross_axis_alignment
        PASS [   0.012s] (4206/4752) warpui_core elements::gui::flex::tests::test_flex_main_axis_alignment
        PASS [   0.011s] (4207/4752) warpui_core elements::gui::flex::tests::test_flex_row_spacing
        PASS [   0.010s] (4208/4752) warpui_core elements::gui::flex::tests::test_flex_spacing_single_child
        PASS [   0.012s] (4209/4752) warpui_core elements::gui::flex::tests::test_flex_spacing_empty
        PASS [   0.011s] (4210/4752) warpui_core elements::gui::flex::tests::test_flex_spacing_with_center_alignment
        PASS [   0.011s] (4211/4752) warpui_core elements::gui::flex::wrap::tests::test_column_wraps_across_runs
        PASS [   0.010s] (4212/4752) warpui_core elements::gui::flex::wrap::tests::test_oversized_item_does_not_block_subsequent_items
        PASS [   0.012s] (4213/4752) warpui_core elements::gui::flex::wrap::tests::test_min_size_along_row
        PASS [   0.012s] (4214/4752) warpui_core elements::gui::flex::wrap::tests::test_fill_element_exceeds_size_constraint
        PASS [   0.012s] (4215/4752) warpui_core elements::gui::flex::wrap::tests::test_fill_element_within_size_constraint
        PASS [   0.010s] (4216/4752) warpui_core elements::gui::flex::wrap::tests::test_row_wraps_across_runs
        PASS [   0.010s] (4217/4752) warpui_core elements::gui::flex::wrap::tests::test_wrap_both_spacings
        PASS [   0.012s] (4218/4752) warpui_core elements::gui::flex::wrap::tests::test_second_element_exceeds_size_constraint
        PASS [   0.009s] (4219/4752) warpui_core elements::gui::flex::wrap::tests::test_wrap_first_element_exceeds_size_constraint
        PASS [   0.012s] (4220/4752) warpui_core elements::gui::flex::wrap::tests::test_wrap_column_run_spacing
        PASS [   0.011s] (4221/4752) warpui_core elements::gui::flex::wrap::tests::test_wrap_column_spacing
        PASS [   0.011s] (4222/4752) warpui_core elements::gui::flex::wrap::tests::test_wrap_empty
        PASS [   0.009s] (4223/4752) warpui_core elements::gui::flex::wrap::tests::test_wrap_spacing_with_wrapping
        PASS [   0.009s] (4224/4752) warpui_core elements::gui::flex::wrap::tests::test_wrap_with_too_many_elements
        PASS [   0.010s] (4225/4752) warpui_core elements::gui::flex::wrap::tests::test_wrap_zero_spacing
        PASS [   0.011s] (4226/4752) warpui_core elements::gui::flex::wrap::tests::test_wrap_spacing_edge_cases
        PASS [   0.012s] (4227/4752) warpui_core elements::gui::flex::wrap::tests::test_wrap_run_spacing
        PASS [   0.009s] (4228/4752) warpui_core elements::gui::formatted_text_element::tests::applies_multiple_replacements_in_descending_order
        PASS [   0.012s] (4229/4752) warpui_core elements::gui::flex::wrap::tests::test_wrap_spacing
        PASS [   0.008s] (4230/4752) warpui_core elements::gui::formatted_text_element::tests::expand_selection_stops_at_end_of_punctuation_run
        PASS [   0.011s] (4231/4752) warpui_core elements::gui::formatted_text_element::tests::applies_replacements_with_multibyte_and_prefix
        PASS [   0.010s] (4232/4752) warpui_core elements::gui::formatted_text_element::tests::expand_selection_excludes_trailing_whitespace_after_punctuation
        PASS [   0.010s] (4233/4752) warpui_core elements::gui::formatted_text_element::tests::order_matters_when_replacement_changes_length
        PASS [   0.011s] (4234/4752) warpui_core elements::gui::formatted_text_element::tests::single_click_on_link_is_handled_so_selection_is_not_started
        PASS [   0.009s] (4235/4752) warpui_core elements::gui::formatted_text_element::tests::smart_select_returns_none_when_point_is_outside_horizontal_bounds
        PASS [   0.009s] (4236/4752) warpui_core elements::gui::formatted_text_element::tests::test_default_heading_font_size_multipliers
        PASS [   0.009s] (4237/4752) warpui_core elements::gui::formatted_text_element::tests::test_get_multiplier_method
        PASS [   0.010s] (4238/4752) warpui_core elements::gui::hoverable::tests::test_hoverable_element_click_handling
        PASS [   0.009s] (4239/4752) warpui_core elements::gui::hoverable::tests::test_hoverable_element_hover_handling_no_delay
        PASS [   0.012s] (4240/4752) warpui_core elements::gui::formatted_text_element::tests::test_custom_heading_font_size_multipliers
        PASS [   0.009s] (4241/4752) warpui_core elements::gui::image::tests::failed_to_load_prefers_failure_element_when_provided
        PASS [   0.010s] (4242/4752) warpui_core elements::gui::hoverable::tests::test_unpainted_hoverable_receives_click_events_without_panic
        PASS [   0.010s] (4243/4752) warpui_core elements::gui::image::tests::failed_to_load_falls_back_to_before_load_element
        PASS [   0.009s] (4244/4752) warpui_core elements::gui::image::tests::image_rect_returns_none_for_nan_origin
        PASS [   0.009s] (4245/4752) warpui_core elements::gui::image::tests::loading_timeout_survives_image_rebuild_for_same_source
        PASS [   0.010s] (4246/4752) warpui_core elements::gui::image::tests::loading_image_switches_to_timeout_element_after_timeout
        PASS [   0.008s] (4247/4752) warpui_core elements::gui::list::tests::test_indent_jump
        PASS [   0.009s] (4248/4752) warpui_core elements::gui::list::tests::test_entirely_automatic
        PASS [   0.009s] (4249/4752) warpui_core elements::gui::list::tests::test_assigned_numbers
        PASS [   0.008s] (4250/4752) warpui_core elements::gui::list::tests::test_number_to_roman
        PASS [   0.008s] (4251/4752) warpui_core elements::gui::new_scrollable::tests::clearing_scroll_anchor_treats_same_viewport_selection_as_new_content
        PASS [   0.009s] (4252/4752) warpui_core elements::gui::list::tests::test_number_to_alphabet
        PASS [   0.008s] (4253/4752) warpui_core elements::gui::list::tests::test_reset
        PASS [   0.008s] (4254/4752) warpui_core elements::gui::new_scrollable::tests::clipped_scrollable_selection_apis_use_viewport_coordinates
        PASS [   0.009s] (4255/4752) warpui_core elements::gui::new_scrollable::tests::clipped_scrollable_reanchors_existing_selection_after_horizontal_scroll
        PASS [   0.010s] (4256/4752) warpui_core elements::gui::new_scrollable::tests::test_click_to_scroll_horizontal
        PASS [   0.011s] (4257/4752) warpui_core elements::gui::new_scrollable::tests::test_click_to_scroll_vertical
        PASS [   0.014s] (4258/4752) warpui_core elements::gui::new_scrollable::tests::test_click_to_scroll_dual
        PASS [   0.009s] (4259/4752) warpui_core elements::gui::new_scrollable::util::tests::test_scroll_delta_for_axis_fully_into_view
        PASS [   0.008s] (4260/4752) warpui_core elements::gui::new_scrollable::util::tests::test_scroll_delta_for_axis_top_into_view
        PASS [   0.012s] (4261/4752) warpui_core elements::gui::new_scrollable::tests::test_scroll_to_position_horizontal
        PASS [   0.014s] (4262/4752) warpui_core elements::gui::new_scrollable::tests::test_scroll_position_top_into_view_does_not_alternate
        PASS [   0.014s] (4263/4752) warpui_core elements::gui::new_scrollable::tests::test_scroll_to_position_vertical
        PASS [   0.009s] (4264/4752) warpui_core elements::gui::scrollable::tests::test_clicks_in_scrollbar_gutter_change_scroll_position_horizontal
        PASS [   0.014s] (4265/4752) warpui_core elements::gui::new_scrollable::tests::test_scroll_to_position_dual
        PASS [   0.010s] (4266/4752) warpui_core elements::gui::scrollable::tests::test_clicks_in_scrollbar_gutter_change_scroll_position_vertical
        PASS [   0.009s] (4267/4752) warpui_core elements::gui::scrollable::tests::test_clipped_scrolling_horizontal
        PASS [   0.008s] (4268/4752) warpui_core elements::gui::scrollable::tests::test_clipped_scrolling_no_scrollbars_vertical
        PASS [   0.009s] (4269/4752) warpui_core elements::gui::scrollable::tests::test_clipped_scrolling_no_scrollbars_horizontal
        PASS [   0.008s] (4270/4752) warpui_core elements::gui::scrollable::tests::test_ignores_clicks_outside_scrollbar_bounds_horizontal
        PASS [   0.011s] (4271/4752) warpui_core elements::gui::scrollable::tests::test_clipped_scrolling_vertical
        PASS [   0.009s] (4272/4752) warpui_core elements::gui::scrollable::tests::test_ignores_clicks_outside_scrollbar_bounds_vertical
        PASS [   0.009s] (4273/4752) warpui_core elements::gui::scrollable::tests::test_stacked_view_scroll_handling_horizontal
        PASS [   0.010s] (4274/4752) warpui_core elements::gui::scrollable::tests::test_stacked_view_scroll_handling_vertical
        PASS [   0.008s] (4275/4752) warpui_core elements::gui::size_constraint_switch::tests::renders_default_child_when_no_conditions_match
        PASS [   0.009s] (4276/4752) warpui_core elements::gui::size_constraint_switch::tests::renders_element_with_max_height_condition
        PASS [   0.008s] (4277/4752) warpui_core elements::gui::size_constraint_switch::tests::renders_element_with_max_size_condition
        PASS [   0.009s] (4278/4752) warpui_core elements::gui::size_constraint_switch::tests::renders_element_with_max_width_condition
        PASS [   0.009s] (4279/4752) warpui_core elements::gui::stack::offset_positioning::tests::test_offset_from_parent_bound_to_parent_with_position
        PASS [   0.009s] (4280/4752) warpui_core elements::gui::size_constraint_switch::tests::size_condition_doesnt_match_with_valid_width_only
        PASS [   0.009s] (4281/4752) warpui_core elements::gui::stack::offset_positioning::tests::test_offset_from_parent_bound_to_parent_with_size
        PASS [   0.008s] (4282/4752) warpui_core elements::gui::stack::offset_positioning::tests::test_offset_from_parent_bound_to_window_with_position
        PASS [   0.010s] (4283/4752) warpui_core elements::gui::size_constraint_switch::tests::size_condition_doesnt_match_with_valid_height_only
        PASS [   0.008s] (4284/4752) warpui_core elements::gui::stack::offset_positioning::tests::test_offset_from_parent_unbounded
        PASS [   0.008s] (4285/4752) warpui_core elements::gui::stack::offset_positioning::tests::test_offset_from_positioned_element_bound_to_anchor
        PASS [   0.008s] (4286/4752) warpui_core elements::gui::stack::offset_positioning::tests::test_offset_from_positioned_element_bound_to_parent_with_position
        PASS [   0.007s] (4287/4752) warpui_core elements::gui::stack::offset_positioning::tests::test_offset_from_positioned_element_bound_to_parent_with_position_with_window_overflow
        PASS [   0.008s] (4288/4752) warpui_core elements::gui::stack::offset_positioning::tests::test_offset_from_positioned_element_bound_to_parent_with_position_with_double_window_overflow
        PASS [   0.008s] (4289/4752) warpui_core elements::gui::stack::offset_positioning::tests::test_offset_from_positioned_element_bound_to_window_with_position
        PASS [   0.008s] (4290/4752) warpui_core elements::gui::stack::offset_positioning::tests::test_offset_from_positioned_element_unbounded
        PASS [   0.009s] (4291/4752) warpui_core elements::gui::stack::tests::test_paint_sets_z_index
        PASS [   0.009s] (4292/4752) warpui_core elements::gui::stack::tests::test_relative_positioning
        PASS [   0.010s] (4293/4752) warpui_core elements::gui::stack::offset_positioning::tests::test_offset_from_positioned_element_bound_to_window_with_size
        PASS [   0.010s] (4294/4752) warpui_core elements::gui::stack::tests::test_relative_positioning_bound_to_missing_anchor
        PASS [   0.008s] (4295/4752) warpui_core elements::gui::stack::tests::test_relative_positioning_bound_to_window_by_position
        PASS [   0.009s] (4296/4752) warpui_core elements::gui::stack::tests::test_relative_positioning_bound_to_window_by_size
        PASS [   0.009s] (4297/4752) warpui_core elements::gui::table::tests::test_approximate_height_estimates_unmeasured_rows
        PASS [   0.008s] (4298/4752) warpui_core elements::gui::table::tests::test_children_vector_is_initially_empty
        PASS [   0.010s] (4299/4752) warpui_core elements::gui::table::tests::test_approximate_height_with_measured_rows
        PASS [   0.008s] (4300/4752) warpui_core elements::gui::table::tests::test_compute_column_lefts
        PASS [   0.008s] (4301/4752) warpui_core elements::gui::table::tests::test_compute_column_lefts_empty
        PASS [   0.009s] (4302/4752) warpui_core elements::gui::table::tests::test_compute_column_lefts_single
        PASS [   0.008s] (4303/4752) warpui_core elements::gui::table::tests::test_compute_column_widths_empty_table
        PASS [   0.008s] (4304/4752) warpui_core elements::gui::table::tests::test_compute_column_widths_fixed_only
        PASS [   0.008s] (4305/4752) warpui_core elements::gui::table::tests::test_compute_column_widths_fraction
        PASS [   0.009s] (4306/4752) warpui_core elements::gui::table::tests::test_compute_column_widths_flex_only
        PASS [   0.008s] (4307/4752) warpui_core elements::gui::table::tests::test_compute_column_widths_intrinsic_no_scaling_needed
        PASS [   0.008s] (4308/4752) warpui_core elements::gui::table::tests::test_compute_column_widths_intrinsic_scaling
        PASS [   0.008s] (4309/4752) warpui_core elements::gui::table::tests::test_compute_column_widths_mixed
        PASS [   0.009s] (4310/4752) warpui_core elements::gui::table::tests::test_max_scroll_offset_respects_viewport
        PASS [   0.009s] (4311/4752) warpui_core elements::gui::table::tests::test_scroll_to_row_updates_scroll_offset
        PASS [   0.008s] (4312/4752) warpui_core elements::gui::table::tests::test_sumtree_initialization_with_row_count
        PASS [   0.010s] (4313/4752) warpui_core elements::gui::table::tests::test_scroll_to_row_with_offset
        PASS [   0.008s] (4314/4752) warpui_core elements::gui::table::tests::test_sumtree_row_height_invalidation
        PASS [   0.008s] (4315/4752) warpui_core elements::gui::table::tests::test_table_column_width_default
        PASS [   0.008s] (4316/4752) warpui_core elements::gui::table::tests::test_table_config_default
        PASS [   0.007s] (4317/4752) warpui_core elements::gui::table::tests::test_table_state_handle_new
        PASS [   0.010s] (4318/4752) warpui_core elements::gui::table::tests::test_table_construction_with_row_render_fn
        PASS [   0.008s] (4319/4752) warpui_core elements::gui::table::tests::test_table_state_handle_shared_across_clones
        PASS [   0.009s] (4320/4752) warpui_core elements::gui::table::tests::test_table_state_handle_row_count
        PASS [   0.008s] (4321/4752) warpui_core elements::gui::table::tests::test_visible_row_count_starts_at_zero
        PASS [   0.008s] (4322/4752) warpui_core elements::gui::table::tests::test_visible_start_row_idx_tracking
        PASS [   0.008s] (4323/4752) warpui_core elements::gui::text::tests::test_laid_out_line_height
        PASS [   0.007s] (4324/4752) warpui_core elements::gui::text::tests::test_laid_out_text_height
        PASS [   0.008s] (4325/4752) warpui_core elements::gui::text::tests::test_merge_adjacent_non_contiguous_ranges
        PASS [   0.009s] (4326/4752) warpui_core elements::gui::text::tests::test_merge_contiguous_ranges
        PASS [   0.008s] (4327/4752) warpui_core elements::gui::text::tests::test_merge_non_overlapping_ranges
        PASS [   0.008s] (4328/4752) warpui_core elements::gui::text::tests::test_merge_empty_ranges
        PASS [   0.009s] (4329/4752) warpui_core elements::gui::text::tests::test_merge_overlapping_ranges
        PASS [   0.009s] (4330/4752) warpui_core elements::gui::text::tests::test_merge_single_range
        PASS [   0.008s] (4331/4752) warpui_core elements::gui::text::tests::test_single_line_char_hit_testing_respects_y_bounds
        PASS [   0.009s] (4332/4752) warpui_core elements::gui::uniform_list::tests::test_uniform_layered_click_handling
        PASS [   0.009s] (4333/4752) warpui_core elements::gui::viewported_list::tests::test_scroll_position_invalidation_on_screen
        PASS [   0.009s] (4334/4752) warpui_core elements::gui::viewported_list::tests::test_scroll_position_clamp
        PASS [   0.008s] (4335/4752) warpui_core elements::shimmer_math::tests::color_lerp_hits_both_endpoints
        PASS [   0.009s] (4336/4752) warpui_core elements::shimmer_math::tests::center_starts_before_the_text_and_sweeps_across_it
        PASS [   0.010s] (4337/4752) warpui_core elements::gui::viewported_list::tests::test_scroll_position_invalidation_scrolled_to
        PASS [   0.008s] (4338/4752) warpui_core elements::shimmer_math::tests::intensity_peaks_at_the_center_and_fades_to_zero_at_the_radius
        PASS [   0.008s] (4339/4752) warpui_core elements::shimmer_math::tests::single_glyph_text_keeps_the_center_at_zero
        PASS [   0.008s] (4340/4752) warpui_core elements::tui::animated::tests::paints_nothing_before_its_first_layout
        PASS [   0.008s] (4341/4752) warpui_core elements::tui::buffer::tests::mapped_surface_writes_negative_absolute_positions
        PASS [   0.009s] (4342/4752) warpui_core elements::tui::animated::tests::rebuilds_its_frame_on_every_layout_pass_and_requests_repaints
        PASS [   0.008s] (4343/4752) warpui_core elements::tui::buffer::tests::nested_surface_clip_contains_cells_styles_and_widgets
        PASS [   0.008s] (4344/4752) warpui_core elements::tui::buffer::tests::set_string_drops_a_wide_grapheme_that_would_cross_the_edge
        PASS [   0.008s] (4345/4752) warpui_core elements::tui::buffer::tests::set_style_clips_negative_screen_bounds
        PASS [   0.008s] (4346/4752) warpui_core elements::tui::buffer::tests::surface_writes_outside_the_mapping_fail_closed
        PASS [   0.009s] (4347/4752) warpui_core elements::tui::buffer::tests::styled_writes_round_trip_through_cells
        PASS [   0.009s] (4348/4752) warpui_core elements::tui::buffer::tests::to_lines_collapses_a_wide_grapheme_trailing_column
        PASS [   0.009s] (4349/4752) warpui_core elements::tui::buffer::tests::to_lines_keeps_a_combining_grapheme_in_one_cell
        PASS [   0.008s] (4350/4752) warpui_core elements::tui::buffer::tests::to_lines_reads_text_written_at_an_offset
        PASS [   0.008s] (4351/4752) warpui_core elements::tui::buffer::tests::to_lines_renders_rows_and_pads_with_blanks
        PASS [   0.009s] (4352/4752) warpui_core elements::tui::buffer::tests::visible_rows_are_relative_to_the_element_origin
        PASS [   0.008s] (4353/4752) warpui_core elements::tui::buffer::tests::widget_renders_only_visible_rows
        PASS [   0.008s] (4354/4752) warpui_core elements::tui::child_view::tests::embeds_and_renders_the_stub_at_the_given_area
        PASS [   0.009s] (4355/4752) warpui_core elements::tui::buffer::tests::widget_renders_visible_columns_when_horizontally_clipped
        PASS [   0.008s] (4356/4752) warpui_core elements::tui::clipped::tests::cursor_position_above_the_visible_window_is_hidden
        PASS [   0.008s] (4357/4752) warpui_core elements::tui::child_view::tests::present_records_the_child_as_a_child_of_the_current_view
        PASS [   0.009s] (4358/4752) warpui_core elements::tui::child_view::tests::present_nests_grandchildren_under_their_immediate_parent
        PASS [   0.008s] (4359/4752) warpui_core elements::tui::clipped::tests::cursor_position_is_shifted_into_the_visible_window
        PASS [   0.008s] (4360/4752) warpui_core elements::tui::clipped::tests::direct_paint_does_not_escape_the_clipped_viewport
        PASS [   0.009s] (4361/4752) warpui_core elements::tui::clipped::tests::hoverable_inside_clipped_content_uses_visible_screen_geometry
        PASS [   0.009s] (4362/4752) warpui_core elements::tui::clipped::tests::layout_preserves_child_width_and_reports_visible_height
        PASS [   0.010s] (4363/4752) warpui_core elements::tui::clipped::tests::nested_clipping_preserves_the_requested_logical_rows
        PASS [   0.009s] (4364/4752) warpui_core elements::tui::clipped::tests::renders_from_the_requested_logical_row
        PASS [   0.009s] (4365/4752) warpui_core elements::tui::collapsible::tests::header_styles_apply_per_span_without_bleeding_past_the_text
        PASS [   0.009s] (4366/4752) warpui_core elements::tui::collapsible::tests::narrow_header_keeps_chevron_on_first_row_when_expanded
        PASS [   0.012s] (4367/4752) warpui_core elements::tui::clipped::tests::render_requires_the_child_to_retain_its_layout_size
        PASS [   0.010s] (4368/4752) warpui_core elements::tui::collapsible::tests::narrow_header_keeps_chevron_on_first_row_while_label_wraps
        PASS [   0.010s] (4369/4752) warpui_core elements::tui::collapsible::tests::only_a_header_click_invokes_on_toggle
        PASS [   0.008s] (4370/4752) warpui_core elements::tui::collapsible::tests::wrapped_header_places_chevron_after_first_row_text
        PASS [   0.009s] (4371/4752) warpui_core elements::tui::collapsible::tests::very_narrow_header_keeps_chevron_visible_without_a_truncated_spacer
        PASS [   0.008s] (4372/4752) warpui_core elements::tui::constrained_box::tests::min_cols_clamps_gracefully_on_narrow_terminal
        PASS [   0.009s] (4373/4752) warpui_core elements::tui::constrained_box::tests::caps_child_height_to_max_rows
        PASS [   0.008s] (4374/4752) warpui_core elements::tui::constrained_box::tests::min_and_max_cols_pin_child_to_fixed_width
        PASS [   0.009s] (4375/4752) warpui_core elements::tui::constrained_box::tests::min_cols_floors_narrow_child_to_minimum_width
        PASS [   0.008s] (4376/4752) warpui_core elements::tui::constrained_box::tests::passes_through_when_uncapped
        PASS [   0.009s] (4377/4752) warpui_core elements::tui::container::tests::axis_padding_offsets_the_child
        PASS [   0.010s] (4378/4752) warpui_core elements::tui::container::tests::background_fills_the_padding_area
        PASS [   0.009s] (4379/4752) warpui_core elements::tui::container::tests::border_frames_the_child
        PASS [   0.010s] (4380/4752) warpui_core elements::tui::container::tests::border_and_padding_compose
        PASS [   0.008s] (4381/4752) warpui_core elements::tui::container::tests::dispatch_event_forwards_to_the_child_inside_the_inset
        PASS [   0.009s] (4382/4752) warpui_core elements::tui::container::tests::directional_padding_offsets_the_child
        PASS [   0.009s] (4383/4752) warpui_core elements::tui::container::tests::cursor_position_offsets_by_border_and_padding
        PASS [   0.008s] (4384/4752) warpui_core elements::tui::container::tests::present_recurses_into_the_child
        PASS [   0.009s] (4385/4752) warpui_core elements::tui::container::tests::padding_offsets_the_child
        PASS [   0.009s] (4386/4752) warpui_core elements::tui::event_handler::tests::child_consumes_modifier_event_before_wrapper
        PASS [   0.008s] (4387/4752) warpui_core elements::tui::event_handler::tests::child_consumes_the_event_before_the_wrapper
        PASS [   0.008s] (4388/4752) warpui_core elements::tui::event_handler::tests::invokes_callback_on_matching_key_and_reports_handled
        PASS [   0.007s] (4389/4752) warpui_core elements::tui::event_handler::tests::present_recurses_into_the_wrapped_child
        PASS [   0.008s] (4390/4752) warpui_core elements::tui::event_handler::tests::modifier_callback_controls_propagation
        PASS [   0.009s] (4391/4752) warpui_core elements::tui::flex::tests::center_positions_child_along_cross_axis
        PASS [   0.009s] (4392/4752) warpui_core elements::tui::flex::tests::column_clamps_total_height_to_the_constraint_and_clips_overflow
        PASS [   0.009s] (4393/4752) warpui_core elements::tui::flex::tests::column_flex_child_fills_leftover_and_docks_fixed_child_at_bottom
        PASS [   0.009s] (4394/4752) warpui_core elements::tui::flex::tests::column_stacks_two_children_top_to_bottom
        PASS [   0.008s] (4395/4752) warpui_core elements::tui::flex::tests::present_recurses_into_children
        PASS [   0.009s] (4396/4752) warpui_core elements::tui::flex::tests::dispatch_event_broadcasts_to_all_children
        PASS [   0.010s] (4397/4752) warpui_core elements::tui::flex::tests::column_sums_multi_row_children_at_the_correct_offsets
        PASS [   0.009s] (4398/4752) warpui_core elements::tui::flex::tests::end_positions_child_along_cross_axis
        PASS [   0.010s] (4399/4752) warpui_core elements::tui::flex::tests::row_children_keep_their_own_styles
        PASS [   0.009s] (4400/4752) warpui_core elements::tui::flex::tests::row_clips_children_past_the_available_width
        PASS [   0.009s] (4401/4752) warpui_core elements::tui::flex::tests::row_inserts_configured_spacing_between_children
        PASS [   0.010s] (4402/4752) warpui_core elements::tui::flex::tests::row_flex_spacer_pushes_trailing_children_to_the_right_edge
        PASS [   0.010s] (4403/4752) warpui_core elements::tui::flex::tests::row_packs_two_children_left_to_right
        PASS [   0.009s] (4404/4752) warpui_core elements::tui::flex::tests::stretch_fills_offered_cross_extent_and_tightens_children
        PASS [   0.008s] (4405/4752) warpui_core elements::tui::flex::tests::tight_cross_axis_constraint_forces_fill
        PASS [   0.009s] (4406/4752) warpui_core elements::tui::flex::tests::row_splits_leftover_evenly_across_flex_children
        PASS [   0.007s] (4407/4752) warpui_core elements::tui::geometry::tests::constraint_clamps_each_axis_independently
        PASS [   0.010s] (4408/4752) warpui_core elements::tui::flex::tests::row_sizes_cross_axis_to_its_tallest_child
        PASS [   0.007s] (4409/4752) warpui_core elements::tui::geometry::tests::is_adjacent_uses_chebyshev_distance
        PASS [   0.008s] (4410/4752) warpui_core elements::tui::geometry::tests::contains_point_uses_half_open_cell_bounds
        PASS [   0.009s] (4411/4752) warpui_core elements::tui::geometry::tests::inset_shrinks_on_all_sides_and_saturates
        PASS [   0.008s] (4412/4752) warpui_core elements::tui::geometry::tests::right_and_bottom_saturate
        PASS [   0.008s] (4413/4752) warpui_core elements::tui::geometry::tests::tight_and_loose_constraints
        PASS [   0.008s] (4414/4752) warpui_core elements::tui::geometry::tests::split_left_tiles_the_rect_exactly
        PASS [   0.009s] (4415/4752) warpui_core elements::tui::hoverable::tests::child_consumes_the_event_before_the_click_handler
        PASS [   0.010s] (4416/4752) warpui_core elements::tui::geometry::tests::split_top_tiles_the_rect_exactly
        PASS [   0.010s] (4417/4752) warpui_core elements::tui::hoverable::tests::click_fires_on_release_after_press_inside_bounds
        PASS [   0.009s] (4418/4752) warpui_core elements::tui::hoverable::tests::hit_testing_is_bounded_to_the_child_laid_out_size
        PASS [   0.010s] (4419/4752) warpui_core elements::tui::hoverable::tests::consecutive_synthetic_hover_flips_are_suppressed
        PASS [   0.009s] (4420/4752) warpui_core elements::tui::hoverable::tests::mouse_moves_toggle_hover_state_and_notify_without_consuming_the_event
        PASS [   0.008s] (4421/4752) warpui_core elements::tui::hoverable::tests::pointer_dispatch_before_paint_is_unhandled
        PASS [   0.008s] (4422/4752) warpui_core elements::tui::scene::tests::click_through_overlay_does_not_cover_lower_targets
        PASS [   0.008s] (4423/4752) warpui_core elements::tui::scene::tests::disjoint_nested_clip_stays_empty
        PASS [   0.009s] (4424/4752) warpui_core elements::tui::hoverable::tests::release_outside_bounds_cancels_the_click
        PASS [   0.008s] (4425/4752) warpui_core elements::tui::scene::tests::higher_hit_layer_covers_lower_points
        PASS [   0.008s] (4426/4752) warpui_core elements::tui::scene::tests::higher_overlay_layer_covers_lower_overlay_layer
        PASS [   0.008s] (4427/4752) warpui_core elements::tui::scene::tests::overlay_layer_covers_normal_layer_below_it
        PASS [   0.007s] (4428/4752) warpui_core elements::tui::scene::tests::signed_rect_contains_visible_terminal_points
        PASS [   0.007s] (4429/4752) warpui_core elements::tui::scene::tests::terminal_cursor_prefers_higher_layers
        PASS [   0.009s] (4430/4752) warpui_core elements::tui::scene::tests::terminal_cursor_uses_later_submission_on_the_same_layer
        PASS [   0.008s] (4431/4752) warpui_core elements::tui::scene::tests::visible_rect_intersects_the_active_clip
        PASS [   0.008s] (4432/4752) warpui_core elements::tui::selectable::state::tests::resize_below_selection_is_a_noop
        PASS [   0.009s] (4433/4752) warpui_core elements::tui::selectable::state::tests::batch_resize_rebases_selection_by_the_cumulative_delta
        PASS [   0.009s] (4434/4752) warpui_core elements::tui::selectable::state::tests::batch_resize_without_selection_is_a_noop
        PASS [   0.009s] (4435/4752) warpui_core elements::tui::shimmering_text::tests::paints_base_color_before_the_band_reaches_the_text
        PASS [   0.009s] (4436/4752) warpui_core elements::tui::shimmering_text::tests::leaves_trailing_ellipsis_ungrouped_by_default
        PASS [   0.010s] (4437/4752) warpui_core elements::tui::shimmering_text::tests::appends_and_paints_grouped_suffix_with_one_color_across_the_sweep
        PASS [   0.010s] (4438/4752) warpui_core elements::tui::shimmering_text::tests::paints_the_shimmer_color_at_the_band_center_mid_sweep
        PASS [   0.008s] (4439/4752) warpui_core elements::tui::shimmering_text::tests::requests_a_repaint_every_paint
        PASS [   0.008s] (4440/4752) warpui_core elements::tui::size_constraint_switch::tests::renders_the_first_matching_child
        PASS [   0.008s] (4441/4752) warpui_core elements::tui::size_constraint_switch::tests::supports_combined_size_conditions
        PASS [   0.009s] (4442/4752) warpui_core elements::tui::size_constraint_switch::tests::renders_the_default_child_when_no_condition_matches
        PASS [   0.009s] (4443/4752) warpui_core elements::tui::stack::tests::a_narrow_foreground_glyph_clears_a_lower_wide_grapheme
        PASS [   0.008s] (4444/4752) warpui_core elements::tui::stack::tests::animated_child_repaint_requests_propagate_and_keep_the_earliest_deadline
        PASS [   0.009s] (4445/4752) warpui_core elements::tui::stack::tests::blank_cells_with_a_background_are_opaque
        PASS [   0.008s] (4446/4752) warpui_core elements::tui::stack::tests::blank_reset_background_fill_is_opaque_without_changing_color
        PASS [   0.011s] (4447/4752) warpui_core elements::tui::stack::tests::a_wide_foreground_glyph_clears_every_lower_cell_it_covers
        PASS [   0.008s] (4448/4752) warpui_core elements::tui::stack::tests::child_paint_is_clipped_to_its_retained_size
        PASS [   0.009s] (4449/4752) warpui_core elements::tui::stack::tests::later_children_have_cursor_priority
        PASS [   0.010s] (4450/4752) warpui_core elements::tui::stack::tests::dispatch_stops_at_the_first_frontmost_handler
        PASS [   0.010s] (4451/4752) warpui_core elements::tui::stack::tests::composition_respects_a_mapped_negative_origin
        PASS [   0.009s] (4452/4752) warpui_core elements::tui::stack::tests::layout_uses_the_largest_child_on_each_axis
        PASS [   0.010s] (4453/4752) warpui_core elements::tui::stack::tests::later_glyphs_win_while_blank_padding_is_transparent
        PASS [   0.009s] (4454/4752) warpui_core elements::tui::stack::tests::smaller_front_child_clears_a_wide_grapheme_across_its_right_edge
        PASS [   0.008s] (4455/4752) warpui_core elements::tui::text::tests::all_empty_spans_occupy_no_rows
        PASS [   0.009s] (4456/4752) warpui_core elements::tui::stack::tests::reset_background_opacity_propagates_through_nested_stacks
        PASS [   0.009s] (4457/4752) warpui_core elements::tui::stack::tests::zero_sized_front_child_leaves_the_full_sized_back_child_visible
        PASS [   0.008s] (4458/4752) warpui_core elements::tui::text::tests::ellipsis_preserves_graphemes_and_span_style
        PASS [   0.008s] (4459/4752) warpui_core elements::tui::text::tests::ellipsis_stays_inside_the_assigned_width
        PASS [   0.009s] (4460/4752) warpui_core elements::tui::text::tests::applies_its_style_to_painted_cells
        PASS [   0.009s] (4461/4752) warpui_core elements::tui::text::tests::hard_breaks_a_token_wider_than_the_row
        PASS [   0.009s] (4462/4752) warpui_core elements::tui::text::tests::hard_newlines_inside_spans_split_lines
        PASS [   0.008s] (4463/4752) warpui_core elements::tui::text::tests::spans_flow_as_one_paragraph_with_per_span_styles
        PASS [   0.009s] (4464/4752) warpui_core elements::tui::text::tests::layout_reports_content_width_and_row_count
        PASS [   0.009s] (4465/4752) warpui_core elements::tui::text::tests::renders_a_single_short_line
        PASS [   0.009s] (4466/4752) warpui_core elements::tui::text::tests::spans_wrap_across_span_boundaries
        PASS [   0.009s] (4467/4752) warpui_core elements::tui::text::tests::truncation_invalidates_a_cached_wrapped_measurement
        PASS [   0.010s] (4468/4752) warpui_core elements::tui::text::tests::truncation_keeps_one_row_per_hard_line
        PASS [   0.010s] (4469/4752) warpui_core elements::tui::text::tests::wide_glyphs_occupy_two_columns_and_are_never_split
        PASS [   0.008s] (4470/4752) warpui_core elements::tui::text_helpers::tests::truncates_by_display_columns_without_splitting_graphemes
        PASS [   0.009s] (4471/4752) warpui_core elements::tui::text_helpers::tests::text_width_matches_ratatui_for_recent_unicode
        PASS [   0.009s] (4472/4752) warpui_core elements::tui::viewported_list::tests::collapsing_bottom_content_at_new_max_restores_end_anchor
        PASS [   0.009s] (4473/4752) warpui_core elements::tui::viewported_list::tests::cursor_position_is_shifted_into_the_visible_window
        PASS [   0.010s] (4474/4752) warpui_core elements::tui::text::tests::word_wraps_at_the_width_boundary
        PASS [   0.009s] (4475/4752) warpui_core elements::tui::viewported_list::tests::bottom_clipped_item_is_laid_out_once
        PASS [   0.009s] (4476/4752) warpui_core elements::tui::viewported_list::tests::default_alignment_starts_short_content_at_the_top
        PASS [   0.008s] (4477/4752) warpui_core elements::tui::viewported_list::tests::end_position_renders_only_the_visible_item_rows
        PASS [   0.009s] (4478/4752) warpui_core elements::tui::viewported_list::tests::drag_past_edge_preserves_selection_when_scroll_changes_a_visible_glyph
        PASS [   0.009s] (4479/4752) warpui_core elements::tui::viewported_list::tests::grow_from_bottom_does_not_offset_rows_from_top
        PASS [   0.010s] (4480/4752) warpui_core elements::tui::viewported_list::tests::grow_from_bottom_docks_short_content_at_the_bottom
        PASS [   0.009s] (4481/4752) warpui_core elements::tui::viewported_list::tests::layout_publishes_resolved_viewport_geometry
        PASS [   0.009s] (4482/4752) warpui_core elements::tui::viewported_list::tests::propagating_scrollable_returns_unhandled_when_scroll_state_does_not_change
        PASS [   0.009s] (4483/4752) warpui_core elements::tui::viewported_list::tests::repaint_after_mouse_up_preserves_selection_on_glyph_change
        PASS [   0.009s] (4484/4752) warpui_core elements::tui::viewported_list::tests::request_includes_scroll_top_and_height
        PASS [   0.008s] (4485/4752) warpui_core elements::tui::viewported_list::tests::retained_size_is_absent_before_layout
        PASS [   0.009s] (4486/4752) warpui_core elements::tui::viewported_list::tests::rows_from_top_past_content_clamps_to_end
        PASS [   0.009s] (4487/4752) warpui_core elements::tui::viewported_list::tests::rows_from_top_position_starts_at_the_requested_absolute_row
        PASS [   0.008s] (4488/4752) warpui_core elements::tui::viewported_list::tests::scrolling_notifies_the_view_when_scroll_state_changes
        PASS [   0.008s] (4489/4752) warpui_core elements::tui::viewported_list::tests::scrolling_up_clamps_to_the_top_without_snapping_to_bottom
        PASS [   0.009s] (4490/4752) warpui_core elements::tui::viewported_list::tests::scrolling_is_a_noop_when_all_content_fits
        PASS [   0.008s] (4491/4752) warpui_core elements::tui::viewported_list::tests::selectable_prefers_smart_selection_over_word_boundaries
        PASS [   0.010s] (4492/4752) warpui_core elements::tui::viewported_list::tests::scrolling_down_pins_to_bottom_without_overscrolling
        PASS [   0.010s] (4493/4752) warpui_core elements::tui::viewported_list::tests::scrolling_up_works_over_opaque_content_in_a_clipped_layer
        PASS [   0.008s] (4494/4752) warpui_core elements::tui::viewported_list::tests::selectable_viewport_clears_selection_before_width_resize_layout
        PASS [   0.010s] (4495/4752) warpui_core elements::tui::viewported_list::tests::selectable_uses_word_boundary_policy
        PASS [   0.008s] (4496/4752) warpui_core elements::tui::viewported_list::tests::selectable_viewport_copy_falls_back_to_grid_rows
        PASS [   0.008s] (4497/4752) warpui_core elements::tui::viewported_list::tests::selectable_viewport_extends_into_post_scroll_rows
        PASS [   0.010s] (4498/4752) warpui_core elements::tui::viewported_list::tests::selectable_viewport_copy_prefers_logical_text
        PASS [   0.009s] (4499/4752) warpui_core elements::tui::viewported_list::tests::selectable_viewport_highlights_and_copies_linear_rows
        PASS [   0.009s] (4500/4752) warpui_core elements::tui::viewported_list::tests::selectable_viewport_preserves_selection_while_scrolling
        PASS [   0.010s] (4501/4752) warpui_core elements::tui::viewported_list::tests::selectable_viewport_keeps_selection_when_dragging_past_edges
        PASS [   0.011s] (4502/4752) warpui_core elements::tui::viewported_list::tests::selectable_viewport_ignores_first_mouse_press
        PASS [   0.008s] (4503/4752) warpui_core fonts::tests::test_subpixel_alignment_computation
        PASS [   0.010s] (4504/4752) warpui_core elements::tui::viewported_list::tests::selectable_viewport_scrolls_up_from_top_terminal_row
        PASS [   0.009s] (4505/4752) warpui_core elements::tui::viewported_list::tests::trimmed_selection_copy_caps_each_row_to_its_content_end
        PASS [   0.009s] (4506/4752) warpui_core image_cache::tests::animated_webp_also_advances_frames
        PASS [   0.008s] (4507/4752) warpui_core image_cache::tests::test_different_fit_types_do_not_collide_in_rendered_image_cache
        PASS [   0.026s] (4508/4752) warpui_core image_cache::tests::test_caches_svg_rendered_at_intrinsic_size
        PASS [   0.029s] (4509/4752) warpui_core image_cache::tests::cloned_image_cache_evicts_shared_rendered_images
        PASS [   0.115s] (4510/4752) warpui_core image_cache::tests::test_evict_image_drops_arc_for_resized_bysize
        PASS [   0.148s] (4511/4752) warpui_core image_cache::tests::animated_gif_shows_first_frame_preview_when_requested
        PASS [   0.123s] (4512/4752) warpui_core image_cache::tests::test_first_frame_preview_does_not_regress_static_formats
        PASS [   0.012s] (4513/4752) warpui_core image_cache::tests::test_first_frame_preview_returns_static_for_animated_webp
        PASS [   0.140s] (4514/4752) warpui_core image_cache::tests::test_first_frame_preview_keeps_full_animation_in_asset_cache
        PASS [   0.027s] (4515/4752) warpui_core image_cache::tests::test_passes_through_asset_cache_original
        PASS [   0.025s] (4516/4752) warpui_core image_cache::tests::test_passes_through_asset_cache_original_when_target_size_matches_source_size
        PASS [   0.249s] (4517/4752) warpui_core image_cache::tests::animated_image_get_current_frame_advances_with_elapsed_time
        PASS [   0.133s] (4518/4752) warpui_core image_cache::tests::test_first_frame_preview_returns_static_for_animated_gif
        PASS [   0.269s] (4519/4752) warpui_core image_cache::tests::animated_image_get_current_frame_wraps_at_duration
        PASS [   0.027s] (4520/4752) warpui_core image_cache::tests::test_svg_image_size_returns_intrinsic_dimensions
        PASS [   0.273s] (4521/4752) warpui_core image_cache::tests::test_evict_size_drops_arc_only_for_targeted_entry
        PASS [   0.292s] (4522/4752) warpui_core image_cache::tests::animated_image_remaining_delay_decreases_within_frame
        PASS [   0.009s] (4523/4752) warpui_core keymap::context::tests::test_context_predicate_eval
        PASS [   0.027s] (4524/4752) warpui_core image_cache::tests::test_svg_text_rasterizes_with_bundled_sans_serif_fallback
        PASS [   0.011s] (4525/4752) warpui_core keymap::matcher::tests::test_bindings_for_context
        PASS [   0.009s] (4526/4752) warpui_core keymap::matcher::tests::test_matcher
        PASS [   0.029s] (4527/4752) warpui_core image_cache::tests::test_svg_text_rasterizes_with_loaded_system_fonts
        PASS [   0.019s] (4528/4752) warpui_core keymap::matcher::tests::test_editable_binding_matching
        PASS [   0.016s] (4529/4752) warpui_core keymap::matcher::tests::workspace_scoped_binding_passes_tui_validation
        PASS [   0.018s] (4530/4752) warpui_core keymap::matcher::tests::unscoped_gui_keystroke_binding_fails_tui_validation
        PASS [   0.009s] (4531/4752) warpui_core keymap::tests::settings_value_tests::test_keystroke_from_file_value_parses_string
        PASS [   0.009s] (4532/4752) warpui_core keymap::tests::settings_value_tests::test_keystroke_from_file_value_rejects_unparseable_string
        PASS [   0.008s] (4533/4752) warpui_core keymap::tests::settings_value_tests::test_keystroke_to_file_value_is_normalized_string
        PASS [   0.009s] (4534/4752) warpui_core keymap::tests::settings_value_tests::test_keystroke_round_trip_through_file_value
        PASS [   0.009s] (4535/4752) warpui_core keymap::tests::settings_value_tests::test_option_keystroke_round_trip
        PASS [   0.016s] (4536/4752) warpui_core keymap::tests::test_binding_description_eq_ignores_dynamic_override
        PASS [   0.008s] (4537/4752) warpui_core keymap::tests::test_binding_description_preserves_case
        PASS [   0.015s] (4538/4752) warpui_core keymap::tests::test_binding_description_has_dynamic_override
        PASS [   0.017s] (4539/4752) warpui_core keymap::tests::test_binding_description_in_context_ignores_dynamic_override
        PASS [   0.346s] (4540/4752) warpui_core image_cache::tests::static_image_not_affected_by_animation_behavior_change
        PASS [   0.016s] (4541/4752) warpui_core keymap::tests::test_binding_description_resolve_dynamic_override
        PASS [   0.017s] (4542/4752) warpui_core keymap::tests::test_binding_description_resolve_dynamic_override_falls_back_to_custom_context
        PASS [   0.017s] (4543/4752) warpui_core keymap::tests::test_binding_description_resolve_static
        PASS [   0.017s] (4544/4752) warpui_core keymap::tests::test_custom_triggers
        PASS [   0.009s] (4545/4752) warpui_core keymap::tests::test_keystroke_displayed_expanded
        PASS [   0.016s] (4546/4752) warpui_core keymap::tests::test_disabled_bindings
        PASS [   0.009s] (4547/4752) warpui_core keymap::tests::test_keystroke_invalid_no_shift_uppercase
        PASS [   0.008s] (4548/4752) warpui_core keymap::tests::test_keystroke_invalid_shift_lowercase
        PASS [   0.016s] (4549/4752) warpui_core keymap::tests::test_keymap_bindings_list
        PASS [   0.009s] (4550/4752) warpui_core keymap::tests::test_keystroke_normalized
        PASS [   0.008s] (4551/4752) warpui_core keymap::tests::test_keystroke_parse
        PASS [   0.008s] (4552/4752) warpui_core platform::file_picker::tests::markdown_file_type_accepts_md_and_markdown
        PASS [   0.008s] (4553/4752) warpui_core platform::file_picker::tests::yaml_file_type_accepts_both_yaml_and_yml
        PASS [   0.008s] (4554/4752) warpui_core presenter::tests::test_position_cache_caching
        PASS [   0.009s] (4555/4752) warpui_core presenter::tui::tests::animated_element_requests_a_repaint_every_paint
        PASS [   0.010s] (4556/4752) warpui_core presenter::tui::tests::after_layout_runs_once_and_propagates_through_containers
        PASS [   0.010s] (4557/4752) warpui_core presenter::tui::tests::composites_nested_container_column_text_with_offsets
        PASS [   0.010s] (4558/4752) warpui_core presenter::tui::tests::focusing_embedded_child_fires_descendent_focus_on_parent
        PASS [   0.009s] (4559/4752) warpui_core presenter::tui::tests::frame_surfaces_the_earliest_requested_repaint_deadline
        PASS [   0.008s] (4560/4752) warpui_core presenter::tui::tests::frames_without_animated_elements_request_no_repaint
        PASS [   0.008s] (4561/4752) warpui_core presenter::tui::tests::paint_only_repaint_reuses_the_cached_leaf_root_without_re_rendering
        PASS [   0.011s] (4562/4752) warpui_core presenter::tui::tests::paints_single_root_element_into_area
        PASS [   0.010s] (4563/4752) warpui_core presenter::tui::tests::recurses_into_registered_child_view_and_reports_embeddings
        PASS [   0.010s] (4564/4752) warpui_core presenter::tui::tests::surfaces_cursor_at_absolute_coordinates
        PASS [   0.009s] (4565/4752) warpui_core rendering::texture_cache::tests::test_end_frame_evicts_when_asset_dropped
        PASS [   0.009s] (4566/4752) warpui_core rendering::texture_cache::tests::test_end_frame_evicts_after_max_unused_frames
        PASS [   0.008s] (4567/4752) warpui_core rendering::texture_cache::tests::test_end_frame_retains_asset_in_use
        PASS [   0.009s] (4568/4752) warpui_core rendering::texture_cache::tests::test_end_frame_retains_recently_used_entry
        PASS [   0.009s] (4569/4752) warpui_core runtime::event_conversion::tests::alternate_key_without_shift_preserves_produced_character_semantics
        PASS [   0.008s] (4570/4752) warpui_core runtime::event_conversion::tests::annotate_leaves_non_button_events_untouched
        PASS [   0.009s] (4571/4752) warpui_core runtime::event_conversion::tests::arrow_keys_map_to_direction_names
        PASS [   0.259s] (4572/4752) warpui_core image_cache::tests::test_full_animation_still_returns_animated_for_gif_and_webp
        PASS [   0.010s] (4573/4752) warpui_core runtime::event_conversion::tests::backend_produced_text_is_not_recased
        PASS [   0.169s] (4574/4752) warpui_core image_cache::tests::test_respects_max_dimensions_for_cacheoption_original
        PASS [   0.009s] (4575/4752) warpui_core runtime::event_conversion::tests::caps_lock_and_shift_apply_xor_casing_to_ascii_text
        PASS [   0.009s] (4576/4752) warpui_core runtime::event_conversion::tests::click_count_escalates_then_wraps_for_fast_clicks_on_same_cell
        PASS [   0.009s] (4577/4752) warpui_core runtime::event_conversion::tests::click_on_distant_cell_resets_to_single
        PASS [   0.008s] (4578/4752) warpui_core runtime::event_conversion::tests::ctrl_modifier_is_carried_into_keystroke
        PASS [   0.010s] (4579/4752) warpui_core runtime::event_conversion::tests::click_within_one_cell_counts_as_multi_click
        PASS [   0.007s] (4580/4752) warpui_core runtime::event_conversion::tests::enter_and_escape_map_to_named_keys
        PASS [   0.008s] (4581/4752) warpui_core runtime::event_conversion::tests::left_mouse_up_and_drag_map_to_tui_mouse_events
        PASS [   0.007s] (4582/4752) warpui_core runtime::event_conversion::tests::modifier_keys_map_to_modifier_changed_events
        PASS [   0.008s] (4583/4752) warpui_core runtime::event_conversion::tests::legacy_safe_ctrl_r_chord_is_preserved_for_keybindings
        PASS [   0.008s] (4584/4752) warpui_core runtime::event_conversion::tests::mouse_buttons_map_to_tui_mouse_down_events
        PASS [   0.009s] (4585/4752) warpui_core runtime::event_conversion::tests::mouse_moved_maps_to_tui_mouse_moved_event
        PASS [   0.010s] (4586/4752) warpui_core runtime::event_conversion::tests::non_shift_modifiers_are_preserved_from_the_key_event
        PASS [   0.008s] (4587/4752) warpui_core runtime::event_conversion::tests::paste_preserves_the_complete_payload
        PASS [   0.009s] (4588/4752) warpui_core runtime::event_conversion::tests::printable_char_maps_to_lowercase_key_and_chars
        PASS [   0.009s] (4589/4752) warpui_core runtime::event_conversion::tests::repeats_remain_key_down_events_and_non_modifier_releases_are_ignored
        PASS [   0.009s] (4590/4752) warpui_core runtime::event_conversion::tests::resize_is_ignored_and_focus_events_are_preserved
        PASS [   0.009s] (4591/4752) warpui_core runtime::event_conversion::tests::right_and_middle_clicks_escalate_like_left
        PASS [   0.009s] (4592/4752) warpui_core runtime::event_conversion::tests::shifted_letter_preserves_case_and_base_key
        PASS [   0.008s] (4593/4752) warpui_core runtime::event_conversion::tests::shifted_punctuation_uses_the_terminal_character
        PASS [   0.009s] (4594/4752) warpui_core runtime::event_conversion::tests::slow_second_click_resets_to_single
        PASS [   0.008s] (4595/4752) warpui_core runtime::event_conversion::tests::switching_button_resets_click_count
        PASS [   0.008s] (4596/4752) warpui_core runtime::event_conversion::tests::unsupported_modifier_keys_have_no_tui_equivalent
        PASS [   0.008s] (4597/4752) warpui_core runtime::event_conversion::tests::tab_maps_to_the_canonical_keybinding_name
        PASS [   0.007s] (4598/4752) warpui_core runtime::event_conversion::tests::unsupported_mouse_up_and_drag_buttons_are_ignored
        PASS [   0.007s] (4599/4752) warpui_core runtime::renderer::tests::changed_wide_grapheme_is_emitted_whole
        PASS [   0.008s] (4600/4752) warpui_core runtime::event_conversion::tests::vertical_mouse_wheel_maps_to_cell_position_and_scroll_delta
        PASS [   0.009s] (4601/4752) warpui_core runtime::renderer::tests::cursor_is_shown_when_present_and_hidden_otherwise
        PASS [   0.009s] (4602/4752) warpui_core runtime::renderer::tests::diff_emits_only_changed_run
        PASS [   0.009s] (4603/4752) warpui_core runtime::renderer::tests::size_change_triggers_full_repaint
        PASS [   0.011s] (4604/4752) warpui_core runtime::renderer::tests::first_paint_clears_and_writes_all_cells
        PASS [   0.009s] (4605/4752) warpui_core runtime::renderer::tests::styled_run_changes_byte_stream
        PASS [   0.008s] (4606/4752) warpui_core runtime::renderer::tests::unchanged_frame_emits_no_text
        PASS [   0.010s] (4607/4752) warpui_core runtime::renderer::tests::wide_grapheme_does_not_shift_following_cells
        PASS [   0.008s] (4608/4752) warpui_core runtime::terminal_probe::tests::background_luminance_prefers_probed_background
        PASS [   0.008s] (4609/4752) warpui_core runtime::renderer::tests::wide_grapheme_styles_continuation_before_glyph
        PASS [   0.007s] (4610/4752) warpui_core runtime::terminal_probe::tests::classifies_luminance_with_rec601_luma
        PASS [   0.008s] (4611/4752) warpui_core runtime::terminal_probe::tests::colorfgbg_heuristic
        PASS [   0.008s] (4612/4752) warpui_core runtime::terminal_probe::tests::detects_da1_reply_sentinel
        PASS [   0.008s] (4613/4752) warpui_core runtime::terminal_probe::tests::ignores_malformed_payloads
        PASS [   0.010s] (4614/4752) warpui_core runtime::terminal_probe::tests::parses_bel_terminated_replies
        PASS [   0.009s] (4615/4752) warpui_core runtime::terminal_probe::tests::parses_rgba_payload_ignoring_alpha
        PASS [   0.009s] (4616/4752) warpui_core runtime::terminal_probe::tests::parses_two_digit_components
        PASS [   0.009s] (4617/4752) warpui_core runtime::terminal_probe::tests::parses_st_terminated_replies
        PASS [   0.009s] (4618/4752) warpui_core runtime::terminal_probe::tests::scales_single_and_mixed_width_components
        PASS [   0.010s] (4619/4752) warpui_core runtime::tests::blocking_runtime_continues_repaint_deadlines_while_unfocused_by_default
        PASS [   0.009s] (4620/4752) warpui_core runtime::tests::blocking_runtime_suspends_and_resumes_repaint_deadlines_when_enabled
        PASS [   0.008s] (4621/4752) warpui_core runtime::tests::disconnected_driver_cancels_repaints_and_stops_drawing
        PASS [   0.290s] (4622/4752) warpui_core image_cache::tests::test_preview_and_full_animation_requests_do_not_collide_in_rendered_image_cache
        PASS [   0.008s] (4623/4752) warpui_core runtime::tests::keyboard_enhancement_probe_does_not_retry_success_or_error
        PASS [   0.008s] (4624/4752) warpui_core runtime::tests::invalidation_driver_does_not_schedule_repaints_while_unfocused
        PASS [   0.009s] (4625/4752) warpui_core runtime::tests::draw_preserves_focus_outside_the_presented_tree_by_default
        PASS [   0.008s] (4626/4752) warpui_core runtime::tests::keyboard_enhancement_probe_retries_a_negative_result_once
        PASS [   0.009s] (4627/4752) warpui_core runtime::tests::keymap_binding_dispatches_typed_action_to_tui_view
        PASS [   0.008s] (4628/4752) warpui_core runtime::tests::raw_mode_guard_does_not_leave_when_enter_fails
        PASS [   0.011s] (4629/4752) warpui_core runtime::tests::opt_in_draw_repairs_focus_owned_by_a_view_outside_the_presented_tree
        PASS [   0.008s] (4630/4752) warpui_core runtime::tests::run_until_draws_view_text_and_exits_on_quit
        PASS [   0.009s] (4631/4752) warpui_core runtime::tests::raw_mode_guard_restores_on_drop
        PASS [   0.010s] (4632/4752) warpui_core runtime::tests::shift_enter_key_event_dispatches_bound_action
        PASS [   0.009s] (4633/4752) warpui_core runtime::tests::shift_lifecycle_restores_shift_and_normalizes_symbol_keystrokes
        PASS [   0.011s] (4634/4752) warpui_core runtime::tests::repeats_dispatch_keymaps_while_modifier_events_bypass_them
        PASS [   0.008s] (4635/4752) warpui_core runtime::tests::shift_remains_active_until_both_shift_keys_are_released
        PASS [   0.008s] (4636/4752) warpui_core runtime::tests::startup_errors_classify_terminal_disconnects
        PASS [   0.008s] (4637/4752) warpui_core runtime::tests::terminal_disconnects_include_pipe_and_tty_errors
        PASS [   0.010s] (4638/4752) warpui_core runtime::tests::stale_shift_state_is_cleared_by_events_that_report_shift_accurately
        PASS [   0.008s] (4639/4752) warpui_core runtime::tests::terminal_screen_lifecycle_can_skip_all_key_reporting
        PASS [   0.008s] (4640/4752) warpui_core runtime::tests::terminal_screen_lifecycle_reconfigures_modifier_reporting
        PASS [   0.011s] (4641/4752) warpui_core runtime::tests::synthetic_mouse_move_after_redraw_updates_hover
        PASS [   0.008s] (4642/4752) warpui_core runtime::tests::terminal_screen_lifecycle_toggles_focus_reporting
        PASS [   0.010s] (4643/4752) warpui_core runtime::tests::terminal_screen_lifecycle_toggles_bracketed_paste
        PASS [   0.008s] (4644/4752) warpui_core runtime::tests::terminal_screen_lifecycle_toggles_keyboard_enhancement
        PASS [   0.009s] (4645/4752) warpui_core runtime::tests::terminal_screen_lifecycle_uses_baseline_keyboard_enhancement_when_unconfirmed
        PASS [   0.009s] (4646/4752) warpui_core runtime::tests::typed_action_from_embedded_child_reaches_parent_through_runtime_dispatch
        PASS [   0.008s] (4647/4752) warpui_core runtime::tests::unhandled_keymap_binding_falls_through_to_element_pass
        PASS [   0.009s] (4648/4752) warpui_core scene::tests::test_click_through_layer_does_not_cover_lower_layers
        PASS [   0.010s] (4649/4752) warpui_core runtime::tests::unexpected_driver_failure_terminates_with_one_error
        PASS [   0.008s] (4650/4752) warpui_core scene::tests::test_nested_clip_bounds_with_intersection
        PASS [   0.009s] (4651/4752) warpui_core scene::tests::test_hit_rect_recording
        PASS [   0.008s] (4652/4752) warpui_core scene::tests::test_nested_clip_bounds_with_no_intersection
        PASS [   0.008s] (4653/4752) warpui_core text::tests::test_byte_offset_for_char_offset
        PASS [   0.008s] (4654/4752) warpui_core text::tests::test_char_counts_up_to_byte
        PASS [   0.008s] (4655/4752) warpui_core text::tests::test_char_slice
        PASS [   0.008s] (4656/4752) warpui_core text::tests::test_str_to_byte_vec
        PASS [   0.009s] (4657/4752) warpui_core text::tests::test_str_buffer
        PASS [   0.008s] (4658/4752) warpui_core text::word_boundaries::tests::test_unicode_whitespace
        PASS [   0.010s] (4659/4752) warpui_core text::word_boundaries::tests::test_semantic_expansion_matches_block_list
        PASS [   0.010s] (4660/4752) warpui_core text::word_boundaries::tests::test_word_boundaries
        PASS [   0.008s] (4661/4752) warpui_core text_layout::tests::test_cache_key_includes_fixed_width_tab_size
        PASS [   0.007s] (4662/4752) warpui_core text_layout::tests::test_calculate_line_baseline_position
        PASS [   0.008s] (4663/4752) warpui_core text_layout::tests::test_empty_line
        PASS [   0.009s] (4664/4752) warpui_core text_layout::tests::test_empty_text_frame
        PASS [   0.009s] (4665/4752) warpui_core text_layout::tests::test_fully_truncated_run_paints_no_background
        PASS [   0.009s] (4666/4752) warpui_core text_layout::tests::test_paint_start_ellipsis_does_not_overlap_leftmost_glyph
        PASS [   0.008s] (4667/4752) warpui_core text_layout::tests::test_run_background_clamped_to_visible_glyph_span
        PASS [   0.010s] (4668/4752) warpui_core text_layout::tests::test_paint_start_fade_unchanged_by_ellipsis_offset
        PASS [   0.008s] (4669/4752) warpui_core text_layout::tests::test_run_background_painted_before_underline
        PASS [   0.008s] (4670/4752) warpui_core text_layout::tests::test_strip_leading_unicode_bom
        PASS [   0.008s] (4671/4752) warpui_core text_layout::tests::test_strip_leading_unicode_bom_with_initial_range
        PASS [   0.008s] (4672/4752) warpui_core text_layout::tests::test_strip_leading_unicode_bom_with_single_style_run
        PASS [   0.008s] (4673/4752) warpui_core ui_components::components::tests::ui_element_style_merge_test
        PASS [   0.007s] (4674/4752) warpui_core util::tests::parse_invalid_u32
        PASS [   0.008s] (4675/4752) warpui_core util::tests::parse_valid_i32
        PASS [   0.010s] (4676/4752) warpui_core util::tests::parse_invalid_i32
        PASS [   0.009s] (4677/4752) warpui_core util::tests::parse_valid_u32
        PASS [   0.007s] (4678/4752) warpui_extras secure_storage::unavailable::tests::remove_value_succeeds
        PASS [   0.008s] (4679/4752) warpui_extras secure_storage::unavailable::tests::read_value_returns_not_found
        PASS [   0.011s] (4680/4752) warpui_core::tui_integration typed_nav_action_changes_rendered_buffer
        PASS [   0.008s] (4681/4752) warpui_extras secure_storage::unavailable::tests::write_value_is_discarded
        PASS [   0.013s] (4682/4752) warpui_core::tui_integration buffer_reflects_real_model_state
        PASS [   0.008s] (4683/4752) warpui_extras user_preferences::toml_backed::tests::test_file_content_hash_differs_for_different_content
        PASS [   0.008s] (4684/4752) warpui_extras user_preferences::toml_backed::tests::test_file_content_hash_is_deterministic_for_identical_content
        PASS [   0.010s] (4685/4752) warpui_extras user_preferences::toml_backed::tests::test_clear_all_write_inhibitions
        PASS [   0.007s] (4686/4752) warpui_extras user_preferences::toml_backed::tests::test_file_content_hash_returns_none_for_empty_file
        PASS [   0.008s] (4687/4752) warpui_extras user_preferences::toml_backed::tests::test_file_content_hash_returns_none_for_missing_file
        PASS [   0.007s] (4688/4752) warpui_extras user_preferences::toml_backed::tests::test_json_to_toml_round_trip_array_of_objects
        PASS [   0.008s] (4689/4752) warpui_extras user_preferences::toml_backed::tests::test_json_to_toml_round_trip_array_of_strings
        PASS [   0.008s] (4690/4752) warpui_extras user_preferences::toml_backed::tests::test_json_to_toml_round_trip_float
        PASS [   0.011s] (4691/4752) warpui_extras user_preferences::toml_backed::tests::test_file_content_hash_returns_none_for_whitespace_only_file
        PASS [   0.009s] (4692/4752) warpui_extras user_preferences::toml_backed::tests::test_json_to_toml_round_trip_empty_array
        PASS [   0.007s] (4693/4752) warpui_extras user_preferences::toml_backed::tests::test_json_to_toml_round_trip_integer
        PASS [   0.009s] (4694/4752) warpui_extras user_preferences::toml_backed::tests::test_json_to_toml_round_trip_bool
        PASS [   0.008s] (4695/4752) warpui_extras user_preferences::toml_backed::tests::test_json_to_toml_round_trip_nested_struct
        PASS [   0.007s] (4696/4752) warpui_extras user_preferences::toml_backed::tests::test_json_to_toml_round_trip_null
        PASS [   0.007s] (4697/4752) warpui_extras user_preferences::toml_backed::tests::test_json_to_toml_round_trip_object
        PASS [   0.006s] (4698/4752) warpui_extras user_preferences::toml_backed::tests::test_max_table_depth_none_renders_all_as_tables
        PASS [   0.007s] (4699/4752) warpui_extras user_preferences::toml_backed::tests::test_json_to_toml_round_trip_string
        PASS [   0.007s] (4700/4752) warpui_extras user_preferences::toml_backed::tests::test_max_table_depth_one_renders_top_level_as_table_nested_as_inline
        PASS [   0.009s] (4701/4752) warpui_extras user_preferences::toml_backed::tests::test_json_to_toml_round_trip_object_with_nulls
        PASS [   0.007s] (4702/4752) warpui_extras user_preferences::toml_backed::tests::test_max_table_depth_zero_renders_inline
        PASS [   0.007s] (4703/4752) warpui_extras user_preferences::toml_backed::tests::test_new_with_invalid_toml_returns_error_and_recovers_on_reload
        PASS [   0.007s] (4704/4752) warpui_extras user_preferences::toml_backed::tests::test_per_key_write_inhibition_blocks_remove
        PASS [   0.008s] (4705/4752) warpui_extras user_preferences::toml_backed::tests::test_per_key_write_inhibition_preserves_value_in_file
        PASS [   0.008s] (4706/4752) warpui_extras user_preferences::toml_backed::tests::test_pretty_print_long_primitive_array_goes_multiline
        PASS [   0.008s] (4707/4752) warpui_extras user_preferences::toml_backed::tests::test_pretty_print_propagates_to_parent_array
        PASS [   0.007s] (4708/4752) warpui_extras user_preferences::toml_backed::tests::test_pretty_print_short_primitive_array_stays_inline
        PASS [   0.009s] (4709/4752) warpui_extras user_preferences::toml_backed::tests::test_pretty_print_short_inline_table_stays_inline
        PASS [   0.009s] (4710/4752) warpui_extras user_preferences::toml_backed::tests::test_pretty_print_wide_array_of_inline_tables
        PASS [   0.009s] (4711/4752) warpui_extras user_preferences::toml_backed::tests::test_pretty_print_wide_inline_table_goes_multiline
        PASS [   0.009s] (4712/4752) warpui_extras user_preferences::toml_backed::tests::test_reload_clears_per_key_inhibitions
        PASS [   0.009s] (4713/4752) warpui_extras user_preferences::toml_backed::tests::test_remove_with_hierarchy
        PASS [   0.008s] (4714/4752) warpui_extras user_preferences::toml_backed::tests::test_string_value_for_numeric_setting_reads_as_json_string
        PASS [   0.007s] (4715/4752) warpui_extras user_preferences::toml_backed::tests::test_write_and_read_with_hierarchy
        PASS [   0.008s] (4716/4752) warpui_extras user_preferences::toml_backed::tests::test_write_and_read_struct_value
        PASS [   0.007s] (4717/4752) warpui_extras user_preferences::toml_backed::tests::test_writes_inhibited_when_file_initially_broken
        PASS [   0.008s] (4718/4752) watcher tests::empty_paths_never_reach_the_platform_watcher
        PASS [   0.011s] (4719/4752) websocket imp::proxy::tests::connect_via_proxy_sends_correct_connect_request
        PASS [   0.012s] (4720/4752) websocket imp::proxy::tests::connect_via_proxy_sends_auth_header
        PASS [   0.013s] (4721/4752) websocket imp::proxy::tests::connect_via_proxy_fails_on_407
        PASS [   0.009s] (4722/4752) websocket imp::proxy::tests::guard_allows_loopback_proxy_to_remote_target
        PASS [   0.011s] (4723/4752) websocket imp::proxy::tests::no_proxy_comma_separated
        PASS [   0.009s] (4724/4752) websocket imp::proxy::tests::no_proxy_suffix_with_dot
        PASS [   0.011s] (4725/4752) websocket imp::proxy::tests::no_proxy_exact_match
        PASS [   0.013s] (4726/4752) websocket imp::proxy::tests::no_proxy_case_insensitive
        PASS [   0.007s] (4727/4752) websocket imp::proxy::tests::parse_proxy_url_default_port
        PASS [   0.008s] (4728/4752) websocket imp::proxy::tests::no_proxy_suffix_without_dot
        PASS [   0.008s] (4729/4752) websocket imp::proxy::tests::parse_proxy_url_decodes_percent_encoded_credentials
        PASS [   0.008s] (4730/4752) websocket imp::proxy::tests::no_proxy_wildcard
        PASS [   0.007s] (4731/4752) websocket imp::proxy::tests::parse_proxy_url_explicit_default_port
        PASS [   0.007s] (4732/4752) websocket imp::proxy::tests::parse_proxy_url_with_scheme
        PASS [   0.008s] (4733/4752) websocket imp::proxy::tests::parse_proxy_url_with_credentials
        PASS [   0.007s] (4734/4752) websocket imp::proxy::tests::parse_proxy_url_without_scheme
        PASS [   0.008s] (4735/4752) websocket imp::proxy::tests::resolve_proxy_prefers_specific_over_all_proxy
        PASS [   0.008s] (4736/4752) websocket imp::proxy::tests::resolve_proxy_reads_https_proxy_for_tls
        PASS [   0.008s] (4737/4752) websocket imp::proxy::tests::resolve_proxy_reads_http_proxy_for_non_tls
        PASS [   0.009s] (4738/4752) websocket imp::proxy::tests::resolve_proxy_falls_back_to_all_proxy
        PASS [   0.008s] (4739/4752) websocket imp::proxy::tests::resolve_proxy_reads_lowercase_env_vars
        PASS [   0.007s] (4740/4752) websocket imp::proxy::tests::resolve_proxy_rejects_https_proxy_urls
        PASS [   0.008s] (4741/4752) websocket imp::proxy::tests::resolve_proxy_returns_error_for_malformed_proxy_env
        PASS [   0.009s] (4742/4752) websocket imp::proxy::tests::resolve_proxy_returns_none_when_no_env_vars_set
        PASS [   0.007s] (4743/4752) websocket sink_map_err::tests::test_map_err
        PASS [   0.008s] (4744/4752) websocket imp::tests::guard_refuses_non_loopback_websocket
        PASS [   0.435s] (4745/4752) warpui_core image_cache::tests::test_respects_max_dimensions_for_cacheoption_bysize
        PASS [   1.010s] (4746/4752) warpui_core elements::gui::hoverable::tests::test_hoverable_element_hover_handling_with_hover_in_delay
        PASS [   1.013s] (4747/4752) warpui_core elements::gui::hoverable::tests::test_hoverable_element_hover_handling_with_hover_in_out_delay
        PASS [   1.013s] (4748/4752) warpui_core elements::gui::hoverable::tests::test_hoverable_element_hover_handling_with_hover_out_delay
        PASS [   2.446s] (4749/4752) warpui platform::mac::menus::tests::apply_changes_local_pool_memory_behavior
        PASS [   7.492s] (4750/4752) warp editor::view::model::buffer::tests::test_random_concurrent_operations
        PASS [   3.889s] (4751/4752) warp_tui::worker_dispatch dispatches_worker_invocation_instead_of_tui_frontend
        PASS [   4.200s] (4752/4752) warpui platform::mac::menus::tests::make_menu_item_standard_action_memory_behavior
────────────
     Summary [   9.762s] 4752 tests run: 4752 passed, 20 skipped
    Finished `test` profile [unoptimized] target(s) in 0.44s
────────────
 Nextest run ID 4c594372-3476-400e-b39f-66bac3529f53 with nextest profile: default
    Starting 131 tests across 1 binary (4 tests skipped)
        PASS [   0.019s] (  1/131) warp_completer completer::engine::path::tests::test_sorted_cd_directories_pwd_at_dot_position_is_first
        PASS [   0.019s] (  2/131) warp_completer completer::engine::path::tests::test_sorted_paths_case_insensitive_ordering
        PASS [   0.019s] (  3/131) warp_completer completer::engine::path::tests::test_sorted_directories_relative_to
        PASS [   0.019s] (  4/131) warp_completer completer::engine::path::tests::test_path_completions_with_special_characters_relative_to_cwd
        PASS [   0.019s] (  5/131) warp_completer completer::engine::path::tests::test_sorted_cd_directories_ignores_cdpath_for_absolute_token
        PASS [   0.019s] (  6/131) warp_completer completer::engine::path::tests::test_sorted_cd_directories_resolves_parent_relative_cdpath
        PASS [   0.019s] (  7/131) warp_completer completer::engine::path::tests::test_sorted_cd_directories_expands_tilde_in_cdpath
        PASS [   0.019s] (  8/131) warp_completer completer::engine::path::tests::test_sorted_cd_directories_skips_dot_entry_in_cdpath
        PASS [   0.019s] (  9/131) warp_completer completer::engine::path::tests::test_path_completions_with_special_characters_fuzzy
        PASS [   0.019s] ( 10/131) warp_completer completer::engine::path::tests::test_path_completions_home_env_var_special_characters
        PASS [   0.019s] ( 11/131) warp_completer completer::engine::path::tests::test_sorted_cd_directories_includes_cdpath_entries
        PASS [   0.019s] ( 12/131) warp_completer completer::engine::path::tests::test_sorted_cd_directories_no_cdpath_matches_existing_behavior
        PASS [   0.019s] ( 13/131) warp_completer completer::engine::path::tests::test_path_completions_with_special_character_case_insensitive
        PASS [   0.019s] ( 14/131) warp_completer completer::engine::path::tests::test_sorted_cd_directories_pwd_at_dot_in_middle
        PASS [   0.019s] ( 15/131) warp_completer completer::engine::path::tests::test_path_completions_tilde_expansion
        PASS [   0.024s] ( 16/131) warp_completer completer::engine::path::tests::test_sorted_cd_directories_resolves_relative_cdpath_against_pwd
        PASS [   0.008s] ( 17/131) warp_completer completer::engine::path::tests::test_split_path
        PASS [   0.008s] ( 18/131) warp_completer completer::matchers::tests::test_get_match_type_case_sensitive
        PASS [   0.008s] ( 19/131) warp_completer completer::engine::path::tests::test_sorted_paths_relative_to
        PASS [   0.008s] ( 20/131) warp_completer completer::matchers::tests::test_get_match_type_fuzzy_keeps_prefix_and_exact_for_punctuation_queries
        PASS [   0.009s] ( 21/131) warp_completer completer::matchers::tests::test_get_match_type_case_insensitive
        PASS [   0.009s] ( 22/131) warp_completer completer::suggest::alias::test::test_expand_command_aliases
        PASS [   0.009s] ( 23/131) warp_completer completer::suggest::presentation_tests::explicit_tab_computes_common_prefixes_on_utf8_boundaries
        PASS [   0.009s] ( 24/131) warp_completer completer::matchers::tests::test_get_match_type_fuzzy
        PASS [   0.009s] ( 25/131) warp_completer completer::suggest::alias::test::test_expand_command_aliases_multiple_commands
        PASS [   0.009s] ( 26/131) warp_completer completer::matchers::tests::test_get_match_type_fuzzy_rejects_punctuation_only_queries
        PASS [   0.010s] ( 27/131) warp_completer completer::suggest::alias::test::test_expand_command_aliases_case_insensitive_for_powershell
        PASS [   0.010s] ( 28/131) warp_completer completer::suggest::alias::test::test_expand_command_aliases_should_not_expand_if_no_space_after_alias
        PASS [   0.010s] ( 29/131) warp_completer completer::suggest::alias::test::test_expand_command_aliases_env_vars
        PASS [   0.011s] ( 30/131) warp_completer completer::suggest::alias::test::test_expand_command_aliases_case_sensitive_for_posix
        PASS [   0.011s] ( 31/131) warp_completer completer::matchers::tests::test_match_type_for_case_insensitive
        PASS [   0.008s] ( 32/131) warp_completer completer::suggest::presentation_tests::explicit_tab_does_not_insert_a_case_insensitive_common_prefix
        PASS [   0.007s] ( 33/131) warp_completer completer::suggest::presentation_tests::prepared_suggestions_follow_presentation_order
        PASS [   0.008s] ( 34/131) warp_completer completer::suggest::presentation_tests::explicit_tab_has_no_action_when_the_query_filters_every_candidate
        PASS [   0.007s] ( 35/131) warp_completer completer::suggest::priority::tests::test_old_to_new_priority
        PASS [   0.008s] ( 36/131) warp_completer completer::suggest::presentation_tests::explicit_tab_inserts_the_single_prefix_suggestion
        PASS [   0.007s] ( 37/131) warp_completer completer::suggest::priority::tests::test_priority_normalization
        PASS [   0.008s] ( 38/131) warp_completer completer::suggest::presentation_tests::explicit_tab_opens_an_ordered_menu_with_a_common_prefix
        PASS [   0.008s] ( 39/131) warp_completer completer::suggest::priority::tests::test_new_to_old_priority
        PASS [   0.008s] ( 40/131) warp_completer completer::suggest::tests::completes_many_args_under_option
        PASS [   0.009s] ( 41/131) warp_completer completer::suggest::tests::completes_arguments
        PASS [   0.009s] ( 42/131) warp_completer completer::suggest::priority::tests::test_priority_comparison
        PASS [   0.008s] ( 43/131) warp_completer completer::suggest::tests::test_autocd_completions_with_tilde
        PASS [   0.009s] ( 44/131) warp_completer completer::suggest::tests::test_autocd
        PASS [   0.009s] ( 45/131) warp_completer completer::suggest::tests::test_case_sensitivity_ordering
        PASS [   0.009s] ( 46/131) warp_completer completer::suggest::tests::test_command_completions_includes_abbreviations
        PASS [   0.010s] ( 47/131) warp_completer completer::suggest::tests::test_cd_from_home_dir
        PASS [   0.009s] ( 48/131) warp_completer completer::suggest::tests::test_command_completions_requires_nonwhitespace
        PASS [   0.008s] ( 49/131) warp_completer completer::suggest::tests::test_complete_last_arg_after_non_variadic_option
        PASS [   0.008s] ( 50/131) warp_completer completer::suggest::tests::test_complete_long_hand_flags_single_dash
        PASS [   0.008s] ( 51/131) warp_completer completer::suggest::tests::test_completes_paths_with_space
        PASS [   0.009s] ( 52/131) warp_completer completer::suggest::tests::test_completes_flags
        PASS [   0.010s] ( 53/131) warp_completer completer::suggest::tests::test_completes_complicated_commands
        PASS [   0.008s] ( 54/131) warp_completer completer::suggest::tests::test_completions_ordering_within_group
        PASS [   0.010s] ( 55/131) warp_completer completer::suggest::tests::test_completes_with_correct_ordering
        PASS [   0.009s] ( 56/131) warp_completer completer::suggest::tests::test_completes_with_multiple_generators
        PASS [   0.008s] ( 57/131) warp_completer completer::suggest::tests::test_cursor_in_middle_of_line
        PASS [   0.010s] ( 58/131) warp_completer completer::suggest::tests::test_completes_dotfiles
        PASS [   0.009s] ( 59/131) warp_completer completer::suggest::tests::test_completions_ordering_across_groups
        PASS [   0.008s] ( 60/131) warp_completer completer::suggest::tests::test_deduplication
        PASS [   0.008s] ( 61/131) warp_completer completer::suggest::tests::test_environment_variable_assignment
        PASS [   0.009s] ( 62/131) warp_completer completer::suggest::tests::test_environment_variable_assignment_no_command
        PASS [   0.009s] ( 63/131) warp_completer completer::suggest::tests::test_exact_match_completions
        PASS [   0.009s] ( 64/131) warp_completer completer::suggest::tests::test_file_path_completions_only
        PASS [   0.008s] ( 65/131) warp_completer completer::suggest::tests::test_file_path_completions_only_trailing_whitespace
        PASS [   0.008s] ( 66/131) warp_completer completer::suggest::tests::test_file_paths_with_separator_in_middle
        PASS [   0.008s] ( 67/131) warp_completer completer::suggest::tests::test_files_includes_directories
        PASS [   0.008s] ( 68/131) warp_completer completer::suggest::tests::test_fuzzy_completions
        PASS [   0.008s] ( 69/131) warp_completer completer::suggest::tests::test_matching_indices_for_git_branches
        PASS [   0.008s] ( 70/131) warp_completer completer::suggest::tests::test_multiple_required_args_for_option
        PASS [   0.008s] ( 71/131) warp_completer completer::suggest::tests::test_named_flags
        PASS [   0.009s] ( 72/131) warp_completer completer::suggest::tests::test_ls
        PASS [   0.009s] ( 73/131) warp_completer completer::suggest::tests::test_positional_args
        PASS [   0.009s] ( 74/131) warp_completer completer::suggest::tests::test_replacement_span
        PASS [   0.011s] ( 75/131) warp_completer completer::suggest::tests::test_matching_indices
        PASS [   0.008s] ( 76/131) warp_completer completer::suggest::tests::test_required_arg_with_variadic_arg_for_option
        PASS [   0.010s] ( 77/131) warp_completer completer::suggest::tests::test_matching_indices_nested_file_paths
        PASS [   0.010s] ( 78/131) warp_completer completer::suggest::tests::test_path_fallback
        PASS [   0.008s] ( 79/131) warp_completer completer::suggest::tests::test_subcommands_with_prefixes_of_one_another_are_completed_correctly
        PASS [   0.008s] ( 80/131) warp_completer completer::suggest::tests::test_template_args_for_arg_for_option
        PASS [   0.008s] ( 81/131) warp_completer completer::suggest::tests::test_top_level_command_completions
        PASS [   0.008s] ( 82/131) warp_completer meta::tests::clamped_to_pulls_offsets_inside_the_source_and_onto_char_boundaries
        PASS [   0.010s] ( 83/131) warp_completer completer::suggest::tests::test_variadic_args
        PASS [   0.008s] ( 84/131) warp_completer completer::suggest::tests::test_variadic_optional_arguments_also_completes_subcommands
        PASS [   0.010s] ( 85/131) warp_completer completer::suggest::tests::test_variadic_args_for_option
        PASS [   0.008s] ( 86/131) warp_completer meta::tests::slice_clamps_a_char_boundary_violation_to_the_nearest_valid_boundary_at_or_before_it
        PASS [   0.009s] ( 87/131) warp_completer meta::tests::knows_distances
        PASS [   0.010s] ( 88/131) warp_completer completer::suggest::tests::test_variadic_flags
        PASS [   0.007s] ( 89/131) warp_completer parsers::simple::lexer::tests::test_escaped_token_spans
        PASS [   0.008s] ( 90/131) warp_completer meta::tests::slice_clamps_out_of_bounds_offsets_to_the_end_of_the_string
        PASS [   0.008s] ( 91/131) warp_completer meta::tests::slice_returns_the_exact_substring_for_a_well_formed_span
        PASS [   0.008s] ( 92/131) warp_completer meta::tests::slice_clamps_an_end_before_start_to_start_rather_than_underflowing
        PASS [   0.008s] ( 93/131) warp_completer parsers::simple::lexer::tests::test_backtick_escape_char
        PASS [   0.009s] ( 94/131) warp_completer meta::tests::slice_does_not_panic_when_offsets_land_inside_a_multi_byte_character
        PASS [   0.007s] ( 95/131) warp_completer parsers::simple::lexer::tests::test_escaped_tokens
        PASS [   0.008s] ( 96/131) warp_completer parsers::simple::lexer::tests::test_lexer
        PASS [   0.008s] ( 97/131) warp_completer parsers::simple::lexer::tests::test_multiple_whitespace
        PASS [   0.007s] ( 98/131) warp_completer parsers::simple::parser::tests::test_backslash_in_command
        PASS [   0.007s] ( 99/131) warp_completer parsers::simple::parser::tests::test_backslash_before_command
        PASS [   0.008s] (100/131) warp_completer parsers::simple::lexer::tests::test_spans
        PASS [   0.008s] (101/131) warp_completer parsers::simple::lexer::tests::test_single_quote_as_literals
        PASS [   0.009s] (102/131) warp_completer parsers::simple::parser::tests::test_command_without_leading_env_vars
        PASS [   0.008s] (103/131) warp_completer parsers::simple::parser::tests::test_parse
        PASS [   0.008s] (104/131) warp_completer parsers::simple::parser::tests::test_parse_nested_command
        PASS [   0.009s] (105/131) warp_completer parsers::simple::parser::tests::test_decompose_command
        PASS [   0.008s] (106/131) warp_completer parsers::simple::parser::tests::test_parse_open_subshell
        PASS [   0.008s] (107/131) warp_completer parsers::simple::parser::tests::test_top_level_command
        PASS [   0.008s] (108/131) warp_completer parsers::test::test_classify_command_case_sensitive
        PASS [   0.008s] (109/131) warp_completer parsers::test::test_classify_command_classifies_unknown_command
        PASS [   0.011s] (110/131) warp_completer parsers::simple::parser::tests::test_contains_redirection
        PASS [   0.010s] (111/131) warp_completer parsers::test::test_classify_command_classifies_known_command
        PASS [   0.009s] (112/131) warp_completer parsers::test::test_classify_command_classifies_unknown_command_with_flags
        PASS [   0.007s] (113/131) warp_completer parsers::test::test_classify_command_classifies_unknown_command_with_subcommand
        PASS [   0.008s] (114/131) warp_completer signatures::imp::lookup::test::test_get_matching_signature_for_input_on_root_command_with_argument
        PASS [   0.009s] (115/131) warp_completer signatures::imp::lookup::test::test_get_matching_signature_flag_at_end_without_value_does_not_panic
        PASS [   0.009s] (116/131) warp_completer signatures::imp::lookup::test::test_get_matching_signature_for_input_on_root_command
        PASS [   0.008s] (117/131) warp_completer signatures::imp::lookup::test::test_get_matching_signature_for_input_on_subcommand
        PASS [   0.007s] (118/131) warp_completer signatures::imp::lookup::test::test_get_matching_signature_optional_flag_arg_does_not_consume_subcommand
        PASS [   0.011s] (119/131) warp_completer signatures::imp::lookup::test::test_get_matching_signature_flag_arg_consumes_token_matching_subcommand_name
        PASS [   0.008s] (120/131) warp_completer signatures::imp::lookup::test::test_get_matching_signature_for_input_on_subcommand_with_argument
        PASS [   0.008s] (121/131) warp_completer signatures::imp::lookup::test::test_get_matching_signature_for_input_without_trailing_whitespace
        PASS [   0.008s] (122/131) warp_completer signatures::imp::lookup::test::test_get_matching_signature_only_flags_no_subcommand
        PASS [   0.009s] (123/131) warp_completer signatures::imp::lookup::test::test_get_matching_signature_for_tokenized_input_without_trailing_whitespace
        PASS [   0.009s] (124/131) warp_completer signatures::imp::lookup::test::test_get_matching_signature_for_tokenized_input
        PASS [   0.008s] (125/131) warp_completer signatures::imp::lookup::test::test_get_matching_signature_skips_flag_with_value_before_subcommand
        PASS [   0.007s] (126/131) warp_completer signatures::imp::lookup::test::test_get_matching_signature_skips_unrecognized_flag_before_subcommand
        PASS [   0.007s] (127/131) warp_completer signatures::imp::lookup::test::test_get_matching_signature_skips_switch_flag_before_subcommand
        PASS [   0.008s] (128/131) warp_completer signatures::imp::lookup::test::test_get_matching_signature_skips_long_flag_with_value_before_subcommand
        PASS [   0.007s] (129/131) warp_completer signatures::imp::registry::test::test_command_registry_registers_signature
        PASS [   0.007s] (130/131) warp_completer signatures::imp::test::test_priority_normalization
        PASS [   0.007s] (131/131) warp_completer signatures::imp::test::test_priority_comparison
────────────
     Summary [   0.084s] 131 tests run: 131 passed, 4 skipped
Running doc tests...
   Compiling warp v0.1.0 (/Users/tedczj/workspace/term4u/app)
    Finished `test` profile [unoptimized] target(s) in 16.79s
   Doc-tests channel_versions

running 0 tests

test result: ok. 0 passed; 0 failed; 0 ignored; 0 measured; 0 filtered out; finished in 0.00s

   Doc-tests command

running 36 tests
test crates/command/src/async.rs - r#async::Command::output (line 415) - compile ... ok
test crates/command/src/async.rs - r#async::Command::spawn (line 356) - compile ... ok
test crates/command/src/async.rs - r#async::Command::status (line 383) - compile ... ok
test crates/command/src/blocking.rs - blocking::Command::arg (line 115) - compile ... ok
test crates/command/src/blocking.rs - blocking::Command::arg (line 123) - compile ... ok
test crates/command/src/blocking.rs - blocking::Command::arg (line 162) - compile ... ok
test crates/command/src/blocking.rs - blocking::Command::args (line 210) - compile ... ok
test crates/command/src/blocking.rs - blocking::Command::current_dir (line 381) - compile ... ok
test crates/command/src/blocking.rs - blocking::Command::env (line 245) - compile ... ok
test crates/command/src/blocking.rs - blocking::Command::env_clear (line 354) - compile ... ok
test crates/command/src/blocking.rs - blocking::Command::env_remove (line 325) - compile ... ok
test crates/command/src/blocking.rs - blocking::Command::envs (line 280) - compile ... ok
test crates/command/src/async.rs - r#async::Command::current_dir (line 232) ... ok
test crates/command/src/async.rs - r#async::Command::args (line 138) ... ok
test crates/command/src/async.rs - r#async::Command::env_remove (line 202) ... ok
test crates/command/src/async.rs - r#async::Command::env_clear (line 217) ... ok
test crates/command/src/blocking.rs - blocking::Command::spawn (line 492) - compile ... ok
test crates/command/src/blocking.rs - blocking::Command::new (line 65) - compile ... ok
test crates/command/src/async.rs - r#async::Command::kill_on_drop (line 339) ... ok
test crates/command/src/blocking.rs - blocking::Command::stderr (line 469) - compile ... ok
test crates/command/src/blocking.rs - blocking::Command::stdin (line 411) - compile ... ok
test crates/command/src/blocking.rs - blocking::Command::stdout (line 440) - compile ... ok
test crates/command/src/async.rs - r#async::Command::arg (line 122) ... ok
test crates/command/src/async.rs - r#async::Command::stdin (line 264) ... ok
test crates/command/src/async.rs - r#async::Command::env (line 160) ... ok
test crates/command/src/async.rs - r#async::Command::new (line 36) ... ok
test crates/command/src/async.rs - r#async::Command::envs (line 182) ... ok
test crates/command/src/async.rs - r#async::Command::reap_on_drop (line 322) ... ok
test crates/command/src/async.rs - r#async::Command::stdout (line 280) ... ok
test crates/command/src/async.rs - r#async::Command::stderr (line 296) ... ok
test crates/command/src/blocking.rs - blocking::Command::get_args (line 624) ... ok
test crates/command/src/blocking.rs - blocking::Command::get_envs (line 655) ... ok
test crates/command/src/blocking.rs - blocking::Command::get_current_dir (line 677) ... ok
test crates/command/src/blocking.rs - blocking::Command::get_program (line 605) ... ok
test crates/command/src/blocking.rs - blocking::Command::output (line 539) - should panic ... ok
test crates/command/src/blocking.rs - blocking::Command::status (line 575) - should panic ... ok

test result: ok. 36 passed; 0 failed; 0 ignored; 0 measured; 0 filtered out; finished in 0.02s

all doctests ran in 0.70s; merged doctests compilation took 0.24s
   Doc-tests markdown_parser

running 0 tests

test result: ok. 0 passed; 0 failed; 0 ignored; 0 measured; 0 filtered out; finished in 0.00s

   Doc-tests sum_tree

running 0 tests

test result: ok. 0 passed; 0 failed; 0 ignored; 0 measured; 0 filtered out; finished in 0.00s

   Doc-tests warp

running 4 tests
test app/src/editor/view/model/buffer/mod.rs - editor::view::model::buffer::Buffer::update_styles (line 1647) ... ignored
test app/src/util/bindings.rs - util::bindings::cmd_or_ctrl_shift (line 855) ... ok
test app/src/code_review/hidden_lines.rs - code_review::hidden_lines::calculate_hidden_lines (line 29) ... ok
test app/src/editor/view/model/buffer/mod.rs - editor::view::model::buffer::TextStyleOperation::apply_text_style_operation (line 365) ... ok

test result: ok. 3 passed; 0 failed; 1 ignored; 0 measured; 0 filtered out; finished in 0.02s

all doctests ran in 1.80s; merged doctests compilation took 1.28s
   Doc-tests warp_completer

running 0 tests

test result: ok. 0 passed; 0 failed; 0 ignored; 0 measured; 0 filtered out; finished in 0.00s

   Doc-tests warp_editor

running 1 test
test crates/editor/src/render/model/positioned.rs - render::model::positioned::Positioned<'a,BlockItem>::position (line 216) ... ignored

test result: ok. 0 passed; 0 failed; 1 ignored; 0 measured; 0 filtered out; finished in 0.00s

all doctests ran in 0.56s; merged doctests compilation took 0.12s
   Doc-tests warp_terminal

running 1 test
test crates/warp_terminal/src/test_util.rs - test_util::mock_blockgrid (line 67) ... ok

test result: ok. 1 passed; 0 failed; 0 ignored; 0 measured; 0 filtered out; finished in 0.01s

all doctests ran in 0.59s; merged doctests compilation took 0.14s
   Doc-tests warp_util

running 5 tests
test crates/warp_util/src/lazy.rs - lazy::Lazy<T,S>::get_with (line 86) ... ignored
test crates/warp_util/src/path.rs - path::to_relative_path (line 639) ... ok
test crates/warp_util/src/path.rs - path::common_path (line 724) ... ok
test crates/warp_util/src/path.rs - path::group_roots_by_common_ancestor (line 877) ... ok
test crates/warp_util/src/path.rs - path::file_uri_drive_path_to_windows (line 792) ... ok

test result: ok. 4 passed; 0 failed; 1 ignored; 0 measured; 0 filtered out; finished in 0.01s

all doctests ran in 0.73s; merged doctests compilation took 0.28s
   Doc-tests warpui

running 0 tests

test result: ok. 0 passed; 0 failed; 0 ignored; 0 measured; 0 filtered out; finished in 0.00s

Tests succeeded...
Congrats! All presubmits checks passed.
